STATION,NAME,LATITUDE,LONGITUDE,ELEVATION,DATE,AWND,AWND_ATTRIBUTES,PGTM,PGTM_ATTRIBUTES,PRCP,PRCP_ATTRIBUTES,SNOW,SNOW_ATTRIBUTES,SNWD,SNWD_ATTRIBUTES,TAVG,TAVG_ATTRIBUTES,TMAX,TMAX_ATTRIBUTES,TMIN,TMIN_ATTRIBUTES,WDF2,WDF2_ATTRIBUTES,WDF5,WDF5_ATTRIBUTES,WSF2,WSF2_ATTRIBUTES,WSF5,WSF5_ATTRIBUTES,WT01,WT01_ATTRIBUTES,WT02,WT02_ATTRIBUTES,WT03,WT03_ATTRIBUTES,WT04,WT04_ATTRIBUTES,WT05,WT05_ATTRIBUTES,WT06,WT06_ATTRIBUTES,WT08,WT08_ATTRIBUTES
USW00053922,"FAYETTEVILLE SPRINGDALE NW AR REGL AIRPORT, AR US",36.28975,-94.31152,389.6,1/1/2017,6.04,",,W",,,0,",,W",0,",,W",0,",,W",,,59,",,W",29,",,W",140,",,W",180,",,W",15,",,W",19,",,W",1,",,W",,,,,,,,,,,,
USW00053922,"FAYETTEVILLE SPRINGDALE NW AR REGL AIRPORT, AR US",36.28975,-94.31152,389.6,1/2/2017,4.7,",,W",,,0.07,",,W",0,",,W",0,",,W",,,61,",,W",45,",,W",130,",,W",140,",,W",10.1,",,W",14.1,",,W",1,",,W",1,",,W",,,,,,,,,,
USW00053922,"FAYETTEVILLE SPRINGDALE NW AR REGL AIRPORT, AR US",36.28975,-94.31152,389.6,1/3/2017,10.51,",,W",,,0,",,W",0,",,W",0,",,W",,,51,",,W",24,",,W",10,",,W",360,",,W",19.9,",,W",25.1,",,W",1,",,W",1,",,W",,,,,,,,,,
USW00053922,"FAYETTEVILLE SPRINGDALE NW AR REGL AIRPORT, AR US",36.28975,-94.31152,389.6,1/4/2017,8.28,",,W",,,0,",,W",0,",,W",0,",,W",,,35,",,W",18,",,W",20,",,W",20,",,W",18.1,",,W",23,",,W",,,,,,,,,,,,,,
USW00053922,"FAYETTEVILLE SPRINGDALE NW AR REGL AIRPORT, AR US",36.28975,-94.31152,389.6,1/5/2017,11.86,",,W",,,0,"T,,W",0,",,W",0,",,W",,,30,",,W",14,",,W",10,",,W",10,",,W",19.9,",,W",23.9,",,W",,,,,,,,,,,,,,
USW00053922,"FAYETTEVILLE SPRINGDALE NW AR REGL AIRPORT, AR US",36.28975,-94.31152,389.6,1/6/2017,9.17,",,W",,,0,",,W",0,",,W",0,",,W",,,19,",,W",9,",,W",350,",,W",350,",,W",17,",,W",21.9,",,W",,,,,,,,,,,,,,
USW00053922,"FAYETTEVILLE SPRINGDALE NW AR REGL AIRPORT, AR US",36.28975,-94.31152,389.6,1/7/2017,4.25,",,W",,,0,",,W",0,",,W",0,",,W",,,34,",,W",4,",,W",260,",,W",240,",,W",13,",,W",15,",,W",,,,,,,,,,,,,,
USW00053922,"FAYETTEVILLE SPRINGDALE NW AR REGL AIRPORT, AR US",36.28975,-94.31152,389.6,1/8/2017,7.38,",,W",,,0,",,W",0,",,W",0,",,W",,,39,",,W",13,",,W",180,",,W",170,",,W",23,",,W",27.1,",,W",,,,,,,,,,,,,,
USW00053922,"FAYETTEVILLE SPRINGDALE NW AR REGL AIRPORT, AR US",36.28975,-94.31152,389.6,1/9/2017,14.99,",,W",,,0,",,W",0,",,W",0,",,W",,,51,",,W",23,",,W",180,",,W",180,",,W",29.1,",,W",38.9,",,W",,,,,,,,,,,,,,
USW00053922,"FAYETTEVILLE SPRINGDALE NW AR REGL AIRPORT, AR US",36.28975,-94.31152,389.6,1/10/2017,14.76,",,W",,,0,",,W",0,",,W",0,",,W",,,70,",,W",38,",,W",200,",,W",200,",,W",35.1,",,W",50.1,",,W",,,,,,,,,,,,,,
USW00053922,"FAYETTEVILLE SPRINGDALE NW AR REGL AIRPORT, AR US",36.28975,-94.31152,389.6,1/11/2017,15.43,",,W",,,0,",,W",0,",,W",0,",,W",,,73,",,W",39,",,W",210,",,W",200,",,W",36,",,W",48.1,",,W",,,,,,,,,,,,,,
USW00053922,"FAYETTEVILLE SPRINGDALE NW AR REGL AIRPORT, AR US",36.28975,-94.31152,389.6,1/12/2017,11.86,",,W",,,0,"T,,W",0,",,W",0,",,W",,,67,",,W",32,",,W",190,",,W",200,",,W",23.9,",,W",32,",,W",,,,,,,,,,,,,1,",,W"
USW00053922,"FAYETTEVILLE SPRINGDALE NW AR REGL AIRPORT, AR US",36.28975,-94.31152,389.6,1/13/2017,8.05,",,W",,,0.33,",,W",0,",,W",0,",,W",,,40,",,W",34,",,W",60,",,W",60,",,W",16.1,",,W",19,",,W",1,",,W",1,",,W",,,,,,,,,,
USW00053922,"FAYETTEVILLE SPRINGDALE NW AR REGL AIRPORT, AR US",36.28975,-94.31152,389.6,1/14/2017,6.04,",,W",,,1.18,",,W",0,",,W",0,",,W",,,41,",,W",37,",,W",360,",,W",10,",,W",10.1,",,W",12.1,",,W",1,",,W",,,1,",,W",,,,,,,,
USW00053922,"FAYETTEVILLE SPRINGDALE NW AR REGL AIRPORT, AR US",36.28975,-94.31152,389.6,1/15/2017,6.49,",,W",,,0.76,",,W",0,",,W",0,",,W",,,55,",,W",40,",,W",70,",,W",70,",,W",12.1,",,W",21,",,W",1,",,W",1,",,W",,,,,,,,,,
USW00053922,"FAYETTEVILLE SPRINGDALE NW AR REGL AIRPORT, AR US",36.28975,-94.31152,389.6,1/16/2017,13.2,",,W",,,0.21,",,W",0,",,W",0,",,W",,,65,",,W",38,",,W",220,",,W",220,",,W",25.9,",,W",33.1,",,W",1,",,W",,,,,,,,,,,,
USW00053922,"FAYETTEVILLE SPRINGDALE NW AR REGL AIRPORT, AR US",36.28975,-94.31152,389.6,1/17/2017,5.59,",,W",,,0,",,W",0,",,W",0,",,W",,,42,",,W",38,",,W",270,",,W",260,",,W",13,",,W",15,",,W",1,",,W",,,,,,,,,,,,
USW00053922,"FAYETTEVILLE SPRINGDALE NW AR REGL AIRPORT, AR US",36.28975,-94.31152,389.6,1/18/2017,4.03,",,W",,,0.03,",,W",0,",,W",0,",,W",,,51,",,W",32,",,W",150,",,W",80,",,W",8.1,",,W",13,",,W",1,",,W",1,",,W",,,,,,,,,1,",,W"
USW00053922,"FAYETTEVILLE SPRINGDALE NW AR REGL AIRPORT, AR US",36.28975,-94.31152,389.6,1/19/2017,4.92,",,W",,,0.04,",,W",0,",,W",0,",,W",,,57,",,W",42,",,W",170,",,W",190,",,W",15,",,W",18.1,",,W",1,",,W",1,",,W",,,,,,,,,,
USW00053922,"FAYETTEVILLE SPRINGDALE NW AR REGL AIRPORT, AR US",36.28975,-94.31152,389.6,1/20/2017,11.18,",,W",,,0,"T,,W",0,",,W",0,",,W",,,66,",,W",39,",,W",210,",,W",170,",,W",25.1,",,W",32,",,W",1,",,W",1,",,W",,,,,,,,,,
USW00053922,"FAYETTEVILLE SPRINGDALE NW AR REGL AIRPORT, AR US",36.28975,-94.31152,389.6,1/22/2017,13.2,",,W",,,0.64,",,W",0,",,W",0,",,W",,,52,",,W",35,",,W",350,",,W",360,",,W",29.1,",,W",33.1,",,W",1,",,W",,,1,",,W",,,,,,,,
USW00053922,"FAYETTEVILLE SPRINGDALE NW AR REGL AIRPORT, AR US",36.28975,-94.31152,389.6,1/23/2017,4.92,",,W",,,0,",,W",0,",,W",0,",,W",,,54,",,W",34,",,W",360,",,W",350,",,W",19.9,",,W",23,",,W",,,,,,,,,,,,,,
USW00053922,"FAYETTEVILLE SPRINGDALE NW AR REGL AIRPORT, AR US",36.28975,-94.31152,389.6,1/24/2017,12.53,",,W",,,0,"T,,W",0,",,W",0,",,W",,,68,",,W",37,",,W",180,",,W",220,",,W",30,",,W",36.9,",,W",,,,,,,,,,,,,,
USW00053922,"FAYETTEVILLE SPRINGDALE NW AR REGL AIRPORT, AR US",36.28975,-94.31152,389.6,1/25/2017,10.51,",,W",,,0,",,W",0,",,W",0,",,W",,,58,",,W",31,",,W",280,",,W",270,",,W",18.1,",,W",23.9,",,W",,,,,,,,,,,,,,
USW00053922,"FAYETTEVILLE SPRINGDALE NW AR REGL AIRPORT, AR US",36.28975,-94.31152,389.6,1/26/2017,9.62,",,W",,,0,",,W",0,",,W",0,",,W",,,39,",,W",25,",,W",280,",,W",290,",,W",17,",,W",23.9,",,W",,,,,,,,,,,,,,
USW00053922,"FAYETTEVILLE SPRINGDALE NW AR REGL AIRPORT, AR US",36.28975,-94.31152,389.6,1/27/2017,10.74,",,W",,,0,"T,,W",0,",,W",0,",,W",,,46,",,W",23,",,W",300,",,W",270,",,W",21,",,W",29.1,",,W",,,,,,,,,,,,,,
USW00053922,"FAYETTEVILLE SPRINGDALE NW AR REGL AIRPORT, AR US",36.28975,-94.31152,389.6,1/28/2017,10.29,",,W",,,0,",,W",0,",,W",0,",,W",,,49,",,W",29,",,W",270,",,W",280,",,W",19.9,",,W",25.1,",,W",,,,,,,,,,,,,,
USW00053922,"FAYETTEVILLE SPRINGDALE NW AR REGL AIRPORT, AR US",36.28975,-94.31152,389.6,1/29/2017,10.51,",,W",,,0,",,W",0,",,W",0,",,W",,,53,",,W",36,",,W",300,",,W",290,",,W",21,",,W",28,",,W",,,,,,,,,,,,,,
USW00053922,"FAYETTEVILLE SPRINGDALE NW AR REGL AIRPORT, AR US",36.28975,-94.31152,389.6,1/30/2017,7.61,",,W",,,0,"T,,W",0,",,W",0,",,W",,,66,",,W",28,",,W",260,",,W",260,",,W",18.1,",,W",23,",,W",,,,,,,,,,,,,,
USW00053922,"FAYETTEVILLE SPRINGDALE NW AR REGL AIRPORT, AR US",36.28975,-94.31152,389.6,1/31/2017,4.7,",,W",,,0,",,W",0,",,W",0,",,W",,,73,",,W",31,",,W",210,",,W",210,",,W",12.1,",,W",18.1,",,W",,,,,,,,,,,,,,
USW00053922,"FAYETTEVILLE SPRINGDALE NW AR REGL AIRPORT, AR US",36.28975,-94.31152,389.6,2/1/2017,10.07,",,W",,,0,",,W",0,",,W",0,",,W",,,60,",,W",34,",,W",20,",,W",20,",,W",23,",,W",27.1,",,W",,,,,,,,,,,,,,
USW00053922,"FAYETTEVILLE SPRINGDALE NW AR REGL AIRPORT, AR US",36.28975,-94.31152,389.6,2/2/2017,11.41,",,W",,,0,",,W",0,",,W",0,",,W",,,39,",,W",28,",,W",30,",,W",30,",,W",23.9,",,W",34,",,W",,,,,,,,,,,,,,
USW00053922,"FAYETTEVILLE SPRINGDALE NW AR REGL AIRPORT, AR US",36.28975,-94.31152,389.6,2/3/2017,7.83,",,W",,,0,",,W",0,",,W",0,",,W",,,42,",,W",23,",,W",360,",,W",350,",,W",15,",,W",19,",,W",,,,,,,,,,,,,,
USW00053922,"FAYETTEVILLE SPRINGDALE NW AR REGL AIRPORT, AR US",36.28975,-94.31152,389.6,2/4/2017,9.62,",,W",,,0,",,W",0,",,W",0,",,W",,,40,",,W",24,",,W",180,",,W",190,",,W",19.9,",,W",25.9,",,W",,,,,,,,,,,,,,
USW00053922,"FAYETTEVILLE SPRINGDALE NW AR REGL AIRPORT, AR US",36.28975,-94.31152,389.6,2/5/2017,4.7,",,W",,,0,",,W",0,",,W",0,",,W",,,66,",,W",26,",,W",190,",,W",200,",,W",15,",,W",18.1,",,W",1,",,W",,,,,,,,,,,,
USW00053922,"FAYETTEVILLE SPRINGDALE NW AR REGL AIRPORT, AR US",36.28975,-94.31152,389.6,2/6/2017,14.09,",,W",,,0,"T,,W",0,",,W",0,",,W",,,69,",,W",52,",,W",200,",,W",200,",,W",29.1,",,W",38.9,",,W",1,",,W",,,,,,,,,,,,
USW00053922,"FAYETTEVILLE SPRINGDALE NW AR REGL AIRPORT, AR US",36.28975,-94.31152,389.6,2/7/2017,7.61,",,W",,,0,",,W",0,",,W",0,",,W",,,73,",,W",49,",,W",310,",,W",230,",,W",16.1,",,W",19.9,",,W",,,,,,,,,,,,,,
USW00053922,"FAYETTEVILLE SPRINGDALE NW AR REGL AIRPORT, AR US",36.28975,-94.31152,389.6,2/8/2017,11.86,",,W",,,0,",,W",0,",,W",0,",,W",,,51,",,W",26,",,W",350,",,W",350,",,W",25.9,",,W",32,",,W",,,,,,,,,,,,,,
USW00053922,"FAYETTEVILLE SPRINGDALE NW AR REGL AIRPORT, AR US",36.28975,-94.31152,389.6,2/9/2017,7.83,",,W",,,0,",,W",0,",,W",0,",,W",,,51,",,W",21,",,W",180,",,W",20,",,W",15,",,W",18.1,",,W",,,,,,,,,,,,,,
USW00053922,"FAYETTEVILLE SPRINGDALE NW AR REGL AIRPORT, AR US",36.28975,-94.31152,389.6,2/10/2017,16.78,",,W",,,0,",,W",0,",,W",0,",,W",,,70,",,W",40,",,W",200,",,W",210,",,W",25.9,",,W",35.1,",,W",,,,,,,,,,,,,,
USW00053922,"FAYETTEVILLE SPRINGDALE NW AR REGL AIRPORT, AR US",36.28975,-94.31152,389.6,2/11/2017,14.32,",,W",,,0,",,W",0,",,W",0,",,W",,,82,",,W",60,",,W",200,",,W",210,",,W",29.1,",,W",38.9,",,W",,,,,,,,,,,,,,
USW00053922,"FAYETTEVILLE SPRINGDALE NW AR REGL AIRPORT, AR US",36.28975,-94.31152,389.6,2/12/2017,14.99,",,W",,,0,",,W",0,",,W",0,",,W",,,64,",,W",42,",,W",30,",,W",20,",,W",29.1,",,W",36,",,W",1,",,W",,,,,,,,,,,,
USW00053922,"FAYETTEVILLE SPRINGDALE NW AR REGL AIRPORT, AR US",36.28975,-94.31152,389.6,2/13/2017,6.71,",,W",,,0.16,",,W",0,",,W",0,",,W",,,55,",,W",40,",,W",350,",,W",130,",,W",14.1,",,W",18.1,",,W",1,",,W",,,,,,,,,,,,
USW00053922,"FAYETTEVILLE SPRINGDALE NW AR REGL AIRPORT, AR US",36.28975,-94.31152,389.6,2/14/2017,7.16,",,W",,,0.92,",,W",0,",,W",0,",,W",,,44,",,W",39,",,W",20,",,W",20,",,W",17,",,W",21.9,",,W",1,",,W",,,,,,,,,,,,
USW00053922,"FAYETTEVILLE SPRINGDALE NW AR REGL AIRPORT, AR US",36.28975,-94.31152,389.6,2/15/2017,8.28,",,W",,,0,",,W",0,",,W",0,",,W",,,52,",,W",31,",,W",10,",,W",10,",,W",19.9,",,W",23,",,W",,,,,,,,,,,,,,
USW00053922,"FAYETTEVILLE SPRINGDALE NW AR REGL AIRPORT, AR US",36.28975,-94.31152,389.6,2/16/2017,9.4,",,W",,,0,",,W",0,",,W",0,",,W",,,63,",,W",31,",,W",200,",,W",210,",,W",19.9,",,W",27.1,",,W",,,,,,,,,,,,,,
USW00053922,"FAYETTEVILLE SPRINGDALE NW AR REGL AIRPORT, AR US",36.28975,-94.31152,389.6,2/17/2017,10.51,",,W",,,0,",,W",0,",,W",0,",,W",,,68,",,W",37,",,W",200,",,W",210,",,W",21,",,W",25.9,",,W",,,,,,,,,,,,,,
USW00053922,"FAYETTEVILLE SPRINGDALE NW AR REGL AIRPORT, AR US",36.28975,-94.31152,389.6,2/18/2017,4.03,",,W",,,0,",,W",0,",,W",0,",,W",,,70,",,W",45,",,W",230,",,W",230,",,W",16.1,",,W",16.1,",,W",,,,,,,,,,,,,,
USW00053922,"FAYETTEVILLE SPRINGDALE NW AR REGL AIRPORT, AR US",36.28975,-94.31152,389.6,2/19/2017,8.72,",,W",,,0,",,W",0,",,W",0,",,W",,,75,",,W",42,",,W",140,",,W",130,",,W",17,",,W",21.9,",,W",1,",,W",1,",,W",,,,,,,,,,
USW00053922,"FAYETTEVILLE SPRINGDALE NW AR REGL AIRPORT, AR US",36.28975,-94.31152,389.6,2/20/2017,10.07,",,W",,,0.11,",,W",0,",,W",0,",,W",,,67,",,W",55,",,W",180,",,W",180,",,W",25.1,",,W",35.1,",,W",1,",,W",,,,,,,,,,,,
USW00053922,"FAYETTEVILLE SPRINGDALE NW AR REGL AIRPORT, AR US",36.28975,-94.31152,389.6,2/21/2017,7.16,",,W",,,0,",,W",0,",,W",0,",,W",,,71,",,W",50,",,W",360,",,W",340,",,W",16.1,",,W",21,",,W",1,",,W",,,,,,,,,,,,
USW00053922,"FAYETTEVILLE SPRINGDALE NW AR REGL AIRPORT, AR US",36.28975,-94.31152,389.6,2/22/2017,5.82,",,W",,,0,",,W",0,",,W",0,",,W",,,77,",,W",46,",,W",220,",,W",230,",,W",13,",,W",16.1,",,W",1,",,W",1,",,W",,,,,,,,,,
USW00053922,"FAYETTEVILLE SPRINGDALE NW AR REGL AIRPORT, AR US",36.28975,-94.31152,389.6,2/23/2017,14.32,",,W",,,0,",,W",0,",,W",0,",,W",,,82,",,W",51,",,W",170,",,W",190,",,W",28,",,W",36,",,W",,,,,,,,,,,,,,
USW00053922,"FAYETTEVILLE SPRINGDALE NW AR REGL AIRPORT, AR US",36.28975,-94.31152,389.6,2/24/2017,14.32,",,W",,,0,",,W",0,",,W",0,",,W",,,69,",,W",31,",,W",190,",,W",180,",,W",23,",,W",30,",,W",,,,,,,,,,,,,,
USW00053922,"FAYETTEVILLE SPRINGDALE NW AR REGL AIRPORT, AR US",36.28975,-94.31152,389.6,2/25/2017,6.04,",,W",,,0,",,W",0,",,W",0,",,W",,,47,",,W",21,",,W",340,",,W",340,",,W",19.9,",,W",25.1,",,W",,,,,,,,,,,,,,
USW00053922,"FAYETTEVILLE SPRINGDALE NW AR REGL AIRPORT, AR US",36.28975,-94.31152,389.6,2/26/2017,4.47,",,W",,,0,"T,,W",0,",,W",0,",,W",,,51,",,W",27,",,W",140,",,W",150,",,W",16.1,",,W",21.9,",,W",,,,,,,,,,,,,,
USW00053922,"FAYETTEVILLE SPRINGDALE NW AR REGL AIRPORT, AR US",36.28975,-94.31152,389.6,2/27/2017,9.62,",,W",,,0,"T,,W",0,",,W",0,",,W",,,68,",,W",33,",,W",170,",,W",170,",,W",21.9,",,W",28,",,W",,,,,1,",,W",,,,,,,,
USW00053922,"FAYETTEVILLE SPRINGDALE NW AR REGL AIRPORT, AR US",36.28975,-94.31152,389.6,2/28/2017,16.55,",,W",,,0,",,W",0,",,W",0,",,W",,,74,",,W",59,",,W",190,",,W",220,",,W",25.1,",,W",36,",,W",1,",,W",,,1,",,W",,,,,,,,
USW00053922,"FAYETTEVILLE SPRINGDALE NW AR REGL AIRPORT, AR US",36.28975,-94.31152,389.6,3/1/2017,12.53,",,W",,,0.18,",,W",0,",,W",0,",,W",,,71,",,W",38,",,W",290,",,W",290,",,W",28,",,W",35.1,",,W",1,",,W",,,1,",,W",,,,,,,,
USW00053922,"FAYETTEVILLE SPRINGDALE NW AR REGL AIRPORT, AR US",36.28975,-94.31152,389.6,3/2/2017,6.04,",,W",,,0,",,W",0,",,W",0,",,W",,,60,",,W",28,",,W",310,",,W",280,",,W",19.9,",,W",27.1,",,W",,,,,,,,,,,,,,
USW00053922,"FAYETTEVILLE SPRINGDALE NW AR REGL AIRPORT, AR US",36.28975,-94.31152,389.6,3/3/2017,10.74,",,W",,,0,",,W",0,",,W",0,",,W",,,63,",,W",32,",,W",210,",,W",210,",,W",21,",,W",27.1,",,W",,,,,,,,,,,,,,
USW00053922,"FAYETTEVILLE SPRINGDALE NW AR REGL AIRPORT, AR US",36.28975,-94.31152,389.6,3/4/2017,12.97,",,W",,,0,",,W",0,",,W",0,",,W",,,67,",,W",42,",,W",180,",,W",180,",,W",23.9,",,W",33.1,",,W",,,,,,,,,,,,,,
USW00053922,"FAYETTEVILLE SPRINGDALE NW AR REGL AIRPORT, AR US",36.28975,-94.31152,389.6,3/5/2017,17.45,",,W",,,0,",,W",0,",,W",0,",,W",,,57,",,W",52,",,W",170,",,W",180,",,W",25.1,",,W",33.1,",,W",,,,,,,,,,,,,,
USW00053922,"FAYETTEVILLE SPRINGDALE NW AR REGL AIRPORT, AR US",36.28975,-94.31152,389.6,3/6/2017,22.15,",,W",,,0.37,",,W",0,",,W",0,",,W",,,74,",,W",45,",,W",300,",,W",280,",,W",40.9,",,W",53,",,W",1,",,W",,,1,",,W",,,,,,,,
USW00053922,"FAYETTEVILLE SPRINGDALE NW AR REGL AIRPORT, AR US",36.28975,-94.31152,389.6,3/7/2017,8.28,",,W",,,0.05,",,W",0,",,W",0,",,W",,,60,",,W",39,",,W",310,",,W",300,",,W",23.9,",,W",33.1,",,W",1,",,W",,,1,",,W",,,,,,,,
USW00053922,"FAYETTEVILLE SPRINGDALE NW AR REGL AIRPORT, AR US",36.28975,-94.31152,389.6,3/8/2017,8.05,",,W",,,0,",,W",0,",,W",0,",,W",,,69,",,W",32,",,W",180,",,W",190,",,W",23.9,",,W",30,",,W",,,,,,,,,,,,,,
USW00053922,"FAYETTEVILLE SPRINGDALE NW AR REGL AIRPORT, AR US",36.28975,-94.31152,389.6,3/9/2017,11.41,",,W",,,0.97,",,W",0,",,W",0,",,W",,,77,",,W",44,",,W",140,",,W",200,",,W",25.9,",,W",34,",,W",1,",,W",,,1,",,W",,,,,,,,
USW00053922,"FAYETTEVILLE SPRINGDALE NW AR REGL AIRPORT, AR US",36.28975,-94.31152,389.6,3/10/2017,13.2,",,W",,,0,",,W",0,",,W",0,",,W",,,57,",,W",38,",,W",20,",,W",20,",,W",21.9,",,W",28,",,W",,,,,,,,,,,,,,
USW00053922,"FAYETTEVILLE SPRINGDALE NW AR REGL AIRPORT, AR US",36.28975,-94.31152,389.6,3/11/2017,8.95,",,W",,,0.55,",,W",,,0,",,W",,,48,",,W",30,",,W",90,",,W",110,",,W",18.1,",,W",21.9,",,W",1,",,W",,,1,",,W",,,,,,,,
USW00053922,"FAYETTEVILLE SPRINGDALE NW AR REGL AIRPORT, AR US",36.28975,-94.31152,389.6,3/12/2017,6.93,",,W",,,0.07,",,W",0,",,W",0,",,W",,,49,",,W",27,",,W",170,",,W",160,",,W",18.1,",,W",23,",,W",1,",,W",,,,,,,,,,,,
USW00053922,"FAYETTEVILLE SPRINGDALE NW AR REGL AIRPORT, AR US",36.28975,-94.31152,389.6,3/13/2017,12.3,",,W",,,0.01,",,W",,,0,",,W",,,42,",,W",32,",,W",340,",,W",310,",,W",21,",,W",27.1,",,W",1,",,W",,,,,,,,,,,,
USW00053922,"FAYETTEVILLE SPRINGDALE NW AR REGL AIRPORT, AR US",36.28975,-94.31152,389.6,3/14/2017,8.72,",,W",,,0,",,W",0,",,W",0,",,W",,,37,",,W",28,",,W",360,",,W",360,",,W",15,",,W",18.1,",,W",,,,,,,,,,,,,,
USW00053922,"FAYETTEVILLE SPRINGDALE NW AR REGL AIRPORT, AR US",36.28975,-94.31152,389.6,3/15/2017,5.82,",,W",,,0,",,W",0,",,W",0,",,W",,,49,",,W",25,",,W",180,",,W",120,",,W",12.1,",,W",16.1,",,W",,,,,,,,,,,,,,
USW00053922,"FAYETTEVILLE SPRINGDALE NW AR REGL AIRPORT, AR US",36.28975,-94.31152,389.6,3/16/2017,12.3,",,W",,,0,",,W",0,",,W",0,",,W",,,61,",,W",43,",,W",170,",,W",160,",,W",21,",,W",23,",,W",,,,,,,,,,,,,,
USW00053922,"FAYETTEVILLE SPRINGDALE NW AR REGL AIRPORT, AR US",36.28975,-94.31152,389.6,3/17/2017,10.51,",,W",,,0.15,",,W",0,",,W",0,",,W",,,74,",,W",53,",,W",190,",,W",190,",,W",19.9,",,W",27.1,",,W",1,",,W",,,,,,,,,,,,
USW00053922,"FAYETTEVILLE SPRINGDALE NW AR REGL AIRPORT, AR US",36.28975,-94.31152,389.6,3/18/2017,4.47,",,W",,,0,",,W",0,",,W",0,",,W",,,74,",,W",47,",,W",60,",,W",10,",,W",13,",,W",16.1,",,W",,,,,,,,,,,,,,
USW00053922,"FAYETTEVILLE SPRINGDALE NW AR REGL AIRPORT, AR US",36.28975,-94.31152,389.6,3/19/2017,10.51,",,W",,,0,",,W",0,",,W",0,",,W",,,81,",,W",52,",,W",190,",,W",230,",,W",21,",,W",31.1,",,W",,,,,,,,,,,,,,
USW00053922,"FAYETTEVILLE SPRINGDALE NW AR REGL AIRPORT, AR US",36.28975,-94.31152,389.6,3/20/2017,10.51,",,W",,,0,",,W",0,",,W",0,",,W",,,86,",,W",62,",,W",210,",,W",220,",,W",21.9,",,W",30,",,W",,,,,,,,,,,,,1,",,W"
USW00053922,"FAYETTEVILLE SPRINGDALE NW AR REGL AIRPORT, AR US",36.28975,-94.31152,389.6,3/21/2017,8.72,",,W",,,0.01,",,W",0,",,W",0,",,W",,,83,",,W",53,",,W",80,",,W",80,",,W",25.9,",,W",33.1,",,W",,,,,1,",,W",,,,,,,,
USW00053922,"FAYETTEVILLE SPRINGDALE NW AR REGL AIRPORT, AR US",36.28975,-94.31152,389.6,3/22/2017,13.65,",,W",,,0.06,",,W",0,",,W",0,",,W",,,58,",,W",47,",,W",70,",,W",60,",,W",25.1,",,W",30,",,W",1,",,W",,,1,",,W",,,,,,,,
USW00053922,"FAYETTEVILLE SPRINGDALE NW AR REGL AIRPORT, AR US",36.28975,-94.31152,389.6,3/23/2017,16.55,",,W",,,0,",,W",0,",,W",0,",,W",,,76,",,W",49,",,W",170,",,W",170,",,W",28,",,W",34,",,W",,,,,,,,,,,,,1,",,W"
USW00053922,"FAYETTEVILLE SPRINGDALE NW AR REGL AIRPORT, AR US",36.28975,-94.31152,389.6,3/24/2017,13.87,",,W",,,1.36,",,W",0,",,W",0,",,W",,,70,",,W",54,",,W",160,",,W",150,",,W",33.1,",,W",51,",,W",1,",,W",,,1,",,W",,,,,,,,
USW00053922,"FAYETTEVILLE SPRINGDALE NW AR REGL AIRPORT, AR US",36.28975,-94.31152,389.6,3/25/2017,9.17,",,W",,,0.05,",,W",0,",,W",0,",,W",,,55,",,W",47,",,W",250,",,W",290,",,W",17,",,W",23,",,W",1,",,W",,,,,,,,,,,,
USW00053922,"FAYETTEVILLE SPRINGDALE NW AR REGL AIRPORT, AR US",36.28975,-94.31152,389.6,3/26/2017,6.49,",,W",,,0.7,",,W",0,",,W",0,",,W",,,70,",,W",42,",,W",140,",,W",120,",,W",28,",,W",36,",,W",1,",,W",1,",,W",1,",,W",,,,,,,,
USW00053922,"FAYETTEVILLE SPRINGDALE NW AR REGL AIRPORT, AR US",36.28975,-94.31152,389.6,3/27/2017,7.16,",,W",,,0.22,",,W",0,",,W",0,",,W",,,60,",,W",52,",,W",130,",,W",120,",,W",16.1,",,W",19.9,",,W",1,",,W",,,1,",,W",,,,,,,,
USW00053922,"FAYETTEVILLE SPRINGDALE NW AR REGL AIRPORT, AR US",36.28975,-94.31152,389.6,3/28/2017,8.5,",,W",,,0,",,W",0,",,W",0,",,W",,,76,",,W",52,",,W",110,",,W",110,",,W",18.1,",,W",25.1,",,W",,,,,,,,,,,,,,
USW00053922,"FAYETTEVILLE SPRINGDALE NW AR REGL AIRPORT, AR US",36.28975,-94.31152,389.6,3/29/2017,16.11,",,W",,,0.11,",,W",0,",,W",0,",,W",,,74,",,W",52,",,W",190,",,W",190,",,W",32,",,W",40,",,W",1,",,W",,,1,",,W",,,,,,,1,",,W"
USW00053922,"FAYETTEVILLE SPRINGDALE NW AR REGL AIRPORT, AR US",36.28975,-94.31152,389.6,3/30/2017,11.18,",,W",,,0.01,",,W",0,",,W",0,",,W",,,52,",,W",46,",,W",260,",,W",240,",,W",18.1,",,W",25.1,",,W",1,",,W",,,,,,,,,,,,
USW00053922,"FAYETTEVILLE SPRINGDALE NW AR REGL AIRPORT, AR US",36.28975,-94.31152,389.6,3/31/2017,7.16,",,W",,,0,",,W",0,",,W",0,",,W",,,64,",,W",46,",,W",40,",,W",60,",,W",13,",,W",17,",,W",,,,,,,,,,,,,,
USW00053922,"FAYETTEVILLE SPRINGDALE NW AR REGL AIRPORT, AR US",36.28975,-94.31152,389.6,4/1/2017,10.29,",,W",,,0,",,W",0,",,W",0,",,W",,,74,",,W",46,",,W",80,",,W",90,",,W",16.1,",,W",21,",,W",,,,,,,,,,,,,,
USW00053922,"FAYETTEVILLE SPRINGDALE NW AR REGL AIRPORT, AR US",36.28975,-94.31152,389.6,4/2/2017,6.93,",,W",,,0.13,",,W",0,",,W",0,",,W",,,72,",,W",54,",,W",160,",,W",160,",,W",25.1,",,W",33.1,",,W",1,",,W",,,1,",,W",,,,,,,,
USW00053922,"FAYETTEVILLE SPRINGDALE NW AR REGL AIRPORT, AR US",36.28975,-94.31152,389.6,4/3/2017,8.95,",,W",,,0.45,",,W",0,",,W",0,",,W",,,69,",,W",49,",,W",260,",,W",250,",,W",23,",,W",28,",,W",1,",,W",,,1,",,W",,,,,,,,
USW00053922,"FAYETTEVILLE SPRINGDALE NW AR REGL AIRPORT, AR US",36.28975,-94.31152,389.6,4/4/2017,10.29,",,W",,,0.04,",,W",0,",,W",0,",,W",,,79,",,W",47,",,W",210,",,W",210,",,W",36.9,",,W",51,",,W",1,",,W",,,1,",,W",,,,,,,,
USW00053922,"FAYETTEVILLE SPRINGDALE NW AR REGL AIRPORT, AR US",36.28975,-94.31152,389.6,4/5/2017,14.99,",,W",,,0.07,",,W",0,",,W",0,",,W",,,57,",,W",45,",,W",320,",,W",310,",,W",32,",,W",47,",,W",1,",,W",,,,,,,,,,,,
USW00053922,"FAYETTEVILLE SPRINGDALE NW AR REGL AIRPORT, AR US",36.28975,-94.31152,389.6,4/6/2017,8.72,",,W",,,0,",,W",0,",,W",0,",,W",,,63,",,W",35,",,W",340,",,W",350,",,W",21,",,W",29.1,",,W",,,,,,,,,,,,,,
USW00053922,"FAYETTEVILLE SPRINGDALE NW AR REGL AIRPORT, AR US",36.28975,-94.31152,389.6,4/7/2017,3.8,",,W",,,0,",,W",0,",,W",0,",,W",,,68,",,W",32,",,W",170,",,W",130,",,W",10.1,",,W",13,",,W",,,,,,,,,,,,,1,",,W"
USW00053922,"FAYETTEVILLE SPRINGDALE NW AR REGL AIRPORT, AR US",36.28975,-94.31152,389.6,4/8/2017,16.33,",,W",,,0,",,W",0,",,W",0,",,W",,,79,",,W",48,",,W",170,",,W",170,",,W",30,",,W",38.9,",,W",,,,,,,,,,,,,,
USW00053922,"FAYETTEVILLE SPRINGDALE NW AR REGL AIRPORT, AR US",36.28975,-94.31152,389.6,4/9/2017,19.24,",,W",,,0,",,W",0,",,W",0,",,W",,,79,",,W",62,",,W",180,",,W",180,",,W",33.1,",,W",45,",,W",,,,,,,,,,,,,,
USW00053922,"FAYETTEVILLE SPRINGDALE NW AR REGL AIRPORT, AR US",36.28975,-94.31152,389.6,4/10/2017,10.96,",,W",,,0,",,W",0,",,W",0,",,W",,,74,",,W",50,",,W",190,",,W",200,",,W",21,",,W",27.1,",,W",,,,,,,,,,,,,,
USW00053922,"FAYETTEVILLE SPRINGDALE NW AR REGL AIRPORT, AR US",36.28975,-94.31152,389.6,4/11/2017,4.92,",,W",,,0,",,W",0,",,W",0,",,W",,,73,",,W",44,",,W",360,",,W",70,",,W",10.1,",,W",12.1,",,W",,,,,,,,,,,,,,
USW00053922,"FAYETTEVILLE SPRINGDALE NW AR REGL AIRPORT, AR US",36.28975,-94.31152,389.6,4/12/2017,6.93,",,W",,,0,",,W",0,",,W",0,",,W",,,80,",,W",50,",,W",170,",,W",140,",,W",16.1,",,W",23.9,",,W",,,,,,,,,,,,,,
USW00053922,"FAYETTEVILLE SPRINGDALE NW AR REGL AIRPORT, AR US",36.28975,-94.31152,389.6,4/13/2017,6.71,",,W",,,0,",,W",0,",,W",0,",,W",,,81,",,W",55,",,W",180,",,W",160,",,W",15,",,W",19.9,",,W",1,",,W",,,,,,,,,,,,
USW00053922,"FAYETTEVILLE SPRINGDALE NW AR REGL AIRPORT, AR US",36.28975,-94.31152,389.6,4/14/2017,10.96,",,W",,,0,",,W",0,",,W",0,",,W",,,80,",,W",60,",,W",180,",,W",200,",,W",21.9,",,W",30,",,W",,,,,,,,,,,,,,
USW00053922,"FAYETTEVILLE SPRINGDALE NW AR REGL AIRPORT, AR US",36.28975,-94.31152,389.6,4/15/2017,10.51,",,W",,,0,",,W",0,",,W",0,",,W",,,81,",,W",57,",,W",180,",,W",170,",,W",23.9,",,W",31.1,",,W",,,,,,,,,,,,,,
USW00053922,"FAYETTEVILLE SPRINGDALE NW AR REGL AIRPORT, AR US",36.28975,-94.31152,389.6,4/16/2017,6.26,",,W",,,1.2,",,W",0,",,W",0,",,W",,,74,",,W",56,",,W",340,",,W",340,",,W",38.9,",,W",47,",,W",1,",,W",,,1,",,W",,,,,,,,
USW00053922,"FAYETTEVILLE SPRINGDALE NW AR REGL AIRPORT, AR US",36.28975,-94.31152,389.6,4/17/2017,4.7,",,W",,,0.19,",,W",0,",,W",0,",,W",,,71,",,W",58,",,W",280,",,W",280,",,W",16.1,",,W",21.9,",,W",1,",,W",,,1,",,W",,,,,,,,
USW00053922,"FAYETTEVILLE SPRINGDALE NW AR REGL AIRPORT, AR US",36.28975,-94.31152,389.6,4/18/2017,5.59,",,W",,,0,",,W",0,",,W",0,",,W",,,79,",,W",56,",,W",200,",,W",170,",,W",13,",,W",16.1,",,W",1,",,W",1,",,W",,,,,,,,,,
USW00053922,"FAYETTEVILLE SPRINGDALE NW AR REGL AIRPORT, AR US",36.28975,-94.31152,389.6,4/19/2017,10.96,",,W",,,0,",,W",0,",,W",0,",,W",,,79,",,W",57,",,W",190,",,W",170,",,W",23.9,",,W",32,",,W",1,",,W",1,",,W",,,,,,,,,,
USW00053922,"FAYETTEVILLE SPRINGDALE NW AR REGL AIRPORT, AR US",36.28975,-94.31152,389.6,4/20/2017,7.16,",,W",,,0.13,",,W",0,",,W",0,",,W",,,70,",,W",62,",,W",220,",,W",240,",,W",17,",,W",23.9,",,W",1,",,W",,,1,",,W",,,,,,,,
USW00053922,"FAYETTEVILLE SPRINGDALE NW AR REGL AIRPORT, AR US",36.28975,-94.31152,389.6,4/21/2017,12.3,",,W",,,3.54,",,W",0,",,W",0,",,W",,,62,",,W",51,",,W",340,",,W",340,",,W",23.9,",,W",31.1,",,W",1,",,W",,,1,",,W",,,,,,,,
USW00053922,"FAYETTEVILLE SPRINGDALE NW AR REGL AIRPORT, AR US",36.28975,-94.31152,389.6,4/22/2017,11.18,",,W",,,0.02,",,W",0,",,W",0,",,W",,,52,",,W",46,",,W",360,",,W",360,",,W",19.9,",,W",23.9,",,W",1,",,W",,,,,,,,,,,,
USW00053922,"FAYETTEVILLE SPRINGDALE NW AR REGL AIRPORT, AR US",36.28975,-94.31152,389.6,4/23/2017,8.28,",,W",,,0,",,W",0,",,W",0,",,W",,,70,",,W",43,",,W",10,",,W",350,",,W",17,",,W",21,",,W",,,,,,,,,,,,,,
USW00053922,"FAYETTEVILLE SPRINGDALE NW AR REGL AIRPORT, AR US",36.28975,-94.31152,389.6,4/24/2017,7.61,",,W",,,0,",,W",0,",,W",0,",,W",,,76,",,W",38,",,W",170,",,W",170,",,W",21,",,W",27.1,",,W",,,,,,,,,,,,,,
USW00053922,"FAYETTEVILLE SPRINGDALE NW AR REGL AIRPORT, AR US",36.28975,-94.31152,389.6,4/25/2017,11.63,",,W",,,0.14,",,W",0,",,W",0,",,W",,,81,",,W",66,",I,W",280,",,W",280,",,W",46.1,",,W",61.1,",,W",1,",,W",,,1,",,W",,,,,,,1,",,W"
USW00053922,"FAYETTEVILLE SPRINGDALE NW AR REGL AIRPORT, AR US",36.28975,-94.31152,389.6,4/26/2017,9.17,",,W",,,1.55,",,W",0,",,W",0,",,W",,,64,",I,W",43,",,W",270,",,W",260,",,W",38,",,W",50.1,",,W",1,",,W",,,1,",,W",,,,,,,,
USW00053922,"FAYETTEVILLE SPRINGDALE NW AR REGL AIRPORT, AR US",36.28975,-94.31152,389.6,4/27/2017,4.92,",,W",,,0.01,",,W",0,",,W",0,",,W",,,67,",,W",37,",,W",160,",,W",160,",,W",15,",,W",19.9,",,W",1,",,W",1,",,W",,,,,,,,,,
USW00053922,"FAYETTEVILLE SPRINGDALE NW AR REGL AIRPORT, AR US",36.28975,-94.31152,389.6,4/28/2017,7.83,",,W",,,1.36,",,W",0,",,W",0,",,W",,,68,",,W",56,",,W",80,",,W",80,",,W",21.9,",,W",25.1,",,W",1,",,W",,,1,",,W",,,,,,,,
USW00053922,"FAYETTEVILLE SPRINGDALE NW AR REGL AIRPORT, AR US",36.28975,-94.31152,389.6,4/29/2017,10.96,",,W",,,5.24,",,W",0,",,W",0,",,W",,,75,",,W",62,",,W",160,",,W",180,",,W",29.1,",,W",38,",,W",1,",,W",,,1,",,W",,,,,,,,
USW00053922,"FAYETTEVILLE SPRINGDALE NW AR REGL AIRPORT, AR US",36.28975,-94.31152,389.6,4/30/2017,15.66,",,W",,,0.59,",,W",0,",,W",0,",,W",,,65,",,W",45,",,W",190,",,W",190,",,W",29.1,",,W",40,",,W",1,",,W",,,1,",,W",,,,,,,,
USW00053922,"FAYETTEVILLE SPRINGDALE NW AR REGL AIRPORT, AR US",36.28975,-94.31152,389.6,5/1/2017,14.32,",,W",,,0.01,",,W",0,",,W",0,",,W",,,65,",,W",41,",,W",280,",,W",280,",,W",28,",,W",38.9,",,W",,,,,,,,,,,,,,
USW00053922,"FAYETTEVILLE SPRINGDALE NW AR REGL AIRPORT, AR US",36.28975,-94.31152,389.6,5/2/2017,5.59,",,W",,,0,",,W",0,",,W",0,",,W",,,79,",,W",45,",,W",330,",,W",340,",,W",13,",,W",17,",,W",,,,,,,,,,,,,,
USW00053922,"FAYETTEVILLE SPRINGDALE NW AR REGL AIRPORT, AR US",36.28975,-94.31152,389.6,5/3/2017,11.86,",,W",,,0.08,",,W",0,",,W",0,",,W",,,63,",,W",47,",,W",360,",,W",350,",,W",23.9,",,W",31.1,",,W",1,",,W",,,1,",,W",,,,,,,,
USW00053922,"FAYETTEVILLE SPRINGDALE NW AR REGL AIRPORT, AR US",36.28975,-94.31152,389.6,5/4/2017,17,",,W",,,0,",,W",0,",,W",0,",,W",,,66,",,W",44,",,W",350,",,W",340,",,W",31.1,",,W",38.9,",,W",1,",,W",,,,,,,,,,,,
USW00053922,"FAYETTEVILLE SPRINGDALE NW AR REGL AIRPORT, AR US",36.28975,-94.31152,389.6,5/5/2017,9.84,",,W",,,0,",,W",0,",,W",0,",,W",,,72,",,W",46,",,W",340,",,W",350,",,W",21.9,",,W",30,",,W",,,,,,,,,,,,,,
USW00053922,"FAYETTEVILLE SPRINGDALE NW AR REGL AIRPORT, AR US",36.28975,-94.31152,389.6,5/6/2017,7.83,",,W",,,0,",,W",0,",,W",0,",,W",,,80,",,W",46,",,W",260,",,W",290,",,W",17,",,W",29.1,",,W",,,,,,,,,,,,,,
USW00053922,"FAYETTEVILLE SPRINGDALE NW AR REGL AIRPORT, AR US",36.28975,-94.31152,389.6,5/7/2017,3.8,",,W",,,0,",,W",0,",,W",0,",,W",,,82,",,W",51,",,W",250,",,W",250,",,W",14.1,",,W",17,",,W",,,,,,,,,,,,,,
USW00053922,"FAYETTEVILLE SPRINGDALE NW AR REGL AIRPORT, AR US",36.28975,-94.31152,389.6,5/8/2017,4.92,",,W",,,0,",,W",0,",,W",0,",,W",,,82,",,W",53,",,W",190,",,W",150,",,W",15,",,W",19.9,",,W",,,,,,,,,,,,,,
USW00053922,"FAYETTEVILLE SPRINGDALE NW AR REGL AIRPORT, AR US",36.28975,-94.31152,389.6,5/9/2017,6.26,",,W",,,0,",,W",0,",,W",0,",,W",,,82,",,W",53,",,W",230,",,W",210,",,W",16.1,",,W",21,",,W",,,,,,,,,,,,,,
USW00053922,"FAYETTEVILLE SPRINGDALE NW AR REGL AIRPORT, AR US",36.28975,-94.31152,389.6,5/10/2017,8.95,",,W",,,0.3,",,W",0,",,W",0,",,W",,,83,",,W",62,",,W",280,",,W",260,",,W",23,",,W",32,",,W",1,",,W",,,1,",,W",,,,,,,,
USW00053922,"FAYETTEVILLE SPRINGDALE NW AR REGL AIRPORT, AR US",36.28975,-94.31152,389.6,5/11/2017,5.82,",,W",,,0.51,",,W",0,",,W",0,",,W",,,79,",,W",60,",,W",180,",,W",180,",,W",21.9,",,W",28,",,W",1,",,W",,,1,",,W",,,,,,,,
USW00053922,"FAYETTEVILLE SPRINGDALE NW AR REGL AIRPORT, AR US",36.28975,-94.31152,389.6,5/12/2017,9.62,",,W",,,1.09,",,W",0,",,W",0,",,W",,,72,",,W",56,",,W",10,",,W",30,",,W",18.1,",,W",23.9,",,W",1,",,W",,,,,,,,,,,,
USW00053922,"FAYETTEVILLE SPRINGDALE NW AR REGL AIRPORT, AR US",36.28975,-94.31152,389.6,5/13/2017,3.8,",,W",,,0,",,W",0,",,W",0,",,W",,,77,",,W",49,",,W",60,",,W",30,",,W",10.1,",,W",15,",,W",1,",,W",,,,,,,,,,,,
USW00053922,"FAYETTEVILLE SPRINGDALE NW AR REGL AIRPORT, AR US",36.28975,-94.31152,389.6,5/14/2017,5.82,",,W",,,0,",,W",0,",,W",0,",,W",,,80,",,W",51,",,W",170,",,W",180,",,W",15,",,W",19,",,W",,,,,,,,,,,,,,
USW00053922,"FAYETTEVILLE SPRINGDALE NW AR REGL AIRPORT, AR US",36.28975,-94.31152,389.6,5/15/2017,6.71,",,W",,,0,",,W",0,",,W",0,",,W",,,84,",,W",55,",,W",170,",,W",,,14.1,",,W",,,,,,,,,,,,,,,,
USW00053922,"FAYETTEVILLE SPRINGDALE NW AR REGL AIRPORT, AR US",36.28975,-94.31152,389.6,5/16/2017,13.42,",,W",,,0,",,W",0,",,W",0,",,W",,,83,",,W",59,",,W",160,",,W",160,",,W",23.9,",,W",34,",,W",,,,,,,,,,,,,,
USW00053922,"FAYETTEVILLE SPRINGDALE NW AR REGL AIRPORT, AR US",36.28975,-94.31152,389.6,5/17/2017,16.33,",,W",,,0.01,",,W",0,",,W",0,",,W",,,83,",,W",65,",,W",180,",,W",180,",,W",36,",,W",46.1,",,W",,,,,,,,,,,,,,
USW00053922,"FAYETTEVILLE SPRINGDALE NW AR REGL AIRPORT, AR US",36.28975,-94.31152,389.6,5/18/2017,11.63,",,W",,,0.23,",,W",0,",,W",0,",,W",,,86,",,W",66,",,W",250,",,W",250,",,W",38,",,W",47,",,W",1,",,W",,,1,",,W",,,,,,,,
USW00053922,"FAYETTEVILLE SPRINGDALE NW AR REGL AIRPORT, AR US",36.28975,-94.31152,389.6,5/19/2017,9.84,",,W",,,2.65,",,W",0,",,W",0,",,W",,,77,",,W",60,",,W",180,",,W",220,",,W",17,",,W",46.1,",,W",1,",,W",,,1,",,W",,,,,,,,
USW00053922,"FAYETTEVILLE SPRINGDALE NW AR REGL AIRPORT, AR US",36.28975,-94.31152,389.6,5/20/2017,7.61,",,W",,,1.18,",,W",0,",,W",0,",,W",,,69,",,W",51,",,W",100,",,W",100,",,W",23,",,W",29.1,",,W",1,",,W",,,1,",,W",,,,,,,,
USW00053922,"FAYETTEVILLE SPRINGDALE NW AR REGL AIRPORT, AR US",36.28975,-94.31152,389.6,5/21/2017,7.16,",,W",,,0,",,W",0,",,W",0,",,W",,,73,",,W",49,",,W",360,",,W",360,",,W",19.9,",,W",23,",,W",,,,,,,,,,,,,,
USW00053922,"FAYETTEVILLE SPRINGDALE NW AR REGL AIRPORT, AR US",36.28975,-94.31152,389.6,5/22/2017,4.7,",,W",,,0,",,W",0,",,W",0,",,W",,,76,",,W",51,",,W",180,",,W",180,",,W",14.1,",,W",17,",,W",,,,,,,,,,,,,,
USW00053922,"FAYETTEVILLE SPRINGDALE NW AR REGL AIRPORT, AR US",36.28975,-94.31152,389.6,5/23/2017,7.61,",,W",,,0.04,",,W",0,",,W",0,",,W",,,70,",,W",53,",,W",310,",,W",310,",,W",16.1,",,W",23.9,",,W",,,,,,,,,,,,,,
USW00053922,"FAYETTEVILLE SPRINGDALE NW AR REGL AIRPORT, AR US",36.28975,-94.31152,389.6,5/24/2017,8.5,",,W",,,0,",,W",0,",,W",0,",,W",,,66,",,W",48,",,W",300,",,W",320,",,W",17,",,W",23,",,W",,,,,,,,,,,,,,
USW00053922,"FAYETTEVILLE SPRINGDALE NW AR REGL AIRPORT, AR US",36.28975,-94.31152,389.6,5/25/2017,9.17,",,W",,,0,",,W",0,",,W",0,",,W",,,80,",,W",44,",,W",170,",,W",180,",,W",19.9,",,W",25.1,",,W",,,,,,,,,,,,,,
USW00053922,"FAYETTEVILLE SPRINGDALE NW AR REGL AIRPORT, AR US",36.28975,-94.31152,389.6,5/26/2017,9.4,",,W",,,0,",,W",0,",,W",0,",,W",,,86,",,W",64,",,W",200,",,W",210,",,W",18.1,",,W",25.1,",,W",,,,,1,",,W",,,,,,,,
USW00053922,"FAYETTEVILLE SPRINGDALE NW AR REGL AIRPORT, AR US",36.28975,-94.31152,389.6,5/27/2017,10.29,",,W",,,0.96,",,W",0,",,W",0,",,W",,,87,",,W",65,",,W",360,",,W",190,",,W",25.1,",,W",36,",,W",1,",,W",,,1,",,W",,,,,,,,
USW00053922,"FAYETTEVILLE SPRINGDALE NW AR REGL AIRPORT, AR US",36.28975,-94.31152,389.6,5/28/2017,6.71,",,W",,,0,",,W",0,",,W",0,",,W",,,79,",,W",62,",,W",340,",,W",340,",,W",15,",,W",19.9,",,W",,,,,,,,,,,,,,
USW00053922,"FAYETTEVILLE SPRINGDALE NW AR REGL AIRPORT, AR US",36.28975,-94.31152,389.6,5/29/2017,6.04,",,W",,,0,",,W",0,",,W",0,",,W",,,84,",,W",55,",,W",230,",,W",260,",,W",14.1,",,W",18.1,",,W",,,,,,,,,,,,,,
USW00053922,"FAYETTEVILLE SPRINGDALE NW AR REGL AIRPORT, AR US",36.28975,-94.31152,389.6,5/30/2017,4.03,",,W",,,0.01,",,W",0,",,W",0,",,W",,,77,",,W",59,",,W",290,",,W",290,",,W",19.9,",,W",29.1,",,W",,,,,,,,,,,,,,
USW00053922,"FAYETTEVILLE SPRINGDALE NW AR REGL AIRPORT, AR US",36.28975,-94.31152,389.6,5/31/2017,5.14,",,W",,,0,"T,,W",0,",,W",0,",,W",,,87,",,W",56,",,W",40,",,W",40,",,W",21.9,",,W",29.1,",,W",1,",,W",,,1,",,W",,,,,,,,
USW00053922,"FAYETTEVILLE SPRINGDALE NW AR REGL AIRPORT, AR US",36.28975,-94.31152,389.6,6/1/2017,3.13,",,W",,,0.35,",,W",0,",,W",0,",,W",,,85,",,W",63,",,W",140,",,W",170,",,W",19.9,",,W",25.9,",,W",1,",,W",,,1,",,W",,,,,,,,
USW00053922,"FAYETTEVILLE SPRINGDALE NW AR REGL AIRPORT, AR US",36.28975,-94.31152,389.6,6/2/2017,4.92,",,W",,,0,"T,,W",0,",,W",0,",,W",,,84,",,W",57,",,W",150,",,W",140,",,W",18.1,",,W",23.9,",,W",1,",,W",1,",,W",,,,,,,,,,
USW00053922,"FAYETTEVILLE SPRINGDALE NW AR REGL AIRPORT, AR US",36.28975,-94.31152,389.6,6/3/2017,3.13,",,W",,,0.16,",,W",0,",,W",0,",,W",,,82,",,W",66,",,W",190,",,W",170,",,W",19.9,",,W",25.1,",,W",1,",,W",,,1,",,W",,,,,,,,
USW00053922,"FAYETTEVILLE SPRINGDALE NW AR REGL AIRPORT, AR US",36.28975,-94.31152,389.6,6/4/2017,4.25,",,W",,,1.45,",,W",0,",,W",0,",,W",,,80,",,W",68,",,W",180,",,W",180,",,W",21.9,",,W",25.9,",,W",1,",,W",,,1,",,W",,,,,,,,
USW00053922,"FAYETTEVILLE SPRINGDALE NW AR REGL AIRPORT, AR US",36.28975,-94.31152,389.6,6/5/2017,6.49,",,W",,,0.05,",,W",0,",,W",0,",,W",,,86,",,W",66,",,W",30,",,W",50,",,W",16.1,",,W",21,",,W",1,",,W",,,,,,,,,,,,
USW00053922,"FAYETTEVILLE SPRINGDALE NW AR REGL AIRPORT, AR US",36.28975,-94.31152,389.6,6/6/2017,8.72,",,W",,,0,",,W",0,",,W",0,",,W",,,87,",,W",60,",,W",10,",,W",30,",,W",14.1,",,W",21,",,W",,,,,,,,,,,,,,
USW00053922,"FAYETTEVILLE SPRINGDALE NW AR REGL AIRPORT, AR US",36.28975,-94.31152,389.6,6/7/2017,6.26,",,W",,,0,",,W",0,",,W",0,",,W",,,81,",,W",53,",,W",40,",,W",40,",,W",15,",,W",19.9,",,W",,,,,,,,,,,,,,
USW00053922,"FAYETTEVILLE SPRINGDALE NW AR REGL AIRPORT, AR US",36.28975,-94.31152,389.6,6/8/2017,2.01,",,W",,,0,",,W",0,",,W",0,",,W",,,81,",,W",53,",,W",180,",,W",70,",,W",8.9,",,W",12.1,",,W",,,,,,,,,,,,,,
USW00053922,"FAYETTEVILLE SPRINGDALE NW AR REGL AIRPORT, AR US",36.28975,-94.31152,389.6,6/9/2017,6.49,",,W",,,0,",,W",0,",,W",0,",,W",,,81,",,W",56,",,W",170,",,W",190,",,W",15,",,W",18.1,",,W",,,,,,,,,,,,,,
USW00053922,"FAYETTEVILLE SPRINGDALE NW AR REGL AIRPORT, AR US",36.28975,-94.31152,389.6,6/10/2017,10.51,",,W",,,0,",,W",0,",,W",0,",,W",,,84,",,W",60,",,W",170,",,W",170,",,W",21,",,W",27.1,",,W",,,,,,,,,,,,,,
USW00053922,"FAYETTEVILLE SPRINGDALE NW AR REGL AIRPORT, AR US",36.28975,-94.31152,389.6,6/11/2017,12.75,",,W",,,0,",,W",0,",,W",0,",,W",,,85,",,W",66,",,W",180,",,W",160,",,W",23,",,W",29.1,",,W",,,,,,,,,,,,,,
USW00053922,"FAYETTEVILLE SPRINGDALE NW AR REGL AIRPORT, AR US",36.28975,-94.31152,389.6,6/12/2017,11.18,",,W",,,0,",,W",0,",,W",0,",,W",,,89,",,W",68,",,W",180,",,W",190,",,W",19.9,",,W",25.9,",,W",,,,,,,,,,,,,,
USW00053922,"FAYETTEVILLE SPRINGDALE NW AR REGL AIRPORT, AR US",36.28975,-94.31152,389.6,6/13/2017,13.2,",,W",,,0,",,W",0,",,W",0,",,W",,,89,",,W",71,",,W",160,",,W",160,",,W",23,",,W",29.1,",,W",,,,,,,,,,,,,,
USW00053922,"FAYETTEVILLE SPRINGDALE NW AR REGL AIRPORT, AR US",36.28975,-94.31152,389.6,6/14/2017,10.74,",,W",,,0,",,W",0,",,W",0,",,W",,,89,",,W",73,",,W",180,",,W",180,",,W",25.1,",,W",30,",,W",,,,,,,,,,,,,,
USW00053922,"FAYETTEVILLE SPRINGDALE NW AR REGL AIRPORT, AR US",36.28975,-94.31152,389.6,6/15/2017,9.62,",,W",,,0.06,",,W",0,",,W",0,",,W",,,89,",,W",67,",,W",310,",,W",330,",,W",36.9,",,W",46.1,",,W",1,",,W",,,1,",,W",,,,,,,,
USW00053922,"FAYETTEVILLE SPRINGDALE NW AR REGL AIRPORT, AR US",36.28975,-94.31152,389.6,6/16/2017,8.72,",,W",,,0.19,",,W",0,",,W",0,",,W",,,90,",,W",65,",,W",160,",,W",160,",,W",25.9,",,W",31.1,",,W",1,",,W",,,1,",,W",,,,,,,,
USW00053922,"FAYETTEVILLE SPRINGDALE NW AR REGL AIRPORT, AR US",36.28975,-94.31152,389.6,6/17/2017,8.95,",,W",,,0.02,",,W",0,",,W",0,",,W",,,88,",,W",71,",,W",210,",,W",210,",,W",19.9,",,W",27.1,",,W",,,,,1,",,W",,,,,,,,
USW00053922,"FAYETTEVILLE SPRINGDALE NW AR REGL AIRPORT, AR US",36.28975,-94.31152,389.6,6/18/2017,6.71,",,W",,,0.54,",,W",0,",,W",0,",,W",,,78,",,W",64,",,W",320,",,W",320,",,W",14.1,",,W",19.9,",,W",1,",,W",,,1,",,W",,,,,,,,
USW00053922,"FAYETTEVILLE SPRINGDALE NW AR REGL AIRPORT, AR US",36.28975,-94.31152,389.6,6/19/2017,2.01,",,W",,,0,",,W",0,",,W",0,",,W",,,84,",,W",57,",,W",50,",,W",50,",,W",8.1,",,W",11,",,W",1,",,W",,,,,,,,,,,,
USW00053922,"FAYETTEVILLE SPRINGDALE NW AR REGL AIRPORT, AR US",36.28975,-94.31152,389.6,6/20/2017,3.36,",,W",,,0,",,W",0,",,W",0,",,W",,,90,",,W",60,",,W",200,",,W",220,",,W",8.9,",,W",12.1,",,W",,,,,,,,,,,,,,
USW00053922,"FAYETTEVILLE SPRINGDALE NW AR REGL AIRPORT, AR US",36.28975,-94.31152,389.6,6/21/2017,5.59,",,W",,,0,",,W",0,",,W",0,",,W",,,91,",,W",62,",,W",150,",,W",160,",,W",18.1,",,W",23,",,W",,,,,,,,,,,,,,
USW00053922,"FAYETTEVILLE SPRINGDALE NW AR REGL AIRPORT, AR US",36.28975,-94.31152,389.6,6/22/2017,6.93,",,W",,,0,",,W",0,",,W",0,",,W",,,87,",,W",69,",,W",150,",,W",150,",,W",18.1,",,W",23,",,W",1,",,W",,,,,,,,,,,,
USW00053922,"FAYETTEVILLE SPRINGDALE NW AR REGL AIRPORT, AR US",36.28975,-94.31152,389.6,6/23/2017,8.5,",,W",,,0,"T,,W",0,",,W",0,",,W",,,87,",,W",66,",,W",350,",,W",350,",,W",28,",,W",33.1,",,W",1,",,W",,,1,",,W",,,,,,,,
USW00053922,"FAYETTEVILLE SPRINGDALE NW AR REGL AIRPORT, AR US",36.28975,-94.31152,389.6,6/24/2017,6.04,",,W",,,0,",,W",0,",,W",0,",,W",,,82,",,W",61,",,W",30,",,W",350,",,W",15,",,W",19.9,",,W",,,,,1,",,W",,,,,,,,
USW00053922,"FAYETTEVILLE SPRINGDALE NW AR REGL AIRPORT, AR US",36.28975,-94.31152,389.6,6/25/2017,3.8,",,W",,,0,"T,,W",0,",,W",0,",,W",,,87,",,W",63,",,W",20,",,W",20,",,W",12.1,",,W",15,",,W",,,,,,,,,,,,,,
USW00053922,"FAYETTEVILLE SPRINGDALE NW AR REGL AIRPORT, AR US",36.28975,-94.31152,389.6,6/26/2017,5.14,",,W",,,0,",,W",0,",,W",0,",,W",,,86,",,W",64,",,W",190,",,W",180,",,W",16.1,",,W",21,",,W",,,,,,,,,,,,,,
USW00053922,"FAYETTEVILLE SPRINGDALE NW AR REGL AIRPORT, AR US",36.28975,-94.31152,389.6,6/27/2017,7.16,",,W",,,0,"T,,W",0,",,W",0,",,W",,,86,",,W",61,",,W",30,",,W",30,",,W",17,",,W",21.9,",,W",,,,,,,,,,,,,,
USW00053922,"FAYETTEVILLE SPRINGDALE NW AR REGL AIRPORT, AR US",36.28975,-94.31152,389.6,6/28/2017,11.86,",,W",,,0,",,W",0,",,W",0,",,W",,,88,",,W",67,",,W",170,",,W",180,",,W",21.9,",,W",27.1,",,W",,,,,,,,,,,,,,
USW00053922,"FAYETTEVILLE SPRINGDALE NW AR REGL AIRPORT, AR US",36.28975,-94.31152,389.6,6/29/2017,10.51,",,W",,,0,",,W",0,",,W",0,",,W",,,89,",,W",71,",,W",150,",,W",170,",,W",23,",,W",27.1,",,W",,,,,,,,,,,,,,
USW00053922,"FAYETTEVILLE SPRINGDALE NW AR REGL AIRPORT, AR US",36.28975,-94.31152,389.6,6/30/2017,8.28,",,W",,,0.65,",,W",0,",,W",0,",,W",,,83,",,W",66,",,W",350,",,W",350,",,W",29.1,",,W",36,",,W",1,",,W",,,1,",,W",,,,,,,,
USW00053922,"FAYETTEVILLE SPRINGDALE NW AR REGL AIRPORT, AR US",36.28975,-94.31152,389.6,7/1/2017,3.8,",,W",,,0,",,W",0,",,W",0,",,W",,,86,",,W",68,",,W",350,",,W",350,",,W",12.1,",,W",14.1,",,W",,,,,,,,,,,,,,
USW00053922,"FAYETTEVILLE SPRINGDALE NW AR REGL AIRPORT, AR US",36.28975,-94.31152,389.6,7/2/2017,5.37,",,W",,,0.77,",,W",0,",,W",0,",,W",,,89,",,W",63,",,W",360,",,W",350,",,W",23,",,W",28,",,W",1,",,W",,,1,",,W",,,,,,,,
USW00053922,"FAYETTEVILLE SPRINGDALE NW AR REGL AIRPORT, AR US",36.28975,-94.31152,389.6,7/3/2017,4.92,",,W",,,0.02,",,W",0,",,W",0,",,W",,,86,",,W",67,",,W",130,",,W",130,",,W",15,",,W",18.1,",,W",,,,,,,,,,,,,,
USW00053922,"FAYETTEVILLE SPRINGDALE NW AR REGL AIRPORT, AR US",36.28975,-94.31152,389.6,7/4/2017,5.82,",,W",,,1.1,",,W",0,",,W",0,",,W",,,80,",,W",69,",,W",260,",,W",250,",,W",21,",,W",25.1,",,W",1,",,W",,,1,",,W",,,,,,,,
USW00053922,"FAYETTEVILLE SPRINGDALE NW AR REGL AIRPORT, AR US",36.28975,-94.31152,389.6,7/5/2017,6.49,",,W",,,0,"T,,W",0,",,W",0,",,W",,,84,",,W",68,",,W",30,",,W",30,",,W",14.1,",,W",17,",,W",1,",,W",,,,,,,,,,,,
USW00053922,"FAYETTEVILLE SPRINGDALE NW AR REGL AIRPORT, AR US",36.28975,-94.31152,389.6,7/6/2017,4.92,",,W",,,0,",,W",0,",,W",0,",,W",,,89,",,W",69,",,W",360,",,W",360,",,W",13,",,W",16.1,",,W",1,",,W",,,,,,,,,,,,
USW00053922,"FAYETTEVILLE SPRINGDALE NW AR REGL AIRPORT, AR US",36.28975,-94.31152,389.6,7/7/2017,4.92,",,W",,,0.07,",,W",0,",,W",0,",,W",,,93,",,W",65,",,W",240,",,W",260,",,W",13,",,W",17,",,W",1,",,W",1,",,W",1,",,W",,,,,,,,
USW00053922,"FAYETTEVILLE SPRINGDALE NW AR REGL AIRPORT, AR US",36.28975,-94.31152,389.6,7/8/2017,4.47,",,W",,,0.72,",,W",0,",,W",0,",,W",,,87,",,W",66,",,W",340,",,W",340,",,W",33.1,",,W",45,",,W",1,",,W",,,1,",,W",,,,,,,,
USW00053922,"FAYETTEVILLE SPRINGDALE NW AR REGL AIRPORT, AR US",36.28975,-94.31152,389.6,7/9/2017,6.71,",,W",,,0,",,W",0,",,W",0,",,W",,,88,",,W",66,",,W",170,",,W",180,",,W",16.1,",,W",21,",,W",1,",,W",1,",,W",,,,,,,,,,
USW00053922,"FAYETTEVILLE SPRINGDALE NW AR REGL AIRPORT, AR US",36.28975,-94.31152,389.6,7/10/2017,8.05,",,W",,,0,",,W",0,",,W",0,",,W",,,89,",,W",70,",,W",180,",,W",200,",,W",16.1,",,W",21.9,",,W",,,,,,,,,,,,,,
USW00053922,"FAYETTEVILLE SPRINGDALE NW AR REGL AIRPORT, AR US",36.28975,-94.31152,389.6,7/11/2017,8.5,",,W",,,0,",,W",0,",,W",0,",,W",,,92,",,W",72,",,W",170,",,W",200,",,W",16.1,",,W",21,",,W",,,,,,,,,,,,,,
USW00053922,"FAYETTEVILLE SPRINGDALE NW AR REGL AIRPORT, AR US",36.28975,-94.31152,389.6,7/12/2017,8.72,",,W",,,0,",,W",0,",,W",0,",,W",,,92,",,W",74,",,W",180,",,W",,,17,",,W",,,,,,,,,,,,,,,,
USW00053922,"FAYETTEVILLE SPRINGDALE NW AR REGL AIRPORT, AR US",36.28975,-94.31152,389.6,7/13/2017,5.14,",,W",,,0,",,W",0,",,W",0,",,W",,,92,",,W",71,",,W",220,",,W",230,",,W",15,",,W",19,",,W",,,,,,,,,,,,,,
USW00053922,"FAYETTEVILLE SPRINGDALE NW AR REGL AIRPORT, AR US",36.28975,-94.31152,389.6,7/14/2017,4.47,",,W",,,0.12,",,W",0,",,W",0,",,W",,,85,",,W",73,",,W",350,",,W",50,",,W",13,",,W",18.1,",,W",1,",,W",,,1,",,W",,,,,,,,
USW00053922,"FAYETTEVILLE SPRINGDALE NW AR REGL AIRPORT, AR US",36.28975,-94.31152,389.6,7/15/2017,2.24,",,W",,,0,",,W",0,",,W",0,",,W",,,92,",,W",70,",,W",60,",,W",80,",,W",13,",,W",16.1,",,W",,,,,,,,,,,,,,
USW00053922,"FAYETTEVILLE SPRINGDALE NW AR REGL AIRPORT, AR US",36.28975,-94.31152,389.6,7/16/2017,2.01,",,W",,,0,",,W",0,",,W",0,",,W",,,93,",,W",70,",,W",360,",,W",20,",,W",8.1,",,W",13,",,W",,,,,,,,,,,,,,
USW00053922,"FAYETTEVILLE SPRINGDALE NW AR REGL AIRPORT, AR US",36.28975,-94.31152,389.6,7/17/2017,2.24,",,W",,,0,",,W",0,",,W",0,",,W",,,92,",,W",68,",,W",150,",,W",160,",,W",10.1,",,W",14.1,",,W",1,",,W",,,,,,,,,,,,
USW00053922,"FAYETTEVILLE SPRINGDALE NW AR REGL AIRPORT, AR US",36.28975,-94.31152,389.6,7/18/2017,3.58,",,W",,,0,",,W",0,",,W",0,",,W",,,91,",,W",66,",,W",210,",,W",190,",,W",12.1,",,W",15,",,W",1,",,W",,,,,,,,,,,,
USW00053922,"FAYETTEVILLE SPRINGDALE NW AR REGL AIRPORT, AR US",36.28975,-94.31152,389.6,7/19/2017,4.25,",,W",,,0,",,W",0,",,W",0,",,W",,,94,",,W",68,",,W",190,",,W",170,",,W",13,",,W",17,",,W",1,",,W",,,,,,,,,,,,
USW00053922,"FAYETTEVILLE SPRINGDALE NW AR REGL AIRPORT, AR US",36.28975,-94.31152,389.6,7/20/2017,6.04,",,W",,,0,",,W",0,",,W",0,",,W",,,96,",,W",71,",,W",210,",,W",210,",,W",15,",,W",21,",,W",1,",,W",,,,,,,,,,,,
USW00053922,"FAYETTEVILLE SPRINGDALE NW AR REGL AIRPORT, AR US",36.28975,-94.31152,389.6,7/21/2017,7.61,",,W",,,0,",,W",0,",,W",0,",,W",,,96,",,W",72,",,W",190,",,W",170,",,W",16.1,",,W",25.9,",,W",1,",,W",,,,,,,,,,,,
USW00053922,"FAYETTEVILLE SPRINGDALE NW AR REGL AIRPORT, AR US",36.28975,-94.31152,389.6,7/22/2017,7.83,",,W",,,0,",,W",0,",,W",0,",,W",,,98,",,W",72,",,W",230,",,W",240,",,W",17,",,W",21,",,W",,,,,,,,,,,,,,
USW00053922,"FAYETTEVILLE SPRINGDALE NW AR REGL AIRPORT, AR US",36.28975,-94.31152,389.6,7/23/2017,5.14,",,W",,,0,",,W",0,",,W",0,",,W",,,96,",,W",71,",,W",110,",,W",310,",,W",16.1,",,W",25.9,",,W",,,,,,,,,,,,,,
USW00053922,"FAYETTEVILLE SPRINGDALE NW AR REGL AIRPORT, AR US",36.28975,-94.31152,389.6,7/24/2017,2.91,",,W",,,0,",,W",0,",,W",0,",,W",,,96,",,W",67,",,W",120,",,W",120,",,W",8.9,",,W",12.1,",,W",,,,,,,,,,,,,,
USW00053922,"FAYETTEVILLE SPRINGDALE NW AR REGL AIRPORT, AR US",36.28975,-94.31152,389.6,7/25/2017,4.92,",,W",,,0,",,W",0,",,W",0,",,W",,,96,",,W",70,",,W",170,",,W",170,",,W",15,",,W",19.9,",,W",,,,,,,,,,,,,,
USW00053922,"FAYETTEVILLE SPRINGDALE NW AR REGL AIRPORT, AR US",36.28975,-94.31152,389.6,7/26/2017,7.16,",,W",,,0,",,W",0,",,W",0,",,W",,,95,",,W",72,",,W",160,",,W",190,",,W",17,",,W",23.9,",,W",,,,,,,,,,,,,,
USW00053922,"FAYETTEVILLE SPRINGDALE NW AR REGL AIRPORT, AR US",36.28975,-94.31152,389.6,7/27/2017,5.14,",,W",,,0.05,",,W",0,",,W",0,",,W",,,90,",,W",77,",,W",220,",,W",,,8.9,",,W",,,,,,,1,",,W",,,,,,,,
USW00053922,"FAYETTEVILLE SPRINGDALE NW AR REGL AIRPORT, AR US",36.28975,-94.31152,389.6,7/28/2017,6.49,",,W",,,0.65,",,W",0,",,W",0,",,W",,,91,",,W",72,",,W",10,",,W",10,",,W",15,",,W",19.9,",,W",1,",,W",,,1,",,W",,,,,,,,
USW00053922,"FAYETTEVILLE SPRINGDALE NW AR REGL AIRPORT, AR US",36.28975,-94.31152,389.6,7/29/2017,7.83,",,W",,,0,",,W",0,",,W",0,",,W",,,87,",,W",66,",,W",70,",,W",80,",,W",15,",,W",21,",,W",,,,,,,,,,,,,,
USW00053922,"FAYETTEVILLE SPRINGDALE NW AR REGL AIRPORT, AR US",36.28975,-94.31152,389.6,7/30/2017,4.92,",,W",,,0,",,W",0,",,W",0,",,W",,,87,",,W",63,",,W",10,",,W",70,",,W",10.1,",,W",19.9,",,W",,,,,,,,,,,,,,
USW00053922,"FAYETTEVILLE SPRINGDALE NW AR REGL AIRPORT, AR US",36.28975,-94.31152,389.6,7/31/2017,2.91,",,W",,,0,"T,,W",0,",,W",0,",,W",,,89,",,W",61,",,W",350,",,W",40,",,W",10.1,",,W",14.1,",,W",,,,,,,,,,,,,,
USW00053922,"FAYETTEVILLE SPRINGDALE NW AR REGL AIRPORT, AR US",36.28975,-94.31152,389.6,8/1/2017,2.68,",,W",,,0.13,",,W",0,",,W",0,",,W",,,74,",,W",65,",,W",360,",,W",210,",,W",10.1,",,W",12.1,",,W",1,",,W",,,,,,,,,,,,
USW00053922,"FAYETTEVILLE SPRINGDALE NW AR REGL AIRPORT, AR US",36.28975,-94.31152,389.6,8/2/2017,3.36,",,W",,,0,",,W",0,",,W",0,",,W",,,88,",,W",61,",,W",140,",,W",90,",,W",13,",,W",19,",,W",1,",,W",1,",,W",,,,,,,,,,
USW00053922,"FAYETTEVILLE SPRINGDALE NW AR REGL AIRPORT, AR US",36.28975,-94.31152,389.6,8/3/2017,4.03,",,W",,,0.53,",,W",0,",,W",0,",,W",,,90,",,W",66,",,W",310,",,W",350,",,W",19.9,",,W",33.1,",,W",1,",,W",,,1,",,W",,,,,,,,
USW00053922,"FAYETTEVILLE SPRINGDALE NW AR REGL AIRPORT, AR US",36.28975,-94.31152,389.6,8/4/2017,5.82,",,W",,,0.01,",,W",0,",,W",0,",,W",,,81,",,W",64,",,W",50,",,W",20,",,W",14.1,",,W",19,",,W",,,,,,,,,,,,,,
USW00053922,"FAYETTEVILLE SPRINGDALE NW AR REGL AIRPORT, AR US",36.28975,-94.31152,389.6,8/5/2017,9.84,",,W",,,0,",,W",0,",,W",0,",,W",,,86,",,W",66,",,W",180,",,W",170,",,W",21.9,",,W",25.9,",,W",,,,,,,,,,,,,,
USW00053922,"FAYETTEVILLE SPRINGDALE NW AR REGL AIRPORT, AR US",36.28975,-94.31152,389.6,8/6/2017,7.16,",,W",,,1.65,",,W",0,",,W",0,",,W",,,78,",,W",66,",,W",150,",,W",140,",,W",25.1,",,W",31.1,",,W",1,",,W",,,1,",,W",,,,,,,,
USW00053922,"FAYETTEVILLE SPRINGDALE NW AR REGL AIRPORT, AR US",36.28975,-94.31152,389.6,8/7/2017,6.26,",,W",,,0,",,W",0,",,W",0,",,W",,,84,",,W",64,",,W",80,",,W",,,10.1,",,W",,,1,",,W",1,",,W",,,,,,,,,,
USW00053922,"FAYETTEVILLE SPRINGDALE NW AR REGL AIRPORT, AR US",36.28975,-94.31152,389.6,8/8/2017,5.59,",,W",,,0,",,W",0,",,W",0,",,W",,,84,",,W",64,",,W",50,",,W",80,",,W",12.1,",,W",19.9,",,W",,,,,,,,,,,,,,
USW00053922,"FAYETTEVILLE SPRINGDALE NW AR REGL AIRPORT, AR US",36.28975,-94.31152,389.6,8/9/2017,2.91,",,W",,,0,",,W",0,",,W",0,",,W",,,86,",,W",65,",,W",150,",,W",150,",,W",8.1,",,W",11,",,W",1,",,W",,,,,,,,,,,,
USW00053922,"FAYETTEVILLE SPRINGDALE NW AR REGL AIRPORT, AR US",36.28975,-94.31152,389.6,8/10/2017,4.03,",,W",,,0.04,",,W",0,",,W",0,",,W",,,88,",,W",68,",,W",200,",,W",230,",,W",12.1,",,W",16.1,",,W",1,",,W",,,,,,,,,,,,
USW00053922,"FAYETTEVILLE SPRINGDALE NW AR REGL AIRPORT, AR US",36.28975,-94.31152,389.6,8/11/2017,3.8,",,W",,,0.16,",,W",0,",,W",0,",,W",,,85,",,W",70,",,W",270,",,W",260,",,W",23,",,W",30,",,W",1,",,W",,,1,",,W",,,,,,,,
USW00053922,"FAYETTEVILLE SPRINGDALE NW AR REGL AIRPORT, AR US",36.28975,-94.31152,389.6,8/12/2017,4.92,",,W",,,0.18,",,W",0,",,W",0,",,W",,,81,",,W",66,",,W",90,",,W",,,8.1,",,W",,,1,",,W",,,,,,,,,,,,
USW00053922,"FAYETTEVILLE SPRINGDALE NW AR REGL AIRPORT, AR US",36.28975,-94.31152,389.6,8/13/2017,4.7,",,W",,,0.42,",,W",0,",,W",0,",,W",,,72,",,W",67,",,W",140,",,W",,,8.1,",,W",,,1,",,W",,,,,,,,,,,,
USW00053922,"FAYETTEVILLE SPRINGDALE NW AR REGL AIRPORT, AR US",36.28975,-94.31152,389.6,8/14/2017,3.8,",,W",,,0.02,",,W",0,",,W",0,",,W",,,78,",,W",69,",,W",230,",,W",250,",,W",12.1,",,W",14.1,",,W",1,",,W",1,",,W",1,",,W",,,,,,,,
USW00053922,"FAYETTEVILLE SPRINGDALE NW AR REGL AIRPORT, AR US",36.28975,-94.31152,389.6,8/15/2017,4.25,",,W",,,0.24,",,W",0,",,W",0,",,W",,,88,",,W",69,",,W",260,",,W",250,",,W",16.1,",,W",19.9,",,W",1,",,W",,,1,",,W",,,,,,,,
USW00053922,"FAYETTEVILLE SPRINGDALE NW AR REGL AIRPORT, AR US",36.28975,-94.31152,389.6,8/16/2017,8.05,",,W",,,0.98,",,W",0,",,W",0,",,W",,,85,",,W",68,",,W",200,",,W",220,",,W",29.1,",,W",36.9,",,W",1,",,W",,,1,",,W",,,,,,,,
USW00053922,"FAYETTEVILLE SPRINGDALE NW AR REGL AIRPORT, AR US",36.28975,-94.31152,389.6,8/17/2017,5.82,",,W",,,0.29,",,W",0,",,W",0,",,W",,,85,",,W",67,",,W",150,",,W",280,",,W",15,",,W",17,",,W",1,",,W",,,1,",,W",,,,,,,,
USW00053922,"FAYETTEVILLE SPRINGDALE NW AR REGL AIRPORT, AR US",36.28975,-94.31152,389.6,8/18/2017,5.82,",,W",,,1.27,",,W",0,",,W",0,",,W",,,89,",,W",67,",,W",310,",,W",310,",,W",32,",,W",45,",,W",1,",,W",1,",,W",1,",,W",,,,,,,,
USW00053922,"FAYETTEVILLE SPRINGDALE NW AR REGL AIRPORT, AR US",36.28975,-94.31152,389.6,8/19/2017,4.47,",,W",,,0,",,W",0,",,W",0,",,W",,,92,",,W",68,",,W",260,",,W",250,",,W",13,",,W",15,",,W",1,",,W",,,,,,,,,,,,
USW00053922,"FAYETTEVILLE SPRINGDALE NW AR REGL AIRPORT, AR US",36.28975,-94.31152,389.6,8/20/2017,5.82,",,W",,,0,",,W",0,",,W",0,",,W",,,92,",,W",71,",,W",190,",,W",210,",,W",14.1,",,W",19,",,W",,,,,,,,,,,,,,
USW00053922,"FAYETTEVILLE SPRINGDALE NW AR REGL AIRPORT, AR US",36.28975,-94.31152,389.6,8/21/2017,6.26,",,W",,,0,",,W",0,",,W",0,",,W",,,89,",,W",71,",,W",190,",,W",190,",,W",16.1,",,W",18.1,",,W",,,,,,,,,,,,,,
USW00053922,"FAYETTEVILLE SPRINGDALE NW AR REGL AIRPORT, AR US",36.28975,-94.31152,389.6,8/22/2017,7.38,",,W",,,0.05,",,W",0,",,W",0,",,W",,,87,",,W",68,",,W",360,",,W",20,",,W",25.9,",,W",33.1,",,W",1,",,W",,,,,,,,,,,,
USW00053922,"FAYETTEVILLE SPRINGDALE NW AR REGL AIRPORT, AR US",36.28975,-94.31152,389.6,8/23/2017,7.16,",,W",,,0,",,W",0,",,W",0,",,W",,,82,",,W",62,",,W",80,",,W",80,",,W",14.1,",,W",21,",,W",,,,,,,,,,,,,,
USW00053922,"FAYETTEVILLE SPRINGDALE NW AR REGL AIRPORT, AR US",36.28975,-94.31152,389.6,8/24/2017,4.03,",,W",,,0,",,W",0,",,W",0,",,W",,,83,",,W",59,",,W",120,",,W",110,",,W",13,",,W",16.1,",,W",,,,,,,,,,,,,,
USW00053922,"FAYETTEVILLE SPRINGDALE NW AR REGL AIRPORT, AR US",36.28975,-94.31152,389.6,8/25/2017,4.92,",,W",,,0,",,W",0,",,W",0,",,W",,,83,",,W",60,",,W",90,",,W",130,",,W",13,",,W",17,",,W",,,,,,,,,,,,,,
USW00053922,"FAYETTEVILLE SPRINGDALE NW AR REGL AIRPORT, AR US",36.28975,-94.31152,389.6,8/26/2017,2.01,",,W",,,0,",,W",0,",,W",0,",,W",,,84,",,W",65,",,W",110,",,W",100,",,W",6.9,",,W",12.1,",,W",,,,,,,,,,,,,,
USW00053922,"FAYETTEVILLE SPRINGDALE NW AR REGL AIRPORT, AR US",36.28975,-94.31152,389.6,8/27/2017,2.91,",,W",,,0,",,W",0,",,W",0,",,W",,,88,",,W",62,",,W",10,",,W",10,",,W",12.1,",,W",13,",,W",1,",,W",1,",,W",,,,,,,,,,
USW00053922,"FAYETTEVILLE SPRINGDALE NW AR REGL AIRPORT, AR US",36.28975,-94.31152,389.6,8/28/2017,6.49,",,W",,,0,",,W",0,",,W",0,",,W",,,84,",,W",64,",,W",30,",,W",20,",,W",15,",,W",21,",,W",1,",,W",1,",,W",,,,,,,,,,
USW00053922,"FAYETTEVILLE SPRINGDALE NW AR REGL AIRPORT, AR US",36.28975,-94.31152,389.6,8/29/2017,7.38,",,W",,,0,",,W",0,",,W",0,",,W",,,83,",,W",60,",,W",10,",,W",20,",,W",14.1,",,W",18.1,",,W",,,,,,,,,,,,,,
USW00053922,"FAYETTEVILLE SPRINGDALE NW AR REGL AIRPORT, AR US",36.28975,-94.31152,389.6,8/30/2017,7.83,",,W",,,0,",,W",0,",,W",0,",,W",,,85,",,W",61,",,W",80,",,W",80,",,W",18.1,",,W",23,",,W",,,,,,,,,,,,,,
USW00053922,"FAYETTEVILLE SPRINGDALE NW AR REGL AIRPORT, AR US",36.28975,-94.31152,389.6,8/31/2017,11.41,",,W",,,0,",,W",0,",,W",0,",,W",,,85,",,W",63,",,W",30,",,W",50,",,W",21,",,W",27.1,",,W",,,,,,,,,,,,,,
USW00053922,"FAYETTEVILLE SPRINGDALE NW AR REGL AIRPORT, AR US",36.28975,-94.31152,389.6,9/1/2017,5.59,",,W",,,0,",,W",0,",,W",0,",,W",,,84,",,W",58,",,W",360,",,W",40,",,W",15,",,W",19.9,",,W",1,",,W",,,,,,,,,,,,
USW00053922,"FAYETTEVILLE SPRINGDALE NW AR REGL AIRPORT, AR US",36.28975,-94.31152,389.6,9/2/2017,2.91,",,W",,,0,",,W",0,",,W",0,",,W",,,84,",,W",59,",,W",210,",,W",220,",,W",8.9,",,W",12.1,",,W",,,,,,,,,,,,,,
USW00053922,"FAYETTEVILLE SPRINGDALE NW AR REGL AIRPORT, AR US",36.28975,-94.31152,389.6,9/3/2017,3.8,",,W",,,0,",,W",0,",,W",0,",,W",,,89,",,W",62,",,W",190,",,W",190,",,W",12.1,",,W",13,",,W",1,",,W",,,,,,,,,,,,
USW00053922,"FAYETTEVILLE SPRINGDALE NW AR REGL AIRPORT, AR US",36.28975,-94.31152,389.6,9/4/2017,6.93,",,W",,,0,",,W",0,",,W",0,",,W",,,91,",,W",67,",,W",200,",,W",230,",,W",16.1,",,W",19.9,",,W",1,",,W",,,,,,,,,,,,
USW00053922,"FAYETTEVILLE SPRINGDALE NW AR REGL AIRPORT, AR US",36.28975,-94.31152,389.6,9/5/2017,11.63,",,W",,,0,",,W",0,",,W",0,",,W",,,77,",,W",56,",,W",350,",,W",30,",,W",19.9,",,W",25.1,",,W",,,,,,,,,,,,,,
USW00053922,"FAYETTEVILLE SPRINGDALE NW AR REGL AIRPORT, AR US",36.28975,-94.31152,389.6,9/6/2017,6.71,",,W",,,0,",,W",0,",,W",0,",,W",,,74,",,W",49,",,W",360,",,W",360,",,W",18.1,",,W",25.9,",,W",,,,,,,,,,,,,,
USW00053922,"FAYETTEVILLE SPRINGDALE NW AR REGL AIRPORT, AR US",36.28975,-94.31152,389.6,9/7/2017,3.8,",,W",,,0,",,W",0,",,W",0,",,W",,,81,",,W",46,",,W",250,",,W",,,10.1,",,W",,,,,,,,,,,,,,,,
USW00053922,"FAYETTEVILLE SPRINGDALE NW AR REGL AIRPORT, AR US",36.28975,-94.31152,389.6,9/8/2017,2.91,",,W",,,0,",,W",0,",,W",0,",,W",,,85,",,W",52,",,W",130,",,W",270,",,W",10.1,",,W",18.1,",,W",,,,,,,,,,,,,,
USW00053922,"FAYETTEVILLE SPRINGDALE NW AR REGL AIRPORT, AR US",36.28975,-94.31152,389.6,9/9/2017,2.68,",,W",,,0,",,W",0,",,W",0,",,W",,,85,",,W",54,",,W",80,",,W",,,8.9,",,W",,,,,,,,,,,,,,,,
USW00053922,"FAYETTEVILLE SPRINGDALE NW AR REGL AIRPORT, AR US",36.28975,-94.31152,389.6,9/10/2017,3.8,",,W",,,0,",,W",0,",,W",0,",,W",,,83,",,W",55,",,W",80,",,W",120,",,W",14.1,",,W",19.9,",,W",,,,,,,,,,,,,,
USW00053922,"FAYETTEVILLE SPRINGDALE NW AR REGL AIRPORT, AR US",36.28975,-94.31152,389.6,9/11/2017,5.37,",,W",,,0,",,W",0,",,W",0,",,W",,,83,",,W",51,",,W",20,",,W",10,",,W",17,",,W",21.9,",,W",1,",,W",,,,,,,,,,,,
USW00053922,"FAYETTEVILLE SPRINGDALE NW AR REGL AIRPORT, AR US",36.28975,-94.31152,389.6,9/12/2017,9.4,",,W",,,0,",,W",0,",,W",0,",,W",,,78,",,W",54,",,W",10,",,W",20,",,W",19.9,",,W",25.1,",,W",,,,,,,,,,,,,,
USW00053922,"FAYETTEVILLE SPRINGDALE NW AR REGL AIRPORT, AR US",36.28975,-94.31152,389.6,9/13/2017,2.91,",,W",,,0,",,W",0,",,W",0,",,W",,,85,",,W",53,",,W",360,",,W",360,",,W",14.1,",,W",17,",,W",,,,,,,,,,,,,,
USW00053922,"FAYETTEVILLE SPRINGDALE NW AR REGL AIRPORT, AR US",36.28975,-94.31152,389.6,9/14/2017,4.25,",,W",,,0,",,W",0,",,W",0,",,W",,,87,",,W",51,",,W",170,",,W",170,",,W",14.1,",,W",17,",,W",,,,,,,,,,,,,,
USW00053922,"FAYETTEVILLE SPRINGDALE NW AR REGL AIRPORT, AR US",36.28975,-94.31152,389.6,9/15/2017,7.38,",,W",,,0,",,W",0,",,W",0,",,W",,,87,",,W",59,",,W",160,",,W",200,",,W",18.1,",,W",23,",,W",,,,,,,,,,,,,,
USW00053922,"FAYETTEVILLE SPRINGDALE NW AR REGL AIRPORT, AR US",36.28975,-94.31152,389.6,9/16/2017,8.05,",,W",,,0,",,W",0,",,W",0,",,W",,,88,",,W",63,",,W",170,",,W",170,",,W",21,",,W",25.1,",,W",,,,,,,,,,,,,,
USW00053922,"FAYETTEVILLE SPRINGDALE NW AR REGL AIRPORT, AR US",36.28975,-94.31152,389.6,9/17/2017,6.93,",,W",,,1.02,",,W",0,",,W",0,",,W",,,77,",,W",66,",,W",30,",,W",40,",,W",23.9,",,W",31.1,",,W",1,",,W",,,1,",,W",,,,,,,,
USW00053922,"FAYETTEVILLE SPRINGDALE NW AR REGL AIRPORT, AR US",36.28975,-94.31152,389.6,9/18/2017,3.8,",,W",,,0,",,W",0,",,W",0,",,W",,,83,",,W",65,",,W",260,",,W",240,",,W",13,",,W",16.1,",,W",1,",,W",,,,,,,,,,,,
USW00053922,"FAYETTEVILLE SPRINGDALE NW AR REGL AIRPORT, AR US",36.28975,-94.31152,389.6,9/19/2017,7.38,",,W",,,0,",,W",0,",,W",0,",,W",,,88,",,W",62,",,W",160,",,W",150,",,W",21,",,W",23.9,",,W",1,",,W",1,",,W",,,,,,,,,,
USW00053922,"FAYETTEVILLE SPRINGDALE NW AR REGL AIRPORT, AR US",36.28975,-94.31152,389.6,9/20/2017,10.96,",,W",,,0,",,W",0,",,W",0,",,W",,,92,",,W",73,",,W",170,",,W",170,",,W",19.9,",,W",23.9,",,W",,,,,,,,,,,,,,
USW00053922,"FAYETTEVILLE SPRINGDALE NW AR REGL AIRPORT, AR US",36.28975,-94.31152,389.6,9/21/2017,8.72,",,W",,,0,",,W",0,",,W",0,",,W",,,89,",,W",70,",,W",150,",,W",150,",,W",21,",,W",25.1,",,W",1,",,W",,,,,,,,,,,,
USW00053922,"FAYETTEVILLE SPRINGDALE NW AR REGL AIRPORT, AR US",36.28975,-94.31152,389.6,9/22/2017,6.93,",,W",,,0,",,W",0,",,W",0,",,W",,,89,",,W",68,",,W",170,",,W",190,",,W",17,",,W",21.9,",,W",,,,,,,,,,,,,,
USW00053922,"FAYETTEVILLE SPRINGDALE NW AR REGL AIRPORT, AR US",36.28975,-94.31152,389.6,9/23/2017,2.24,",,W",,,0,",,W",0,",,W",0,",,W",,,91,",,W",65,",,W",190,",,W",190,",,W",10.1,",,W",14.1,",,W",1,",,W",,,,,,,,,,,,
USW00053922,"FAYETTEVILLE SPRINGDALE NW AR REGL AIRPORT, AR US",36.28975,-94.31152,389.6,9/24/2017,5.14,",,W",,,0,",,W",0,",,W",0,",,W",,,89,",,W",64,",,W",160,",,W",150,",,W",15,",,W",21.9,",,W",,,,,,,,,,,,,,
USW00053922,"FAYETTEVILLE SPRINGDALE NW AR REGL AIRPORT, AR US",36.28975,-94.31152,389.6,9/25/2017,5.37,",,W",,,0,",,W",0,",,W",0,",,W",,,87,",,W",64,",,W",150,",,W",180,",,W",16.1,",,W",21.9,",,W",,,,,,,,,,,,,,
USW00053922,"FAYETTEVILLE SPRINGDALE NW AR REGL AIRPORT, AR US",36.28975,-94.31152,389.6,9/26/2017,4.92,",,W",,,0.02,",,W",0,",,W",0,",,W",,,87,",,W",64,",,W",360,",,W",350,",,W",14.1,",,W",18.1,",,W",,,,,,,,,,,,,,
USW00053922,"FAYETTEVILLE SPRINGDALE NW AR REGL AIRPORT, AR US",36.28975,-94.31152,389.6,9/27/2017,10.51,",,W",,,0,",,W",0,",,W",0,",,W",,,74,",,W",62,",,W",20,",,W",20,",,W",16.1,",,W",19.9,",,W",,,,,,,,,,,,,,
USW00053922,"FAYETTEVILLE SPRINGDALE NW AR REGL AIRPORT, AR US",36.28975,-94.31152,389.6,9/28/2017,8.28,",,W",,,0,",,W",0,",,W",0,",,W",,,79,",,W",59,",,W",20,",,W",70,",,W",14.1,",,W",23,",,W",,,,,,,,,,,,,,
USW00053922,"FAYETTEVILLE SPRINGDALE NW AR REGL AIRPORT, AR US",36.28975,-94.31152,389.6,9/29/2017,5.37,",,W",,,0,",,W",0,",,W",0,",,W",,,79,",,W",53,",,W",30,",,W",40,",,W",14.1,",,W",19,",,W",,,,,,,,,,,,,,
USW00053922,"FAYETTEVILLE SPRINGDALE NW AR REGL AIRPORT, AR US",36.28975,-94.31152,389.6,9/30/2017,4.92,",,W",,,0,",,W",0,",,W",0,",,W",,,82,",,W",50,",,W",100,",,W",90,",,W",15,",,W",19,",,W",,,,,,,,,,,,,,
USW00053922,"FAYETTEVILLE SPRINGDALE NW AR REGL AIRPORT, AR US",36.28975,-94.31152,389.6,10/1/2017,4.92,",,W",,,0,",,W",0,",,W",0,",,W",,,81,",,W",57,",,W",180,",,W",180,",,W",13,",,W",16.1,",,W",,,,,,,,,,,,,,
USW00053922,"FAYETTEVILLE SPRINGDALE NW AR REGL AIRPORT, AR US",36.28975,-94.31152,389.6,10/2/2017,12.3,",,W",,,0,"T,,W",0,",,W",0,",,W",,,85,",,W",64,",,W",170,",,W",180,",,W",21.9,",,W",29.1,",,W",1,",,W",,,,,,,,,,,,
USW00053922,"FAYETTEVILLE SPRINGDALE NW AR REGL AIRPORT, AR US",36.28975,-94.31152,389.6,10/3/2017,10.51,",,W",,,0.19,",,W",0,",,W",0,",,W",,,78,",,W",69,",,W",170,",,W",160,",,W",21.9,",,W",28,",,W",1,",,W",,,,,,,,,,,,
USW00053922,"FAYETTEVILLE SPRINGDALE NW AR REGL AIRPORT, AR US",36.28975,-94.31152,389.6,10/4/2017,4.03,",,W",,,0.49,",,W",0,",,W",0,",,W",,,71,",,W",65,",,W",150,",,W",150,",,W",14.1,",,W",15,",,W",1,",,W",,,,,,,,,,,,
USW00053922,"FAYETTEVILLE SPRINGDALE NW AR REGL AIRPORT, AR US",36.28975,-94.31152,389.6,10/5/2017,3.58,",,W",,,0,",,W",0,",,W",0,",,W",,,81,",,W",65,",,W",240,",,W",210,",,W",12.1,",,W",15,",,W",,,,,,,,,,,,,,
USW00053922,"FAYETTEVILLE SPRINGDALE NW AR REGL AIRPORT, AR US",36.28975,-94.31152,389.6,10/6/2017,9.4,",,W",,,0,",,W",0,",,W",0,",,W",,,83,",,W",64,",,W",180,",,W",180,",,W",19.9,",,W",25.9,",,W",,,,,,,,,,,,,,
USW00053922,"FAYETTEVILLE SPRINGDALE NW AR REGL AIRPORT, AR US",36.28975,-94.31152,389.6,10/7/2017,8.95,",,W",,,0,"T,,W",0,",,W",0,",,W",,,80,",,W",54,",,W",180,",,W",180,",,W",21,",,W",28,",,W",,,,,,,,,,,,,,
USW00053922,"FAYETTEVILLE SPRINGDALE NW AR REGL AIRPORT, AR US",36.28975,-94.31152,389.6,10/8/2017,2.46,",,W",,,0,",,W",0,",,W",0,",,W",,,82,",,W",49,",,W",210,",,W",180,",,W",13,",,W",16.1,",,W",,,,,,,,,,,,,1,",,W"
USW00053922,"FAYETTEVILLE SPRINGDALE NW AR REGL AIRPORT, AR US",36.28975,-94.31152,389.6,10/9/2017,5.82,",,W",,,0.16,",,W",0,",,W",0,",,W",,,87,",,W",52,",,W",190,",,W",190,",,W",14.1,",,W",17,",,W",1,",,W",,,1,",,W",,,,,,,,
USW00053922,"FAYETTEVILLE SPRINGDALE NW AR REGL AIRPORT, AR US",36.28975,-94.31152,389.6,10/10/2017,8.5,",,W",,,0.37,",,W",0,",,W",0,",,W",,,67,",,W",48,",,W",270,",,W",270,",,W",18.1,",,W",21.9,",,W",1,",,W",,,1,",,W",,,,,,,,
USW00053922,"FAYETTEVILLE SPRINGDALE NW AR REGL AIRPORT, AR US",36.28975,-94.31152,389.6,10/11/2017,4.7,",,W",,,0,",,W",0,",,W",0,",,W",,,61,",,W",46,",,W",360,",,W",20,",,W",13,",,W",15,",,W",,,,,,,,,,,,,,
USW00053922,"FAYETTEVILLE SPRINGDALE NW AR REGL AIRPORT, AR US",36.28975,-94.31152,389.6,10/12/2017,5.37,",,W",,,0,",,W",0,",,W",0,",,W",,,78,",,W",44,",,W",180,",,W",190,",,W",14.1,",,W",17,",,W",1,",,W",,,,,,,,,,,,
USW00053922,"FAYETTEVILLE SPRINGDALE NW AR REGL AIRPORT, AR US",36.28975,-94.31152,389.6,10/13/2017,9.62,",,W",,,0,",,W",0,",,W",0,",,W",,,84,",,W",59,",,W",200,",,W",200,",,W",18.1,",,W",23.9,",,W",,,,,,,,,,,,,,
USW00053922,"FAYETTEVILLE SPRINGDALE NW AR REGL AIRPORT, AR US",36.28975,-94.31152,389.6,10/14/2017,11.86,",,W",,,0,",,W",0,",,W",0,",,W",,,86,",,W",64,",,W",180,",,W",170,",,W",23,",,W",29.1,",,W",,,,,,,,,,,,,,
USW00053922,"FAYETTEVILLE SPRINGDALE NW AR REGL AIRPORT, AR US",36.28975,-94.31152,389.6,10/15/2017,13.2,",,W",,,0.84,",,W",0,",,W",0,",,W",,,77,",,W",46,",,W",340,",,W",340,",,W",29.1,",,W",36,",,W",1,",,W",,,1,",,W",,,,,,,,
USW00053922,"FAYETTEVILLE SPRINGDALE NW AR REGL AIRPORT, AR US",36.28975,-94.31152,389.6,10/16/2017,3.13,",,W",,,0,",,W",0,",,W",0,",,W",,,68,",,W",40,",,W",80,",,W",80,",,W",12.1,",,W",15,",,W",,,,,,,,,,,,,,
USW00053922,"FAYETTEVILLE SPRINGDALE NW AR REGL AIRPORT, AR US",36.28975,-94.31152,389.6,10/17/2017,4.47,",,W",,,0,",,W",0,",,W",0,",,W",,,70,",,W",40,",,W",190,",,W",180,",,W",15,",,W",19,",,W",1,",,W",,,,,,,,,,,,
USW00053922,"FAYETTEVILLE SPRINGDALE NW AR REGL AIRPORT, AR US",36.28975,-94.31152,389.6,10/18/2017,6.71,",,W",,,0,",,W",0,",,W",0,",,W",,,76,",,W",42,",,W",180,",,W",190,",,W",17,",,W",21.9,",,W",,,,,,,,,,,,,,
USW00053922,"FAYETTEVILLE SPRINGDALE NW AR REGL AIRPORT, AR US",36.28975,-94.31152,389.6,10/19/2017,4.25,",,W",,,0,",,W",0,",,W",0,",,W",,,77,",,W",46,",,W",190,",,W",230,",,W",13,",,W",18.1,",,W",,,,,,,,,,,,,,
USW00053922,"FAYETTEVILLE SPRINGDALE NW AR REGL AIRPORT, AR US",36.28975,-94.31152,389.6,10/20/2017,10.51,",,W",,,0,"T,,W",0,",,W",0,",,W",,,74,",,W",49,",,W",170,",,W",160,",,W",25.9,",,W",32,",,W",,,,,,,,,,,,,,
USW00053922,"FAYETTEVILLE SPRINGDALE NW AR REGL AIRPORT, AR US",36.28975,-94.31152,389.6,10/21/2017,15.88,",,W",,,0.86,",,W",0,",,W",0,",,W",,,78,",,W",58,",,W",310,",,W",310,",,W",28,",,W",35.1,",,W",1,",,W",,,1,",,W",,,,,,,,
USW00053922,"FAYETTEVILLE SPRINGDALE NW AR REGL AIRPORT, AR US",36.28975,-94.31152,389.6,10/22/2017,6.71,",,W",,,1.09,",,W",0,",,W",0,",,W",,,62,",,W",42,",,W",350,",,W",350,",,W",17,",,W",21,",,W",1,",,W",,,1,",,W",,,,,,,,
USW00053922,"FAYETTEVILLE SPRINGDALE NW AR REGL AIRPORT, AR US",36.28975,-94.31152,389.6,10/23/2017,9.62,",,W",,,0,",,W",0,",,W",0,",,W",,,70,",,W",38,",,W",280,",,W",330,",,W",21,",,W",27.1,",,W",1,",,W",,,,,,,,,,,1,",,W"
USW00053922,"FAYETTEVILLE SPRINGDALE NW AR REGL AIRPORT, AR US",36.28975,-94.31152,389.6,10/24/2017,13.42,",,W",,,0,",,W",0,",,W",0,",,W",,,60,",,W",44,",,W",310,",,W",330,",,W",28,",,W",38,",,W",,,,,,,,,,,,,,
USW00053922,"FAYETTEVILLE SPRINGDALE NW AR REGL AIRPORT, AR US",36.28975,-94.31152,389.6,10/25/2017,8.5,",,W",,,0,",,W",0,",,W",0,",,W",,,70,",,W",36,",,W",250,",,W",250,",,W",21.9,",,W",28,",,W",,,,,,,,,,,,,,
USW00053922,"FAYETTEVILLE SPRINGDALE NW AR REGL AIRPORT, AR US",36.28975,-94.31152,389.6,10/26/2017,10.74,",,W",,,0,",,W",0,",,W",0,",,W",,,78,",,W",49,",,W",360,",,W",220,",,W",23.9,",,W",33.1,",,W",,,,,,,,,,,,,,
USW00053922,"FAYETTEVILLE SPRINGDALE NW AR REGL AIRPORT, AR US",36.28975,-94.31152,389.6,10/27/2017,12.75,",,W",,,0,",,W",0,",,W",0,",,W",,,53,",,W",32,",,W",350,",,W",340,",,W",25.1,",,W",32,",,W",,,,,,,,,,,,,,
USW00053922,"FAYETTEVILLE SPRINGDALE NW AR REGL AIRPORT, AR US",36.28975,-94.31152,389.6,10/28/2017,6.71,",,W",,,0,",,W",0,",,W",0,",,W",,,48,",,W",27,",,W",290,",,W",310,",,W",17,",,W",23.9,",,W",,,,,,,,,,,,,,
USW00053922,"FAYETTEVILLE SPRINGDALE NW AR REGL AIRPORT, AR US",36.28975,-94.31152,389.6,10/29/2017,5.14,",,W",,,0,",,W",0,",,W",0,",,W",,,63,",,W",24,",,W",210,",,W",210,",,W",19.9,",,W",23.9,",,W",,,,,,,,,,,,,,
USW00053922,"FAYETTEVILLE SPRINGDALE NW AR REGL AIRPORT, AR US",36.28975,-94.31152,389.6,10/30/2017,9.62,",,W",,,0,"T,,W",,,0,",,W",,,60,",,W",35,",,W",20,",,W",30,",,W",25.1,",,W",35.1,",,W",,,,,,,,,,,,,,
USW00053922,"FAYETTEVILLE SPRINGDALE NW AR REGL AIRPORT, AR US",36.28975,-94.31152,389.6,10/31/2017,5.82,",,W",,,0,"T,,W",,,0,",,W",,,52,",,W",31,",,W",360,",,W",360,",,W",16.1,",,W",19.9,",,W",,,,,,,,,,,,,,
USW00053922,"FAYETTEVILLE SPRINGDALE NW AR REGL AIRPORT, AR US",36.28975,-94.31152,389.6,11/1/2017,10.29,",,W",,,0.01,",,W",0,",,W",0,",,W",,,66,",,W",37,",,W",180,",,W",160,",,W",25.1,",,W",33.1,",,W",1,",,W",,,,,,,,,,,,
USW00053922,"FAYETTEVILLE SPRINGDALE NW AR REGL AIRPORT, AR US",36.28975,-94.31152,389.6,11/2/2017,11.63,",,W",,,0,",,W",0,",,W",0,",,W",,,82,",,W",53,",,W",190,",,W",200,",,W",23,",,W",31.1,",,W",,,,,,,,,,,,,,
USW00053922,"FAYETTEVILLE SPRINGDALE NW AR REGL AIRPORT, AR US",36.28975,-94.31152,389.6,11/3/2017,6.71,",,W",,,0,",,W",0,",,W",0,",,W",,,75,",,W",56,",,W",80,",,W",70,",,W",13,",,W",17,",,W",1,",,W",1,",,W",,,,,,,,,,
USW00053922,"FAYETTEVILLE SPRINGDALE NW AR REGL AIRPORT, AR US",36.28975,-94.31152,389.6,11/4/2017,8.05,",,W",,,0,",,W",0,",,W",0,",,W",,,78,",,W",56,",,W",200,",,W",210,",,W",21.9,",,W",31.1,",,W",1,",,W",1,",,W",,,,,,,,,,
USW00053922,"FAYETTEVILLE SPRINGDALE NW AR REGL AIRPORT, AR US",36.28975,-94.31152,389.6,11/5/2017,14.54,",,W",,,0,"T,,W",0,",,W",0,",,W",,,83,",,W",53,",,W",200,",,W",200,",,W",23.9,",,W",32,",,W",,,,,,,,,,,,,,
USW00053922,"FAYETTEVILLE SPRINGDALE NW AR REGL AIRPORT, AR US",36.28975,-94.31152,389.6,11/6/2017,8.28,",,W",,,0,",,W",0,",,W",0,",,W",,,53,",,W",47,",,W",90,",,W",80,",,W",15,",,W",19.9,",,W",1,",,W",,,,,,,,,,,,
USW00053922,"FAYETTEVILLE SPRINGDALE NW AR REGL AIRPORT, AR US",36.28975,-94.31152,389.6,11/7/2017,10.07,",,W",,,0,",,W",0,",,W",0,",,W",,,48,",,W",41,",,W",20,",,W",30,",,W",17,",,W",21,",,W",1,",,W",,,,,,,,,,,,
USW00053922,"FAYETTEVILLE SPRINGDALE NW AR REGL AIRPORT, AR US",36.28975,-94.31152,389.6,11/8/2017,6.49,",,W",,,0,",,W",0,",,W",0,",,W",,,55,",,W",33,",,W",20,",,W",40,",,W",14.1,",,W",17,",,W",,,,,,,,,,,,,,
USW00053922,"FAYETTEVILLE SPRINGDALE NW AR REGL AIRPORT, AR US",36.28975,-94.31152,389.6,11/9/2017,2.68,",,W",,,0,",,W",0,",,W",0,",,W",,,62,",,W",29,",,W",260,",,W",210,",,W",8.9,",,W",12.1,",,W",1,",,W",,,,,,,,,,,1,",,W"
USW00053922,"FAYETTEVILLE SPRINGDALE NW AR REGL AIRPORT, AR US",36.28975,-94.31152,389.6,11/10/2017,6.71,",,W",,,0,",,W",0,",,W",0,",,W",,,62,",,W",36,",,W",110,",,W",90,",,W",13,",,W",19,",,W",,,,,,,,,,,,,,
USW00053922,"FAYETTEVILLE SPRINGDALE NW AR REGL AIRPORT, AR US",36.28975,-94.31152,389.6,11/11/2017,8.95,",,W",,,0,",,W",0,",,W",0,",,W",,,57,",,W",38,",,W",170,",,W",160,",,W",18.1,",,W",21.9,",,W",,,,,,,,,,,,,1,",,W"
USW00053922,"FAYETTEVILLE SPRINGDALE NW AR REGL AIRPORT, AR US",36.28975,-94.31152,389.6,11/12/2017,6.49,",,W",,,0,",,W",0,",,W",0,",,W",,,58,",,W",48,",,W",350,",,W",350,",,W",15,",,W",18.1,",,W",,,,,,,,,,,,,,
USW00053922,"FAYETTEVILLE SPRINGDALE NW AR REGL AIRPORT, AR US",36.28975,-94.31152,389.6,11/13/2017,4.92,",,W",,,0,",,W",0,",,W",0,",,W",,,60,",,W",41,",,W",180,",,W",170,",,W",10.1,",,W",13,",,W",1,",,W",,,,,,,,,,,,
USW00053922,"FAYETTEVILLE SPRINGDALE NW AR REGL AIRPORT, AR US",36.28975,-94.31152,389.6,11/14/2017,9.17,",,W",,,0.05,",,W",0,",,W",0,",,W",,,57,",,W",52,",,W",160,",,W",160,",,W",15,",,W",19.9,",,W",1,",,W",,,,,,,,,,,,
USW00053922,"FAYETTEVILLE SPRINGDALE NW AR REGL AIRPORT, AR US",36.28975,-94.31152,389.6,11/15/2017,8.28,",,W",,,0.24,",,W",0,",,W",0,",,W",,,65,",,W",42,",,W",350,",,W",320,",,W",18.1,",,W",23.9,",,W",1,",,W",,,1,",,W",,,,,,,,
USW00053922,"FAYETTEVILLE SPRINGDALE NW AR REGL AIRPORT, AR US",36.28975,-94.31152,389.6,11/16/2017,6.93,",,W",,,0,",,W",0,",,W",0,",,W",,,65,",,W",34,",,W",100,",,W",100,",,W",14.1,",,W",16.1,",,W",,,,,,,,,,,,,,
USW00053922,"FAYETTEVILLE SPRINGDALE NW AR REGL AIRPORT, AR US",36.28975,-94.31152,389.6,11/17/2017,18.12,",,W",,,0,"T,,W",0,",,W",0,",,W",,,70,",,W",55,",,W",190,",,W",190,",,W",29.1,",,W",38,",,W",,,,,,,,,,,,,,
USW00053922,"FAYETTEVILLE SPRINGDALE NW AR REGL AIRPORT, AR US",36.28975,-94.31152,389.6,11/18/2017,14.32,",,W",,,0.03,",,W",0,",,W",0,",,W",,,70,",,W",39,",,W",330,",,W",330,",,W",30,",,W",44.1,",,W",1,",,W",,,,,,,,,,,,
USW00053922,"FAYETTEVILLE SPRINGDALE NW AR REGL AIRPORT, AR US",36.28975,-94.31152,389.6,11/19/2017,4.7,",,W",,,0,",,W",0,",,W",0,",,W",,,55,",,W",30,",,W",340,",,W",340,",,W",12.1,",,W",14.1,",,W",,,,,,,,,,,,,,
USW00053922,"FAYETTEVILLE SPRINGDALE NW AR REGL AIRPORT, AR US",36.28975,-94.31152,389.6,11/20/2017,10.29,",,W",,,0,",,W",0,",,W",0,",,W",,,59,",,W",30,",,W",200,",,W",200,",,W",23.9,",,W",31.1,",,W",,,,,,,,,,,,,,
USW00053922,"FAYETTEVILLE SPRINGDALE NW AR REGL AIRPORT, AR US",36.28975,-94.31152,389.6,11/21/2017,10.51,",,W",,,0,",,W",0,",,W",0,",,W",,,59,",,W",34,",,W",10,",,W",10,",,W",21.9,",,W",25.9,",,W",,,,,,,,,,,,,,
USW00053922,"FAYETTEVILLE SPRINGDALE NW AR REGL AIRPORT, AR US",36.28975,-94.31152,389.6,11/22/2017,4.92,",,W",,,0,",,W",0,",,W",0,",,W",,,49,",,W",24,",,W",360,",,W",360,",,W",14.1,",,W",17,",,W",,,,,,,,,,,,,,
USW00053922,"FAYETTEVILLE SPRINGDALE NW AR REGL AIRPORT, AR US",36.28975,-94.31152,389.6,11/23/2017,5.59,",,W",,,0,",,W",0,",,W",0,",,W",,,63,",,W",27,",,W",260,",,W",240,",,W",13,",,W",18.1,",,W",,,,,,,,,,,,,,
USW00053922,"FAYETTEVILLE SPRINGDALE NW AR REGL AIRPORT, AR US",36.28975,-94.31152,389.6,11/24/2017,9.62,",,W",,,0,",,W",0,",,W",0,",,W",,,70,",,W",40,",,W",200,",,W",200,",,W",23.9,",,W",29.1,",,W",,,,,,,,,,,,,,
USW00053922,"FAYETTEVILLE SPRINGDALE NW AR REGL AIRPORT, AR US",36.28975,-94.31152,389.6,11/25/2017,8.05,",,W",,,0,",,W",0,",,W",0,",,W",,,65,",,W",38,",,W",20,",,W",10,",,W",18.1,",,W",25.1,",,W",,,,,,,,,,,,,,
USW00053922,"FAYETTEVILLE SPRINGDALE NW AR REGL AIRPORT, AR US",36.28975,-94.31152,389.6,11/26/2017,4.03,",,W",,,0,",,W",0,",,W",0,",,W",,,66,",,W",30,",,W",240,",,W",260,",,W",12.1,",,W",14.1,",,W",,,,,,,,,,,,,1,",,W"
USW00053922,"FAYETTEVILLE SPRINGDALE NW AR REGL AIRPORT, AR US",36.28975,-94.31152,389.6,11/27/2017,10.96,",,W",,,0,",,W",0,",,W",0,",,W",,,68,",,W",42,",,W",200,",,W",240,",,W",23,",,W",29.1,",,W",,,,,,,,,,,,,,
USW00053922,"FAYETTEVILLE SPRINGDALE NW AR REGL AIRPORT, AR US",36.28975,-94.31152,389.6,11/28/2017,11.18,",,W",,,0,",,W",0,",,W",,,,,71,",,W",52,",,W",200,",,W",190,",,W",23,",,W",32,",,W",,,,,,,,,,,,,,
USW00053922,"FAYETTEVILLE SPRINGDALE NW AR REGL AIRPORT, AR US",36.28975,-94.31152,389.6,11/29/2017,6.26,",,W",,,1.05,",,W",0,",,W",0,",,W",,,60,",,W",50,",,W",50,",,W",40,",,W",16.1,",,W",19.9,",,W",1,",,W",,,1,",,W",,,,,,,1,",,W"
USW00053922,"FAYETTEVILLE SPRINGDALE NW AR REGL AIRPORT, AR US",36.28975,-94.31152,389.6,11/30/2017,6.71,",,W",,,0,",,W",0,",,W",,,,,61,",,W",40,",,W",10,",,W",20,",,W",15,",,W",19,",,W",1,",,W",,,,,,,,,,,,
USW00053922,"FAYETTEVILLE SPRINGDALE NW AR REGL AIRPORT, AR US",36.28975,-94.31152,389.6,12/1/2017,4.92,",,W",1203,",,W",0,",,W",,,,,,,57,",,W",35,",,W",170,",,W",170,",,W",13,",,W",15,",,W",,,,,,,,,,,,,,
USW00053922,"FAYETTEVILLE SPRINGDALE NW AR REGL AIRPORT, AR US",36.28975,-94.31152,389.6,12/2/2017,3.13,",,W",1139,",,W",0,",,W",,,,,,,70,",,W",46,",,W",220,",,W",240,",,W",13,",,W",16.1,",,W",,,,,,,,,,,,,,
USW00053922,"FAYETTEVILLE SPRINGDALE NW AR REGL AIRPORT, AR US",36.28975,-94.31152,389.6,12/3/2017,9.84,",,W",2257,",,W",0,",,W",,,,,,,71,",,W",47,",,W",180,",,W",190,",,W",23.9,",,W",30,",,W",,,,,,,,,,,,,,
USW00053922,"FAYETTEVILLE SPRINGDALE NW AR REGL AIRPORT, AR US",36.28975,-94.31152,389.6,12/4/2017,16.33,",,W",2140,",,W",0.22,",,W",,,,,,,69,",,W",42,",,W",180,",,W",340,",,W",28,",,W",36,",,W",,,,,,,,,,,,,,
USW00053922,"FAYETTEVILLE SPRINGDALE NW AR REGL AIRPORT, AR US",36.28975,-94.31152,389.6,12/5/2017,8.72,",,W",413,",,W",0,",,W",,,,,,,43,",,W",28,",,W",350,",,W",350,",,W",17,",,W",21.9,",,W",,,,,,,,,,,,,,
USW00053922,"FAYETTEVILLE SPRINGDALE NW AR REGL AIRPORT, AR US",36.28975,-94.31152,389.6,12/6/2017,6.93,",,W",1431,",,W",0,",,W",,,,,,,52,",,W",26,",,W",310,",,W",310,",,W",15,",,W",21,",,W",,,,,,,,,,,,,,
USW00053922,"FAYETTEVILLE SPRINGDALE NW AR REGL AIRPORT, AR US",36.28975,-94.31152,389.6,12/7/2017,9.17,",,W",357,",,W",0,",,W",,,,,,,35,",,W",20,",,W",350,",,W",350,",,W",21,",,W",25.1,",,W",,,,,,,,,,,,,,
USW00053922,"FAYETTEVILLE SPRINGDALE NW AR REGL AIRPORT, AR US",36.28975,-94.31152,389.6,12/8/2017,6.26,",,W",1145,",,W",0,",,W",,,,,,,39,",,W",12,",,W",220,",,W",230,",,W",14.1,",,W",17,",,W",,,,,,,,,,,,,,
USW00053922,"FAYETTEVILLE SPRINGDALE NW AR REGL AIRPORT, AR US",36.28975,-94.31152,389.6,12/9/2017,8.72,",,W",1105,",,W",0,"T,,W",,,,,,,46,",,W",25,",,W",350,",,W",330,",,W",23,",,W",29.1,",,W",,,,,,,,,,,,,,
USW00053922,"FAYETTEVILLE SPRINGDALE NW AR REGL AIRPORT, AR US",36.28975,-94.31152,389.6,12/10/2017,8.5,",,W",838,",,W",0,",,W",,,,,,,58,",,W",23,",,W",290,",,W",220,",,W",16.1,",,W",19.9,",,W",,,,,,,,,,,,,,
USW00053922,"FAYETTEVILLE SPRINGDALE NW AR REGL AIRPORT, AR US",36.28975,-94.31152,389.6,12/11/2017,11.63,",,W",1723,",,W",0,"T,,W",,,,,,,67,",,W",30,",,W",340,",,W",310,",,W",25.1,",,W",32,",,W",,,,,,,,,,,,,,
USW00053922,"FAYETTEVILLE SPRINGDALE NW AR REGL AIRPORT, AR US",36.28975,-94.31152,389.6,12/12/2017,9.17,",,W",252,",,W",0,",,W",,,,,,,43,",,W",26,",,W",340,",,W",340,",,W",19.9,",,W",25.9,",,W",,,,,,,,,,,,,,
USW00053922,"FAYETTEVILLE SPRINGDALE NW AR REGL AIRPORT, AR US",36.28975,-94.31152,389.6,12/13/2017,8.72,",,W",858,",,W",0,"T,,W",,,,,,,59,",,W",27,",,W",250,",,W",230,",,W",21.9,",,W",29.1,",,W",,,,,,,,,,,,,,
USW00053922,"FAYETTEVILLE SPRINGDALE NW AR REGL AIRPORT, AR US",36.28975,-94.31152,389.6,12/14/2017,6.71,",,W",1026,",,W",0,",,W",,,,,,,44,",,W",25,",,W",20,",,W",10,",,W",18.1,",,W",21.9,",,W",,,,,,,,,,,,,,
USW00053922,"FAYETTEVILLE SPRINGDALE NW AR REGL AIRPORT, AR US",36.28975,-94.31152,389.6,12/15/2017,7.16,",,W",1340,",,W",0,",,W",,,,,,,47,",,W",24,",,W",290,",,W",260,",,W",14.1,",,W",19,",,W",,,,,,,,,,,,,,
USW00053922,"FAYETTEVILLE SPRINGDALE NW AR REGL AIRPORT, AR US",36.28975,-94.31152,389.6,12/16/2017,10.51,",,W",1021,",,W",0.07,",,W",,,,,,,57,",,W",29,",,W",180,",,W",210,",,W",21,",,W",25.9,",,W",,,,,,,,,,,,,,
USW00053922,"FAYETTEVILLE SPRINGDALE NW AR REGL AIRPORT, AR US",36.28975,-94.31152,389.6,12/17/2017,4.92,",,W",2253,",,W",0.23,",,W",,,,,,,47,",,W",41,",,W",250,",,W",220,",,W",12.1,",,W",16.1,",,W",1,",,W",,,,,,,,,,,,
USW00053922,"FAYETTEVILLE SPRINGDALE NW AR REGL AIRPORT, AR US",36.28975,-94.31152,389.6,12/18/2017,6.71,",,W",1419,",,W",0,",,W",,,,,,,51,",,W",42,",,W",230,",,W",220,",,W",13,",,W",16.1,",,W",1,",,W",,,,,,,,,,,,
USW00053922,"FAYETTEVILLE SPRINGDALE NW AR REGL AIRPORT, AR US",36.28975,-94.31152,389.6,12/19/2017,6.49,",,W",359,",,W",0.16,",,W",,,,,,,55,",,W",47,",,W",220,",,W",220,",,W",15,",,W",21.9,",,W",,,1,",,W",,,,,,,,,,
USW00053922,"FAYETTEVILLE SPRINGDALE NW AR REGL AIRPORT, AR US",36.28975,-94.31152,389.6,12/20/2017,4.03,",,W",611,",,W",0.36,",,W",,,,,,,54,",,W",50,",,W",140,",,W",30,",,W",8.1,",,W",14.1,",,W",,,1,",,W",,,,,,,,,,
USW00053922,"FAYETTEVILLE SPRINGDALE NW AR REGL AIRPORT, AR US",36.28975,-94.31152,389.6,12/21/2017,11.18,",,W",958,",,W",0,"T,,W",,,,,,,68,",,W",46,",,W",170,",,W",180,",,W",23,",,W",31.1,",,W",1,",,W",,,,,,,,,,,,
USW00053922,"FAYETTEVILLE SPRINGDALE NW AR REGL AIRPORT, AR US",36.28975,-94.31152,389.6,12/22/2017,10.74,",,W",2141,",,W",0.82,",,W",,,,,,,50,",,W",33,",,W",360,",,W",340,",,W",16.1,",,W",21,",,W",1,",,W",,,,,,,,,,,,
USW00053922,"FAYETTEVILLE SPRINGDALE NW AR REGL AIRPORT, AR US",36.28975,-94.31152,389.6,12/23/2017,7.38,",,W",547,",,W",0.07,",,W",,,,,,,35,",,W",29,",,W",20,",,W",360,",,W",17,",,W",21.9,",,W",1,",,W",,,,,,,,,,,,
USW00053922,"FAYETTEVILLE SPRINGDALE NW AR REGL AIRPORT, AR US",36.28975,-94.31152,389.6,12/24/2017,8.05,",,W",1208,",,W",0,"T,,W",,,,,,,34,",,W",22,",,W",310,",,W",310,",,W",21,",,W",30,",,W",1,",,W",,,,,,,,,,,,
USW00053922,"FAYETTEVILLE SPRINGDALE NW AR REGL AIRPORT, AR US",36.28975,-94.31152,389.6,12/25/2017,4.92,",,W",2111,",,W",0,",,W",,,,,,,35,",,W",21,",,W",120,",,W",110,",,W",13,",,W",15,",,W",,,,,,,,,,,,,,
USW00053922,"FAYETTEVILLE SPRINGDALE NW AR REGL AIRPORT, AR US",36.28975,-94.31152,389.6,12/26/2017,8.28,",,W",1832,",,W",0,",,W",,,,,,,40,",,W",17,",,W",30,",,W",20,",,W",19.9,",,W",23.9,",,W",,,,,,,,,,,,,,
USW00053922,"FAYETTEVILLE SPRINGDALE NW AR REGL AIRPORT, AR US",36.28975,-94.31152,389.6,12/27/2017,7.61,",,W",528,",,W",0,",,W",,,,,,,27,",,W",16,",,W",30,",,W",30,",,W",15,",,W",19,",,W",,,,,,,,,,,,,,
USW00053922,"FAYETTEVILLE SPRINGDALE NW AR REGL AIRPORT, AR US",36.28975,-94.31152,389.6,12/28/2017,3.58,",,W",347,",,W",0,",,W",,,,,,,34,",,W",20,",,W",140,",,W",120,",,W",8.9,",,W",13,",,W",,,,,,,,,,,,,,
USW00053922,"FAYETTEVILLE SPRINGDALE NW AR REGL AIRPORT, AR US",36.28975,-94.31152,389.6,12/29/2017,4.92,",,W",1443,",,W",0,",,W",,,,,,,41,",,W",19,",,W",200,",,W",200,",,W",21.9,",,W",31.1,",,W",,,,,,,,,,,,,,
USW00053922,"FAYETTEVILLE SPRINGDALE NW AR REGL AIRPORT, AR US",36.28975,-94.31152,389.6,12/30/2017,10.07,",,W",541,",,W",0,",,W",,,,,,,36,",,W",22,",,W",10,",,W",10,",,W",21,",,W",25.1,",,W",,,,,,,,,,,,,,
USW00053922,"FAYETTEVILLE SPRINGDALE NW AR REGL AIRPORT, AR US",36.28975,-94.31152,389.6,12/31/2017,14.32,",,W",1552,",,W",0,"T,,W",,,,,,,22,",,W",8,",,W",10,",,W",10,",,W",21.9,",,W",27.1,",,W",,,,,,,,,,,,,,
USW00053922,"FAYETTEVILLE SPRINGDALE NW AR REGL AIRPORT, AR US",36.28975,-94.31152,389.6,1/1/2018,8.05,",,W",,,0,",,W",0,",,W",0,",,W",,,19,",,W",2,",,W",20,",,W",20,",,W",16.1,",,W",19.9,",,W",,,,,,,,,,,,,,
USW00053922,"FAYETTEVILLE SPRINGDALE NW AR REGL AIRPORT, AR US",36.28975,-94.31152,389.6,1/2/2018,3.8,",,W",,,0,",,W",0,",,W",0,",,W",,,21,",,W",11,",,W",280,",,W",80,",,W",8.1,",,W",14.1,",,W",,,,,,,,,,,,,,
USW00053922,"FAYETTEVILLE SPRINGDALE NW AR REGL AIRPORT, AR US",36.28975,-94.31152,389.6,1/3/2018,8.5,",,W",,,0,",,W",0,",,W",0,",,W",,,33,",,W",11,",,W",340,",,W",350,",,W",19.9,",,W",23,",,W",,,,,,,,,,,,,,
USW00053922,"FAYETTEVILLE SPRINGDALE NW AR REGL AIRPORT, AR US",36.28975,-94.31152,389.6,1/4/2018,4.03,",,W",,,0,",,W",0,",,W",0,",,W",,,37,",,W",12,",,W",50,",,W",50,",,W",8.9,",,W",12.1,",,W",,,,,,,,,,,,,,
USW00053922,"FAYETTEVILLE SPRINGDALE NW AR REGL AIRPORT, AR US",36.28975,-94.31152,389.6,1/5/2018,5.82,",,W",,,0,",,W",0,",,W",0,",,W",,,50,",,W",17,",,W",250,",,W",250,",,W",15,",,W",21.9,",,W",,,,,,,,,,,,,,
USW00053922,"FAYETTEVILLE SPRINGDALE NW AR REGL AIRPORT, AR US",36.28975,-94.31152,389.6,1/6/2018,6.93,",,W",,,0,",,W",0,",,W",0,",,W",,,50,",,W",23,",,W",100,",,W",110,",,W",13,",,W",15,",,W",,,,,,,,,,,,,,
USW00053922,"FAYETTEVILLE SPRINGDALE NW AR REGL AIRPORT, AR US",36.28975,-94.31152,389.6,1/7/2018,10.07,",,W",,,0.56,",,W",0,",,W",0,",,W",,,46,",,W",33,",,W",170,",,W",160,",,W",21,",,W",25.9,",,W",1,",,W",,,,,,,,,,,,
USW00053922,"FAYETTEVILLE SPRINGDALE NW AR REGL AIRPORT, AR US",36.28975,-94.31152,389.6,1/8/2018,6.26,",,W",,,0,",,W",0,",,W",0,",,W",,,48,",,W",28,",,W",340,",,W",340,",,W",13,",,W",17,",,W",1,",,W",1,",,W",,,,,,,,,1,",,W"
USW00053922,"FAYETTEVILLE SPRINGDALE NW AR REGL AIRPORT, AR US",36.28975,-94.31152,389.6,1/9/2018,6.26,",,W",,,0,",,W",0,",,W",0,",,W",,,47,",,W",31,",,W",140,",,W",,,8.1,",,W",,,1,",,W",1,",,W",,,,,,,,,,
USW00053922,"FAYETTEVILLE SPRINGDALE NW AR REGL AIRPORT, AR US",36.28975,-94.31152,389.6,1/10/2018,14.76,",,W",,,0,"T,,W",0,",,W",0,",,W",,,60,",,W",31,",,W",190,",,W",190,",,W",27.1,",,W",36.9,",,W",1,",,W",,,,,,,,,,,,
USW00053922,"FAYETTEVILLE SPRINGDALE NW AR REGL AIRPORT, AR US",36.28975,-94.31152,389.6,1/11/2018,14.99,",,W",,,0,"T,,W",,,0,",,W",,,61,",,W",16,",,W",340,",,W",360,",,W",18.1,",,W",33.1,",,W",1,",,W",,,,,,,,,,,,
USW00053922,"FAYETTEVILLE SPRINGDALE NW AR REGL AIRPORT, AR US",36.28975,-94.31152,389.6,1/12/2018,13.42,",,W",,,0,"T,,W",,,0,",,W",,,29,",,W",11,",,W",340,",,W",340,",,W",23,",,W",29.1,",,W",,,,,,,,,,,,,,
USW00053922,"FAYETTEVILLE SPRINGDALE NW AR REGL AIRPORT, AR US",36.28975,-94.31152,389.6,1/13/2018,7.38,",,W",,,0,",,W",0,",,W",0,",,W",,,30,",,W",18,",,W",360,",,W",,,14.1,",,W",,,,,,,,,,,,,,,,
USW00053922,"FAYETTEVILLE SPRINGDALE NW AR REGL AIRPORT, AR US",36.28975,-94.31152,389.6,1/14/2018,8.28,",,W",,,0,"T,,W",,,0,",,W",,,37,",,W",25,",,W",210,",,W",210,",,W",14.1,",,W",19.9,",,W",,,,,,,,,,,,,,
USW00053922,"FAYETTEVILLE SPRINGDALE NW AR REGL AIRPORT, AR US",36.28975,-94.31152,389.6,1/15/2018,12.08,",,W",,,0.01,",,W",,,,,,,34,",,W",11,",,W",340,",,W",350,",,W",16.1,",,W",25.1,",,W",1,",,W",,,,,,,,,,,,
USW00053922,"FAYETTEVILLE SPRINGDALE NW AR REGL AIRPORT, AR US",36.28975,-94.31152,389.6,1/16/2018,7.83,",,W",,,0,",,W",0,",,W",0,",,W",,,12,",,W",0,",,W",340,",,W",340,",,W",21,",,W",25.9,",,W",,,,,,,,,,,,,,
USW00053922,"FAYETTEVILLE SPRINGDALE NW AR REGL AIRPORT, AR US",36.28975,-94.31152,389.6,1/17/2018,3.36,",,W",,,0,",,W",0,",,W",0,",,W",,,29,",,W",1,",,W",210,",,W",210,",,W",8.9,",,W",13,",,W",,,,,,,,,,,,,,
USW00053922,"FAYETTEVILLE SPRINGDALE NW AR REGL AIRPORT, AR US",36.28975,-94.31152,389.6,1/18/2018,9.4,",,W",,,0,",,W",0,",,W",0,",,W",,,44,",,W",14,",,W",210,",,W",210,",,W",19.9,",,W",23.9,",,W",,,,,,,,,,,,,,
USW00053922,"FAYETTEVILLE SPRINGDALE NW AR REGL AIRPORT, AR US",36.28975,-94.31152,389.6,1/19/2018,11.86,",,W",,,0,",,W",0,",,W",0,",,W",,,54,",,W",25,",,W",200,",,W",200,",,W",21.9,",,W",29.1,",,W",,,,,,,,,,,,,,
USW00053922,"FAYETTEVILLE SPRINGDALE NW AR REGL AIRPORT, AR US",36.28975,-94.31152,389.6,1/20/2018,15.88,",,W",,,0,"T,,W",,,0,",,W",,,63,",,W",46,",,W",180,",,W",200,",,W",25.1,",,W",33.1,",,W",,,,,,,,,,,,,,
USW00053922,"FAYETTEVILLE SPRINGDALE NW AR REGL AIRPORT, AR US",36.28975,-94.31152,389.6,1/21/2018,14.54,",,W",,,0.96,",,W",0,",,W",0,",,W",,,71,",,W",54,",,W",210,",,W",190,",,W",36.9,",,W",59.9,",,W",1,",,W",,,1,",,W",,,,,,,,
USW00053922,"FAYETTEVILLE SPRINGDALE NW AR REGL AIRPORT, AR US",36.28975,-94.31152,389.6,1/22/2018,17.9,",,W",1652,",,W",0.01,",,W",,,,,,,56,",,W",37,",,W",260,",,W",270,",,W",32,",,W",42.1,",,W",,,,,,,,,,,,,,
USW00053922,"FAYETTEVILLE SPRINGDALE NW AR REGL AIRPORT, AR US",36.28975,-94.31152,389.6,1/23/2018,8.05,",,W",100,",,W",0,"T,,W",,,,,,,46,",,W",26,",,W",310,",,W",300,",,W",25.9,",,W",35.1,",,W",,,,,,,,,,,,,,
USW00053922,"FAYETTEVILLE SPRINGDALE NW AR REGL AIRPORT, AR US",36.28975,-94.31152,389.6,1/24/2018,5.14,",,W",1400,",,W",0,",,W",,,,,,,54,",,W",22,",,W",270,",,W",260,",,W",12.1,",,W",15,",,W",,,,,,,,,,,,,,
USW00053922,"FAYETTEVILLE SPRINGDALE NW AR REGL AIRPORT, AR US",36.28975,-94.31152,389.6,1/25/2018,10.51,",,W",1010,",,W",0,"T,,W",,,,,,,62,",,W",32,",,W",190,",,W",200,",,W",21.9,",,W",30,",,W",,,,,,,,,,,,,,
USW00053922,"FAYETTEVILLE SPRINGDALE NW AR REGL AIRPORT, AR US",36.28975,-94.31152,389.6,1/26/2018,14.99,",,W",1256,",,W",0,"T,,W",,,,,,,54,",,W",45,",,W",190,",,W",180,",,W",25.9,",,W",36,",,W",,,,,,,,,,,,,,
USW00053922,"FAYETTEVILLE SPRINGDALE NW AR REGL AIRPORT, AR US",36.28975,-94.31152,389.6,1/27/2018,7.83,",,W",742,",,W",0.25,",,W",,,,,,,58,",,W",30,",,W",360,",,W",10,",,W",19.9,",,W",23.9,",,W",,,,,,,,,,,,,,
USW00053922,"FAYETTEVILLE SPRINGDALE NW AR REGL AIRPORT, AR US",36.28975,-94.31152,389.6,1/28/2018,2.24,",,W",2343,",,W",0,",,W",,,,,,,59,",,W",24,",,W",310,",,W",320,",,W",10.1,",,W",14.1,",,W",,,,,,,,,,,,,,
USW00053922,"FAYETTEVILLE SPRINGDALE NW AR REGL AIRPORT, AR US",36.28975,-94.31152,389.6,1/29/2018,9.62,",,W",211,",,W",0,"T,,W",,,,,,,38,",,W",22,",,W",360,",,W",360,",,W",21,",,W",25.9,",,W",,,,,,,,,,,,,,
USW00053922,"FAYETTEVILLE SPRINGDALE NW AR REGL AIRPORT, AR US",36.28975,-94.31152,389.6,1/30/2018,10.07,",,W",2358,",,W",0,",,W",,,,,,,51,",,W",19,",,W",190,",,W",190,",,W",21,",,W",28,",,W",,,,,,,,,,,,,,
USW00053922,"FAYETTEVILLE SPRINGDALE NW AR REGL AIRPORT, AR US",36.28975,-94.31152,389.6,1/31/2018,11.63,",,W",205,",,W",0,"T,,W",,,,,,,63,",,W",40,",,W",200,",,W",190,",,W",25.9,",,W",35.1,",,W",,,,,,,,,,,,,,
USW00053922,"FAYETTEVILLE SPRINGDALE NW AR REGL AIRPORT, AR US",36.28975,-94.31152,389.6,2/1/2018,13.42,",,W",1304,",,W",0,"T,,W",,,,,,,49,",,W",22,",,W",360,",,W",20,",,W",23.9,",,W",30,",,W",,,,,,,,,,,,,,
USW00053922,"FAYETTEVILLE SPRINGDALE NW AR REGL AIRPORT, AR US",36.28975,-94.31152,389.6,2/2/2018,7.16,",,W",1926,",,W",0,",,W",,,,,,,46,",,W",18,",,W",200,",,W",190,",,W",15,",,W",21,",,W",,,,,,,,,,,,,,
USW00053922,"FAYETTEVILLE SPRINGDALE NW AR REGL AIRPORT, AR US",36.28975,-94.31152,389.6,2/3/2018,9.4,",,W",1159,",,W",0,",,W",,,,,,,50,",,W",26,",,W",190,",,W",200,",,W",19.9,",,W",25.1,",,W",,,,,,,,,,,,,,
USW00053922,"FAYETTEVILLE SPRINGDALE NW AR REGL AIRPORT, AR US",36.28975,-94.31152,389.6,2/4/2018,12.08,",,W",1254,",,W",0,"T,,W",,,,,,,40,",,W",13,",,W",350,",,W",360,",,W",23.9,",,W",30,",,W",,,,,,,,,,,,,,
USW00053922,"FAYETTEVILLE SPRINGDALE NW AR REGL AIRPORT, AR US",36.28975,-94.31152,389.6,2/5/2018,8.05,",,W",1445,",,W",0,",,W",,,,,,,44,",,W",13,",,W",200,",,W",180,",,W",18.1,",,W",25.1,",,W",,,,,,,,,,,,,,
USW00053922,"FAYETTEVILLE SPRINGDALE NW AR REGL AIRPORT, AR US",36.28975,-94.31152,389.6,2/6/2018,9.4,",,W",511,",,W",0,"T,,W",,,,,,,29,",,W",19,",,W",70,",,W",20,",,W",15,",,W",19.9,",,W",,,,,,,,,,,,,,
USW00053922,"FAYETTEVILLE SPRINGDALE NW AR REGL AIRPORT, AR US",36.28975,-94.31152,389.6,2/7/2018,7.61,",,W",745,",,W",0,",,W",,,,,,,41,",,W",22,",,W",10,",,W",10,",,W",18.1,",,W",21,",,W",,,,,,,,,,,,,,
USW00053922,"FAYETTEVILLE SPRINGDALE NW AR REGL AIRPORT, AR US",36.28975,-94.31152,389.6,2/8/2018,7.83,",,W",1232,",,W",0,",,W",,,,,,,57,",,W",18,",,W",210,",,W",200,",,W",17,",,W",23,",,W",,,,,,,,,,,,,,
USW00053922,"FAYETTEVILLE SPRINGDALE NW AR REGL AIRPORT, AR US",36.28975,-94.31152,389.6,2/9/2018,10.51,",,W",1051,",,W",0,",,W",,,,,,,63,",,W",38,",,W",220,",,W",220,",,W",19.9,",,W",25.9,",,W",,,,,,,,,,,,,,
USW00053922,"FAYETTEVILLE SPRINGDALE NW AR REGL AIRPORT, AR US",36.28975,-94.31152,389.6,2/10/2018,11.63,",,W",440,",,W",0,"T,,W",,,,,,,43,",,W",24,",,W",10,",,W",10,",,W",18.1,",,W",21.9,",,W",,,,,,,,,,,,,,
USW00053922,"FAYETTEVILLE SPRINGDALE NW AR REGL AIRPORT, AR US",36.28975,-94.31152,389.6,2/11/2018,9.17,",,W",1013,",,W",0,",,W",,,,,,,25,",,W",21,",,W",340,",,W",330,",,W",16.1,",,W",19.9,",,W",,,,,,,,,,,,,,
USW00053922,"FAYETTEVILLE SPRINGDALE NW AR REGL AIRPORT, AR US",36.28975,-94.31152,389.6,2/12/2018,8.28,",,W",930,",,W",0,",,W",,,,,,,43,",,W",14,",,W",80,",,W",80,",,W",16.1,",,W",19.9,",,W",,,,,,,,,,,,,,
USW00053922,"FAYETTEVILLE SPRINGDALE NW AR REGL AIRPORT, AR US",36.28975,-94.31152,389.6,2/13/2018,6.71,",,W",201,",,W",0,",,W",,,,,,,55,",,W",30,",,W",120,",,W",130,",,W",14.1,",,W",18.1,",,W",,,,,,,,,,,,,,
USW00053922,"FAYETTEVILLE SPRINGDALE NW AR REGL AIRPORT, AR US",36.28975,-94.31152,389.6,2/14/2018,11.41,",,W",2156,",,W",0,",,W",,,,,,,62,",,W",46,",,W",200,",,W",190,",,W",21,",,W",27.1,",,W",,,,,,,,,,,,,,
USW00053922,"FAYETTEVILLE SPRINGDALE NW AR REGL AIRPORT, AR US",36.28975,-94.31152,389.6,2/15/2018,17.45,",,W",1130,",,W",0,"T,,W",,,,,,,75,",,W",60,",,W",210,",,W",220,",,W",28,",,W",36.9,",,W",,,,,,,,,,,,,,
USW00053922,"FAYETTEVILLE SPRINGDALE NW AR REGL AIRPORT, AR US",36.28975,-94.31152,389.6,2/16/2018,13.42,",,W",230,",,W",0.19,",,W",,,,,,,66,",,W",36,",,W",10,",,W",10,",,W",30,",,W",38,",,W",,,,,,,,,,,,,,
USW00053922,"FAYETTEVILLE SPRINGDALE NW AR REGL AIRPORT, AR US",36.28975,-94.31152,389.6,2/17/2018,6.26,",,W",1047,",,W",0.62,",,W",,,,,,,51,",,W",31,",,W",340,",,W",230,",,W",15,",,W",19.9,",,W",,,,,,,,,,,,,,
USW00053922,"FAYETTEVILLE SPRINGDALE NW AR REGL AIRPORT, AR US",36.28975,-94.31152,389.6,2/18/2018,11.41,",,W",1149,",,W",0,"T,,W",,,,,,,55,",,W",25,",,W",150,",,W",170,",,W",23.9,",,W",30,",,W",,,,,,,,,,,,,,
USW00053922,"FAYETTEVILLE SPRINGDALE NW AR REGL AIRPORT, AR US",36.28975,-94.31152,389.6,2/19/2018,20.13,",,W",1503,",,W",0.12,",,W",,,,,,,67,",,W",54,",,W",190,",,W",190,",,W",28,",,W",36,",,W",,,,,,,,,,,,,,
USW00053922,"FAYETTEVILLE SPRINGDALE NW AR REGL AIRPORT, AR US",36.28975,-94.31152,389.6,2/20/2018,16.11,",,W",856,",,W",2.36,",,W",,,,,,,69,",,W",31,",,W",180,",,W",180,",,W",33.1,",,W",40.9,",,W",,,,,,,,,,,,,,
USW00053922,"FAYETTEVILLE SPRINGDALE NW AR REGL AIRPORT, AR US",36.28975,-94.31152,389.6,2/21/2018,11.63,",,W",2001,",,W",0.02,",,W",,,,,,,33,",,W",27,",,W",90,",,W",90,",,W",21.9,",,W",30,",,W",,,,,,,,,,,,,,
USW00053922,"FAYETTEVILLE SPRINGDALE NW AR REGL AIRPORT, AR US",36.28975,-94.31152,389.6,2/22/2018,5.37,",,W",1436,",,W",0.63,",,W",,,,,,,51,",,W",32,",,W",60,",,W",50,",,W",15,",,W",19,",,W",1,",,W",,,,,,,,,,,,
USW00053922,"FAYETTEVILLE SPRINGDALE NW AR REGL AIRPORT, AR US",36.28975,-94.31152,389.6,2/23/2018,6.71,",,W",2052,",,W",1.68,",,W",,,,,,,52,",,W",41,",,W",100,",,W",90,",,W",17,",,W",23,",,W",1,",,W",,,1,",,W",,,,,,,,
USW00053922,"FAYETTEVILLE SPRINGDALE NW AR REGL AIRPORT, AR US",36.28975,-94.31152,389.6,2/24/2018,7.61,",,W",1850,",,W",1.61,",,W",,,,,,,56,",,W",35,",,W",300,",,W",290,",,W",23,",,W",29.1,",,W",,,,,,,,,,,,,,
USW00053922,"FAYETTEVILLE SPRINGDALE NW AR REGL AIRPORT, AR US",36.28975,-94.31152,389.6,2/25/2018,4.7,",,W",1501,",,W",0,",,W",,,,,,,59,",,W",25,",,W",180,",,W",190,",,W",17,",,W",23,",,W",,,1,",,W",,,,,,,,,,
USW00053922,"FAYETTEVILLE SPRINGDALE NW AR REGL AIRPORT, AR US",36.28975,-94.31152,389.6,2/26/2018,7.16,",,W",1606,",,W",0,",,W",,,,,,,65,",,W",32,",,W",190,",,W",190,",,W",15,",,W",21.9,",,W",,,,,,,,,,,,,,
USW00053922,"FAYETTEVILLE SPRINGDALE NW AR REGL AIRPORT, AR US",36.28975,-94.31152,389.6,2/27/2018,11.18,",,W",1757,",,W",0.4,",,W",,,,,,,65,",,W",36,",,W",140,",,W",140,",,W",30,",,W",40,",,W",,,,,,,,,,,,,,
USW00053922,"FAYETTEVILLE SPRINGDALE NW AR REGL AIRPORT, AR US",36.28975,-94.31152,389.6,2/28/2018,10.29,",,W",1330,",,W",0.2,",,W",,,,,,,65,",,W",52,",,W",210,",,W",210,",,W",25.1,",,W",36,",,W",,,,,,,,,,,,,,
USW00053922,"FAYETTEVILLE SPRINGDALE NW AR REGL AIRPORT, AR US",36.28975,-94.31152,389.6,3/1/2018,11.41,",,W",,,0.03,",,W",0,",,W",0,",,W",,,59,",,W",37,",,W",360,",,W",360,",,W",23.9,",,W",31.1,",,W",1,",,W",,,,,,,,,,,,
USW00053922,"FAYETTEVILLE SPRINGDALE NW AR REGL AIRPORT, AR US",36.28975,-94.31152,389.6,3/2/2018,6.49,",,W",,,0,",,W",0,",,W",0,",,W",,,63,",,W",31,",,W",140,",,W",,,10.1,",,W",,,,,,,,,,,,,,,,
USW00053922,"FAYETTEVILLE SPRINGDALE NW AR REGL AIRPORT, AR US",36.28975,-94.31152,389.6,3/3/2018,8.72,",,W",,,0,",,W",0,",,W",0,",,W",,,68,",,W",37,",,W",150,",,W",140,",,W",17,",,W",19.9,",,W",,,,,,,,,,,,,,
USW00053922,"FAYETTEVILLE SPRINGDALE NW AR REGL AIRPORT, AR US",36.28975,-94.31152,389.6,3/4/2018,10.29,",,W",,,0,"T,,W",0,",,W",0,",,W",,,57,",,W",43,",,W",160,",,W",160,",,W",17,",,W",23.9,",,W",,,,,,,,,,,,,,
USW00053922,"FAYETTEVILLE SPRINGDALE NW AR REGL AIRPORT, AR US",36.28975,-94.31152,389.6,3/5/2018,14.32,",,W",,,0,"T,,W",0,",,W",0,",,W",,,64,",,W",37,",,W",300,",,W",290,",,W",25.9,",,W",35.1,",,W",,,,,,,,,,,,,,
USW00053922,"FAYETTEVILLE SPRINGDALE NW AR REGL AIRPORT, AR US",36.28975,-94.31152,389.6,3/6/2018,17.67,",,W",,,0,",,W",0,",,W",0,",,W",,,56,",,W",33,",,W",280,",,W",290,",,W",36,",,W",50.1,",,W",,,,,,,,,,,,,,
USW00053922,"FAYETTEVILLE SPRINGDALE NW AR REGL AIRPORT, AR US",36.28975,-94.31152,389.6,3/7/2018,9.4,",,W",,,0,",,W",0,",,W",0,",,W",,,47,",,W",28,",,W",350,",,W",350,",,W",21,",,W",25.9,",,W",,,,,,,,,,,,,,
USW00053922,"FAYETTEVILLE SPRINGDALE NW AR REGL AIRPORT, AR US",36.28975,-94.31152,389.6,3/8/2018,5.82,",,W",,,0,",,W",0,",,W",0,",,W",,,54,",,W",25,",,W",260,",,W",40,",,W",10.1,",,W",18.1,",,W",,,,,,,,,,,,,,
USW00053922,"FAYETTEVILLE SPRINGDALE NW AR REGL AIRPORT, AR US",36.28975,-94.31152,389.6,3/9/2018,11.63,",,W",,,0,",,W",0,",,W",0,",,W",,,69,",,W",39,",,W",220,",,W",200,",,W",25.1,",,W",34,",,W",,,,,,,,,,,,,,
USW00053922,"FAYETTEVILLE SPRINGDALE NW AR REGL AIRPORT, AR US",36.28975,-94.31152,389.6,3/10/2018,4.47,",,W",,,0,",,W",0,",,W",0,",,W",,,71,",,W",47,",,W",50,",,W",30,",,W",13,",,W",16.1,",,W",,,,,,,,,,,,,,
USW00053922,"FAYETTEVILLE SPRINGDALE NW AR REGL AIRPORT, AR US",36.28975,-94.31152,389.6,3/11/2018,14.09,",,W",,,0,"T,,W",0,",,W",0,",,W",,,51,",,W",39,",,W",350,",,W",350,",,W",21.9,",,W",27.1,",,W",,,,,,,,,,,,,,
USW00053922,"FAYETTEVILLE SPRINGDALE NW AR REGL AIRPORT, AR US",36.28975,-94.31152,389.6,3/12/2018,8.5,",,W",,,0,",,W",0,",,W",0,",,W",,,44,",,W",28,",,W",10,",,W",,,14.1,",,W",,,1,",,W",,,,,,,,,,,,
USW00053922,"FAYETTEVILLE SPRINGDALE NW AR REGL AIRPORT, AR US",36.28975,-94.31152,389.6,3/13/2018,5.14,",,W",,,0,",,W",0,",,W",0,",,W",,,56,",,W",23,",,W",340,",,W",20,",,W",12.1,",,W",21,",,W",1,",,W",,,,,,,,,,,,
USW00053922,"FAYETTEVILLE SPRINGDALE NW AR REGL AIRPORT, AR US",36.28975,-94.31152,389.6,3/14/2018,5.82,",,W",,,0,",,W",0,",,W",0,",,W",,,60,",,W",24,",,W",250,",,W",240,",,W",15,",,W",19.9,",,W",,,,,,,,,,,,,,
USW00053922,"FAYETTEVILLE SPRINGDALE NW AR REGL AIRPORT, AR US",36.28975,-94.31152,389.6,3/15/2018,12.97,",,W",,,0,",,W",0,",,W",0,",,W",,,73,",,W",46,",,W",190,",,W",180,",,W",23.9,",,W",30,",,W",,,,,,,,,,,,,,
USW00053922,"FAYETTEVILLE SPRINGDALE NW AR REGL AIRPORT, AR US",36.28975,-94.31152,389.6,3/16/2018,11.41,",,W",,,0,"T,,W",0,",,W",0,",,W",,,77,",,W",53,",,W",170,",,W",190,",,W",18.1,",,W",32,",,W",,,,,,,,,,,,,,
USW00053922,"FAYETTEVILLE SPRINGDALE NW AR REGL AIRPORT, AR US",36.28975,-94.31152,389.6,3/17/2018,6.26,",,W",,,0,",,W",0,",,W",0,",,W",,,60,",,W",39,",,W",340,",,W",,,8.9,",,W",,,,,,,,,,,,,,,,
USW00053922,"FAYETTEVILLE SPRINGDALE NW AR REGL AIRPORT, AR US",36.28975,-94.31152,389.6,3/18/2018,7.61,",,W",,,0.3,",,W",0,",,W",0,",,W",,,72,",,W",39,",,W",200,",,W",210,",,W",21.9,",,W",25.9,",,W",1,",,W",,,1,",,W",,,,,,,,
USW00053922,"FAYETTEVILLE SPRINGDALE NW AR REGL AIRPORT, AR US",36.28975,-94.31152,389.6,3/19/2018,12.75,",,W",,,0.17,",,W",0,",,W",0,",,W",,,63,",,W",42,",,W",270,",,W",270,",,W",23,",,W",31.1,",,W",1,",,W",,,1,",,W",,,,,,,,
USW00053922,"FAYETTEVILLE SPRINGDALE NW AR REGL AIRPORT, AR US",36.28975,-94.31152,389.6,3/20/2018,11.18,",,W",,,0.01,",,W",0,",,W",0,",,W",,,52,",,W",36,",,W",310,",,W",330,",,W",21,",,W",27.1,",,W",1,",,W",,,,,,,,,,,,
USW00053922,"FAYETTEVILLE SPRINGDALE NW AR REGL AIRPORT, AR US",36.28975,-94.31152,389.6,3/21/2018,6.04,",,W",,,0,",,W",0,",,W",0,",,W",,,58,",,W",32,",,W",330,",,W",340,",,W",16.1,",,W",23.9,",,W",,,,,,,,,,,,,,
USW00053922,"FAYETTEVILLE SPRINGDALE NW AR REGL AIRPORT, AR US",36.28975,-94.31152,389.6,3/22/2018,8.5,",,W",,,0,",,W",0,",,W",0,",,W",,,70,",,W",36,",,W",180,",,W",180,",,W",21.9,",,W",25.1,",,W",,,,,,,,,,,,,1,",,W"
USW00053922,"FAYETTEVILLE SPRINGDALE NW AR REGL AIRPORT, AR US",36.28975,-94.31152,389.6,3/23/2018,14.54,",,W",,,0,",,W",0,",,W",0,",,W",,,72,",,W",55,",,W",180,",,W",180,",,W",21.9,",,W",35.1,",,W",,,,,,,,,,,,,,
USW00053922,"FAYETTEVILLE SPRINGDALE NW AR REGL AIRPORT, AR US",36.28975,-94.31152,389.6,3/24/2018,12.75,",,W",,,0,",,W",0,",,W",0,",,W",,,71,",,W",44,",,W",190,",,W",230,",,W",23,",,W",29.1,",,W",,,,,,,,,,,,,,
USW00053922,"FAYETTEVILLE SPRINGDALE NW AR REGL AIRPORT, AR US",36.28975,-94.31152,389.6,3/25/2018,7.83,",,W",,,0.08,",,W",0,",,W",0,",,W",,,52,",,W",39,",,W",110,",,W",90,",,W",14.1,",,W",18.1,",,W",1,",,W",,,,,,,,,,,,
USW00053922,"FAYETTEVILLE SPRINGDALE NW AR REGL AIRPORT, AR US",36.28975,-94.31152,389.6,3/26/2018,11.63,",,W",,,0.21,",,W",0,",,W",0,",,W",,,,,,,170,",,W",170,",,W",21,",,W",30,",,W",1,",,W",,,1,",,W",,,,,,,,
USW00053922,"FAYETTEVILLE SPRINGDALE NW AR REGL AIRPORT, AR US",36.28975,-94.31152,389.6,3/27/2018,6.93,",,W",,,3.49,",,W",0,",,W",0,",,W",,,63,",,W",49,",,W",260,",,W",260,",,W",28,",,W",38,",,W",1,",,W",,,1,",,W",,,,,,,,
USW00053922,"FAYETTEVILLE SPRINGDALE NW AR REGL AIRPORT, AR US",36.28975,-94.31152,389.6,3/28/2018,2.91,",,W",,,0,",,W",0,",,W",0,",,W",,,,,,,260,",,W",,,6.9,",,W",,,1,",,W",1,",,W",,,,,,,,,,
USW00053922,"FAYETTEVILLE SPRINGDALE NW AR REGL AIRPORT, AR US",36.28975,-94.31152,389.6,3/29/2018,9.62,",,W",,,0,"T,,W",0,",,W",0,",,W",,,55,",,W",41,",,W",360,",,W",360,",,W",17,",,W",21.9,",,W",1,",,W",,,1,",,W",,,,,,,,
USW00053922,"FAYETTEVILLE SPRINGDALE NW AR REGL AIRPORT, AR US",36.28975,-94.31152,389.6,3/30/2018,5.59,",,W",,,0,",,W",0,",,W",0,",,W",,,60,",,W",39,",,W",350,",,W",350,",,W",14.1,",,W",18.1,",,W",1,",,W",,,,,,,,,,,,
USW00053922,"FAYETTEVILLE SPRINGDALE NW AR REGL AIRPORT, AR US",36.28975,-94.31152,389.6,3/31/2018,10.51,",,W",,,0.26,",,W",,,0,",,W",,,68,",,W",40,",,W",220,",,W",210,",,W",23.9,",,W",32,",,W",,,,,,,,,,,,,,
USW00053922,"FAYETTEVILLE SPRINGDALE NW AR REGL AIRPORT, AR US",36.28975,-94.31152,389.6,4/1/2018,12.53,",,W",,,0.04,",,W",0,",,W",0,",,W",,,47,",,W",32,",,W",30,",,W",50,",,W",18.1,",,W",23.9,",,W",1,",,W",,,,,,,,,,,,
USW00053922,"FAYETTEVILLE SPRINGDALE NW AR REGL AIRPORT, AR US",36.28975,-94.31152,389.6,4/2/2018,9.62,",,W",,,0,"T,,W",0,",,W",0,",,W",,,62,",,W",34,",,W",180,",,W",200,",,W",23,",,W",27.1,",,W",1,",,W",,,,,,,,,,,,
USW00053922,"FAYETTEVILLE SPRINGDALE NW AR REGL AIRPORT, AR US",36.28975,-94.31152,389.6,4/3/2018,15.66,",,W",,,0,"T,,W",0,",,W",0,",,W",,,71,",,W",33,",,W",330,",,W",200,",,W",21.9,",,W",36.9,",,W",,,,,,,,,,,,,,
USW00053922,"FAYETTEVILLE SPRINGDALE NW AR REGL AIRPORT, AR US",36.28975,-94.31152,389.6,4/4/2018,5.14,",,W",,,0,",,W",0,",,W",0,",,W",,,51,",,W",27,",,W",350,",,W",340,",,W",14.1,",,W",19,",,W",,,,,,,,,,,,,,
USW00053922,"FAYETTEVILLE SPRINGDALE NW AR REGL AIRPORT, AR US",36.28975,-94.31152,389.6,4/5/2018,8.05,",,W",,,0,",,W",0,",,W",0,",,W",,,65,",,W",37,",,W",170,",,W",190,",,W",18.1,",,W",23,",,W",,,,,,,,,,,,,,
USW00053922,"FAYETTEVILLE SPRINGDALE NW AR REGL AIRPORT, AR US",36.28975,-94.31152,389.6,4/6/2018,11.86,",,W",,,0.12,",,W",,,0,",,W",,,59,",,W",30,",,W",30,",,W",30,",,W",28,",,W",36.9,",,W",1,",,W",,,,,,,,,,,,
USW00053922,"FAYETTEVILLE SPRINGDALE NW AR REGL AIRPORT, AR US",36.28975,-94.31152,389.6,4/7/2018,11.63,",,W",,,0,"T,,W",,,0,",,W",,,46,",,W",24,",,W",20,",,W",20,",,W",21.9,",,W",28,",,W",1,",,W",,,,,,,,,,,,
USW00053922,"FAYETTEVILLE SPRINGDALE NW AR REGL AIRPORT, AR US",36.28975,-94.31152,389.6,4/8/2018,6.71,",,W",,,0,",,W",0,",,W",0,",,W",,,50,",,W",26,",,W",150,",,W",150,",,W",17,",,W",21,",,W",,,,,,,,,,,,,,
USW00053922,"FAYETTEVILLE SPRINGDALE NW AR REGL AIRPORT, AR US",36.28975,-94.31152,389.6,4/9/2018,4.92,",,W",,,0,"T,,W",0,",,W",0,",,W",,,66,",,W",31,",,W",350,",,W",360,",,W",18.1,",,W",21.9,",,W",,,,,,,,,,,,,,
USW00053922,"FAYETTEVILLE SPRINGDALE NW AR REGL AIRPORT, AR US",36.28975,-94.31152,389.6,4/10/2018,5.59,",,W",,,0,",,W",0,",,W",0,",,W",,,63,",,W",30,",,W",30,",,W",,,8.1,",,W",,,,,,,,,,,,,,,,
USW00053922,"FAYETTEVILLE SPRINGDALE NW AR REGL AIRPORT, AR US",36.28975,-94.31152,389.6,4/11/2018,14.76,",,W",,,0,"T,,W",0,",,W",0,",,W",,,77,",,W",49,",,W",180,",,W",190,",,W",28,",,W",36,",,W",,,,,,,,,,,,,,
USW00053922,"FAYETTEVILLE SPRINGDALE NW AR REGL AIRPORT, AR US",36.28975,-94.31152,389.6,4/12/2018,18.79,",,W",,,0,",,W",0,",,W",0,",,W",,,81,",,W",61,",,W",190,",,W",170,",,W",30,",,W",38.9,",,W",,,,,,,,,,,,,,
USW00053922,"FAYETTEVILLE SPRINGDALE NW AR REGL AIRPORT, AR US",36.28975,-94.31152,389.6,4/13/2018,16.11,",,W",,,0.8,",,W",0,",,W",0,",,W",,,76,",,W",58,",,W",240,",,W",220,",,W",32,",,W",42.9,",,W",1,",,W",,,1,",,W",,,,,,,,
USW00053922,"FAYETTEVILLE SPRINGDALE NW AR REGL AIRPORT, AR US",36.28975,-94.31152,389.6,4/14/2018,17,",,W",,,0,"T,,W",0,"T,,W",0,",,W",,,59,",,W",34,",,W",260,",,W",250,",,W",23.9,",,W",33.1,",,W",,,,,,,,,,,,,,
USW00053922,"FAYETTEVILLE SPRINGDALE NW AR REGL AIRPORT, AR US",36.28975,-94.31152,389.6,4/15/2018,13.87,",,W",,,0,"T,,W",0,"T,,W",0,",,W",,,45,",,W",30,",,W",300,",,W",290,",,W",23,",,W",35.1,",,W",,,,,,,,,,,,,,
USW00053922,"FAYETTEVILLE SPRINGDALE NW AR REGL AIRPORT, AR US",36.28975,-94.31152,389.6,4/16/2018,4.03,",,W",,,0,",,W",0,",,W",0,",,W",,,61,",,W",24,",,W",350,",,W",250,",,W",15,",,W",18.1,",,W",,,,,,,,,,,,,,
USW00053922,"FAYETTEVILLE SPRINGDALE NW AR REGL AIRPORT, AR US",36.28975,-94.31152,389.6,4/17/2018,11.41,",,W",,,0,",,W",0,",,W",0,",,W",,,82,",,W",42,",,W",190,",,W",200,",,W",21,",,W",33.1,",,W",,,,,,,,,,,,,,
USW00053922,"FAYETTEVILLE SPRINGDALE NW AR REGL AIRPORT, AR US",36.28975,-94.31152,389.6,4/18/2018,13.87,",,W",,,0,",,W",0,",,W",0,",,W",,,69,",,W",40,",,W",280,",,W",280,",,W",25.1,",,W",38,",,W",,,,,,,,,,,,,,
USW00053922,"FAYETTEVILLE SPRINGDALE NW AR REGL AIRPORT, AR US",36.28975,-94.31152,389.6,4/19/2018,8.72,",,W",,,0,",,W",0,",,W",0,",,W",,,59,",,W",33,",,W",10,",,W",30,",,W",16.1,",,W",21,",,W",,,,,,,,,,,,,,
USW00053922,"FAYETTEVILLE SPRINGDALE NW AR REGL AIRPORT, AR US",36.28975,-94.31152,389.6,4/20/2018,9.4,",,W",,,0,",,W",0,",,W",0,",,W",,,69,",,W",39,",,W",120,",,W",130,",,W",19.9,",,W",25.1,",,W",,,,,,,,,,,,,,
USW00053922,"FAYETTEVILLE SPRINGDALE NW AR REGL AIRPORT, AR US",36.28975,-94.31152,389.6,4/21/2018,7.38,",,W",,,0.57,",,W",0,",,W",0,",,W",,,68,",,W",49,",,W",140,",,W",120,",,W",16.1,",,W",23.9,",,W",1,",,W",,,,,,,,,,,,
USW00053922,"FAYETTEVILLE SPRINGDALE NW AR REGL AIRPORT, AR US",36.28975,-94.31152,389.6,4/22/2018,5.82,",,W",,,0.6,",,W",0,",,W",0,",,W",,,56,",,W",51,",,W",20,",,W",20,",,W",16.1,",,W",19.9,",,W",1,",,W",,,,,,,,,,,,
USW00053922,"FAYETTEVILLE SPRINGDALE NW AR REGL AIRPORT, AR US",36.28975,-94.31152,389.6,4/23/2018,10.96,",,W",,,0,",,W",0,",,W",0,",,W",,,72,",,W",50,",,W",360,",,W",10,",,W",23,",,W",29.1,",,W",1,",,W",,,,,,,,,,,,
USW00053922,"FAYETTEVILLE SPRINGDALE NW AR REGL AIRPORT, AR US",36.28975,-94.31152,389.6,4/24/2018,6.49,",,W",,,0,",,W",0,",,W",0,",,W",,,78,",,W",47,",,W",350,",,W",340,",,W",16.1,",,W",21.9,",,W",,,,,,,,,,,,,,
USW00053922,"FAYETTEVILLE SPRINGDALE NW AR REGL AIRPORT, AR US",36.28975,-94.31152,389.6,4/25/2018,6.26,",,W",,,0.56,",,W",0,",,W",0,",,W",,,56,",,W",48,",,W",320,",,W",310,",,W",14.1,",,W",19.9,",,W",1,",,W",,,,,,,,,,,,
USW00053922,"FAYETTEVILLE SPRINGDALE NW AR REGL AIRPORT, AR US",36.28975,-94.31152,389.6,4/26/2018,6.26,",,W",,,0,"T,,W",0,",,W",0,",,W",,,62,",,W",46,",,W",20,",,W",350,",,W",14.1,",,W",16.1,",,W",1,",,W",,,,,,,,,,,,
USW00053922,"FAYETTEVILLE SPRINGDALE NW AR REGL AIRPORT, AR US",36.28975,-94.31152,389.6,4/27/2018,5.82,",,W",,,0,",,W",0,",,W",0,",,W",,,71,",,W",41,",,W",270,",,W",300,",,W",14.1,",,W",19.9,",,W",1,",,W",,,,,,,,,,,,
USW00053922,"FAYETTEVILLE SPRINGDALE NW AR REGL AIRPORT, AR US",36.28975,-94.31152,389.6,4/28/2018,6.04,",,W",,,0,",,W",0,",,W",0,",,W",,,78,",,W",40,",,W",10,",,W",360,",,W",13,",,W",16.1,",,W",,,,,,,,,,,,,,
USW00053922,"FAYETTEVILLE SPRINGDALE NW AR REGL AIRPORT, AR US",36.28975,-94.31152,389.6,4/29/2018,10.51,",,W",,,0,",,W",0,",,W",0,",,W",,,77,",,W",51,",,W",140,",,W",130,",,W",17,",,W",21.9,",,W",,,,,,,,,,,,,,
USW00053922,"FAYETTEVILLE SPRINGDALE NW AR REGL AIRPORT, AR US",36.28975,-94.31152,389.6,4/30/2018,12.75,",,W",,,0,"T,,W",0,",,W",0,",,W",,,79,",,W",50,",,W",170,",,W",170,",,W",25.1,",,W",33.1,",,W",,,,,,,,,,,,,,
USW00053922,"FAYETTEVILLE SPRINGDALE NW AR REGL AIRPORT, AR US",36.28975,-94.31152,389.6,5/1/2018,14.76,",,W",,,0,"T,,W",0,",,W",0,",,W",,,77,",,W",59,",,W",180,",,W",180,",,W",25.1,",,W",32,",,W",,,,,,,,,,,,,,
USW00053922,"FAYETTEVILLE SPRINGDALE NW AR REGL AIRPORT, AR US",36.28975,-94.31152,389.6,5/2/2018,13.87,",,W",,,0.61,",,W",0,",,W",0,",,W",,,80,",,W",65,",,W",260,",,W",270,",,W",25.9,",,W",38,",,W",1,",,W",,,1,",,W",,,,,,,,
USW00053922,"FAYETTEVILLE SPRINGDALE NW AR REGL AIRPORT, AR US",36.28975,-94.31152,389.6,5/3/2018,14.09,",,W",,,1.36,",,W",0,",,W",0,",,W",,,71,",,W",62,",,W",250,",,W",250,",,W",36,",,W",48.1,",,W",1,",,W",1,",,W",1,",,W",,,,,,,,
USW00053922,"FAYETTEVILLE SPRINGDALE NW AR REGL AIRPORT, AR US",36.28975,-94.31152,389.6,5/4/2018,6.04,",,W",,,0.17,",,W",0,",,W",0,",,W",,,72,",,W",55,",,W",210,",,W",200,",,W",17,",,W",23.9,",,W",1,",,W",,,1,",,W",,,,,,,,
USW00053922,"FAYETTEVILLE SPRINGDALE NW AR REGL AIRPORT, AR US",36.28975,-94.31152,389.6,5/5/2018,3.8,",,W",,,0,",,W",0,",,W",0,",,W",,,80,",,W",48,",,W",340,",,W",340,",,W",13,",,W",18.1,",,W",,,,,,,,,,,,,,
USW00053922,"FAYETTEVILLE SPRINGDALE NW AR REGL AIRPORT, AR US",36.28975,-94.31152,389.6,5/6/2018,5.59,",,W",,,0,",,W",0,",,W",0,",,W",,,83,",,W",51,",,W",260,",,W",260,",,W",16.1,",,W",21,",,W",,,,,,,,,,,,,,
USW00053922,"FAYETTEVILLE SPRINGDALE NW AR REGL AIRPORT, AR US",36.28975,-94.31152,389.6,5/7/2018,2.24,",,W",,,0,",,W",0,",,W",0,",,W",,,88,",,W",55,",,W",200,",,W",200,",,W",8.9,",,W",12.1,",,W",,,,,,,,,,,,,,
USW00053922,"FAYETTEVILLE SPRINGDALE NW AR REGL AIRPORT, AR US",36.28975,-94.31152,389.6,5/8/2018,8.28,",,W",,,0,",,W",0,",,W",0,",,W",,,87,",,W",58,",,W",180,",,W",180,",,W",21.9,",,W",28,",,W",,,,,,,,,,,,,,
USW00053922,"FAYETTEVILLE SPRINGDALE NW AR REGL AIRPORT, AR US",36.28975,-94.31152,389.6,5/9/2018,10.74,",,W",,,0.01,",,W",0,",,W",0,",,W",,,86,",,W",69,",,W",170,",,W",200,",,W",31.1,",,W",38.9,",,W",,,,,,,,,,,,,,
USW00053922,"FAYETTEVILLE SPRINGDALE NW AR REGL AIRPORT, AR US",36.28975,-94.31152,389.6,5/10/2018,9.4,",,W",,,0,"T,,W",0,",,W",0,",,W",,,83,",,W",64,",,W",190,",,W",200,",,W",21,",,W",28,",,W",,,,,,,,,,,,,,
USW00053922,"FAYETTEVILLE SPRINGDALE NW AR REGL AIRPORT, AR US",36.28975,-94.31152,389.6,5/11/2018,15.21,",,W",,,0,",,W",0,",,W",0,",,W",,,85,",,W",63,",,W",170,",,W",200,",,W",29.1,",,W",38.9,",,W",,,,,,,,,,,,,,
USW00053922,"FAYETTEVILLE SPRINGDALE NW AR REGL AIRPORT, AR US",36.28975,-94.31152,389.6,5/12/2018,11.63,",,W",,,0,"T,,W",0,",,W",0,",,W",,,84,",,W",65,",,W",180,",,W",200,",,W",21.9,",,W",29.1,",,W",,,,,,,,,,,,,,
USW00053922,"FAYETTEVILLE SPRINGDALE NW AR REGL AIRPORT, AR US",36.28975,-94.31152,389.6,5/13/2018,7.61,",,W",,,0,",,W",0,",,W",0,",,W",,,86,",,W",60,",,W",170,",,W",170,",,W",18.1,",,W",25.9,",,W",1,",,W",,,,,,,,,,,,
USW00053922,"FAYETTEVILLE SPRINGDALE NW AR REGL AIRPORT, AR US",36.28975,-94.31152,389.6,5/14/2018,7.38,",,W",,,0,",,W",0,",,W",0,",,W",,,88,",,W",63,",,W",170,",,W",180,",,W",18.1,",,W",25.9,",,W",,,,,,,,,,,,,,
USW00053922,"FAYETTEVILLE SPRINGDALE NW AR REGL AIRPORT, AR US",36.28975,-94.31152,389.6,5/15/2018,5.82,",,W",,,0.19,",,W",0,",,W",0,",,W",,,81,",,W",63,",,W",350,",,W",340,",,W",23.9,",,W",31.1,",,W",1,",,W",,,1,",,W",,,,,,,,
USW00053922,"FAYETTEVILLE SPRINGDALE NW AR REGL AIRPORT, AR US",36.28975,-94.31152,389.6,5/16/2018,4.92,",,W",,,1.59,",,W",0,",,W",0,",,W",,,83,",,W",59,",,W",140,",,W",140,",,W",28,",,W",32,",,W",1,",,W",1,",,W",1,",,W",,,,,,,,
USW00053922,"FAYETTEVILLE SPRINGDALE NW AR REGL AIRPORT, AR US",36.28975,-94.31152,389.6,5/17/2018,3.8,",,W",,,0,",,W",0,",,W",0,",,W",,,84,",,W",55,",,W",50,",,W",40,",,W",14.1,",,W",21,",,W",1,",,W",1,",,W",,,,,,,,,,
USW00053922,"FAYETTEVILLE SPRINGDALE NW AR REGL AIRPORT, AR US",36.28975,-94.31152,389.6,5/18/2018,3.36,",,W",,,0,",,W",0,",,W",0,",,W",,,86,",,W",60,",,W",200,",,W",210,",,W",10.1,",,W",12.1,",,W",,,,,,,,,,,,,,
USW00053922,"FAYETTEVILLE SPRINGDALE NW AR REGL AIRPORT, AR US",36.28975,-94.31152,389.6,5/19/2018,6.71,",,W",,,0,"T,,W",0,",,W",0,",,W",,,87,",,W",64,",,W",180,",,W",190,",,W",19.9,",,W",23.9,",,W",,,,,,,,,,,,,,
USW00053922,"FAYETTEVILLE SPRINGDALE NW AR REGL AIRPORT, AR US",36.28975,-94.31152,389.6,5/20/2018,6.49,",,W",,,0.02,",,W",0,",,W",0,",,W",,,84,",,W",66,",,W",270,",,W",280,",,W",21,",,W",25.9,",,W",1,",,W",,,1,",,W",,,,,,,,
USW00053922,"FAYETTEVILLE SPRINGDALE NW AR REGL AIRPORT, AR US",36.28975,-94.31152,389.6,5/21/2018,4.7,",,W",,,0,",,W",0,",,W",0,",,W",,,84,",,W",65,",,W",290,",,W",30,",,W",10.1,",,W",14.1,",,W",1,",,W",1,",,W",,,,,,,,,,
USW00053922,"FAYETTEVILLE SPRINGDALE NW AR REGL AIRPORT, AR US",36.28975,-94.31152,389.6,5/22/2018,2.91,",,W",,,0,",,W",0,",,W",0,",,W",,,90,",,W",62,",,W",160,",,W",160,",,W",19.9,",,W",23.9,",,W",1,",,W",,,1,",,W",,,,,,,,
USW00053922,"FAYETTEVILLE SPRINGDALE NW AR REGL AIRPORT, AR US",36.28975,-94.31152,389.6,5/23/2018,3.8,",,W",,,0.14,",,W",0,",,W",0,",,W",,,83,",,W",63,",,W",260,",,W",250,",,W",21,",,W",25.9,",,W",1,",,W",,,1,",,W",,,,,,,,
USW00053922,"FAYETTEVILLE SPRINGDALE NW AR REGL AIRPORT, AR US",36.28975,-94.31152,389.6,5/24/2018,4.92,",,W",,,0.11,",,W",0,",,W",0,",,W",,,85,",,W",64,",,W",340,",,W",340,",,W",23,",,W",27.1,",,W",1,",,W",,,1,",,W",,,,,,,,
USW00053922,"FAYETTEVILLE SPRINGDALE NW AR REGL AIRPORT, AR US",36.28975,-94.31152,389.6,5/25/2018,6.49,",,W",,,0,",,W",0,",,W",0,",,W",,,87,",,W",65,",,W",190,",,W",180,",,W",21,",,W",27.1,",,W",,,,,1,",,W",,,,,,,,
USW00053922,"FAYETTEVILLE SPRINGDALE NW AR REGL AIRPORT, AR US",36.28975,-94.31152,389.6,5/26/2018,2.91,",,W",,,0,",,W",0,",,W",0,",,W",,,91,",,W",62,",,W",360,",,W",340,",,W",8.9,",,W",12.1,",,W",1,",,W",1,",,W",,,,,,,,,,
USW00053922,"FAYETTEVILLE SPRINGDALE NW AR REGL AIRPORT, AR US",36.28975,-94.31152,389.6,5/27/2018,2.68,",,W",,,0,",,W",0,",,W",0,",,W",,,91,",,W",64,",,W",180,",,W",150,",,W",10.1,",,W",15,",,W",1,",,W",,,,,,,,,,,,
USW00053922,"FAYETTEVILLE SPRINGDALE NW AR REGL AIRPORT, AR US",36.28975,-94.31152,389.6,5/28/2018,3.58,",,W",,,0,",,W",0,",,W",0,",,W",,,91,",,W",65,",,W",70,",,W",80,",,W",13,",,W",16.1,",,W",1,",,W",,,,,,,,,,,,
USW00053922,"FAYETTEVILLE SPRINGDALE NW AR REGL AIRPORT, AR US",36.28975,-94.31152,389.6,5/29/2018,4.25,",,W",,,0,",,W",0,",,W",0,",,W",,,90,",,W",67,",,W",110,",,W",80,",,W",16.1,",,W",21.9,",,W",1,",,W",,,,,,,,,,,,
USW00053922,"FAYETTEVILLE SPRINGDALE NW AR REGL AIRPORT, AR US",36.28975,-94.31152,389.6,5/30/2018,7.38,",,W",,,0.12,",,W",0,",,W",0,",,W",,,89,",,W",63,",,W",320,",,W",320,",,W",25.9,",,W",36.9,",,W",1,",,W",,,,,,,,,,,,
USW00053922,"FAYETTEVILLE SPRINGDALE NW AR REGL AIRPORT, AR US",36.28975,-94.31152,389.6,5/31/2018,7.61,",,W",,,0.08,",,W",0,",,W",0,",,W",,,87,",,W",68,",,W",200,",,W",210,",,W",25.1,",,W",38,",,W",1,",,W",,,,,,,,,,,,
USW00053922,"FAYETTEVILLE SPRINGDALE NW AR REGL AIRPORT, AR US",36.28975,-94.31152,389.6,6/1/2018,4.7,",,W",,,0,",,W",0,",,W",0,",,W",,,92,",,W",72,",,W",200,",,W",180,",,W",10.1,",,W",14.1,",,W",,,,,,,,,,,,,,
USW00053922,"FAYETTEVILLE SPRINGDALE NW AR REGL AIRPORT, AR US",36.28975,-94.31152,389.6,6/2/2018,7.38,",,W",,,0.03,",,W",0,",,W",0,",,W",,,89,",,W",66,",,W",340,",,W",340,",,W",23,",,W",28,",,W",,,,,1,",,W",,,,,,,,
USW00053922,"FAYETTEVILLE SPRINGDALE NW AR REGL AIRPORT, AR US",36.28975,-94.31152,389.6,6/3/2018,8.5,",,W",,,0,",,W",0,",,W",0,",,W",,,86,",,W",59,",,W",20,",,W",20,",,W",21,",,W",25.9,",,W",,,,,,,,,,,,,,
USW00053922,"FAYETTEVILLE SPRINGDALE NW AR REGL AIRPORT, AR US",36.28975,-94.31152,389.6,6/4/2018,4.47,",,W",,,0,",,W",0,",,W",0,",,W",,,84,",,W",55,",,W",120,",,W",120,",,W",12.1,",,W",14.1,",,W",,,,,,,,,,,,,1,",,W"
USW00053922,"FAYETTEVILLE SPRINGDALE NW AR REGL AIRPORT, AR US",36.28975,-94.31152,389.6,6/5/2018,3.58,",,W",,,0,",,W",0,",,W",0,",,W",,,88,",,W",61,",,W",170,",,W",190,",,W",12.1,",,W",14.1,",,W",,,,,,,,,,,,,,
USW00053922,"FAYETTEVILLE SPRINGDALE NW AR REGL AIRPORT, AR US",36.28975,-94.31152,389.6,6/6/2018,3.36,",,W",,,0,",,W",0,",,W",0,",,W",,,92,",,W",61,",,W",200,",,W",90,",,W",10.1,",,W",13,",,W",,,,,,,,,,,,,,
USW00053922,"FAYETTEVILLE SPRINGDALE NW AR REGL AIRPORT, AR US",36.28975,-94.31152,389.6,6/7/2018,6.49,",,W",,,0,"T,,W",0,",,W",0,",,W",,,89,",,W",65,",,W",250,",,W",240,",,W",23,",,W",30,",,W",,,,,,,,,,,,,,
USW00053922,"FAYETTEVILLE SPRINGDALE NW AR REGL AIRPORT, AR US",36.28975,-94.31152,389.6,6/8/2018,6.49,",,W",,,0,",,W",0,",,W",0,",,W",,,92,",,W",65,",,W",160,",,W",170,",,W",18.1,",,W",23,",,W",1,",,W",,,,,,,,,,,,
USW00053922,"FAYETTEVILLE SPRINGDALE NW AR REGL AIRPORT, AR US",36.28975,-94.31152,389.6,6/9/2018,7.61,",,W",,,0,",,W",0,",,W",0,",,W",,,93,",,W",66,",,W",180,",,W",180,",,W",17,",,W",23,",,W",,,,,,,,,,,,,,
USW00053922,"FAYETTEVILLE SPRINGDALE NW AR REGL AIRPORT, AR US",36.28975,-94.31152,389.6,6/10/2018,8.28,",,W",,,0,",,W",0,",,W",0,",,W",,,93,",,W",66,",,W",180,",,W",190,",,W",18.1,",,W",25.1,",,W",,,,,,,,,,,,,,
USW00053922,"FAYETTEVILLE SPRINGDALE NW AR REGL AIRPORT, AR US",36.28975,-94.31152,389.6,6/11/2018,10.07,",,W",,,0,",,W",0,",,W",0,",,W",,,93,",,W",71,",,W",180,",,W",180,",,W",18.1,",,W",23.9,",,W",,,,,,,,,,,,,,
USW00053922,"FAYETTEVILLE SPRINGDALE NW AR REGL AIRPORT, AR US",36.28975,-94.31152,389.6,6/12/2018,6.49,",,W",,,0.48,",,W",0,",,W",0,",,W",,,83,",,W",66,",,W",350,",,W",360,",,W",36,",,W",44.1,",,W",1,",,W",,,1,",,W",,,,,,,,
USW00053922,"FAYETTEVILLE SPRINGDALE NW AR REGL AIRPORT, AR US",36.28975,-94.31152,389.6,6/13/2018,3.13,",,W",,,0,",,W",0,",,W",0,",,W",,,92,",,W",68,",,W",190,",,W",180,",,W",10.1,",,W",13,",,W",,,,,1,",,W",,,,,,,,
USW00053922,"FAYETTEVILLE SPRINGDALE NW AR REGL AIRPORT, AR US",36.28975,-94.31152,389.6,6/14/2018,7.61,",,W",,,0,",,W",0,",,W",0,",,W",,,93,",,W",72,",,W",220,",,W",220,",,W",16.1,",,W",21,",,W",,,,,,,,,,,,,,
USW00053922,"FAYETTEVILLE SPRINGDALE NW AR REGL AIRPORT, AR US",36.28975,-94.31152,389.6,6/15/2018,8.5,",,W",,,0,",,W",0,",,W",0,",,W",,,93,",,W",71,",,W",190,",,W",170,",,W",15,",,W",23.9,",,W",,,,,,,,,,,,,,
USW00053922,"FAYETTEVILLE SPRINGDALE NW AR REGL AIRPORT, AR US",36.28975,-94.31152,389.6,6/16/2018,8.5,",,W",,,0,",,W",0,",,W",0,",,W",,,94,",,W",71,",,W",170,",,W",190,",,W",18.1,",,W",23,",,W",,,,,,,,,,,,,,
USW00053922,"FAYETTEVILLE SPRINGDALE NW AR REGL AIRPORT, AR US",36.28975,-94.31152,389.6,6/17/2018,9.17,",,W",,,0,",,W",0,",,W",0,",,W",,,93,",,W",72,",,W",160,",,W",150,",,W",17,",,W",21.9,",,W",,,,,,,,,,,,,,
USW00053922,"FAYETTEVILLE SPRINGDALE NW AR REGL AIRPORT, AR US",36.28975,-94.31152,389.6,6/18/2018,10.07,",,W",,,0,",,W",0,",,W",0,",,W",,,90,",,W",74,",,W",160,",,W",140,",,W",19.9,",,W",27.1,",,W",,,,,,,,,,,,,,
USW00053922,"FAYETTEVILLE SPRINGDALE NW AR REGL AIRPORT, AR US",36.28975,-94.31152,389.6,6/19/2018,9.17,",,W",,,0,",,W",0,",,W",0,",,W",,,87,",,W",70,",,W",180,",,W",180,",,W",18.1,",,W",23.9,",,W",,,,,,,,,,,,,,
USW00053922,"FAYETTEVILLE SPRINGDALE NW AR REGL AIRPORT, AR US",36.28975,-94.31152,389.6,6/20/2018,8.5,",,W",,,0.08,",,W",0,",,W",0,",,W",,,80,",,W",69,",,W",180,",,W",190,",,W",23,",,W",28,",,W",1,",,W",,,1,",,W",,,,,,,,
USW00053922,"FAYETTEVILLE SPRINGDALE NW AR REGL AIRPORT, AR US",36.28975,-94.31152,389.6,6/21/2018,10.51,",,W",,,0,"T,,W",0,",,W",0,",,W",,,86,",,W",69,",,W",280,",,W",280,",,W",21.9,",,W",28,",,W",1,",,W",,,,,,,,,,,,
USW00053922,"FAYETTEVILLE SPRINGDALE NW AR REGL AIRPORT, AR US",36.28975,-94.31152,389.6,6/22/2018,5.37,",,W",,,0,",,W",0,",,W",0,",,W",,,84,",,W",60,",,W",290,",,W",340,",,W",15,",,W",19,",,W",,,,,,,,,,,,,,
USW00053922,"FAYETTEVILLE SPRINGDALE NW AR REGL AIRPORT, AR US",36.28975,-94.31152,389.6,6/23/2018,7.61,",,W",,,0,"T,,W",0,",,W",0,",,W",,,89,",,W",65,",,W",160,",,W",240,",,W",19.9,",,W",23.9,",,W",,,,,,,,,,,,,,
USW00053922,"FAYETTEVILLE SPRINGDALE NW AR REGL AIRPORT, AR US",36.28975,-94.31152,389.6,6/24/2018,7.38,",,W",,,0.31,",,W",0,",,W",0,",,W",,,77,",,W",65,",,W",150,",,W",150,",,W",23,",,W",28,",,W",1,",,W",,,1,",,W",,,,,,,,
USW00053922,"FAYETTEVILLE SPRINGDALE NW AR REGL AIRPORT, AR US",36.28975,-94.31152,389.6,6/25/2018,7.61,",,W",,,0,"T,,W",0,",,W",0,",,W",,,87,",,W",63,",,W",170,",,W",180,",,W",25.9,",,W",31.1,",,W",,,,,,,,,,,,,,
USW00053922,"FAYETTEVILLE SPRINGDALE NW AR REGL AIRPORT, AR US",36.28975,-94.31152,389.6,6/26/2018,11.86,",,W",,,0.2,",,W",,,0,",,W",,,,,,,220,",,W",220,",,W",21,",,W",30,",,W",1,",,W",,,1,",,W",,,,,,,,
USW00053922,"FAYETTEVILLE SPRINGDALE NW AR REGL AIRPORT, AR US",36.28975,-94.31152,389.6,6/27/2018,10.74,",,W",,,0,",,W",0,",,W",0,",,W",,,95,",,W",75,",,W",190,",,W",190,",,W",19.9,",,W",25.1,",,W",,,,,,,,,,,,,,
USW00053922,"FAYETTEVILLE SPRINGDALE NW AR REGL AIRPORT, AR US",36.28975,-94.31152,389.6,6/28/2018,9.62,",,W",,,0,",,W",0,",,W",0,",,W",,,97,",,W",73,",,W",210,",,W",210,",,W",17,",,W",21.9,",,W",,,,,,,,,,,,,,
USW00053922,"FAYETTEVILLE SPRINGDALE NW AR REGL AIRPORT, AR US",36.28975,-94.31152,389.6,6/29/2018,11.86,",,W",,,0,",,W",0,",,W",0,",,W",,,93,",,W",73,",,W",170,",,W",220,",,W",16.1,",,W",23.9,",,W",,,,,,,,,,,,,,
USW00053922,"FAYETTEVILLE SPRINGDALE NW AR REGL AIRPORT, AR US",36.28975,-94.31152,389.6,6/30/2018,10.96,",,W",,,0,",,W",0,",,W",0,",,W",,,93,",,W",73,",,W",170,",,W",170,",,W",16.1,",,W",25.1,",,W",,,,,,,,,,,,,,
USW00053922,"FAYETTEVILLE SPRINGDALE NW AR REGL AIRPORT, AR US",36.28975,-94.31152,389.6,7/1/2018,6.49,",,W",,,0.69,",,W",0,",,W",0,",,W",,,84,",,W",72,",,W",300,",,W",300,",,W",12.1,",,W",18.1,",,W",1,",,W",,,1,",,W",,,,,,,,
USW00053922,"FAYETTEVILLE SPRINGDALE NW AR REGL AIRPORT, AR US",36.28975,-94.31152,389.6,7/2/2018,2.91,",,W",,,0,",,W",0,",,W",0,",,W",,,95,",,W",69,",,W",190,",,W",180,",,W",10.1,",,W",14.1,",,W",1,",,W",,,,,,,,,,,,
USW00053922,"FAYETTEVILLE SPRINGDALE NW AR REGL AIRPORT, AR US",36.28975,-94.31152,389.6,7/3/2018,5.37,",,W",,,0,",,W",0,",,W",0,",,W",,,96,",,W",74,",,W",90,",,W",100,",,W",14.1,",,W",18.1,",,W",,,,,1,",,W",,,,,,,,
USW00053922,"FAYETTEVILLE SPRINGDALE NW AR REGL AIRPORT, AR US",36.28975,-94.31152,389.6,7/4/2018,8.5,",,W",,,0,",,W",0,",,W",0,",,W",,,93,",,W",72,",,W",150,",,W",140,",,W",21,",,W",25.9,",,W",,,,,,,,,,,,,1,",,W"
USW00053922,"FAYETTEVILLE SPRINGDALE NW AR REGL AIRPORT, AR US",36.28975,-94.31152,389.6,7/5/2018,4.92,",,W",,,0,"T,,W",0,",,W",0,",,W",,,99,",,W",70,",,W",30,",,W",70,",,W",14.1,",,W",19,",,W",,,,,1,",,W",,,,,,,1,",,W"
USW00053922,"FAYETTEVILLE SPRINGDALE NW AR REGL AIRPORT, AR US",36.28975,-94.31152,389.6,7/6/2018,4.47,",,W",,,0.93,",,W",0,",,W",0,",,W",,,95,",,W",71,",,W",70,",,W",70,",,W",25.1,",,W",30,",,W",,,,,1,",,W",,,,,,,,
USW00053922,"FAYETTEVILLE SPRINGDALE NW AR REGL AIRPORT, AR US",36.28975,-94.31152,389.6,7/7/2018,6.04,",,W",,,0,",,W",0,",,W",0,",,W",,,91,",,W",71,",,W",100,",,W",70,",,W",14.1,",,W",17,",,W",,,,,,,,,,,,,,
USW00053922,"FAYETTEVILLE SPRINGDALE NW AR REGL AIRPORT, AR US",36.28975,-94.31152,389.6,7/8/2018,5.37,",,W",,,0,",,W",0,",,W",0,",,W",,,89,",,W",67,",,W",60,",,W",60,",,W",13,",,W",17,",,W",,,,,,,,,,,,,,
USW00053922,"FAYETTEVILLE SPRINGDALE NW AR REGL AIRPORT, AR US",36.28975,-94.31152,389.6,7/9/2018,2.91,",,W",,,0.22,",,W",0,",,W",0,",,W",,,94,",,W",71,",,W",220,",,W",210,",,W",16.1,",,W",19,",,W",,,,,1,",,W",,,,,,,1,",,W"
USW00053922,"FAYETTEVILLE SPRINGDALE NW AR REGL AIRPORT, AR US",36.28975,-94.31152,389.6,7/10/2018,2.91,",,W",,,0,",,W",0,",,W",0,",,W",,,96,",,W",69,",,W",120,",,W",120,",,W",16.1,",,W",21,",,W",,,,,1,",,W",,,,,,,,
USW00053922,"FAYETTEVILLE SPRINGDALE NW AR REGL AIRPORT, AR US",36.28975,-94.31152,389.6,7/11/2018,3.58,",,W",,,0,",,W",0,",,W",0,",,W",,,99,",,W",72,",,W",220,",,W",220,",,W",14.1,",,W",16.1,",,W",,,,,,,,,,,,,,
USW00053922,"FAYETTEVILLE SPRINGDALE NW AR REGL AIRPORT, AR US",36.28975,-94.31152,389.6,7/12/2018,5.14,",,W",,,0.19,",,W",0,",,W",0,",,W",,,98,",,W",73,",,W",80,",,W",80,",,W",31.1,",,W",42.9,",,W",,,,,1,",,W",,,,,,,,
USW00053922,"FAYETTEVILLE SPRINGDALE NW AR REGL AIRPORT, AR US",36.28975,-94.31152,389.6,7/13/2018,5.14,",,W",,,0,",,W",0,",,W",0,",,W",,,94,",,W",71,",,W",180,",,W",180,",,W",16.1,",,W",19.9,",,W",,,,,,,,,,,,,,
USW00053922,"FAYETTEVILLE SPRINGDALE NW AR REGL AIRPORT, AR US",36.28975,-94.31152,389.6,7/14/2018,6.26,",,W",,,0,"T,,W",0,",,W",0,",,W",,,95,",,W",73,",,W",300,",,W",310,",,W",23,",,W",32,",,W",,,,,,,,,,,,,,
USW00053922,"FAYETTEVILLE SPRINGDALE NW AR REGL AIRPORT, AR US",36.28975,-94.31152,389.6,7/15/2018,5.37,",,W",,,0,"T,,W",0,",,W",0,",,W",,,95,",,W",75,",,W",60,",,W",70,",,W",16.1,",,W",21,",,W",,,,,1,",,W",,,,,,,,
USW00053922,"FAYETTEVILLE SPRINGDALE NW AR REGL AIRPORT, AR US",36.28975,-94.31152,389.6,7/16/2018,4.25,",,W",,,0.48,",,W",0,",,W",0,",,W",,,94,",,W",73,",,W",310,",,W",300,",,W",17,",,W",25.1,",,W",1,",,W",,,1,",,W",,,,,,,,
USW00053922,"FAYETTEVILLE SPRINGDALE NW AR REGL AIRPORT, AR US",36.28975,-94.31152,389.6,7/17/2018,3.8,",,W",,,0.39,",,W",0,",,W",0,",,W",,,92,",,W",70,",,W",280,",,W",300,",,W",30,",,W",44.1,",,W",1,",,W",,,1,",,W",,,,,,,,
USW00053922,"FAYETTEVILLE SPRINGDALE NW AR REGL AIRPORT, AR US",36.28975,-94.31152,389.6,7/18/2018,4.7,",,W",,,0.02,",,W",0,",,W",0,",,W",,,87,",,W",73,",,W",160,",,W",150,",,W",13,",,W",15,",,W",,,,,1,",,W",,,,,,,,
USW00053922,"FAYETTEVILLE SPRINGDALE NW AR REGL AIRPORT, AR US",36.28975,-94.31152,389.6,7/19/2018,4.25,",,W",,,0,",,W",0,",,W",0,",,W",,,97,",,W",70,",,W",130,",,W",,,10.1,",,W",,,1,",,W",,,,,,,,,,,,
USW00053922,"FAYETTEVILLE SPRINGDALE NW AR REGL AIRPORT, AR US",36.28975,-94.31152,389.6,7/20/2018,6.49,",,W",,,0,",,W",0,",,W",0,",,W",,,99,",,W",77,",,W",40,",,W",220,",,W",10.1,",,W",21,",,W",,,,,,,,,,,,,,
USW00053922,"FAYETTEVILLE SPRINGDALE NW AR REGL AIRPORT, AR US",36.28975,-94.31152,389.6,7/21/2018,5.82,",,W",,,0,",,W",0,",,W",0,",,W",,,93,",,W",70,",,W",330,",,W",,,8.9,",,W",,,,,,,,,,,,,,,,
USW00053922,"FAYETTEVILLE SPRINGDALE NW AR REGL AIRPORT, AR US",36.28975,-94.31152,389.6,7/22/2018,4.7,",,W",,,0,",,W",0,",,W",0,",,W",,,,,,,340,",,W",,,6.9,",,W",,,,,,,,,,,,,,,,
USW00053922,"FAYETTEVILLE SPRINGDALE NW AR REGL AIRPORT, AR US",36.28975,-94.31152,389.6,7/23/2018,8.28,",,W",,,0,",,W",0,",,W",0,",,W",,,88,",,W",66,",,W",50,",,W",50,",,W",14.1,",,W",19.9,",,W",,,,,,,,,,,,,,
USW00053922,"FAYETTEVILLE SPRINGDALE NW AR REGL AIRPORT, AR US",36.28975,-94.31152,389.6,7/24/2018,5.82,",,W",,,0,",,W",0,",,W",0,",,W",,,,,,,360,",,W",,,8.9,",,W",,,,,,,,,,,,,,,,
USW00053922,"FAYETTEVILLE SPRINGDALE NW AR REGL AIRPORT, AR US",36.28975,-94.31152,389.6,7/25/2018,2.46,",,W",,,0,",,W",0,",,W",0,",,W",,,91,",,W",64,",,W",190,",,W",,,6.9,",,W",,,,,,,,,,,,,,,,
USW00053922,"FAYETTEVILLE SPRINGDALE NW AR REGL AIRPORT, AR US",36.28975,-94.31152,389.6,7/26/2018,4.25,",,W",,,0,",,W",0,",,W",0,",,W",,,82,",,W",70,",,W",10,",,W",,,10.1,",,W",,,,,,,,,,,,,,,,
USW00053922,"FAYETTEVILLE SPRINGDALE NW AR REGL AIRPORT, AR US",36.28975,-94.31152,389.6,7/27/2018,6.71,",,W",,,0,",,W",0,",,W",0,",,W",,,,,,,70,",,W",70,",,W",13,",,W",19.9,",,W",1,",,W",,,,,,,,,,,,
USW00053922,"FAYETTEVILLE SPRINGDALE NW AR REGL AIRPORT, AR US",36.28975,-94.31152,389.6,7/28/2018,5.37,",,W",,,0,",,W",0,",,W",0,",,W",,,82,",,W",66,",,W",190,",,W",,,8.9,",,W",,,,,,,,,,,,,,,,
USW00053922,"FAYETTEVILLE SPRINGDALE NW AR REGL AIRPORT, AR US",36.28975,-94.31152,389.6,7/29/2018,4.47,",,W",,,0.28,",,W",,,0,",,W",,,,,,,140,",,W",,,14.1,",,W",,,1,",,W",,,1,",,W",,,,,,,,
USW00053922,"FAYETTEVILLE SPRINGDALE NW AR REGL AIRPORT, AR US",36.28975,-94.31152,389.6,7/30/2018,3.58,",,W",,,0,"T,,W",,,0,",,W",,,,,,,360,",,W",360,",,W",14.1,",,W",21,",,W",1,",,W",,,,,,,,,,,,
USW00053922,"FAYETTEVILLE SPRINGDALE NW AR REGL AIRPORT, AR US",36.28975,-94.31152,389.6,7/31/2018,6.93,",,W",,,0,",,W",0,",,W",0,",,W",,,82,",,W",64,",,W",320,",,W",340,",,W",12.1,",,W",25.1,",,W",,,,,,,,,,,,,,
USW00053922,"FAYETTEVILLE SPRINGDALE NW AR REGL AIRPORT, AR US",36.28975,-94.31152,389.6,8/1/2018,1.79,",,W",,,0,",,W",0,",,W",0,",,W",,,87,",,W",60,",,W",360,",,W",340,",,W",8.9,",,W",12.1,",,W",1,",,W",,,,,,,,,,,,
USW00053922,"FAYETTEVILLE SPRINGDALE NW AR REGL AIRPORT, AR US",36.28975,-94.31152,389.6,8/2/2018,2.01,",,W",,,0,",,W",0,",,W",0,",,W",,,88,",,W",61,",,W",230,",,W",200,",,W",10.1,",,W",12.1,",,W",,,,,,,,,,,,,,
USW00053922,"FAYETTEVILLE SPRINGDALE NW AR REGL AIRPORT, AR US",36.28975,-94.31152,389.6,8/3/2018,3.58,",,W",,,0,",,W",0,",,W",0,",,W",,,90,",,W",62,",,W",190,",,W",180,",,W",10.1,",,W",15,",,W",,,,,,,,,,,,,,
USW00053922,"FAYETTEVILLE SPRINGDALE NW AR REGL AIRPORT, AR US",36.28975,-94.31152,389.6,8/4/2018,7.61,",,W",,,0,",,W",0,",,W",0,",,W",,,90,",,W",63,",,W",170,",,W",170,",,W",17,",,W",19.9,",,W",,,,,,,,,,,,,,
USW00053922,"FAYETTEVILLE SPRINGDALE NW AR REGL AIRPORT, AR US",36.28975,-94.31152,389.6,8/5/2018,6.26,",,W",,,0,",,W",0,",,W",0,",,W",,,92,",,W",68,",,W",190,",,W",180,",,W",15,",,W",19.9,",,W",,,,,,,,,,,,,,
USW00053922,"FAYETTEVILLE SPRINGDALE NW AR REGL AIRPORT, AR US",36.28975,-94.31152,389.6,8/6/2018,7.16,",,W",,,0,",,W",0,",,W",0,",,W",,,93,",,W",71,",,W",190,",,W",190,",,W",16.1,",,W",19.9,",,W",,,,,,,,,,,,,,
USW00053922,"FAYETTEVILLE SPRINGDALE NW AR REGL AIRPORT, AR US",36.28975,-94.31152,389.6,8/7/2018,4.47,",,W",,,0.23,",,W",0,",,W",0,",,W",,,84,",,W",69,",,W",280,",,W",280,",,W",18.1,",,W",25.1,",,W",1,",,W",,,1,",,W",,,,,,,,
USW00053922,"FAYETTEVILLE SPRINGDALE NW AR REGL AIRPORT, AR US",36.28975,-94.31152,389.6,8/8/2018,4.7,",,W",,,0,",,W",0,",,W",0,",,W",,,82,",,W",66,",,W",240,",,W",240,",,W",14.1,",,W",17,",,W",1,",,W",,,,,,,,,,,,
USW00053922,"FAYETTEVILLE SPRINGDALE NW AR REGL AIRPORT, AR US",36.28975,-94.31152,389.6,8/9/2018,2.01,",,W",,,0,",,W",0,",,W",0,",,W",,,89,",,W",65,",,W",70,",,W",100,",,W",18.1,",,W",23.9,",,W",1,",,W",,,,,,,,,,,,
USW00053922,"FAYETTEVILLE SPRINGDALE NW AR REGL AIRPORT, AR US",36.28975,-94.31152,389.6,8/10/2018,3.13,",,W",,,0,",,W",0,",,W",0,",,W",,,91,",,W",63,",,W",180,",,W",180,",,W",12.1,",,W",14.1,",,W",,,,,,,,,,,,,,
USW00053922,"FAYETTEVILLE SPRINGDALE NW AR REGL AIRPORT, AR US",36.28975,-94.31152,389.6,8/11/2018,2.91,",,W",,,0,",,W",0,",,W",0,",,W",,,92,",,W",67,",,W",320,",,W",320,",,W",18.1,",,W",25.1,",,W",,,,,1,",,W",,,,,,,,
USW00053922,"FAYETTEVILLE SPRINGDALE NW AR REGL AIRPORT, AR US",36.28975,-94.31152,389.6,8/12/2018,3.8,",,W",,,0.01,",,W",0,",,W",0,",,W",,,90,",,W",68,",,W",130,",,W",130,",,W",16.1,",,W",19.9,",,W",,,,,1,",,W",,,,,,,,
USW00053922,"FAYETTEVILLE SPRINGDALE NW AR REGL AIRPORT, AR US",36.28975,-94.31152,389.6,8/13/2018,7.61,",,W",,,0.39,",,W",0,",,W",0,",,W",,,84,",,W",69,",,W",180,",,W",180,",,W",19.9,",,W",23,",,W",1,",,W",,,,,,,,,,,,
USW00053922,"FAYETTEVILLE SPRINGDALE NW AR REGL AIRPORT, AR US",36.28975,-94.31152,389.6,8/14/2018,10.51,",,W",,,1.38,",,W",0,",,W",0,",,W",,,76,",,W",68,",,W",210,",,W",190,",,W",21,",,W",28,",,W",1,",,W",,,1,",,W",,,,,,,,
USW00053922,"FAYETTEVILLE SPRINGDALE NW AR REGL AIRPORT, AR US",36.28975,-94.31152,389.6,8/15/2018,9.4,",,W",,,0.32,",,W",0,",,W",0,",,W",,,83,",,W",71,",,W",190,",,W",180,",,W",19.9,",,W",25.9,",,W",1,",,W",,,,,,,,,,,,
USW00053922,"FAYETTEVILLE SPRINGDALE NW AR REGL AIRPORT, AR US",36.28975,-94.31152,389.6,8/16/2018,5.82,",,W",,,0.02,",,W",0,",,W",0,",,W",,,92,",,W",72,",,W",300,",,W",300,",,W",19.9,",,W",25.1,",,W",1,",,W",1,",,W",1,",,W",,,,,,,,
USW00053922,"FAYETTEVILLE SPRINGDALE NW AR REGL AIRPORT, AR US",36.28975,-94.31152,389.6,8/17/2018,4.47,",,W",,,1.08,",,W",0,",,W",0,",,W",,,84,",,W",69,",,W",350,",,W",360,",,W",25.1,",,W",31.1,",,W",1,",,W",,,1,",,W",,,,,,,,
USW00053922,"FAYETTEVILLE SPRINGDALE NW AR REGL AIRPORT, AR US",36.28975,-94.31152,389.6,8/18/2018,2.68,",,W",,,0,",,W",0,",,W",0,",,W",,,88,",,W",66,",,W",130,",,W",360,",,W",8.9,",,W",14.1,",,W",1,",,W",1,",,W",,,,,,,,,,
USW00053922,"FAYETTEVILLE SPRINGDALE NW AR REGL AIRPORT, AR US",36.28975,-94.31152,389.6,8/19/2018,5.82,",,W",,,0.03,",,W",0,",,W",0,",,W",,,82,",,W",69,",,W",170,",,W",170,",,W",23.9,",,W",29.1,",,W",,,,,1,",,W",,,,,,,,
USW00053922,"FAYETTEVILLE SPRINGDALE NW AR REGL AIRPORT, AR US",36.28975,-94.31152,389.6,8/20/2018,7.83,",,W",,,0.01,",,W",0,",,W",0,",,W",,,80,",,W",66,",,W",280,",,W",280,",,W",18.1,",,W",25.1,",,W",1,",,W",1,",,W",,,,,,,,,,
USW00053922,"FAYETTEVILLE SPRINGDALE NW AR REGL AIRPORT, AR US",36.28975,-94.31152,389.6,8/21/2018,7.83,",,W",,,0,",,W",0,",,W",0,",,W",,,83,",,W",66,",,W",340,",,W",340,",,W",16.1,",,W",19.9,",,W",,,,,,,,,,,,,,
USW00053922,"FAYETTEVILLE SPRINGDALE NW AR REGL AIRPORT, AR US",36.28975,-94.31152,389.6,8/22/2018,2.91,",,W",,,0,"T,,W",0,",,W",0,",,W",,,83,",,W",64,",,W",20,",,W",340,",,W",13,",,W",17,",,W",1,",,W",,,,,,,,,,,,
USW00053922,"FAYETTEVILLE SPRINGDALE NW AR REGL AIRPORT, AR US",36.28975,-94.31152,389.6,8/23/2018,7.83,",,W",,,0.08,",,W",0,",,W",0,",,W",,,76,",,W",65,",,W",130,",,W",140,",,W",16.1,",,W",19,",,W",1,",,W",,,,,,,,,,,1,",,W"
USW00053922,"FAYETTEVILLE SPRINGDALE NW AR REGL AIRPORT, AR US",36.28975,-94.31152,389.6,8/24/2018,11.41,",,W",,,0,"T,,W",0,",,W",0,",,W",,,90,",,W",70,",,W",200,",,W",190,",,W",21.9,",,W",31.1,",,W",,,,,,,,,,,,,,
USW00053922,"FAYETTEVILLE SPRINGDALE NW AR REGL AIRPORT, AR US",36.28975,-94.31152,389.6,8/25/2018,9.62,",,W",,,0,",,W",0,",,W",0,",,W",,,90,",,W",73,",,W",210,",,W",200,",,W",17,",,W",23,",,W",,,,,,,,,,,,,,
USW00053922,"FAYETTEVILLE SPRINGDALE NW AR REGL AIRPORT, AR US",36.28975,-94.31152,389.6,8/26/2018,10.51,",,W",,,0,",,W",0,",,W",0,",,W",,,90,",,W",73,",,W",180,",,W",180,",,W",17,",,W",23,",,W",,,,,,,,,,,,,1,",,W"
USW00053922,"FAYETTEVILLE SPRINGDALE NW AR REGL AIRPORT, AR US",36.28975,-94.31152,389.6,8/27/2018,13.87,",,W",,,0,",,W",0,",,W",0,",,W",,,89,",,W",75,",,W",170,",,W",170,",,W",23,",,W",29.1,",,W",,,,,,,,,,,,,,
USW00053922,"FAYETTEVILLE SPRINGDALE NW AR REGL AIRPORT, AR US",36.28975,-94.31152,389.6,8/28/2018,11.86,",,W",,,0,",,W",0,",,W",0,",,W",,,90,",,W",74,",,W",180,",,W",190,",,W",19.9,",,W",25.9,",,W",,,,,,,,,,,,,,
USW00053922,"FAYETTEVILLE SPRINGDALE NW AR REGL AIRPORT, AR US",36.28975,-94.31152,389.6,8/29/2018,6.71,",,W",,,0.04,",,W",0,",,W",0,",,W",,,85,",,W",74,",,W",200,",,W",200,",,W",15,",,W",23,",,W",,,,,1,",,W",,,,,,,,
USW00053922,"FAYETTEVILLE SPRINGDALE NW AR REGL AIRPORT, AR US",36.28975,-94.31152,389.6,8/30/2018,6.71,",,W",,,0.09,",,W",0,",,W",0,",,W",,,83,",,W",67,",,W",20,",,W",10,",,W",25.1,",,W",33.1,",,W",1,",,W",,,1,",,W",,,,,,,,
USW00053922,"FAYETTEVILLE SPRINGDALE NW AR REGL AIRPORT, AR US",36.28975,-94.31152,389.6,8/31/2018,8.28,",,W",,,0,",,W",0,",,W",0,",,W",,,90,",,W",66,",,W",180,",,W",160,",,W",16.1,",,W",19.9,",,W",,,,,,,,,,,,,,
USW00053922,"FAYETTEVILLE SPRINGDALE NW AR REGL AIRPORT, AR US",36.28975,-94.31152,389.6,9/1/2018,10.29,",,W",,,0,",,W",0,",,W",0,",,W",,,90,",,W",71,",,W",150,",,W",150,",,W",18.1,",,W",21.9,",,W",,,,,,,,,,,,,,
USW00053922,"FAYETTEVILLE SPRINGDALE NW AR REGL AIRPORT, AR US",36.28975,-94.31152,389.6,9/2/2018,8.72,",,W",,,0,"T,,W",0,",,W",0,",,W",,,86,",,W",68,",,W",160,",,W",140,",,W",19.9,",,W",23.9,",,W",,,,,,,,,,,,,,
USW00053922,"FAYETTEVILLE SPRINGDALE NW AR REGL AIRPORT, AR US",36.28975,-94.31152,389.6,9/3/2018,9.62,",,W",,,0,"T,,W",0,",,W",0,",,W",,,89,",,W",69,",,W",140,",,W",150,",,W",23,",,W",29.1,",,W",,,,,,,,,,,,,,
USW00053922,"FAYETTEVILLE SPRINGDALE NW AR REGL AIRPORT, AR US",36.28975,-94.31152,389.6,9/4/2018,10.51,",,W",,,0,",,W",0,",,W",0,",,W",,,88,",,W",71,",,W",160,",,W",170,",,W",23,",,W",29.1,",,W",,,,,,,,,,,,,,
USW00053922,"FAYETTEVILLE SPRINGDALE NW AR REGL AIRPORT, AR US",36.28975,-94.31152,389.6,9/5/2018,5.14,",,W",,,0.07,",,W",0,",,W",0,",,W",,,90,",,W",70,",,W",140,",,W",150,",,W",29.1,",,W",36.9,",,W",,,,,1,",,W",,,,,,,,
USW00053922,"FAYETTEVILLE SPRINGDALE NW AR REGL AIRPORT, AR US",36.28975,-94.31152,389.6,9/6/2018,5.37,",,W",,,0,"T,,W",0,",,W",0,",,W",,,89,",,W",71,",,W",10,",,W",80,",,W",12.1,",,W",18.1,",,W",,,,,,,,,,,,,,
USW00053922,"FAYETTEVILLE SPRINGDALE NW AR REGL AIRPORT, AR US",36.28975,-94.31152,389.6,9/7/2018,6.26,",,W",,,0,"T,,W",0,",,W",0,",,W",,,86,",,W",71,",,W",320,",,W",310,",,W",14.1,",,W",18.1,",,W",,,,,,,,,,,,,,
USW00053922,"FAYETTEVILLE SPRINGDALE NW AR REGL AIRPORT, AR US",36.28975,-94.31152,389.6,9/8/2018,10.74,",,W",,,0.02,",,W",0,",,W",0,",,W",,,74,",,W",64,",,W",30,",,W",40,",,W",16.1,",,W",19.9,",,W",1,",,W",,,,,,,,,,,,
USW00053922,"FAYETTEVILLE SPRINGDALE NW AR REGL AIRPORT, AR US",36.28975,-94.31152,389.6,9/9/2018,7.61,",,W",,,0,",,W",0,",,W",0,",,W",,,70,",,W",63,",,W",20,",,W",60,",,W",15,",,W",21.9,",,W",1,",,W",,,,,,,,,,,1,",,W"
USW00053922,"FAYETTEVILLE SPRINGDALE NW AR REGL AIRPORT, AR US",36.28975,-94.31152,389.6,9/10/2018,3.8,",,W",,,0,",,W",0,",,W",0,",,W",,,80,",,W",59,",,W",120,",,W",110,",,W",10.1,",,W",15,",,W",,,,,,,,,,,,,,
USW00053922,"FAYETTEVILLE SPRINGDALE NW AR REGL AIRPORT, AR US",36.28975,-94.31152,389.6,9/11/2018,4.92,",,W",,,0,",,W",0,",,W",0,",,W",,,83,",,W",55,",,W",140,",,W",140,",,W",14.1,",,W",19,",,W",1,",,W",1,",,W",,,,,,,,,,
USW00053922,"FAYETTEVILLE SPRINGDALE NW AR REGL AIRPORT, AR US",36.28975,-94.31152,389.6,9/12/2018,4.03,",,W",,,0,",,W",0,",,W",0,",,W",,,82,",,W",58,",,W",100,",,W",120,",,W",10.1,",,W",17,",,W",1,",,W",,,,,,,,,,,,
USW00053922,"FAYETTEVILLE SPRINGDALE NW AR REGL AIRPORT, AR US",36.28975,-94.31152,389.6,9/13/2018,4.47,",,W",,,0,",,W",0,",,W",0,",,W",,,88,",,W",65,",,W",210,",,W",160,",,W",12.1,",,W",15,",,W",,,,,,,,,,,,,,
USW00053922,"FAYETTEVILLE SPRINGDALE NW AR REGL AIRPORT, AR US",36.28975,-94.31152,389.6,9/14/2018,2.01,",,W",,,0,",,W",0,",,W",0,",,W",,,92,",,W",63,",,W",120,",,W",90,",,W",10.1,",,W",15,",,W",1,",,W",,,,,,,,,,,,
USW00053922,"FAYETTEVILLE SPRINGDALE NW AR REGL AIRPORT, AR US",36.28975,-94.31152,389.6,9/15/2018,3.58,",,W",,,0,",,W",0,",,W",0,",,W",,,92,",,W",64,",,W",30,",,W",50,",,W",15,",,W",19.9,",,W",,,,,,,,,,,,,,
USW00053922,"FAYETTEVILLE SPRINGDALE NW AR REGL AIRPORT, AR US",36.28975,-94.31152,389.6,9/16/2018,2.68,",,W",,,0,",,W",0,",,W",0,",,W",,,91,",,W",64,",,W",10,",,W",40,",,W",10.1,",,W",16.1,",,W",1,",,W",,,,,,,,,,,,
USW00053922,"FAYETTEVILLE SPRINGDALE NW AR REGL AIRPORT, AR US",36.28975,-94.31152,389.6,9/17/2018,2.68,",,W",,,0,",,W",0,",,W",0,",,W",,,92,",,W",62,",,W",220,",,W",220,",,W",10.1,",,W",15,",,W",1,",,W",,,,,,,,,,,,
USW00053922,"FAYETTEVILLE SPRINGDALE NW AR REGL AIRPORT, AR US",36.28975,-94.31152,389.6,9/18/2018,3.8,",,W",,,0,",,W",0,",,W",0,",,W",,,93,",,W",67,",,W",190,",,W",240,",,W",14.1,",,W",18.1,",,W",1,",,W",,,,,,,,,,,,
USW00053922,"FAYETTEVILLE SPRINGDALE NW AR REGL AIRPORT, AR US",36.28975,-94.31152,389.6,9/19/2018,5.82,",,W",,,0,",,W",0,",,W",0,",,W",,,95,",,W",68,",,W",170,",,W",170,",,W",17,",,W",21,",,W",1,",,W",,,,,,,,,,,,
USW00053922,"FAYETTEVILLE SPRINGDALE NW AR REGL AIRPORT, AR US",36.28975,-94.31152,389.6,9/20/2018,9.4,",,W",,,0,",,W",0,",,W",0,",,W",,,93,",,W",73,",,W",170,",,W",180,",,W",21.9,",,W",27.1,",,W",,,,,,,,,,,,,,
USW00053922,"FAYETTEVILLE SPRINGDALE NW AR REGL AIRPORT, AR US",36.28975,-94.31152,389.6,9/21/2018,7.83,",,W",,,1.87,",,W",0,",,W",0,",,W",,,78,",,W",61,",,W",220,",,W",210,",,W",18.1,",,W",25.1,",,W",1,",,W",,,1,",,W",,,,,,,,
USW00053922,"FAYETTEVILLE SPRINGDALE NW AR REGL AIRPORT, AR US",36.28975,-94.31152,389.6,9/22/2018,10.74,",,W",,,0.59,",,W",0,",,W",0,",,W",,,66,",,W",59,",,W",70,",,W",50,",,W",18.1,",,W",23.9,",,W",1,",,W",,,,,,,,,,,,
USW00053922,"FAYETTEVILLE SPRINGDALE NW AR REGL AIRPORT, AR US",36.28975,-94.31152,389.6,9/23/2018,8.05,",,W",,,0,",,W",0,",,W",0,",,W",,,75,",,W",61,",,W",110,",,W",70,",,W",13,",,W",19.9,",,W",1,",,W",,,,,,,,,,,,
USW00053922,"FAYETTEVILLE SPRINGDALE NW AR REGL AIRPORT, AR US",36.28975,-94.31152,389.6,9/24/2018,2.91,",,W",,,0,",,W",0,",,W",0,",,W",,,78,",,W",65,",,W",150,",,W",170,",,W",8.1,",,W",10.1,",,W",1,",,W",,,,,,,,,,,1,",,W"
USW00053922,"FAYETTEVILLE SPRINGDALE NW AR REGL AIRPORT, AR US",36.28975,-94.31152,389.6,9/25/2018,6.71,",,W",,,0,",,W",0,",,W",0,",,W",,,86,",,W",64,",,W",340,",,W",10,",,W",21,",,W",23.9,",,W",1,",,W",,,,,,,,,,,,
USW00053922,"FAYETTEVILLE SPRINGDALE NW AR REGL AIRPORT, AR US",36.28975,-94.31152,389.6,9/26/2018,11.18,",,W",,,0.01,",,W",0,",,W",0,",,W",,,67,",,W",52,",,W",10,",,W",10,",,W",21.9,",,W",25.9,",,W",,,,,,,,,,,,,,
USW00053922,"FAYETTEVILLE SPRINGDALE NW AR REGL AIRPORT, AR US",36.28975,-94.31152,389.6,9/27/2018,3.13,",,W",,,0,",,W",0,",,W",0,",,W",,,74,",,W",47,",,W",240,",,W",180,",,W",10.1,",,W",14.1,",,W",,,,,,,,,,,,,,
USW00053922,"FAYETTEVILLE SPRINGDALE NW AR REGL AIRPORT, AR US",36.28975,-94.31152,389.6,9/28/2018,3.13,",,W",,,0,",,W",0,",,W",0,",,W",,,75,",,W",50,",,W",210,",,W",180,",,W",10.1,",,W",14.1,",,W",1,",,W",,,,,,,,,,,,
USW00053922,"FAYETTEVILLE SPRINGDALE NW AR REGL AIRPORT, AR US",36.28975,-94.31152,389.6,9/29/2018,5.37,",,W",,,0,",,W",0,",,W",0,",,W",,,80,",,W",54,",,W",180,",,W",160,",,W",13,",,W",16.1,",,W",1,",,W",1,",,W",,,,,,,,,,
USW00053922,"FAYETTEVILLE SPRINGDALE NW AR REGL AIRPORT, AR US",36.28975,-94.31152,389.6,9/30/2018,6.26,",,W",,,0,",,W",0,",,W",0,",,W",,,76,",,W",61,",,W",170,",,W",170,",,W",15,",,W",17,",,W",,,,,,,,,,,,,,
USW00053922,"FAYETTEVILLE SPRINGDALE NW AR REGL AIRPORT, AR US",36.28975,-94.31152,389.6,10/1/2018,5.59,",,W",,,0,",,W",0,",,W",0,",,W",,,81,",,W",61,",,W",200,",,W",230,",,W",14.1,",,W",18.1,",,W",1,",,W",,,,,,,,,,,,
USW00053922,"FAYETTEVILLE SPRINGDALE NW AR REGL AIRPORT, AR US",36.28975,-94.31152,389.6,10/2/2018,6.71,",,W",,,0,",,W",0,",,W",0,",,W",,,85,",,W",63,",,W",170,",,W",180,",,W",16.1,",,W",21.9,",,W",1,",,W",,,,,,,,,,,,
USW00053922,"FAYETTEVILLE SPRINGDALE NW AR REGL AIRPORT, AR US",36.28975,-94.31152,389.6,10/3/2018,12.3,",,W",,,0,",,W",0,",,W",0,",,W",,,86,",,W",68,",,W",190,",,W",180,",,W",23.9,",,W",32,",,W",1,",,W",,,,,,,,,,,,
USW00053922,"FAYETTEVILLE SPRINGDALE NW AR REGL AIRPORT, AR US",36.28975,-94.31152,389.6,10/4/2018,8.05,",,W",,,0.01,",,W",0,",,W",0,",,W",,,88,",,W",71,",,W",210,",,W",170,",,W",17,",,W",23.9,",,W",1,",,W",,,,,,,,,,,,
USW00053922,"FAYETTEVILLE SPRINGDALE NW AR REGL AIRPORT, AR US",36.28975,-94.31152,389.6,10/5/2018,9.62,",,W",,,0,",,W",0,",,W",0,",,W",,,87,",,W",66,",,W",200,",,W",220,",,W",21,",,W",28,",,W",,,,,,,,,,,,,,
USW00053922,"FAYETTEVILLE SPRINGDALE NW AR REGL AIRPORT, AR US",36.28975,-94.31152,389.6,10/6/2018,8.95,",,W",,,0.16,",,W",0,",,W",0,",,W",,,84,",,W",66,",,W",170,",,W",170,",,W",16.1,",,W",21,",,W",1,",,W",,,1,",,W",,,,,,,,
USW00053922,"FAYETTEVILLE SPRINGDALE NW AR REGL AIRPORT, AR US",36.28975,-94.31152,389.6,10/7/2018,6.71,",,W",,,0.41,",,W",0,",,W",0,",,W",,,81,",,W",67,",,W",180,",,W",170,",,W",21,",,W",25.9,",,W",1,",,W",,,1,",,W",,,,,,,,
USW00053922,"FAYETTEVILLE SPRINGDALE NW AR REGL AIRPORT, AR US",36.28975,-94.31152,389.6,10/8/2018,12.53,",,W",,,0,"T,,W",0,",,W",0,",,W",,,85,",,W",69,",,W",160,",,W",170,",,W",25.1,",,W",33.1,",,W",,,,,,,,,,,,,,
USW00053922,"FAYETTEVILLE SPRINGDALE NW AR REGL AIRPORT, AR US",36.28975,-94.31152,389.6,10/9/2018,10.07,",,W",,,0.39,",,W",0,",,W",0,",,W",,,78,",,W",63,",,W",160,",,W",160,",,W",25.1,",,W",30,",,W",1,",,W",,,,,,,,,,,,
USW00053922,"FAYETTEVILLE SPRINGDALE NW AR REGL AIRPORT, AR US",36.28975,-94.31152,389.6,10/10/2018,8.72,",,W",,,0.01,",,W",0,",,W",0,",,W",,,64,",,W",47,",,W",260,",,W",270,",,W",18.1,",,W",21.9,",,W",1,",,W",,,,,,,,,,,,
USW00053922,"FAYETTEVILLE SPRINGDALE NW AR REGL AIRPORT, AR US",36.28975,-94.31152,389.6,10/11/2018,6.26,",,W",,,0,",,W",0,",,W",0,",,W",,,62,",,W",41,",,W",350,",,W",360,",,W",14.1,",,W",17,",,W",,,,,,,,,,,,,,
USW00053922,"FAYETTEVILLE SPRINGDALE NW AR REGL AIRPORT, AR US",36.28975,-94.31152,389.6,10/12/2018,7.83,",,W",,,0.13,",,W",0,",,W",0,",,W",,,56,",,W",48,",,W",350,",,W",340,",,W",16.1,",,W",19.9,",,W",1,",,W",,,,,,,,,,,,
USW00053922,"FAYETTEVILLE SPRINGDALE NW AR REGL AIRPORT, AR US",36.28975,-94.31152,389.6,10/13/2018,6.49,",,W",,,0.31,",,W",0,",,W",0,",,W",,,55,",,W",48,",,W",140,",,W",130,",,W",17,",,W",19.9,",,W",1,",,W",,,,,,,,,,,,
USW00053922,"FAYETTEVILLE SPRINGDALE NW AR REGL AIRPORT, AR US",36.28975,-94.31152,389.6,10/14/2018,7.38,",,W",,,0.08,",,W",0,",,W",0,",,W",,,66,",,W",43,",,W",350,",,W",350,",,W",23,",,W",28,",,W",1,",,W",,,,,,,,,,,1,",,W"
USW00053922,"FAYETTEVILLE SPRINGDALE NW AR REGL AIRPORT, AR US",36.28975,-94.31152,389.6,10/15/2018,10.96,",,W",,,0,"T,,W",0,",,W",0,",,W",,,45,",,W",36,",,W",360,",,W",360,",,W",23,",,W",29.1,",,W",1,",,W",,,,,,,,,,,,
USW00053922,"FAYETTEVILLE SPRINGDALE NW AR REGL AIRPORT, AR US",36.28975,-94.31152,389.6,10/16/2018,3.36,",,W",,,0,",,W",0,",,W",0,",,W",,,58,",,W",38,",,W",10,",,W",40,",,W",8.9,",,W",13,",,W",,,,,,,,,,,,,1,",,W"
USW00053922,"FAYETTEVILLE SPRINGDALE NW AR REGL AIRPORT, AR US",36.28975,-94.31152,389.6,10/17/2018,4.7,",,W",,,0,",,W",0,",,W",0,",,W",,,71,",,W",37,",,W",20,",,W",40,",,W",16.1,",,W",23,",,W",,,,,,,,,,,,,,
USW00053922,"FAYETTEVILLE SPRINGDALE NW AR REGL AIRPORT, AR US",36.28975,-94.31152,389.6,10/18/2018,4.47,",,W",,,0,",,W",0,",,W",0,",,W",,,64,",,W",50,",,W",130,",,W",70,",,W",12.1,",,W",16.1,",,W",,,,,,,,,,,,,,
USW00053922,"FAYETTEVILLE SPRINGDALE NW AR REGL AIRPORT, AR US",36.28975,-94.31152,389.6,10/19/2018,4.7,",,W",,,0.71,",,W",0,",,W",0,",,W",,,54,",,W",49,",,W",230,",,W",210,",,W",12.1,",,W",15,",,W",1,",,W",,,,,,,,,,,,
USW00053922,"FAYETTEVILLE SPRINGDALE NW AR REGL AIRPORT, AR US",36.28975,-94.31152,389.6,10/20/2018,7.61,",,W",,,0,",,W",0,",,W",0,",,W",,,70,",,W",45,",,W",340,",,W",330,",,W",21,",,W",27.1,",,W",1,",,W",1,",,W",,,,,,,,,1,",,W"
USW00053922,"FAYETTEVILLE SPRINGDALE NW AR REGL AIRPORT, AR US",36.28975,-94.31152,389.6,10/21/2018,4.47,",,W",,,0,",,W",0,",,W",0,",,W",,,66,",,W",36,",,W",140,",,W",130,",,W",10.1,",,W",14.1,",,W",,,,,,,,,,,,,,
USW00053922,"FAYETTEVILLE SPRINGDALE NW AR REGL AIRPORT, AR US",36.28975,-94.31152,389.6,10/22/2018,4.25,",,W",,,0,",,W",0,",,W",0,",,W",,,67,",,W",39,",,W",190,",,W",180,",,W",12.1,",,W",15,",,W",,,,,,,,,,,,,,
USW00053922,"FAYETTEVILLE SPRINGDALE NW AR REGL AIRPORT, AR US",36.28975,-94.31152,389.6,10/23/2018,3.13,",,W",,,0,",,W",0,",,W",0,",,W",,,72,",,W",41,",,W",80,",,W",70,",,W",13,",,W",17,",,W",1,",,W",,,,,,,,,,,1,",,W"
USW00053922,"FAYETTEVILLE SPRINGDALE NW AR REGL AIRPORT, AR US",36.28975,-94.31152,389.6,10/24/2018,6.49,",,W",,,0,"T,,W",0,",,W",0,",,W",,,64,",,W",47,",,W",100,",,W",120,",,W",13,",,W",16.1,",,W",1,",,W",,,,,,,,,,,,
USW00053922,"FAYETTEVILLE SPRINGDALE NW AR REGL AIRPORT, AR US",36.28975,-94.31152,389.6,10/25/2018,5.14,",,W",,,0.13,",,W",0,",,W",0,",,W",,,54,",,W",48,",,W",320,",,W",310,",,W",10.1,",,W",16.1,",,W",1,",,W",,,,,,,,,,,1,",,W"
USW00053922,"FAYETTEVILLE SPRINGDALE NW AR REGL AIRPORT, AR US",36.28975,-94.31152,389.6,10/26/2018,8.28,",,W",,,0,",,W",0,",,W",0,",,W",,,60,",,W",43,",,W",330,",,W",340,",,W",18.1,",,W",23.9,",,W",1,",,W",,,,,,,,,,,1,",,W"
USW00053922,"FAYETTEVILLE SPRINGDALE NW AR REGL AIRPORT, AR US",36.28975,-94.31152,389.6,10/27/2018,5.82,",,W",,,0,",,W",0,",,W",0,",,W",,,74,",,W",41,",,W",330,",,W",290,",,W",12.1,",,W",17,",,W",1,",,W",,,,,,,,,,,1,",,W"
USW00053922,"FAYETTEVILLE SPRINGDALE NW AR REGL AIRPORT, AR US",36.28975,-94.31152,389.6,10/28/2018,6.71,",,W",,,0,",,W",0,",,W",0,",,W",,,74,",,W",45,",,W",20,",,W",360,",,W",17,",,W",21,",,W",,,,,,,,,,,,,,
USW00053922,"FAYETTEVILLE SPRINGDALE NW AR REGL AIRPORT, AR US",36.28975,-94.31152,389.6,10/29/2018,7.16,",,W",,,0,",,W",0,",,W",0,",,W",,,76,",,W",42,",,W",180,",,W",180,",,W",17,",,W",21.9,",,W",,,,,,,,,,,,,1,",,W"
USW00053922,"FAYETTEVILLE SPRINGDALE NW AR REGL AIRPORT, AR US",36.28975,-94.31152,389.6,10/30/2018,13.2,",,W",,,0.28,",,W",0,",,W",0,",,W",,,73,",,W",61,",,W",180,",,W",190,",,W",23.9,",,W",35.1,",,W",,,,,,,,,,,,,,
USW00053922,"FAYETTEVILLE SPRINGDALE NW AR REGL AIRPORT, AR US",36.28975,-94.31152,389.6,10/31/2018,10.07,",,W",,,0.55,",,W",,,0,",,W",,,65,",,W",47,",,W",30,",,W",30,",,W",19.9,",,W",25.1,",,W",1,",,W",,,,,,,,,,,1,",,W"
USW00053922,"FAYETTEVILLE SPRINGDALE NW AR REGL AIRPORT, AR US",36.28975,-94.31152,389.6,11/1/2018,11.41,",,W",,,0.45,",,W",0,",,W",0,",,W",,,50,",,W",37,",,W",10,",,W",360,",,W",23.9,",,W",29.1,",,W",1,",,W",,,,,,,,,,,,
USW00053922,"FAYETTEVILLE SPRINGDALE NW AR REGL AIRPORT, AR US",36.28975,-94.31152,389.6,11/2/2018,7.38,",,W",,,0.01,",,W",0,",,W",0,",,W",,,59,",,W",36,",,W",300,",,W",300,",,W",19.9,",,W",28,",,W",,,,,,,,,,,,,,
USW00053922,"FAYETTEVILLE SPRINGDALE NW AR REGL AIRPORT, AR US",36.28975,-94.31152,389.6,11/3/2018,11.86,",,W",,,0.67,",,W",0,",,W",0,",,W",,,65,",,W",38,",,W",170,",,W",160,",,W",25.1,",,W",31.1,",,W",1,",,W",,,1,",,W",,,,,,,,
USW00053922,"FAYETTEVILLE SPRINGDALE NW AR REGL AIRPORT, AR US",36.28975,-94.31152,389.6,11/4/2018,7.83,",,W",,,0.01,",,W",0,",,W",0,",,W",,,57,",,W",39,",,W",280,",,W",310,",,W",17,",,W",23,",,W",1,",,W",,,,,,,,,,,,
USW00053922,"FAYETTEVILLE SPRINGDALE NW AR REGL AIRPORT, AR US",36.28975,-94.31152,389.6,11/5/2018,7.16,",,W",,,0.12,",,W",0,",,W",0,",,W",,,60,",,W",40,",,W",210,",,W",170,",,W",19.9,",,W",25.1,",,W",,,,,,,,,,,,,,
USW00053922,"FAYETTEVILLE SPRINGDALE NW AR REGL AIRPORT, AR US",36.28975,-94.31152,389.6,11/6/2018,4.92,",,W",,,0,",,W",0,",,W",0,",,W",,,64,",,W",38,",,W",30,",,W",10,",,W",13,",,W",17,",,W",1,",,W",,,,,,,,,,,,
USW00053922,"FAYETTEVILLE SPRINGDALE NW AR REGL AIRPORT, AR US",36.28975,-94.31152,389.6,11/7/2018,9.84,",,W",,,0,",,W",0,",,W",0,",,W",,,62,",,W",48,",,W",50,",,W",60,",,W",17,",,W",23,",,W",,,,,,,,,,,,,,
USW00053922,"FAYETTEVILLE SPRINGDALE NW AR REGL AIRPORT, AR US",36.28975,-94.31152,389.6,11/8/2018,10.07,",,W",,,0.12,",,W",0,",,W",0,",,W",,,50,",,W",39,",,W",360,",,W",360,",,W",17,",,W",21.9,",,W",,,,,,,,,,,,,,
USW00053922,"FAYETTEVILLE SPRINGDALE NW AR REGL AIRPORT, AR US",36.28975,-94.31152,389.6,11/9/2018,11.18,",,W",,,0,",,W",0,",,W",0,",,W",,,43,",,W",23,",,W",340,",,W",340,",,W",19.9,",,W",23.9,",,W",1,",,W",,,,,,,,,,,1,",,W"
USW00053922,"FAYETTEVILLE SPRINGDALE NW AR REGL AIRPORT, AR US",36.28975,-94.31152,389.6,11/10/2018,6.71,",,W",,,0,",,W",0,",,W",0,",,W",,,49,",,W",18,",,W",160,",,W",200,",,W",14.1,",,W",18.1,",,W",,,,,,,,,,,,,,
USW00053922,"FAYETTEVILLE SPRINGDALE NW AR REGL AIRPORT, AR US",36.28975,-94.31152,389.6,11/11/2018,4.7,",,W",,,0,",,W",0,",,W",0,",,W",,,56,",,W",39,",,W",50,",,W",130,",,W",12.1,",,W",14.1,",,W",,,,,,,,,,,,,,
USW00053922,"FAYETTEVILLE SPRINGDALE NW AR REGL AIRPORT, AR US",36.28975,-94.31152,389.6,11/12/2018,15.88,",,W",,,0.11,",,W",,,0,",,W",,,46,",,W",26,",,W",360,",,W",20,",,W",25.1,",,W",33.1,",,W",1,",,W",,,,,,,,,,,,
USW00053922,"FAYETTEVILLE SPRINGDALE NW AR REGL AIRPORT, AR US",36.28975,-94.31152,389.6,11/13/2018,10.51,",,W",,,0,"T,,W",,,0,",,W",,,34,",,W",17,",,W",360,",,W",20,",,W",21,",,W",25.1,",,W",,,,,,,,,,,,,,
USW00053922,"FAYETTEVILLE SPRINGDALE NW AR REGL AIRPORT, AR US",36.28975,-94.31152,389.6,11/14/2018,4.92,",,W",,,0,",,W",0,",,W",0,",,W",,,36,",,W",17,",,W",360,",,W",20,",,W",10.1,",,W",14.1,",,W",,,,,,,,,,,,,,
USW00053922,"FAYETTEVILLE SPRINGDALE NW AR REGL AIRPORT, AR US",36.28975,-94.31152,389.6,11/15/2018,6.04,",,W",,,0,",,W",0,",,W",0,",,W",,,56,",,W",18,",,W",210,",,W",210,",,W",16.1,",,W",19.9,",,W",,,,,,,,,,,,,,
USW00053922,"FAYETTEVILLE SPRINGDALE NW AR REGL AIRPORT, AR US",36.28975,-94.31152,389.6,11/16/2018,4.03,",,W",,,0,",,W",0,",,W",0,",,W",,,67,",,W",31,",,W",200,",,W",140,",,W",12.1,",,W",13,",,W",,,,,,,,,,,,,,
USW00053922,"FAYETTEVILLE SPRINGDALE NW AR REGL AIRPORT, AR US",36.28975,-94.31152,389.6,11/17/2018,5.82,",,W",,,0,",,W",0,",,W",0,",,W",,,69,",,W",38,",,W",200,",,W",180,",,W",14.1,",,W",19,",,W",,,,,,,,,,,,,,
USW00053922,"FAYETTEVILLE SPRINGDALE NW AR REGL AIRPORT, AR US",36.28975,-94.31152,389.6,11/18/2018,8.5,",,W",,,0.08,",,W",0,",,W",0,",,W",,,44,",,W",33,",,W",360,",,W",20,",,W",14.1,",,W",18.1,",,W",1,",,W",,,,,,,,,,,1,",,W"
USW00053922,"FAYETTEVILLE SPRINGDALE NW AR REGL AIRPORT, AR US",36.28975,-94.31152,389.6,11/19/2018,5.14,",,W",,,0,",,W",0,",,W",0,",,W",,,48,",,W",32,",,W",260,",,W",270,",,W",12.1,",,W",14.1,",,W",1,",,W",,,,,,,,,,,1,",,W"
USW00053922,"FAYETTEVILLE SPRINGDALE NW AR REGL AIRPORT, AR US",36.28975,-94.31152,389.6,11/20/2018,3.8,",,W",,,0,",,W",0,",,W",0,",,W",,,51,",,W",26,",,W",10,",,W",340,",,W",14.1,",,W",16.1,",,W",,,,,,,,,,,,,,
USW00053922,"FAYETTEVILLE SPRINGDALE NW AR REGL AIRPORT, AR US",36.28975,-94.31152,389.6,11/21/2018,4.47,",,W",,,0,",,W",0,",,W",0,",,W",,,60,",,W",28,",,W",190,",,W",190,",,W",14.1,",,W",18.1,",,W",,,,,,,,,,,,,,
USW00053922,"FAYETTEVILLE SPRINGDALE NW AR REGL AIRPORT, AR US",36.28975,-94.31152,389.6,11/22/2018,6.49,",,W",,,0,",,W",0,",,W",0,",,W",,,64,",,W",30,",,W",170,",,W",210,",,W",16.1,",,W",19.9,",,W",,,,,,,,,,,,,,
USW00053922,"FAYETTEVILLE SPRINGDALE NW AR REGL AIRPORT, AR US",36.28975,-94.31152,389.6,11/23/2018,12.53,",,W",,,0.02,",,W",0,",,W",0,",,W",,,53,",,W",44,",,W",170,",,W",180,",,W",23.9,",,W",33.1,",,W",1,",,W",,,1,",,W",,,,,,,1,",,W"
USW00053922,"FAYETTEVILLE SPRINGDALE NW AR REGL AIRPORT, AR US",36.28975,-94.31152,389.6,11/24/2018,10.29,",,W",,,0,",,W",0,",,W",0,",,W",,,72,",,W",36,",,W",200,",,W",200,",,W",21,",,W",25.9,",,W",,,,,,,,,,,,,,
USW00053922,"FAYETTEVILLE SPRINGDALE NW AR REGL AIRPORT, AR US",36.28975,-94.31152,389.6,11/25/2018,17.9,",,W",,,0,",,W",0,",,W",0,",,W",,,59,",,W",30,",,W",260,",,W",260,",,W",36,",,W",42.9,",,W",,,,,,,,,,,,,1,",,W"
USW00053922,"FAYETTEVILLE SPRINGDALE NW AR REGL AIRPORT, AR US",36.28975,-94.31152,389.6,11/26/2018,8.5,",,W",,,0,",,W",0,",,W",0,",,W",,,37,",,W",21,",,W",340,",,W",350,",,W",18.1,",,W",25.9,",,W",,,,,,,,,,,,,,
USW00053922,"FAYETTEVILLE SPRINGDALE NW AR REGL AIRPORT, AR US",36.28975,-94.31152,389.6,11/27/2018,4.03,",,W",,,0,",,W",0,",,W",0,",,W",,,46,",,W",21,",,W",360,",,W",350,",,W",12.1,",,W",14.1,",,W",,,,,,,,,,,,,,
USW00053922,"FAYETTEVILLE SPRINGDALE NW AR REGL AIRPORT, AR US",36.28975,-94.31152,389.6,11/28/2018,6.26,",,W",,,0,",,W",0,",,W",0,",,W",,,60,",,W",29,",,W",170,",,W",160,",,W",21,",,W",23.9,",,W",,,,,,,,,,,,,,
USW00053922,"FAYETTEVILLE SPRINGDALE NW AR REGL AIRPORT, AR US",36.28975,-94.31152,389.6,11/29/2018,7.61,",,W",,,0,",,W",0,",,W",0,",,W",,,68,",,W",36,",,W",180,",,W",170,",,W",21.9,",,W",28,",,W",1,",,W",,,,,,,,,,,,
USW00053922,"FAYETTEVILLE SPRINGDALE NW AR REGL AIRPORT, AR US",36.28975,-94.31152,389.6,11/30/2018,6.71,",,W",,,2.03,",,W",0,",,W",0,",,W",,,71,",,W",36,",,W",240,",,W",230,",,W",40,",,W",55,",,W",1,",,W",1,",,W",1,",,W",,,,,,,1,",,W"
USW00053922,"FAYETTEVILLE SPRINGDALE NW AR REGL AIRPORT, AR US",36.28975,-94.31152,389.6,12/1/2018,14.32,",,W",,,0.16,",,W",0,",,W",0,",,W",,,57,",,W",44,",,W",230,",,W",220,",,W",25.1,",,W",35.1,",,W",,,,,1,",,W",,,,,,,,
USW00053922,"FAYETTEVILLE SPRINGDALE NW AR REGL AIRPORT, AR US",36.28975,-94.31152,389.6,12/2/2018,11.63,",,W",,,0,"T,,W",0,",,W",0,",,W",,,49,",,W",35,",,W",270,",,W",270,",,W",23.9,",,W",31.1,",,W",,,,,,,,,,,,,,
USW00053922,"FAYETTEVILLE SPRINGDALE NW AR REGL AIRPORT, AR US",36.28975,-94.31152,389.6,12/3/2018,9.84,",,W",,,0,",,W",0,",,W",0,",,W",,,36,",,W",29,",,W",360,",,W",330,",,W",17,",,W",21,",,W",,,,,,,,,,,,,,
USW00053922,"FAYETTEVILLE SPRINGDALE NW AR REGL AIRPORT, AR US",36.28975,-94.31152,389.6,12/4/2018,7.16,",,W",,,0,",,W",0,",,W",0,",,W",,,31,",,W",25,",,W",310,",,W",310,",,W",13,",,W",17,",,W",,,,,,,,,,,,,,
USW00053922,"FAYETTEVILLE SPRINGDALE NW AR REGL AIRPORT, AR US",36.28975,-94.31152,389.6,12/5/2018,7.16,",,W",,,0,",,W",0,",,W",0,",,W",,,48,",,W",23,",,W",230,",,W",240,",,W",13,",,W",17,",,W",,,,,,,,,,,,,,
USW00053922,"FAYETTEVILLE SPRINGDALE NW AR REGL AIRPORT, AR US",36.28975,-94.31152,389.6,12/6/2018,8.28,",,W",,,0,",,W",0,",,W",0,",,W",,,46,",,W",31,",,W",190,",,W",190,",,W",16.1,",,W",21,",,W",,,,,,,,,,,,,1,",,W"
USW00053922,"FAYETTEVILLE SPRINGDALE NW AR REGL AIRPORT, AR US",36.28975,-94.31152,389.6,12/7/2018,8.5,",,W",,,0,",,W",0,",,W",0,",,W",,,39,",,W",35,",,W",80,",,W",60,",,W",13,",,W",17,",,W",,,,,,,,,,,,,1,",,W"
USW00053922,"FAYETTEVILLE SPRINGDALE NW AR REGL AIRPORT, AR US",36.28975,-94.31152,389.6,12/8/2018,12.08,",,W",,,0,",,W",0,",,W",0,",,W",,,37,",,W",33,",,W",50,",,W",60,",,W",18.1,",,W",23,",,W",,,,,,,,,,,,,,
USW00053922,"FAYETTEVILLE SPRINGDALE NW AR REGL AIRPORT, AR US",36.28975,-94.31152,389.6,12/9/2018,7.83,",,W",,,0,",,W",0,",,W",0,",,W",,,46,",,W",26,",,W",350,",,W",10,",,W",14.1,",,W",18.1,",,W",,,,,,,,,,,,,,
USW00053922,"FAYETTEVILLE SPRINGDALE NW AR REGL AIRPORT, AR US",36.28975,-94.31152,389.6,12/10/2018,2.01,",,W",,,0,",,W",0,",,W",0,",,W",,,50,",,W",22,",,W",210,",,W",320,",,W",8.1,",,W",12.1,",,W",,,,,,,,,,,,,,
USW00053922,"FAYETTEVILLE SPRINGDALE NW AR REGL AIRPORT, AR US",36.28975,-94.31152,389.6,12/11/2018,10.96,",,W",,,0,",,W",0,",,W",0,",,W",,,57,",,W",25,",,W",210,",,W",210,",,W",21.9,",,W",29.1,",,W",,,,,,,,,,,,,,
USW00053922,"FAYETTEVILLE SPRINGDALE NW AR REGL AIRPORT, AR US",36.28975,-94.31152,389.6,12/12/2018,10.07,",,W",,,0,",,W",0,",,W",0,",,W",,,59,",,W",43,",,W",180,",,W",180,",,W",17,",,W",21.9,",,W",,,,,,,,,,,,,,
USW00053922,"FAYETTEVILLE SPRINGDALE NW AR REGL AIRPORT, AR US",36.28975,-94.31152,389.6,12/13/2018,7.83,",,W",,,0.54,",,W",0,",,W",0,",,W",,,56,",,W",46,",,W",10,",,W",360,",,W",21.9,",,W",27.1,",,W",1,",,W",,,,,,,,,,,1,",,W"
USW00053922,"FAYETTEVILLE SPRINGDALE NW AR REGL AIRPORT, AR US",36.28975,-94.31152,389.6,12/14/2018,17.22,",,W",,,0.04,",,W",0,",,W",0,",,W",,,46,",,W",39,",,W",10,",,W",10,",,W",25.1,",,W",33.1,",,W",1,",,W",,,,,,,,,,,1,",,W"
USW00053922,"FAYETTEVILLE SPRINGDALE NW AR REGL AIRPORT, AR US",36.28975,-94.31152,389.6,12/15/2018,8.72,",,W",,,0,",,W",0,",,W",0,",,W",,,58,",,W",33,",,W",340,",,W",350,",,W",17,",,W",21,",,W",1,",,W",,,,,,,,,,,1,",,W"
USW00053922,"FAYETTEVILLE SPRINGDALE NW AR REGL AIRPORT, AR US",36.28975,-94.31152,389.6,12/16/2018,2.91,",,W",,,0,",,W",0,",,W",0,",,W",,,62,",,W",33,",,W",340,",,W",340,",,W",10.1,",,W",11,",,W",,,,,,,,,,,,,,
USW00053922,"FAYETTEVILLE SPRINGDALE NW AR REGL AIRPORT, AR US",36.28975,-94.31152,389.6,12/17/2018,2.91,",,W",,,0,",,W",0,",,W",0,",,W",,,61,",,W",29,",,W",110,",,W",120,",,W",8.9,",,W",15,",,W",,,,,,,,,,,,,,
USW00053922,"FAYETTEVILLE SPRINGDALE NW AR REGL AIRPORT, AR US",36.28975,-94.31152,389.6,12/18/2018,5.14,",,W",,,0,",,W",0,",,W",0,",,W",,,60,",,W",31,",,W",160,",,W",190,",,W",15,",,W",18.1,",,W",1,",,W",,,,,,,,,,,1,",,W"
USW00053922,"FAYETTEVILLE SPRINGDALE NW AR REGL AIRPORT, AR US",36.28975,-94.31152,389.6,12/19/2018,7.61,",,W",,,0,",,W",0,",,W",0,",,W",,,58,",,W",32,",,W",200,",,W",200,",,W",21.9,",,W",27.1,",,W",1,",,W",1,",,W",,,,,,,,,1,",,W"
USW00053922,"FAYETTEVILLE SPRINGDALE NW AR REGL AIRPORT, AR US",36.28975,-94.31152,389.6,12/20/2018,14.32,",,W",,,0,"T,,W",0,",,W",0,",,W",,,48,",,W",36,",,W",350,",,W",360,",,W",31.1,",,W",47,",,W",,,,,,,,,,,,,,
USW00053922,"FAYETTEVILLE SPRINGDALE NW AR REGL AIRPORT, AR US",36.28975,-94.31152,389.6,12/21/2018,7.38,",,W",,,0,",,W",0,",,W",0,",,W",,,50,",,W",30,",,W",340,",,W",340,",,W",21,",,W",27.1,",,W",,,,,,,,,,,,,,
USW00053922,"FAYETTEVILLE SPRINGDALE NW AR REGL AIRPORT, AR US",36.28975,-94.31152,389.6,12/22/2018,5.37,",,W",,,0,",,W",0,",,W",0,",,W",,,62,",,W",30,",,W",360,",,W",340,",,W",12.1,",,W",16.1,",,W",,,,,,,,,,,,,,
USW00053922,"FAYETTEVILLE SPRINGDALE NW AR REGL AIRPORT, AR US",36.28975,-94.31152,389.6,12/23/2018,8.5,",,W",,,0,",,W",0,",,W",0,",,W",,,51,",,W",30,",,W",10,",,W",10,",,W",23,",,W",27.1,",,W",,,,,,,,,,,,,,
USW00053922,"FAYETTEVILLE SPRINGDALE NW AR REGL AIRPORT, AR US",36.28975,-94.31152,389.6,12/24/2018,6.93,",,W",,,0,",,W",0,",,W",0,",,W",,,53,",,W",24,",,W",180,",,W",170,",,W",21,",,W",23.9,",,W",,,,,,,,,,,,,,
USW00053922,"FAYETTEVILLE SPRINGDALE NW AR REGL AIRPORT, AR US",36.28975,-94.31152,389.6,12/25/2018,4.25,",,W",,,0,",,W",0,",,W",0,",,W",,,61,",,W",38,",,W",180,",,W",180,",,W",14.1,",,W",17,",,W",,,,,,,,,,,,,,
USW00053922,"FAYETTEVILLE SPRINGDALE NW AR REGL AIRPORT, AR US",36.28975,-94.31152,389.6,12/26/2018,13.65,",,W",,,1.39,",,W",0,",,W",0,",,W",,,62,",,W",51,",,W",130,",,W",140,",,W",25.1,",,W",31.1,",,W",1,",,W",,,1,",,W",,,,,,,,
USW00053922,"FAYETTEVILLE SPRINGDALE NW AR REGL AIRPORT, AR US",36.28975,-94.31152,389.6,12/27/2018,15.88,",,W",,,0.87,",,W",0,",,W",0,",,W",,,62,",,W",33,",,W",200,",,W",200,",,W",29.1,",,W",40,",,W",1,",,W",,,,,,,,,,,,
USW00053922,"FAYETTEVILLE SPRINGDALE NW AR REGL AIRPORT, AR US",36.28975,-94.31152,389.6,12/28/2018,9.17,",,W",,,0,",,W",0,",,W",0,",,W",,,35,",,W",26,",,W",340,",,W",280,",,W",15,",,W",19.9,",,W",,,,,,,,,,,,,,
USW00053922,"FAYETTEVILLE SPRINGDALE NW AR REGL AIRPORT, AR US",36.28975,-94.31152,389.6,12/29/2018,4.92,",,W",,,0,",,W",0,",,W",0,",,W",,,35,",,W",24,",,W",30,",,W",20,",,W",12.1,",,W",15,",,W",,,,,,,,,,,,,,
USW00053922,"FAYETTEVILLE SPRINGDALE NW AR REGL AIRPORT, AR US",36.28975,-94.31152,389.6,12/30/2018,3.36,",,W",,,0,"T,,W",,,0,",,W",,,45,",,W",26,",,W",180,",,W",190,",,W",10.1,",,W",12.1,",,W",,,,,,,,,,,,,,
USW00053922,"FAYETTEVILLE SPRINGDALE NW AR REGL AIRPORT, AR US",36.28975,-94.31152,389.6,12/31/2018,6.93,",,W",,,1.07,",,W",,,0,",,W",,,47,",,W",40,",,W",260,",,W",230,",,W",25.1,",,W",32,",,W",1,",,W",,,,,,,,,,,1,",,W"
USW00053922,"FAYETTEVILLE SPRINGDALE NW AR REGL AIRPORT, AR US",36.28975,-94.31152,389.6,1/1/2019,8.28,",,W",,,0,",,W",0,",,W",0,",,W",,,40,",,W",30,",,W",340,",,W",340,",,W",16.1,",,W",19,",,W",1,",,W",,,,,,,,,,,1,",,W"
USW00053922,"FAYETTEVILLE SPRINGDALE NW AR REGL AIRPORT, AR US",36.28975,-94.31152,389.6,1/2/2019,3.58,",,W",,,0.06,",,W",0,",,W",0,",,W",,,34,",,W",29,",,W",200,",,W",200,",,W",8.1,",,W",10.1,",,W",1,",,W",,,,,,,,,1,",,W",1,",,W"
USW00053922,"FAYETTEVILLE SPRINGDALE NW AR REGL AIRPORT, AR US",36.28975,-94.31152,389.6,1/3/2019,5.59,",,W",,,0.27,",,W",0,",,W",0,",,W",,,42,",,W",33,",,W",50,",,W",50,",,W",14.1,",,W",18.1,",,W",1,",,W",,,,,,,,,,,1,",,W"
USW00053922,"FAYETTEVILLE SPRINGDALE NW AR REGL AIRPORT, AR US",36.28975,-94.31152,389.6,1/4/2019,7.83,",,W",,,1.16,",,W",0,",,W",0,",,W",,,53,",,W",37,",,W",360,",,W",360,",,W",17,",,W",21.9,",,W",1,",,W",,,,,,,,,,,,
USW00053922,"FAYETTEVILLE SPRINGDALE NW AR REGL AIRPORT, AR US",36.28975,-94.31152,389.6,1/5/2019,4.92,",,W",,,0,",,W",0,",,W",0,",,W",,,66,",,W",30,",,W",250,",,W",200,",,W",12.1,",,W",14.1,",,W",,,,,,,,,,,,,,
USW00053922,"FAYETTEVILLE SPRINGDALE NW AR REGL AIRPORT, AR US",36.28975,-94.31152,389.6,1/6/2019,11.63,",,W",,,0,",,W",0,",,W",0,",,W",,,67,",,W",39,",,W",170,",,W",180,",,W",23,",,W",30,",,W",,,,,,,,,,,,,,
USW00053922,"FAYETTEVILLE SPRINGDALE NW AR REGL AIRPORT, AR US",36.28975,-94.31152,389.6,1/7/2019,12.53,",,W",,,0.03,",,W",0,",,W",0,",,W",,,69,",,W",44,",,W",200,",,W",200,",,W",23.9,",,W",32,",,W",,,,,,,,,,,,,,
USW00053922,"FAYETTEVILLE SPRINGDALE NW AR REGL AIRPORT, AR US",36.28975,-94.31152,389.6,1/8/2019,8.72,",,W",,,0,",,W",0,",,W",0,",,W",,,58,",,W",37,",,W",360,",,W",360,",,W",18.1,",,W",25.9,",,W",,,,,,,,,,,,,,
USW00053922,"FAYETTEVILLE SPRINGDALE NW AR REGL AIRPORT, AR US",36.28975,-94.31152,389.6,1/9/2019,7.38,",,W",,,0,",,W",0,",,W",0,",,W",,,50,",,W",28,",,W",350,",,W",310,",,W",17,",,W",21.9,",,W",,,,,,,,,,,,,,
USW00053922,"FAYETTEVILLE SPRINGDALE NW AR REGL AIRPORT, AR US",36.28975,-94.31152,389.6,1/10/2019,3.36,",,W",,,0.01,",,W",0,",,W",0,",,W",,,46,",,W",24,",,W",120,",,W",110,",,W",10.1,",,W",12.1,",,W",,,,,,,,,,,,,,
USW00053922,"FAYETTEVILLE SPRINGDALE NW AR REGL AIRPORT, AR US",36.28975,-94.31152,389.6,1/11/2019,9.4,",,W",,,0.91,",,W",,,0,",,W",,,40,",,W",36,",,W",130,",,W",130,",,W",16.1,",,W",23,",,W",1,",,W",,,,,,,,,,,1,",,W"
USW00053922,"FAYETTEVILLE SPRINGDALE NW AR REGL AIRPORT, AR US",36.28975,-94.31152,389.6,1/12/2019,8.28,",,W",,,0.54,",,W",0,",,W",0,",,W",,,43,",,W",33,",,W",320,",,W",310,",,W",18.1,",,W",25.9,",,W",1,",,W",,,,,,,,,,,1,",,W"
USW00053922,"FAYETTEVILLE SPRINGDALE NW AR REGL AIRPORT, AR US",36.28975,-94.31152,389.6,1/13/2019,9.84,",,W",,,0,"T,,W",,,0,",,W",,,34,",,W",33,",,W",340,",,W",330,",,W",17,",,W",21.9,",,W",,,,,,,,,,,,,1,",,W"
USW00053922,"FAYETTEVILLE SPRINGDALE NW AR REGL AIRPORT, AR US",36.28975,-94.31152,389.6,1/14/2019,4.92,",,W",,,0,"T,,W",,,0,",,W",,,35,",,W",32,",,W",200,",,W",220,",,W",10.1,",,W",12.1,",,W",1,",,W",,,,,,,,,,,1,",,W"
USW00053922,"FAYETTEVILLE SPRINGDALE NW AR REGL AIRPORT, AR US",36.28975,-94.31152,389.6,1/15/2019,6.04,",,W",,,0,",,W",0,",,W",0,",,W",,,51,",,W",31,",,W",200,",,W",190,",,W",12.1,",,W",16.1,",,W",1,",,W",,,,,,,,,,,1,",,W"
USW00053922,"FAYETTEVILLE SPRINGDALE NW AR REGL AIRPORT, AR US",36.28975,-94.31152,389.6,1/16/2019,6.26,",,W",,,0.01,",,W",0,",,W",0,",,W",,,49,",,W",39,",,W",170,",,W",160,",,W",13,",,W",16.1,",,W",1,",,W",,,,,,,,,,,1,",,W"
USW00053922,"FAYETTEVILLE SPRINGDALE NW AR REGL AIRPORT, AR US",36.28975,-94.31152,389.6,1/17/2019,5.59,",,W",,,0.15,",,W",0,",,W",0,",,W",,,51,",,W",40,",,W",340,",,W",350,",,W",13,",,W",16.1,",,W",1,",,W",,,1,",,W",,,,,,,1,",,W"
USW00053922,"FAYETTEVILLE SPRINGDALE NW AR REGL AIRPORT, AR US",36.28975,-94.31152,389.6,1/18/2019,11.41,",,W",,,0.52,",,W",0,",,W",0,",,W",,,57,",,W",38,",,W",160,",,W",160,",,W",23.9,",,W",30,",,W",1,",,W",,,1,",,W",,,,,,,1,",,W"
USW00053922,"FAYETTEVILLE SPRINGDALE NW AR REGL AIRPORT, AR US",36.28975,-94.31152,389.6,1/19/2019,17,",,W",,,0.62,",,W",,,0,",,W",,,51,",,W",21,",,W",360,",,W",360,",,W",32,",,W",38.9,",,W",1,",,W",,,1,",,W",,,,,,,,
USW00053922,"FAYETTEVILLE SPRINGDALE NW AR REGL AIRPORT, AR US",36.28975,-94.31152,389.6,1/20/2019,3.8,",,W",,,0,",,W",0,",,W",0,",,W",,,37,",,W",15,",,W",360,",,W",360,",,W",16.1,",,W",19.9,",,W",,,,,,,,,,,,,,
USW00053922,"FAYETTEVILLE SPRINGDALE NW AR REGL AIRPORT, AR US",36.28975,-94.31152,389.6,1/21/2019,15.21,",,W",,,0,"T,,W",0,",,W",0,",,W",,,47,",,W",27,",,W",170,",,W",160,",,W",29.1,",,W",36,",,W",,,,,,,,,,,,,,
USW00053922,"FAYETTEVILLE SPRINGDALE NW AR REGL AIRPORT, AR US",36.28975,-94.31152,389.6,1/22/2019,16.11,",,W",,,0.27,",,W",0,"T,,W",0,",,W",,,52,",,W",31,",,W",180,",,W",170,",,W",25.1,",,W",32,",,W",1,",,W",,,,,,,,,,,1,",,W"
USW00053922,"FAYETTEVILLE SPRINGDALE NW AR REGL AIRPORT, AR US",36.28975,-94.31152,389.6,1/23/2019,9.17,",,W",,,0.01,",,W",0,"T,,W",0,",,W",,,31,",,W",21,",,W",290,",,W",300,",,W",19.9,",,W",25.9,",,W",,,,,,,,,,,,,1,",,W"
USW00053922,"FAYETTEVILLE SPRINGDALE NW AR REGL AIRPORT, AR US",36.28975,-94.31152,389.6,1/24/2019,7.61,",,W",,,0,",,W",0,",,W",0,",,W",,,42,",,W",20,",,W",340,",,W",350,",,W",18.1,",,W",23,",,W",,,,,,,,,,,,,,
USW00053922,"FAYETTEVILLE SPRINGDALE NW AR REGL AIRPORT, AR US",36.28975,-94.31152,389.6,1/25/2019,5.59,",,W",,,0,"T,,W",,,0,",,W",,,36,",,W",13,",,W",240,",,W",240,",,W",19.9,",,W",23.9,",,W",,,,,,,,,,,,,,
USW00053922,"FAYETTEVILLE SPRINGDALE NW AR REGL AIRPORT, AR US",36.28975,-94.31152,389.6,1/26/2019,7.61,",,W",,,0,",,W",0,",,W",0,",,W",,,52,",,W",20,",,W",250,",,W",260,",,W",18.1,",,W",23.9,",,W",1,",,W",,,,,,,,,,,1,",,W"
USW00053922,"FAYETTEVILLE SPRINGDALE NW AR REGL AIRPORT, AR US",36.28975,-94.31152,389.6,1/27/2019,4.7,",,W",,,0,",,W",0,",,W",0,",,W",,,55,",,W",27,",,W",190,",,W",180,",,W",13,",,W",16.1,",,W",,,,,,,,,,,,,,
USW00053922,"FAYETTEVILLE SPRINGDALE NW AR REGL AIRPORT, AR US",36.28975,-94.31152,389.6,1/28/2019,14.99,",,W",,,0.01,",,W",,,0,",,W",,,49,",,W",22,",,W",350,",,W",340,",,W",29.1,",,W",36.9,",,W",,,,,,,,,,,,,,
USW00053922,"FAYETTEVILLE SPRINGDALE NW AR REGL AIRPORT, AR US",36.28975,-94.31152,389.6,1/29/2019,7.61,",,W",,,0,",,W",0,",,W",0,",,W",,,41,",,W",14,",,W",270,",,W",280,",,W",23.9,",,W",30,",,W",,,,,,,,,,,,,,
USW00053922,"FAYETTEVILLE SPRINGDALE NW AR REGL AIRPORT, AR US",36.28975,-94.31152,389.6,1/30/2019,6.93,",,W",,,0,",,W",0,",,W",0,",,W",,,34,",,W",15,",,W",20,",,W",30,",,W",18.1,",,W",23,",,W",,,,,,,,,,,,,,
USW00053922,"FAYETTEVILLE SPRINGDALE NW AR REGL AIRPORT, AR US",36.28975,-94.31152,389.6,1/31/2019,5.59,",,W",,,0,"T,,W",,,0,",,W",,,45,",,W",21,",,W",170,",,W",180,",,W",17,",,W",21.9,",,W",,,,,,,,,,,,,,
USW00053922,"FAYETTEVILLE SPRINGDALE NW AR REGL AIRPORT, AR US",36.28975,-94.31152,389.6,2/1/2019,2.46,",,W",,,0,",,W",0,",,W",0,",,W",,,57,",,W",38,",,W",180,",,W",210,",,W",8.9,",,W",15,",,W",1,",,W",1,",,W",,,,,,,,,1,",,W"
USW00053922,"FAYETTEVILLE SPRINGDALE NW AR REGL AIRPORT, AR US",36.28975,-94.31152,389.6,2/2/2019,10.51,",,W",,,0,",,W",0,",,W",0,",,W",,,64,",,W",47,",,W",170,",,W",170,",,W",17,",,W",21.9,",,W",1,",,W",,,,,,,,,,,1,",,W"
USW00053922,"FAYETTEVILLE SPRINGDALE NW AR REGL AIRPORT, AR US",36.28975,-94.31152,389.6,2/3/2019,15.66,",,W",,,0,",,W",0,",,W",0,",,W",,,65,",,W",54,",,W",180,",,W",200,",,W",25.1,",,W",36,",,W",,,,,,,,,,,,,,
USW00053922,"FAYETTEVILLE SPRINGDALE NW AR REGL AIRPORT, AR US",36.28975,-94.31152,389.6,2/4/2019,12.3,",,W",,,0,",,W",0,",,W",0,",,W",,,71,",,W",43,",,W",190,",,W",190,",,W",23,",,W",29.1,",,W",1,",,W",,,,,,,,,,,1,",,W"
USW00053922,"FAYETTEVILLE SPRINGDALE NW AR REGL AIRPORT, AR US",36.28975,-94.31152,389.6,2/5/2019,6.93,",,W",,,0.03,",,W",0,",,W",0,",,W",,,75,",,W",44,",,W",190,",,W",210,",,W",21,",,W",28,",,W",1,",,W",,,1,",,W",,,,,,,1,",,W"
USW00053922,"FAYETTEVILLE SPRINGDALE NW AR REGL AIRPORT, AR US",36.28975,-94.31152,389.6,2/6/2019,4.47,",,W",,,0.1,",,W",0,",,W",0,",,W",,,61,",,W",39,",,W",290,",,W",280,",,W",32,",,W",46.1,",,W",1,",,W",,,1,",,W",,,,,,,1,",,W"
USW00053922,"FAYETTEVILLE SPRINGDALE NW AR REGL AIRPORT, AR US",36.28975,-94.31152,389.6,2/7/2019,12.3,",,W",,,0.67,",,W",,,0,",,W",,,49,",,W",16,",,W",290,",,W",280,",,W",23.9,",,W",36,",,W",1,",,W",,,1,",,W",,,,,,,1,",,W"
USW00053922,"FAYETTEVILLE SPRINGDALE NW AR REGL AIRPORT, AR US",36.28975,-94.31152,389.6,2/8/2019,6.93,",,W",,,0,",,W",0,",,W",0,",,W",,,32,",,W",13,",,W",10,",,W",10,",,W",18.1,",,W",21,",,W",,,,,,,,,,,,,,
USW00053922,"FAYETTEVILLE SPRINGDALE NW AR REGL AIRPORT, AR US",36.28975,-94.31152,389.6,2/9/2019,6.26,",,W",,,0,"T,,W",0,",,W",0,",,W",,,45,",,W",19,",,W",90,",,W",80,",,W",14.1,",,W",18.1,",,W",,,,,,,,,,,,,,
USW00053922,"FAYETTEVILLE SPRINGDALE NW AR REGL AIRPORT, AR US",36.28975,-94.31152,389.6,2/10/2019,8.28,",,W",,,0,"T,,W",0,",,W",0,",,W",,,44,",,W",36,",,W",200,",,W",190,",,W",15,",,W",19.9,",,W",1,",,W",,,,,,,,,,,1,",,W"
USW00053922,"FAYETTEVILLE SPRINGDALE NW AR REGL AIRPORT, AR US",36.28975,-94.31152,389.6,2/11/2019,6.26,",,W",,,0.67,",,W",0,",,W",0,",,W",,,53,",,W",43,",,W",190,",,W",190,",,W",16.1,",,W",23,",,W",1,",,W",,,,,,,,,,,1,",,W"
USW00053922,"FAYETTEVILLE SPRINGDALE NW AR REGL AIRPORT, AR US",36.28975,-94.31152,389.6,2/12/2019,11.63,",,W",,,0.18,",,W",,,0,",,W",,,51,",,W",33,",,W",310,",,W",310,",,W",23,",,W",35.1,",,W",1,",,W",,,,,,,,,,,,
USW00053922,"FAYETTEVILLE SPRINGDALE NW AR REGL AIRPORT, AR US",36.28975,-94.31152,389.6,2/13/2019,13.2,",,W",,,0,"T,,W",0,",,W",0,",,W",,,60,",,W",29,",,W",200,",,W",200,",,W",25.9,",,W",35.1,",,W",,,,,,,,,,,,,,
USW00053922,"FAYETTEVILLE SPRINGDALE NW AR REGL AIRPORT, AR US",36.28975,-94.31152,389.6,2/14/2019,15.66,",,W",,,0,",,W",0,",,W",0,",,W",,,63,",,W",34,",,W",190,",,W",200,",,W",28,",,W",36,",,W",,,,,,,,,,,,,,
USW00053922,"FAYETTEVILLE SPRINGDALE NW AR REGL AIRPORT, AR US",36.28975,-94.31152,389.6,2/15/2019,12.3,",,W",,,0.06,",,W",,,0,",,W",,,35,",,W",26,",,W",70,",,W",80,",,W",19.9,",,W",25.9,",,W",1,",,W",,,,,,,,,1,",,W",1,",,W"
USW00053922,"FAYETTEVILLE SPRINGDALE NW AR REGL AIRPORT, AR US",36.28975,-94.31152,389.6,2/16/2019,7.16,",,W",,,0,",,W",0,",,W",0,",,W",,,39,",,W",24,",,W",30,",,W",30,",,W",16.1,",,W",19.9,",,W",1,",,W",,,,,,,,,,,1,",,W"
USW00053922,"FAYETTEVILLE SPRINGDALE NW AR REGL AIRPORT, AR US",36.28975,-94.31152,389.6,2/17/2019,9.62,",,W",,,0,"T,,W",0,",,W",0,",,W",,,39,",,W",25,",,W",290,",,W",280,",,W",18.1,",,W",25.1,",,W",1,",,W",,,,,,,,,,,1,",,W"
USW00053922,"FAYETTEVILLE SPRINGDALE NW AR REGL AIRPORT, AR US",36.28975,-94.31152,389.6,2/18/2019,8.95,",,W",,,0,",,W",0,",,W",0,",,W",,,39,",,W",19,",,W",30,",,W",50,",,W",16.1,",,W",19,",,W",,,,,,,,,,,,,,
USW00053922,"FAYETTEVILLE SPRINGDALE NW AR REGL AIRPORT, AR US",36.28975,-94.31152,389.6,2/19/2019,10.74,",,W",,,0.32,",,W",,,0,",,W",,,42,",,W",31,",,W",100,",,W",80,",,W",19.9,",,W",25.9,",,W",1,",,W",,,,,,,,,,,1,",,W"
USW00053922,"FAYETTEVILLE SPRINGDALE NW AR REGL AIRPORT, AR US",36.28975,-94.31152,389.6,2/20/2019,6.71,",,W",,,0,",,W",0,",,W",0,",,W",,,48,",,W",35,",,W",250,",,W",250,",,W",17,",,W",21.9,",,W",1,",,W",,,,,,,,,,,1,",,W"
USW00053922,"FAYETTEVILLE SPRINGDALE NW AR REGL AIRPORT, AR US",36.28975,-94.31152,389.6,2/21/2019,8.5,",,W",,,0,",,W",0,",,W",0,",,W",,,49,",,W",31,",,W",90,",,W",80,",,W",17,",,W",23,",,W",,,,,,,,,,,,,1,",,W"
USW00053922,"FAYETTEVILLE SPRINGDALE NW AR REGL AIRPORT, AR US",36.28975,-94.31152,389.6,2/22/2019,9.4,",,W",,,0.13,",,W",,,0,",,W",,,48,",,W",38,",,W",90,",,W",120,",,W",16.1,",,W",19.9,",,W",1,",,W",,,,,,,,,,,1,",,W"
USW00053922,"FAYETTEVILLE SPRINGDALE NW AR REGL AIRPORT, AR US",36.28975,-94.31152,389.6,2/23/2019,15.21,",,W",,,0.2,",,W",0,",,W",0,",,W",,,65,",,W",37,",,W",270,",,W",270,",,W",35.1,",,W",47,",,W",1,",,W",,,1,",,W",,,,,,,1,",,W"
USW00053922,"FAYETTEVILLE SPRINGDALE NW AR REGL AIRPORT, AR US",36.28975,-94.31152,389.6,2/24/2019,9.4,",,W",,,0,",,W",0,",,W",0,",,W",,,52,",,W",31,",,W",300,",,W",270,",,W",17,",,W",38,",,W",,,,,,,,,,,,,,
USW00053922,"FAYETTEVILLE SPRINGDALE NW AR REGL AIRPORT, AR US",36.28975,-94.31152,389.6,2/25/2019,8.95,",,W",,,0,",,W",0,",,W",0,",,W",,,59,",,W",29,",,W",160,",,W",150,",,W",21.9,",,W",25.9,",,W",,,,,,,,,,,,,,
USW00053922,"FAYETTEVILLE SPRINGDALE NW AR REGL AIRPORT, AR US",36.28975,-94.31152,389.6,2/26/2019,7.38,",,W",,,0,",,W",0,",,W",0,",,W",,,67,",,W",32,",,W",180,",,W",180,",,W",18.1,",,W",23,",,W",,,,,,,,,,,,,,
USW00053922,"FAYETTEVILLE SPRINGDALE NW AR REGL AIRPORT, AR US",36.28975,-94.31152,389.6,2/27/2019,10.07,",,W",,,0,"T,,W",,,0,",,W",,,55,",,W",32,",,W",360,",,W",350,",,W",17,",,W",21,",,W",1,",,W",,,,,,,,,,,1,",,W"
USW00053922,"FAYETTEVILLE SPRINGDALE NW AR REGL AIRPORT, AR US",36.28975,-94.31152,389.6,2/28/2019,8.95,",,W",,,0,"T,,W",,,0,",,W",,,32,",,W",28,",,W",360,",,W",360,",,W",14.1,",,W",16.1,",,W",1,",,W",,,,,,,,,,,1,",,W"
USW00053922,"FAYETTEVILLE SPRINGDALE NW AR REGL AIRPORT, AR US",36.28975,-94.31152,389.6,3/1/2019,5.14,",,W",,,0,",,W",0,",,W",0,",,W",,,41,",,W",29,",,W",10,",,W",80,",,W",12.1,",,W",16.1,",,W",1,",,W",,,,,,,,,,,1,",,W"
USW00053922,"FAYETTEVILLE SPRINGDALE NW AR REGL AIRPORT, AR US",36.28975,-94.31152,389.6,3/2/2019,7.38,",,W",,,0,",,W",0,",,W",0,",,W",,,39,",,W",36,",,W",60,",,W",40,",,W",13,",,W",17,",,W",,,,,,,,,,,,,1,",,W"
USW00053922,"FAYETTEVILLE SPRINGDALE NW AR REGL AIRPORT, AR US",36.28975,-94.31152,389.6,3/3/2019,15.66,",,W",,,0.04,",,W",,,0,",,W",,,36,",,W",13,",,W",10,",,W",10,",,W",25.1,",,W",30,",,W",1,",,W",,,,,,,,,1,",,W",1,",,W"
USW00053922,"FAYETTEVILLE SPRINGDALE NW AR REGL AIRPORT, AR US",36.28975,-94.31152,389.6,3/4/2019,9.4,",,W",,,0,"T,,W",,,0,",,W",,,25,",,W",7,",,W",360,",,W",360,",,W",18.1,",,W",23,",,W",,,,,,,,,,,,,,
USW00053922,"FAYETTEVILLE SPRINGDALE NW AR REGL AIRPORT, AR US",36.28975,-94.31152,389.6,3/5/2019,8.28,",,W",,,0,",,W",0,",,W",0,",,W",,,39,",,W",13,",,W",300,",,W",310,",,W",21,",,W",27.1,",,W",,,,,,,,,,,,,,
USW00053922,"FAYETTEVILLE SPRINGDALE NW AR REGL AIRPORT, AR US",36.28975,-94.31152,389.6,3/6/2019,5.59,",,W",,,0,",,W",0,",,W",0,",,W",,,50,",,W",16,",,W",170,",,W",170,",,W",16.1,",,W",19,",,W",,,,,,,,,,,,,,
USW00053922,"FAYETTEVILLE SPRINGDALE NW AR REGL AIRPORT, AR US",36.28975,-94.31152,389.6,3/7/2019,7.83,",,W",,,0,",,W",0,",,W",0,",,W",,,49,",,W",29,",,W",160,",,W",160,",,W",18.1,",,W",21,",,W",1,",,W",,,,,,,,,,,1,",,W"
USW00053922,"FAYETTEVILLE SPRINGDALE NW AR REGL AIRPORT, AR US",36.28975,-94.31152,389.6,3/8/2019,6.93,",,W",,,0,",,W",0,",,W",0,",,W",,,58,",,W",43,",,W",70,",,W",70,",,W",14.1,",,W",19,",,W",1,",,W",,,,,,,,,,,1,",,W"
USW00053922,"FAYETTEVILLE SPRINGDALE NW AR REGL AIRPORT, AR US",36.28975,-94.31152,389.6,3/9/2019,15.88,",,W",,,0.91,",,W",0,",,W",0,",,W",,,69,",,W",42,",,W",270,",,W",270,",,W",40.9,",,W",53.9,",,W",1,",,W",,,1,",,W",,,,,,,1,",,W"
USW00053922,"FAYETTEVILLE SPRINGDALE NW AR REGL AIRPORT, AR US",36.28975,-94.31152,389.6,3/10/2019,6.04,",,W",,,0.03,",,W",0,",,W",0,",,W",,,46,",,W",33,",,W",10,",,W",340,",,W",15,",,W",19.9,",,W",,,,,,,,,,,,,,
USW00053922,"FAYETTEVILLE SPRINGDALE NW AR REGL AIRPORT, AR US",36.28975,-94.31152,389.6,3/11/2019,2.46,",,W",,,0.02,",,W",0,",,W",0,",,W",,,66,",,W",41,",,W",350,",,W",350,",,W",12.1,",,W",17,",,W",,,,,,,,,,,,,,
USW00053922,"FAYETTEVILLE SPRINGDALE NW AR REGL AIRPORT, AR US",36.28975,-94.31152,389.6,3/12/2019,10.74,",,W",,,0.29,",,W",0,",,W",0,",,W",,,61,",,W",49,",,W",160,",,W",160,",,W",23,",,W",28,",,W",1,",,W",,,1,",,W",,,,,,,1,",,W"
USW00053922,"FAYETTEVILLE SPRINGDALE NW AR REGL AIRPORT, AR US",36.28975,-94.31152,389.6,3/13/2019,19.69,",,W",,,0.3,",,W",0,",,W",0,",,W",,,65,",,W",55,",,W",160,",,W",150,",,W",38.9,",,W",48.1,",,W",,,,,,,,,,,,,,
USW00053922,"FAYETTEVILLE SPRINGDALE NW AR REGL AIRPORT, AR US",36.28975,-94.31152,389.6,3/14/2019,19.91,",,W",,,0,",,W",0,",,W",0,",,W",,,63,",,W",42,",,W",260,",,W",240,",,W",33.1,",,W",46.1,",,W",,,,,,,,,,,,,,
USW00053922,"FAYETTEVILLE SPRINGDALE NW AR REGL AIRPORT, AR US",36.28975,-94.31152,389.6,3/15/2019,10.51,",,W",,,0,",,W",0,",,W",0,",,W",,,53,",,W",33,",,W",340,",,W",340,",,W",25.1,",,W",32,",,W",,,,,,,,,,,,,,
USW00053922,"FAYETTEVILLE SPRINGDALE NW AR REGL AIRPORT, AR US",36.28975,-94.31152,389.6,3/16/2019,3.13,",,W",,,0,",,W",0,",,W",0,",,W",,,60,",,W",27,",,W",210,",,W",310,",,W",8.9,",,W",13,",,W",,,,,,,,,,,,,,
USW00053922,"FAYETTEVILLE SPRINGDALE NW AR REGL AIRPORT, AR US",36.28975,-94.31152,389.6,3/17/2019,4.25,",,W",,,0,",,W",0,",,W",0,",,W",,,66,",,W",32,",,W",270,",,W",270,",,W",14.1,",,W",17,",,W",,,,,,,,,,,,,1,",,W"
USW00053922,"FAYETTEVILLE SPRINGDALE NW AR REGL AIRPORT, AR US",36.28975,-94.31152,389.6,3/18/2019,4.92,",,W",,,0,",,W",0,",,W",0,",,W",,,66,",,W",43,",,W",110,",,W",70,",,W",13,",,W",16.1,",,W",,,,,,,,,,,,,,
USW00053922,"FAYETTEVILLE SPRINGDALE NW AR REGL AIRPORT, AR US",36.28975,-94.31152,389.6,3/19/2019,9.17,",,W",,,0,",,W",0,",,W",0,",,W",,,68,",,W",40,",,W",180,",,W",200,",,W",21,",,W",25.9,",,W",,,,,,,,,,,,,,
USW00053922,"FAYETTEVILLE SPRINGDALE NW AR REGL AIRPORT, AR US",36.28975,-94.31152,389.6,3/20/2019,8.05,",,W",,,0.09,",,W",0,",,W",0,",,W",,,56,",,W",43,",,W",250,",,W",290,",,W",15,",,W",19.9,",,W",1,",,W",,,,,,,,,,,,
USW00053922,"FAYETTEVILLE SPRINGDALE NW AR REGL AIRPORT, AR US",36.28975,-94.31152,389.6,3/21/2019,8.28,",,W",,,0,",,W",0,",,W",0,",,W",,,64,",,W",38,",,W",330,",,W",310,",,W",16.1,",,W",23,",,W",,,,,,,,,,,,,,
USW00053922,"FAYETTEVILLE SPRINGDALE NW AR REGL AIRPORT, AR US",36.28975,-94.31152,389.6,3/22/2019,2.01,",,W",,,0,",,W",0,",,W",0,",,W",,,70,",,W",32,",,W",140,",,W",120,",,W",8.1,",,W",11,",,W",,,,,,,,,,,,,1,",,W"
USW00053922,"FAYETTEVILLE SPRINGDALE NW AR REGL AIRPORT, AR US",36.28975,-94.31152,389.6,3/23/2019,9.62,",,W",,,0.91,",,W",0,",,W",0,",,W",,,66,",,W",48,",,W",130,",,W",130,",,W",36,",,W",50.1,",,W",1,",,W",,,1,",,W",,,,,,,,
USW00053922,"FAYETTEVILLE SPRINGDALE NW AR REGL AIRPORT, AR US",36.28975,-94.31152,389.6,3/24/2019,8.95,",,W",,,0.07,",,W",,,0,",,W",,,71,",,W",48,",,W",200,",,W",230,",,W",17,",,W",23.9,",,W",1,",,W",,,1,",,W",,,,,,,,
USW00053922,"FAYETTEVILLE SPRINGDALE NW AR REGL AIRPORT, AR US",36.28975,-94.31152,389.6,3/25/2019,8.28,",,W",,,0,",,W",0,",,W",0,",,W",,,56,",,W",46,",,W",360,",,W",10,",,W",17,",,W",19.9,",,W",,,,,,,,,,,,,,
USW00053922,"FAYETTEVILLE SPRINGDALE NW AR REGL AIRPORT, AR US",36.28975,-94.31152,389.6,3/26/2019,3.13,",,W",,,0,",,W",0,",,W",0,",,W",,,68,",,W",42,",,W",350,",,W",10,",,W",12.1,",,W",16.1,",,W",1,",,W",,,,,,,,,,,1,",,W"
USW00053922,"FAYETTEVILLE SPRINGDALE NW AR REGL AIRPORT, AR US",36.28975,-94.31152,389.6,3/27/2019,10.07,",,W",,,0,",,W",0,",,W",0,",,W",,,71,",,W",39,",,W",190,",,W",190,",,W",21,",,W",25.1,",,W",,,,,,,,,,,,,,
USW00053922,"FAYETTEVILLE SPRINGDALE NW AR REGL AIRPORT, AR US",36.28975,-94.31152,389.6,3/28/2019,12.97,",,W",,,0,"T,,W",0,",,W",0,",,W",,,74,",,W",51,",,W",180,",,W",180,",,W",28,",,W",32,",,W",,,,,,,,,,,,,,
USW00053922,"FAYETTEVILLE SPRINGDALE NW AR REGL AIRPORT, AR US",36.28975,-94.31152,389.6,3/29/2019,12.53,",,W",,,0.28,",,W",0,",,W",0,",,W",,,69,",,W",56,",,W",180,",,W",170,",,W",23.9,",,W",31.1,",,W",,,,,1,",,W",,,,,,,,
USW00053922,"FAYETTEVILLE SPRINGDALE NW AR REGL AIRPORT, AR US",36.28975,-94.31152,389.6,3/30/2019,14.54,",,W",,,0.34,",,W",,,0,",,W",,,63,",,W",36,",,W",10,",,W",10,",,W",28,",,W",34,",,W",1,",,W",,,1,",,W",,,,,,,1,",,W"
USW00053922,"FAYETTEVILLE SPRINGDALE NW AR REGL AIRPORT, AR US",36.28975,-94.31152,389.6,3/31/2019,8.72,",,W",,,0,",,W",0,",,W",0,",,W",,,52,",,W",30,",,W",40,",,W",40,",,W",16.1,",,W",21.9,",,W",,,,,,,,,,,,,,
USW00053922,"FAYETTEVILLE SPRINGDALE NW AR REGL AIRPORT, AR US",36.28975,-94.31152,389.6,4/1/2019,3.13,",,W",,,0,",,W",0,",,W",0,",,W",,,49,",,W",31,",,W",160,",,W",120,",,W",8.9,",,W",14.1,",,W",,,,,,,,,,,,,,
USW00053922,"FAYETTEVILLE SPRINGDALE NW AR REGL AIRPORT, AR US",36.28975,-94.31152,389.6,4/2/2019,7.16,",,W",,,0,",,W",0,",,W",0,",,W",,,66,",,W",34,",,W",220,",,W",230,",,W",18.1,",,W",23.9,",,W",,,,,,,,,,,,,,
USW00053922,"FAYETTEVILLE SPRINGDALE NW AR REGL AIRPORT, AR US",36.28975,-94.31152,389.6,4/3/2019,10.74,",,W",,,0.17,",,W",0,",,W",0,",,W",,,70,",,W",45,",,W",170,",,W",160,",,W",25.1,",,W",33.1,",,W",,,,,1,",,W",,,,,,,,
USW00053922,"FAYETTEVILLE SPRINGDALE NW AR REGL AIRPORT, AR US",36.28975,-94.31152,389.6,4/4/2019,6.49,",,W",,,0.39,",,W",0,",,W",0,",,W",,,64,",,W",49,",,W",120,",,W",110,",,W",15,",,W",19.9,",,W",1,",,W",,,1,",,W",,,,,,,,
USW00053922,"FAYETTEVILLE SPRINGDALE NW AR REGL AIRPORT, AR US",36.28975,-94.31152,389.6,4/5/2019,3.58,",,W",,,0,",,W",0,",,W",0,",,W",,,73,",,W",40,",,W",80,",,W",90,",,W",10.1,",,W",13,",,W",1,",,W",1,",,W",,,,,,,,,,
USW00053922,"FAYETTEVILLE SPRINGDALE NW AR REGL AIRPORT, AR US",36.28975,-94.31152,389.6,4/6/2019,9.4,",,W",,,0,",,W",0,",,W",0,",,W",,,74,",,W",49,",,W",140,",,W",150,",,W",23.9,",,W",33.1,",,W",,,,,,,,,,,,,,
USW00053922,"FAYETTEVILLE SPRINGDALE NW AR REGL AIRPORT, AR US",36.28975,-94.31152,389.6,4/7/2019,6.93,",,W",,,0,",,W",0,",,W",0,",,W",,,77,",,W",51,",,W",190,",,W",190,",,W",17,",,W",23,",,W",1,",,W",,,,,,,,,,,1,",,W"
USW00053922,"FAYETTEVILLE SPRINGDALE NW AR REGL AIRPORT, AR US",36.28975,-94.31152,389.6,4/8/2019,6.93,",,W",,,0,",,W",0,",,W",0,",,W",,,79,",,W",52,",,W",350,",,W",350,",,W",19.9,",,W",27.1,",,W",,,,,,,,,,,,,,
USW00053922,"FAYETTEVILLE SPRINGDALE NW AR REGL AIRPORT, AR US",36.28975,-94.31152,389.6,4/9/2019,4.47,",,W",,,0,",,W",0,",,W",0,",,W",,,84,",,W",47,",,W",250,",,W",280,",,W",12.1,",,W",17,",,W",,,,,,,,,,,,,,
USW00053922,"FAYETTEVILLE SPRINGDALE NW AR REGL AIRPORT, AR US",36.28975,-94.31152,389.6,4/10/2019,18.34,",,W",,,0,"T,,W",0,",,W",0,",,W",,,85,",,W",56,",,W",180,",,W",170,",,W",36,",,W",47,",,W",,,,,,,,,,,,,,
USW00053922,"FAYETTEVILLE SPRINGDALE NW AR REGL AIRPORT, AR US",36.28975,-94.31152,389.6,4/11/2019,14.32,",,W",,,0,"T,,W",0,",,W",0,",,W",,,73,",,W",42,",,W",180,",,W",180,",,W",30,",,W",38.9,",,W",,,,,,,,,,,,,,
USW00053922,"FAYETTEVILLE SPRINGDALE NW AR REGL AIRPORT, AR US",36.28975,-94.31152,389.6,4/12/2019,4.25,",,W",,,0,",,W",0,",,W",0,",,W",,,61,",,W",31,",,W",290,",,W",280,",,W",14.1,",,W",19.9,",,W",,,,,,,,,,,,,,
USW00053922,"FAYETTEVILLE SPRINGDALE NW AR REGL AIRPORT, AR US",36.28975,-94.31152,389.6,4/13/2019,14.32,",,W",,,1.33,",,W",0,",,W",0,",,W",,,50,",,W",40,",,W",40,",,W",40,",,W",31.1,",,W",40,",,W",1,",,W",,,,,,,,,,,,
USW00053922,"FAYETTEVILLE SPRINGDALE NW AR REGL AIRPORT, AR US",36.28975,-94.31152,389.6,4/14/2019,12.53,",,W",,,0.32,",,W",,,0,",,W",,,58,",,W",35,",,W",360,",,W",360,",,W",25.9,",,W",34,",,W",1,",,W",,,,,,,,,,,,
USW00053922,"FAYETTEVILLE SPRINGDALE NW AR REGL AIRPORT, AR US",36.28975,-94.31152,389.6,4/15/2019,14.76,",,W",,,0,",,W",0,",,W",0,",,W",,,75,",,W",39,",,W",180,",,W",190,",,W",32,",,W",38,",,W",,,,,,,,,,,,,,
USW00053922,"FAYETTEVILLE SPRINGDALE NW AR REGL AIRPORT, AR US",36.28975,-94.31152,389.6,4/16/2019,14.09,",,W",,,0,",,W",0,",,W",0,",,W",,,75,",,W",59,",,W",180,",,W",200,",,W",23,",,W",28,",,W",,,,,,,,,,,,,,
USW00053922,"FAYETTEVILLE SPRINGDALE NW AR REGL AIRPORT, AR US",36.28975,-94.31152,389.6,4/17/2019,13.2,",,W",,,0.1,",,W",0,",,W",0,",,W",,,73,",,W",64,",,W",190,",,W",190,",,W",21.9,",,W",27.1,",,W",1,",,W",,,1,",,W",,,,,,,,
USW00053922,"FAYETTEVILLE SPRINGDALE NW AR REGL AIRPORT, AR US",36.28975,-94.31152,389.6,4/18/2019,12.3,",,W",,,0.4,",,W",0,",,W",0,",,W",,,65,",,W",44,",,W",350,",,W",340,",,W",25.9,",,W",32,",,W",1,",,W",,,1,",,W",,,,,,,,
USW00053922,"FAYETTEVILLE SPRINGDALE NW AR REGL AIRPORT, AR US",36.28975,-94.31152,389.6,4/19/2019,13.65,",,W",,,0,"T,,W",0,",,W",0,",,W",,,63,",,W",43,",,W",340,",,W",340,",,W",29.1,",,W",38,",,W",,,,,,,,,,,,,,
USW00053922,"FAYETTEVILLE SPRINGDALE NW AR REGL AIRPORT, AR US",36.28975,-94.31152,389.6,4/20/2019,4.92,",,W",,,0,",,W",0,",,W",0,",,W",,,72,",,W",35,",,W",280,",,W",270,",,W",12.1,",,W",17,",,W",,,,,,,,,,,,,,
USW00053922,"FAYETTEVILLE SPRINGDALE NW AR REGL AIRPORT, AR US",36.28975,-94.31152,389.6,4/21/2019,12.53,",,W",,,0,",,W",0,",,W",0,",,W",,,80,",,W",50,",,W",170,",,W",160,",,W",25.1,",,W",31.1,",,W",,,,,,,,,,,,,,
USW00053922,"FAYETTEVILLE SPRINGDALE NW AR REGL AIRPORT, AR US",36.28975,-94.31152,389.6,4/22/2019,9.62,",,W",,,0,",,W",0,",,W",0,",,W",,,77,",,W",60,",,W",240,",,W",170,",,W",18.1,",,W",23,",,W",,,,,,,,,,,,,,
USW00053922,"FAYETTEVILLE SPRINGDALE NW AR REGL AIRPORT, AR US",36.28975,-94.31152,389.6,4/23/2019,5.14,",,W",,,0.03,",,W",0,",,W",0,",,W",,,75,",,W",60,",,W",180,",,W",200,",,W",15,",,W",19.9,",,W",1,",,W",,,,,,,,,,,1,",,W"
USW00053922,"FAYETTEVILLE SPRINGDALE NW AR REGL AIRPORT, AR US",36.28975,-94.31152,389.6,4/24/2019,4.92,",,W",,,0.04,",,W",0,",,W",0,",,W",,,70,",,W",57,",,W",340,",,W",340,",,W",12.1,",,W",15,",,W",1,",,W",1,",,W",1,",,W",,,,,,,,
USW00053922,"FAYETTEVILLE SPRINGDALE NW AR REGL AIRPORT, AR US",36.28975,-94.31152,389.6,4/25/2019,9.84,",,W",,,0.74,",,W",0,",,W",0,",,W",,,73,",,W",54,",,W",360,",,W",360,",,W",23.9,",,W",31.1,",,W",1,",,W",,,,,,,,,,,,
USW00053922,"FAYETTEVILLE SPRINGDALE NW AR REGL AIRPORT, AR US",36.28975,-94.31152,389.6,4/26/2019,4.92,",,W",,,0,",,W",0,",,W",0,",,W",,,75,",,W",43,",,W",190,",,W",200,",,W",12.1,",,W",16.1,",,W",,,,,,,,,,,,,,
USW00053922,"FAYETTEVILLE SPRINGDALE NW AR REGL AIRPORT, AR US",36.28975,-94.31152,389.6,4/27/2019,12.97,",,W",,,0,"T,,W",0,",,W",0,",,W",,,79,",,W",51,",,W",210,",,W",220,",,W",29.1,",,W",42.1,",,W",,,,,,,,,,,,,,
USW00053922,"FAYETTEVILLE SPRINGDALE NW AR REGL AIRPORT, AR US",36.28975,-94.31152,389.6,4/28/2019,12.08,",,W",,,0,"T,,W",0,",,W",0,",,W",,,77,",,W",43,",,W",150,",,W",140,",,W",25.1,",,W",36,",,W",,,,,,,,,,,,,,
USW00053922,"FAYETTEVILLE SPRINGDALE NW AR REGL AIRPORT, AR US",36.28975,-94.31152,389.6,4/29/2019,8.95,",,W",,,0,",,W",0,",,W",0,",,W",,,73,",,W",62,",,W",170,",,W",170,",,W",21.9,",,W",27.1,",,W",,,,,,,,,,,,,,
USW00053922,"FAYETTEVILLE SPRINGDALE NW AR REGL AIRPORT, AR US",36.28975,-94.31152,389.6,4/30/2019,11.63,",,W",,,2.43,",,W",0,",,W",0,",,W",,,78,",,W",59,",,W",20,",,W",30,",,W",23,",,W",29.1,",,W",1,",,W",1,",,W",1,",,W",,,,,,,,
USW00053922,"FAYETTEVILLE SPRINGDALE NW AR REGL AIRPORT, AR US",36.28975,-94.31152,389.6,5/1/2019,10.29,",,W",,,0.4,",,W",0,",,W",0,",,W",,,78,",,W",60,",,W",180,",,W",170,",,W",29.1,",,W",40,",,W",1,",,W",,,1,",,W",,,,,,,,
USW00053922,"FAYETTEVILLE SPRINGDALE NW AR REGL AIRPORT, AR US",36.28975,-94.31152,389.6,5/2/2019,7.61,",,W",,,0,"T,,W",0,",,W",0,",,W",,,73,",,W",58,",,W",140,",,W",140,",,W",25.1,",,W",38,",,W",,,,,,,,,,,,,,
USW00053922,"FAYETTEVILLE SPRINGDALE NW AR REGL AIRPORT, AR US",36.28975,-94.31152,389.6,5/3/2019,5.59,",,W",,,0.56,",,W",0,",,W",0,",,W",,,75,",,W",55,",,W",310,",,W",310,",,W",30,",,W",38,",,W",1,",,W",,,1,",,W",,,,,,,,
USW00053922,"FAYETTEVILLE SPRINGDALE NW AR REGL AIRPORT, AR US",36.28975,-94.31152,389.6,5/4/2019,4.7,",,W",,,0,"T,,W",0,",,W",0,",,W",,,67,",,W",48,",,W",10,",,W",10,",,W",13,",,W",16.1,",,W",1,",,W",,,,,,,,,,,,
USW00053922,"FAYETTEVILLE SPRINGDALE NW AR REGL AIRPORT, AR US",36.28975,-94.31152,389.6,5/5/2019,3.58,",,W",,,0,",,W",0,",,W",0,",,W",,,76,",,W",45,",,W",150,",,W",150,",,W",12.1,",,W",15,",,W",1,",,W",1,",,W",,,,,,,,,,
USW00053922,"FAYETTEVILLE SPRINGDALE NW AR REGL AIRPORT, AR US",36.28975,-94.31152,389.6,5/6/2019,6.49,",,W",,,1.91,",,W",0,",,W",0,",,W",,,79,",,W",58,",,W",200,",,W",350,",,W",13,",,W",16.1,",,W",1,",,W",,,1,",,W",,,,,,,,
USW00053922,"FAYETTEVILLE SPRINGDALE NW AR REGL AIRPORT, AR US",36.28975,-94.31152,389.6,5/7/2019,8.95,",,W",,,0,"T,,W",0,",,W",0,",,W",,,81,",,W",57,",,W",360,",,W",10,",,W",30,",,W",36.9,",,W",,,,,1,",,W",,,,,,,,
USW00053922,"FAYETTEVILLE SPRINGDALE NW AR REGL AIRPORT, AR US",36.28975,-94.31152,389.6,5/8/2019,9.62,",,W",,,1,",,W",0,",,W",0,",,W",,,71,",,W",58,",,W",130,",,W",130,",,W",25.9,",,W",31.1,",,W",1,",,W",,,1,",,W",,,,,,,,
USW00053922,"FAYETTEVILLE SPRINGDALE NW AR REGL AIRPORT, AR US",36.28975,-94.31152,389.6,5/9/2019,8.28,",,W",,,0.11,",,W",0,",,W",0,",,W",,,61,",,W",46,",,W",340,",,W",340,",,W",16.1,",,W",21.9,",,W",1,",,W",,,,,,,,,,,,
USW00053922,"FAYETTEVILLE SPRINGDALE NW AR REGL AIRPORT, AR US",36.28975,-94.31152,389.6,5/10/2019,6.49,",,W",,,0,",,W",0,",,W",0,",,W",,,65,",,W",41,",,W",50,",,W",60,",,W",15,",,W",19.9,",,W",,,,,,,,,,,,,,
USW00053922,"FAYETTEVILLE SPRINGDALE NW AR REGL AIRPORT, AR US",36.28975,-94.31152,389.6,5/11/2019,5.59,",,W",,,0.54,",,W",0,",,W",0,",,W",,,60,",,W",50,",,W",340,",,W",20,",,W",13,",,W",16.1,",,W",1,",,W",,,,,,,,,,,,
USW00053922,"FAYETTEVILLE SPRINGDALE NW AR REGL AIRPORT, AR US",36.28975,-94.31152,389.6,5/12/2019,5.14,",,W",,,0,",,W",0,",,W",0,",,W",,,71,",,W",48,",,W",280,",,W",260,",,W",17,",,W",21.9,",,W",,,,,,,,,,,,,,
USW00053922,"FAYETTEVILLE SPRINGDALE NW AR REGL AIRPORT, AR US",36.28975,-94.31152,389.6,5/13/2019,2.24,",,W",,,0,",,W",0,",,W",0,",,W",,,77,",,W",44,",,W",10,",,W",20,",,W",8.9,",,W",11,",,W",,,,,,,,,,,,,,
USW00053922,"FAYETTEVILLE SPRINGDALE NW AR REGL AIRPORT, AR US",36.28975,-94.31152,389.6,5/14/2019,5.59,",,W",,,0,",,W",0,",,W",0,",,W",,,79,",,W",52,",,W",200,",,W",190,",,W",15,",,W",19.9,",,W",,,,,,,,,,,,,,
USW00053922,"FAYETTEVILLE SPRINGDALE NW AR REGL AIRPORT, AR US",36.28975,-94.31152,389.6,5/15/2019,7.38,",,W",,,0,",,W",0,",,W",0,",,W",,,84,",,W",62,",,W",250,",,W",250,",,W",17,",,W",21.9,",,W",,,,,,,,,,,,,,
USW00053922,"FAYETTEVILLE SPRINGDALE NW AR REGL AIRPORT, AR US",36.28975,-94.31152,389.6,5/16/2019,8.72,",,W",,,0,",,W",0,",,W",0,",,W",,,84,",,W",62,",,W",220,",,W",190,",,W",18.1,",,W",23.9,",,W",,,,,,,,,,,,,,
USW00053922,"FAYETTEVILLE SPRINGDALE NW AR REGL AIRPORT, AR US",36.28975,-94.31152,389.6,5/17/2019,11.18,",,W",,,0,",,W",0,",,W",0,",,W",,,83,",,W",60,",,W",170,",,W",170,",,W",23.9,",,W",29.1,",,W",,,,,,,,,,,,,,
USW00053922,"FAYETTEVILLE SPRINGDALE NW AR REGL AIRPORT, AR US",36.28975,-94.31152,389.6,5/18/2019,12.97,",,W",,,0.56,",,W",0,",,W",0,",,W",,,75,",,W",61,",,W",270,",,W",260,",,W",33.1,",,W",45,",,W",1,",,W",,,1,",,W",,,,,,,,
USW00053922,"FAYETTEVILLE SPRINGDALE NW AR REGL AIRPORT, AR US",36.28975,-94.31152,389.6,5/19/2019,6.26,",,W",,,0.02,",,W",0,",,W",0,",,W",,,74,",,W",54,",,W",310,",,W",310,",,W",25.1,",,W",33.1,",,W",,,,,,,,,,,,,,
USW00053922,"FAYETTEVILLE SPRINGDALE NW AR REGL AIRPORT, AR US",36.28975,-94.31152,389.6,5/20/2019,12.3,",,W",,,0.87,",,W",0,",,W",0,",,W",,,80,",,W",51,",,W",150,",,W",150,",,W",30,",,W",38.9,",,W",1,",,W",,,1,",,W",,,,,,,,
USW00053922,"FAYETTEVILLE SPRINGDALE NW AR REGL AIRPORT, AR US",36.28975,-94.31152,389.6,5/21/2019,12.97,",,W",,,1.23,",,W",0,",,W",0,",,W",,,73,",,W",58,",,W",160,",,W",230,",,W",30,",,W",46.1,",,W",1,",,W",,,1,",,W",,,,,,,,
USW00053922,"FAYETTEVILLE SPRINGDALE NW AR REGL AIRPORT, AR US",36.28975,-94.31152,389.6,5/22/2019,14.32,",,W",,,0,"T,,W",0,",,W",0,",,W",,,83,",,W",57,",,W",200,",,W",190,",,W",29.1,",,W",38.9,",,W",,,,,,,,,,,,,,
USW00053922,"FAYETTEVILLE SPRINGDALE NW AR REGL AIRPORT, AR US",36.28975,-94.31152,389.6,5/23/2019,13.2,",,W",,,0,",,W",0,",,W",0,",,W",,,85,",,W",71,",,W",180,",,W",180,",,W",21.9,",,W",27.1,",,W",,,,,,,,,,,,,,
USW00053922,"FAYETTEVILLE SPRINGDALE NW AR REGL AIRPORT, AR US",36.28975,-94.31152,389.6,5/24/2019,10.51,",,W",,,0,",,W",0,",,W",0,",,W",,,85,",,W",67,",,W",160,",,W",170,",,W",21.9,",,W",28,",,W",,,,,,,,,,,,,,
USW00053922,"FAYETTEVILLE SPRINGDALE NW AR REGL AIRPORT, AR US",36.28975,-94.31152,389.6,5/25/2019,8.05,",,W",,,0.32,",,W",0,",,W",0,",,W",,,83,",,W",64,",,W",220,",,W",220,",,W",17,",,W",23.9,",,W",1,",,W",,,1,",,W",,,,,,,,
USW00053922,"FAYETTEVILLE SPRINGDALE NW AR REGL AIRPORT, AR US",36.28975,-94.31152,389.6,5/26/2019,7.61,",,W",,,0.18,",,W",0,",,W",0,",,W",,,81,",,W",63,",,W",270,",,W",270,",,W",29.1,",,W",42.1,",,W",1,",,W",,,,,,,,,,,,
USW00053922,"FAYETTEVILLE SPRINGDALE NW AR REGL AIRPORT, AR US",36.28975,-94.31152,389.6,5/27/2019,10.51,",,W",,,0,",,W",0,",,W",0,",,W",,,83,",,W",65,",,W",170,",,W",190,",,W",25.1,",,W",33.1,",,W",,,,,,,,,,,,,,
USW00053922,"FAYETTEVILLE SPRINGDALE NW AR REGL AIRPORT, AR US",36.28975,-94.31152,389.6,5/28/2019,13.2,",,W",,,0,",,W",0,",,W",0,",,W",,,82,",,W",64,",,W",180,",,W",190,",,W",25.1,",,W",33.1,",,W",,,,,,,,,,,,,,
USW00053922,"FAYETTEVILLE SPRINGDALE NW AR REGL AIRPORT, AR US",36.28975,-94.31152,389.6,5/29/2019,8.05,",,W",,,2.56,",,W",0,",,W",0,",,W",,,76,",,W",60,",,W",280,",,W",270,",,W",35.1,",,W",44.1,",,W",1,",,W",1,",,W",1,",,W",,,,,,,,
USW00053922,"FAYETTEVILLE SPRINGDALE NW AR REGL AIRPORT, AR US",36.28975,-94.31152,389.6,5/30/2019,7.16,",,W",,,0,",,W",0,",,W",0,",,W",,,76,",,W",58,",,W",280,",,W",290,",,W",16.1,",,W",19.9,",,W",1,",,W",,,,,,,,,,,,
USW00053922,"FAYETTEVILLE SPRINGDALE NW AR REGL AIRPORT, AR US",36.28975,-94.31152,389.6,5/31/2019,4.25,",,W",,,0,",,W",0,",,W",0,",,W",,,83,",,W",56,",,W",310,",,W",280,",,W",10.1,",,W",13,",,W",,,,,,,,,,,,,1,",,W"
USW00053922,"FAYETTEVILLE SPRINGDALE NW AR REGL AIRPORT, AR US",36.28975,-94.31152,389.6,6/1/2019,6.49,",,W",,,0,",,W",,,0,",,W",,,85,",,W",61,",,W",30,",,W",20,",,W",18.1,",,W",27.1,",,W",,,,,,,,,,,,,,
USW00053922,"FAYETTEVILLE SPRINGDALE NW AR REGL AIRPORT, AR US",36.28975,-94.31152,389.6,6/2/2019,3.13,",,W",,,0.01,",,W",,,0,",,W",,,87,",,W",62,",,W",340,",,W",90,",,W",12.1,",,W",16.1,",,W",,,,,1,",,W",,,,,,,,
USW00053922,"FAYETTEVILLE SPRINGDALE NW AR REGL AIRPORT, AR US",36.28975,-94.31152,389.6,6/3/2019,6.04,",,W",,,0.44,",,W",,,0,",,W",,,83,",,W",64,",,W",170,",,W",170,",,W",17,",,W",23,",,W",1,",,W",,,1,",,W",,,,,,,,
USW00053922,"FAYETTEVILLE SPRINGDALE NW AR REGL AIRPORT, AR US",36.28975,-94.31152,389.6,6/4/2019,7.83,",,W",,,0,",,W",,,0,",,W",,,83,",,W",63,",,W",180,",,W",200,",,W",21,",,W",28,",,W",,,,,,,,,,,,,,
USW00053922,"FAYETTEVILLE SPRINGDALE NW AR REGL AIRPORT, AR US",36.28975,-94.31152,389.6,6/5/2019,7.61,",,W",,,0,",,W",,,0,",,W",,,86,",,W",68,",,W",180,",,W",200,",,W",17,",,W",21,",,W",1,",,W",,,,,,,,,,,,
USW00053922,"FAYETTEVILLE SPRINGDALE NW AR REGL AIRPORT, AR US",36.28975,-94.31152,389.6,6/6/2019,6.49,",,W",,,1.74,",,W",,,0,",,W",,,80,",,W",66,",,W",60,",,W",60,",,W",17,",,W",23.9,",,W",1,",,W",,,1,",,W",,,,,,,,
USW00053922,"FAYETTEVILLE SPRINGDALE NW AR REGL AIRPORT, AR US",36.28975,-94.31152,389.6,6/7/2019,7.61,",,W",,,1.01,",,W",,,0,",,W",,,83,",,W",66,",,W",50,",,W",50,",,W",12.1,",,W",21,",,W",1,",,W",,,1,",,W",,,,,,,,
USW00053922,"FAYETTEVILLE SPRINGDALE NW AR REGL AIRPORT, AR US",36.28975,-94.31152,389.6,6/8/2019,5.82,",,W",,,0,",,W",,,0,",,W",,,85,",,W",64,",,W",10,",,W",20,",,W",16.1,",,W",23.9,",,W",1,",,W",,,,,,,,,,,,
USW00053922,"FAYETTEVILLE SPRINGDALE NW AR REGL AIRPORT, AR US",36.28975,-94.31152,389.6,6/9/2019,6.49,",,W",,,0,",,W",,,0,",,W",,,83,",,W",62,",,W",10,",,W",360,",,W",18.1,",,W",25.9,",,W",,,,,,,,,,,,,,
USW00053922,"FAYETTEVILLE SPRINGDALE NW AR REGL AIRPORT, AR US",36.28975,-94.31152,389.6,6/10/2019,11.18,",,W",,,0,",,W",,,0,",,W",,,77,",,W",54,",,W",10,",,W",10,",,W",23.9,",,W",30,",,W",,,,,,,,,,,,,,
USW00053922,"FAYETTEVILLE SPRINGDALE NW AR REGL AIRPORT, AR US",36.28975,-94.31152,389.6,6/11/2019,4.7,",,W",,,0,",,W",,,0,",,W",,,77,",,W",54,",,W",180,",,W",170,",,W",15,",,W",21,",,W",,,,,,,,,,,,,,
USW00053922,"FAYETTEVILLE SPRINGDALE NW AR REGL AIRPORT, AR US",36.28975,-94.31152,389.6,6/12/2019,6.26,",,W",,,0.58,",,W",,,0,",,W",,,77,",,W",55,",,W",350,",,W",350,",,W",28,",,W",34,",,W",1,",,W",,,1,",,W",,,,,,,,
USW00053922,"FAYETTEVILLE SPRINGDALE NW AR REGL AIRPORT, AR US",36.28975,-94.31152,389.6,6/13/2019,3.58,",,W",,,0,",,W",,,0,",,W",,,77,",,W",50,",,W",350,",,W",360,",,W",12.1,",,W",17,",,W",,,,,,,,,,,,,,
USW00053922,"FAYETTEVILLE SPRINGDALE NW AR REGL AIRPORT, AR US",36.28975,-94.31152,389.6,6/14/2019,11.86,",,W",,,0.01,",,W",,,0,",,W",,,79,",,W",59,",,W",180,",,W",180,",,W",23,",,W",29.1,",,W",,,,,,,,,,,,,,
USW00053922,"FAYETTEVILLE SPRINGDALE NW AR REGL AIRPORT, AR US",36.28975,-94.31152,389.6,6/15/2019,10.96,",,W",,,0.32,",,W",,,0,",,W",,,83,",,W",65,",,W",170,",,W",160,",,W",30,",,W",35.1,",,W",1,",,W",,,1,",,W",,,,,,,,
USW00053922,"FAYETTEVILLE SPRINGDALE NW AR REGL AIRPORT, AR US",36.28975,-94.31152,389.6,6/16/2019,8.28,",,W",,,1.24,",,W",,,0,",,W",,,82,",,W",65,",,W",330,",,W",330,",,W",25.9,",,W",38.9,",,W",1,",,W",,,1,",,W",,,,,,,,
USW00053922,"FAYETTEVILLE SPRINGDALE NW AR REGL AIRPORT, AR US",36.28975,-94.31152,389.6,6/17/2019,4.03,",,W",,,0.21,",,W",,,0,",,W",,,79,",,W",66,",,W",280,",,W",280,",,W",13,",,W",16.1,",,W",1,",,W",,,,,,,,,,,,
USW00053922,"FAYETTEVILLE SPRINGDALE NW AR REGL AIRPORT, AR US",36.28975,-94.31152,389.6,6/18/2019,2.91,",,W",,,0.03,",,W",,,0,",,W",,,83,",,W",63,",,W",350,",,W",340,",,W",27.1,",,W",21,",,W",1,",,W",1,",,W",,,,,,,,,,
USW00053922,"FAYETTEVILLE SPRINGDALE NW AR REGL AIRPORT, AR US",36.28975,-94.31152,389.6,6/19/2019,7.83,",,W",,,0,",,W",,,0,",,W",,,82,",,W",65,",,W",260,",,W",220,",,W",13,",,W",23.9,",,W",1,",,W",,,1,",,W",,,,,,,,
USW00053922,"FAYETTEVILLE SPRINGDALE NW AR REGL AIRPORT, AR US",36.28975,-94.31152,389.6,6/20/2019,5.37,",,W",,,0,",,W",,,0,",,W",,,90,",,W",63,",,W",190,",,W",190,",,W",15,",,W",12.1,",,W",1,",,W",,,,,,,,,,,,
USW00053922,"FAYETTEVILLE SPRINGDALE NW AR REGL AIRPORT, AR US",36.28975,-94.31152,389.6,6/21/2019,15.66,",,W",,,0,",,W",,,0,",,W",,,92,",,W",77,",,W",160,",,W",180,",,W",21,",,W",35.1,",,W",,,,,,,,,,,,,,
USW00053922,"FAYETTEVILLE SPRINGDALE NW AR REGL AIRPORT, AR US",36.28975,-94.31152,389.6,6/22/2019,10.51,",,W",,,0,",,W",,,0,",,W",,,88,",,W",72,",,W",150,",,W",220,",,W",16.1,",,W",21.9,",,W",,,,,,,,,,,,,,
USW00053922,"FAYETTEVILLE SPRINGDALE NW AR REGL AIRPORT, AR US",36.28975,-94.31152,389.6,6/23/2019,10.07,",,W",,,3.66,",,W",,,0,",,W",,,72,",,W",65,",,W",140,",,W",140,",,W",21,",,W",31.1,",,W",1,",,W",,,1,",,W",,,,,,,,
USW00053922,"FAYETTEVILLE SPRINGDALE NW AR REGL AIRPORT, AR US",36.28975,-94.31152,389.6,6/24/2019,9.4,",,W",,,0,",,W",,,0,",,W",,,81,",,W",61,",,W",290,",,W",320,",,W",13,",,W",18.1,",,W",1,",,W",,,,,,,,,,,,
USW00053922,"FAYETTEVILLE SPRINGDALE NW AR REGL AIRPORT, AR US",36.28975,-94.31152,389.6,6/25/2019,5.82,",,W",,,0,",,W",,,0,",,W",,,86,",,W",59,",,W",200,",,W",170,",,W",12.1,",,W",17,",,W",,,,,,,,,,,,,,
USW00053922,"FAYETTEVILLE SPRINGDALE NW AR REGL AIRPORT, AR US",36.28975,-94.31152,389.6,6/26/2019,7.61,",,W",,,0,",,W",,,0,",,W",,,87,",,W",68,",,W",310,",,W",310,",,W",18.1,",,W",25.1,",,W",,,,,,,,,,,,,,
USW00053922,"FAYETTEVILLE SPRINGDALE NW AR REGL AIRPORT, AR US",36.28975,-94.31152,389.6,6/27/2019,8.05,",,W",,,0,",,W",,,0,",,W",,,88,",,W",70,",,W",180,",,W",,,12.1,",,W",,,,,,,,,,,,,,,,
USW00053922,"FAYETTEVILLE SPRINGDALE NW AR REGL AIRPORT, AR US",36.28975,-94.31152,389.6,6/28/2019,4.92,",,W",,,0,",,W",,,0,",,W",,,90,",,W",66,",,W",180,",,W",220,",,W",13,",,W",16.1,",,W",1,",,W",,,,,,,,,,,,
USW00053922,"FAYETTEVILLE SPRINGDALE NW AR REGL AIRPORT, AR US",36.28975,-94.31152,389.6,6/29/2019,3.8,",,W",,,0,",,W",,,0,",,W",,,91,",,W",72,",,W",90,",,W",90,",,W",13,",,W",17,",,W",1,",,W",,,,,,,,,,,,
USW00053922,"FAYETTEVILLE SPRINGDALE NW AR REGL AIRPORT, AR US",36.28975,-94.31152,389.6,6/30/2019,3.13,",,W",,,0,",,W",,,0,",,W",,,88,",,W",68,",,W",170,",,W",180,",,W",10.1,",,W",12.1,",,W",,,,,,,,,,,,,,
USW00053922,"FAYETTEVILLE SPRINGDALE NW AR REGL AIRPORT, AR US",36.28975,-94.31152,389.6,7/1/2019,4.25,",,W",,,0.12,",,W",0,",,W",0,",,W",,,87,",,W",67,",,W",110,",,W",,,6.9,",,W",,,,,,,1,",,W",,,,,,,,
USW00053922,"FAYETTEVILLE SPRINGDALE NW AR REGL AIRPORT, AR US",36.28975,-94.31152,389.6,7/2/2019,7.16,",,W",,,0.09,",,W",0,",,W",0,",,W",,,82,",,W",68,",,W",200,",,W",200,",,W",18.1,",,W",25.1,",,W",1,",,W",,,1,",,W",,,,,,,,
USW00053922,"FAYETTEVILLE SPRINGDALE NW AR REGL AIRPORT, AR US",36.28975,-94.31152,389.6,7/3/2019,6.71,",,W",,,0,",,W",0,",,W",0,",,W",,,88,",,W",70,",,W",230,",,W",220,",,W",14.1,",,W",18.1,",,W",,,,,,,,,,,,,,
USW00053922,"FAYETTEVILLE SPRINGDALE NW AR REGL AIRPORT, AR US",36.28975,-94.31152,389.6,7/4/2019,7.83,",,W",,,0,",,W",0,",,W",0,",,W",,,89,",,W",70,",,W",190,",,W",180,",,W",16.1,",,W",21,",,W",,,,,,,,,,,,,,
USW00053922,"FAYETTEVILLE SPRINGDALE NW AR REGL AIRPORT, AR US",36.28975,-94.31152,389.6,7/5/2019,6.93,",,W",,,0.46,",,W",0,",,W",0,",,W",,,89,",,W",65,",,W",20,",,W",20,",,W",32,",,W",40,",,W",1,",,W",,,1,",,W",,,,,,,,
USW00053922,"FAYETTEVILLE SPRINGDALE NW AR REGL AIRPORT, AR US",36.28975,-94.31152,389.6,7/6/2019,4.03,",,W",,,0.01,",,W",0,",,W",0,",,W",,,91,",,W",65,",,W",190,",,W",190,",,W",14.1,",,W",31.1,",,W",,,,,1,",,W",,,,,,,,
USW00053922,"FAYETTEVILLE SPRINGDALE NW AR REGL AIRPORT, AR US",36.28975,-94.31152,389.6,7/7/2019,3.13,",,W",,,0.32,",,W",0,",,W",0,",,W",,,91,",,W",68,",,W",110,",,W",110,",,W",19.9,",,W",25.1,",,W",1,",,W",1,",,W",,,,,,,,,,
USW00053922,"FAYETTEVILLE SPRINGDALE NW AR REGL AIRPORT, AR US",36.28975,-94.31152,389.6,7/8/2019,3.36,",,W",,,0,"T,,W",0,",,W",0,",,W",,,89,",,W",70,",,W",240,",,W",230,",,W",16.1,",,W",21.9,",,W",1,",,W",,,1,",,W",,,,,,,,
USW00053922,"FAYETTEVILLE SPRINGDALE NW AR REGL AIRPORT, AR US",36.28975,-94.31152,389.6,7/9/2019,5.82,",,W",,,0,",,W",0,",,W",0,",,W",,,91,",,W",71,",,W",190,",,W",190,",,W",15,",,W",19,",,W",,,,,,,,,,,,,,
USW00053922,"FAYETTEVILLE SPRINGDALE NW AR REGL AIRPORT, AR US",36.28975,-94.31152,389.6,7/10/2019,4.03,",,W",,,0.35,",,W",0,",,W",0,",,W",,,90,",,W",69,",,W",340,",,W",340,",,W",35.1,",,W",47,",,W",1,",,W",,,1,",,W",,,,,,,1,",,W"
USW00053922,"FAYETTEVILLE SPRINGDALE NW AR REGL AIRPORT, AR US",36.28975,-94.31152,389.6,7/11/2019,6.04,",,W",,,0,",,W",0,",,W",0,",,W",,,87,",,W",66,",,W",350,",,W",30,",,W",15,",,W",23,",,W",1,",,W",1,",,W",,,,,,,,,,
USW00053922,"FAYETTEVILLE SPRINGDALE NW AR REGL AIRPORT, AR US",36.28975,-94.31152,389.6,7/12/2019,5.14,",,W",,,0,",,W",0,",,W",0,",,W",,,87,",,W",62,",,W",130,",,W",80,",,W",13,",,W",21,",,W",,,,,,,,,,,,,1,",,W"
USW00053922,"FAYETTEVILLE SPRINGDALE NW AR REGL AIRPORT, AR US",36.28975,-94.31152,389.6,7/13/2019,7.61,",,W",,,0,",,W",0,",,W",0,",,W",,,89,",,W",65,",,W",80,",,W",80,",,W",17,",,W",23,",,W",1,",,W",,,,,,,,,,,1,",,W"
USW00053922,"FAYETTEVILLE SPRINGDALE NW AR REGL AIRPORT, AR US",36.28975,-94.31152,389.6,7/14/2019,10.07,",,W",,,0,"T,,W",0,",,W",0,",,W",,,84,",,W",69,",,W",100,",,W",80,",,W",18.1,",,W",23.9,",,W",,,,,,,,,,,,,,
USW00053922,"FAYETTEVILLE SPRINGDALE NW AR REGL AIRPORT, AR US",36.28975,-94.31152,389.6,7/15/2019,8.5,",,W",,,0.01,",,W",0,",,W",0,",,W",,,82,",,W",69,",,W",350,",,W",40,",,W",14.1,",,W",19.9,",,W",,,,,,,,,,,,,,
USW00053922,"FAYETTEVILLE SPRINGDALE NW AR REGL AIRPORT, AR US",36.28975,-94.31152,389.6,7/16/2019,3.58,",,W",,,0,",,W",0,",,W",0,",,W",,,89,",,W",70,",,W",340,",,W",350,",,W",14.1,",,W",18.1,",,W",,,,,,,,,,,,,,
USW00053922,"FAYETTEVILLE SPRINGDALE NW AR REGL AIRPORT, AR US",36.28975,-94.31152,389.6,7/17/2019,8.5,",,W",,,0,",,W",0,",,W",0,",,W",,,92,",,W",74,",,W",190,",,W",180,",,W",18.1,",,W",23,",,W",,,,,,,,,,,,,,
USW00053922,"FAYETTEVILLE SPRINGDALE NW AR REGL AIRPORT, AR US",36.28975,-94.31152,389.6,7/18/2019,10.51,",,W",,,0,",,W",0,",,W",0,",,W",,,92,",,W",73,",,W",180,",,W",230,",,W",21,",,W",25.1,",,W",,,,,,,,,,,,,,
USW00053922,"FAYETTEVILLE SPRINGDALE NW AR REGL AIRPORT, AR US",36.28975,-94.31152,389.6,7/19/2019,10.07,",,W",,,0,",,W",0,",,W",0,",,W",,,93,",,W",72,",,W",170,",,W",170,",,W",18.1,",,W",23,",,W",,,,,,,,,,,,,,
USW00053922,"FAYETTEVILLE SPRINGDALE NW AR REGL AIRPORT, AR US",36.28975,-94.31152,389.6,7/20/2019,9.17,",,W",,,0,",,W",0,",,W",0,",,W",,,93,",,W",71,",,W",190,",,W",180,",,W",19.9,",,W",25.1,",,W",,,,,,,,,,,,,,
USW00053922,"FAYETTEVILLE SPRINGDALE NW AR REGL AIRPORT, AR US",36.28975,-94.31152,389.6,7/21/2019,6.71,",,W",,,0.68,",,W",0,",,W",0,",,W",,,94,",,W",68,",,W",340,",,W",340,",,W",25.1,",,W",38,",,W",1,",,W",,,1,",,W",,,,,,,,
USW00053922,"FAYETTEVILLE SPRINGDALE NW AR REGL AIRPORT, AR US",36.28975,-94.31152,389.6,7/22/2019,10.29,",,W",,,0.3,",,W",0,",,W",0,",,W",,,84,",,W",65,",,W",10,",,W",20,",,W",23.9,",,W",29.1,",,W",1,",,W",,,1,",,W",,,,,,,,
USW00053922,"FAYETTEVILLE SPRINGDALE NW AR REGL AIRPORT, AR US",36.28975,-94.31152,389.6,7/23/2019,7.83,",,W",,,0,",,W",0,",,W",0,",,W",,,83,",,W",63,",,W",360,",,W",50,",,W",14.1,",,W",19.9,",,W",,,,,,,,,,,,,,
USW00053922,"FAYETTEVILLE SPRINGDALE NW AR REGL AIRPORT, AR US",36.28975,-94.31152,389.6,7/24/2019,2.46,",,W",,,0,",,W",0,",,W",0,",,W",,,83,",,W",58,",,W",130,",,W",110,",,W",10.1,",,W",13,",,W",,,,,,,,,,,,,,
USW00053922,"FAYETTEVILLE SPRINGDALE NW AR REGL AIRPORT, AR US",36.28975,-94.31152,389.6,7/25/2019,3.36,",,W",,,0,",,W",0,",,W",0,",,W",,,83,",,W",59,",,W",180,",,W",190,",,W",10.1,",,W",15,",,W",,,,,,,,,,,,,,
USW00053922,"FAYETTEVILLE SPRINGDALE NW AR REGL AIRPORT, AR US",36.28975,-94.31152,389.6,7/26/2019,4.03,",,W",,,0,",,W",0,",,W",0,",,W",,,84,",,W",60,",,W",190,",,W",180,",,W",12.1,",,W",14.1,",,W",,,,,,,,,,,,,,
USW00053922,"FAYETTEVILLE SPRINGDALE NW AR REGL AIRPORT, AR US",36.28975,-94.31152,389.6,7/27/2019,5.37,",,W",,,0,",,W",0,",,W",0,",,W",,,86,",,W",61,",,W",190,",,W",210,",,W",14.1,",,W",19,",,W",,,,,,,,,,,,,,
USW00053922,"FAYETTEVILLE SPRINGDALE NW AR REGL AIRPORT, AR US",36.28975,-94.31152,389.6,7/28/2019,7.61,",,W",,,0,",,W",0,",,W",0,",,W",,,89,",,W",64,",,W",190,",,W",190,",,W",17,",,W",23,",,W",,,,,,,,,,,,,,
USW00053922,"FAYETTEVILLE SPRINGDALE NW AR REGL AIRPORT, AR US",36.28975,-94.31152,389.6,7/29/2019,5.59,",,W",,,0.39,",,W",0,",,W",0,",,W",,,82,",,W",69,",,W",150,",,W",150,",,W",17,",,W",21,",,W",1,",,W",,,1,",,W",,,,,,,,
USW00053922,"FAYETTEVILLE SPRINGDALE NW AR REGL AIRPORT, AR US",36.28975,-94.31152,389.6,7/30/2019,4.03,",,W",,,0,",,W",0,",,W",0,",,W",,,88,",,W",64,",,W",100,",,W",50,",,W",10.1,",,W",19.9,",,W",1,",,W",1,",,W",,,,,,,,,,
USW00053922,"FAYETTEVILLE SPRINGDALE NW AR REGL AIRPORT, AR US",36.28975,-94.31152,389.6,7/31/2019,4.03,",,W",,,0,",,W",0,",,W",0,",,W",,,90,",,W",68,",,W",180,",,W",160,",,W",12.1,",,W",14.1,",,W",,,,,,,,,,,,,,
USW00053922,"FAYETTEVILLE SPRINGDALE NW AR REGL AIRPORT, AR US",36.28975,-94.31152,389.6,8/1/2019,3.8,",,W",,,0.28,",,W",0,",,W",0,",,W",,,83,",,W",71,",,W",20,",,W",50,",,W",13,",,W",18.1,",,W",1,",,W",,,1,",,W",,,,,,,,
USW00053922,"FAYETTEVILLE SPRINGDALE NW AR REGL AIRPORT, AR US",36.28975,-94.31152,389.6,8/2/2019,3.13,",,W",,,0.91,",,W",0,",,W",0,",,W",,,78,",,W",70,",,W",320,",,W",310,",,W",16.1,",,W",19.9,",,W",1,",,W",,,1,",,W",,,,,,,,
USW00053922,"FAYETTEVILLE SPRINGDALE NW AR REGL AIRPORT, AR US",36.28975,-94.31152,389.6,8/3/2019,2.91,",,W",,,0.48,",,W",0,",,W",0,",,W",,,79,",,W",69,",,W",250,",,W",260,",,W",12.1,",,W",14.1,",,W",1,",,W",,,1,",,W",,,,,,,1,",,W"
USW00053922,"FAYETTEVILLE SPRINGDALE NW AR REGL AIRPORT, AR US",36.28975,-94.31152,389.6,8/4/2019,3.8,",,W",,,0,",,W",0,",,W",0,",,W",,,90,",,W",67,",,W",350,",,W",20,",,W",8.1,",,W",11,",,W",1,",,W",1,",,W",,,,,,,,,,
USW00053922,"FAYETTEVILLE SPRINGDALE NW AR REGL AIRPORT, AR US",36.28975,-94.31152,389.6,8/5/2019,2.46,",,W",,,0,",,W",0,",,W",0,",,W",,,89,",,W",68,",,W",270,",,W",280,",,W",13,",,W",16.1,",,W",1,",,W",,,,,,,,,,,,
USW00053922,"FAYETTEVILLE SPRINGDALE NW AR REGL AIRPORT, AR US",36.28975,-94.31152,389.6,8/6/2019,3.58,",,W",,,0,",,W",0,",,W",0,",,W",,,93,",,W",72,",,W",230,",,W",260,",,W",12.1,",,W",16.1,",,W",,,,,,,,,,,,,,
USW00053922,"FAYETTEVILLE SPRINGDALE NW AR REGL AIRPORT, AR US",36.28975,-94.31152,389.6,8/7/2019,6.49,",,W",,,0,"T,,W",0,",,W",0,",,W",,,89,",,W",72,",,W",30,",,W",10,",,W",16.1,",,W",33.1,",,W",,,,,1,",,W",,,,,,,,
USW00053922,"FAYETTEVILLE SPRINGDALE NW AR REGL AIRPORT, AR US",36.28975,-94.31152,389.6,8/8/2019,6.71,",,W",,,1.39,",,W",0,",,W",0,",,W",,,77,",,W",68,",,W",360,",,W",340,",,W",23,",,W",30,",,W",1,",,W",,,1,",,W",,,,,,,,
USW00053922,"FAYETTEVILLE SPRINGDALE NW AR REGL AIRPORT, AR US",36.28975,-94.31152,389.6,8/9/2019,3.58,",,W",,,0,",,W",0,",,W",0,",,W",,,84,",,W",71,",,W",240,",,W",250,",,W",13,",,W",18.1,",,W",,,,,,,,,,,,,,
USW00053922,"FAYETTEVILLE SPRINGDALE NW AR REGL AIRPORT, AR US",36.28975,-94.31152,389.6,8/10/2019,4.92,",,W",,,0.01,",,W",0,",,W",0,",,W",,,90,",,W",73,",,W",180,",,W",170,",,W",13,",,W",15,",,W",1,",,W",,,,,,,,,,,,
USW00053922,"FAYETTEVILLE SPRINGDALE NW AR REGL AIRPORT, AR US",36.28975,-94.31152,389.6,8/11/2019,6.26,",,W",,,0,",,W",0,",,W",0,",,W",,,92,",,W",76,",,W",190,",,W",140,",,W",14.1,",,W",16.1,",,W",,,,,,,,,,,,,,
USW00053922,"FAYETTEVILLE SPRINGDALE NW AR REGL AIRPORT, AR US",36.28975,-94.31152,389.6,8/12/2019,8.28,",,W",,,0,",,W",0,",,W",0,",,W",,,94,",,W",74,",,W",200,",,W",220,",,W",18.1,",,W",23.9,",,W",,,,,,,,,,,,,,
USW00053922,"FAYETTEVILLE SPRINGDALE NW AR REGL AIRPORT, AR US",36.28975,-94.31152,389.6,8/13/2019,5.14,",,W",,,0,"T,,W",0,",,W",0,",,W",,,87,",,W",72,",,W",30,",,W",310,",,W",15,",,W",19.9,",,W",,,,,,,,,,,,,,
USW00053922,"FAYETTEVILLE SPRINGDALE NW AR REGL AIRPORT, AR US",36.28975,-94.31152,389.6,8/14/2019,3.58,",,W",,,0,",,W",0,",,W",0,",,W",,,90,",,W",68,",,W",360,",,W",20,",,W",10.1,",,W",14.1,",,W",1,",,W",,,,,,,,,,,,
USW00053922,"FAYETTEVILLE SPRINGDALE NW AR REGL AIRPORT, AR US",36.28975,-94.31152,389.6,8/15/2019,4.7,",,W",,,0,",,W",0,",,W",0,",,W",,,90,",,W",65,",,W",210,",,W",220,",,W",16.1,",,W",21,",,W",,,,,,,,,,,,,,
USW00053922,"FAYETTEVILLE SPRINGDALE NW AR REGL AIRPORT, AR US",36.28975,-94.31152,389.6,8/16/2019,7.61,",,W",,,0.01,",,W",0,",,W",0,",,W",,,86,",,W",71,",,W",140,",,W",140,",,W",19.9,",,W",23,",,W",,,,,1,",,W",,,,,,,,
USW00053922,"FAYETTEVILLE SPRINGDALE NW AR REGL AIRPORT, AR US",36.28975,-94.31152,389.6,8/17/2019,8.5,",,W",,,0,",,W",0,",,W",0,",,W",,,92,",,W",69,",,W",170,",,W",180,",,W",17,",,W",21,",,W",,,,,,,,,,,,,,
USW00053922,"FAYETTEVILLE SPRINGDALE NW AR REGL AIRPORT, AR US",36.28975,-94.31152,389.6,8/18/2019,6.93,",,W",,,0,"T,,W",0,",,W",0,",,W",,,85,",,W",73,",,W",160,",,W",160,",,W",19.9,",,W",23,",,W",,,,,1,",,W",,,,,,,1,",,W"
USW00053922,"FAYETTEVILLE SPRINGDALE NW AR REGL AIRPORT, AR US",36.28975,-94.31152,389.6,8/19/2019,4.47,",,W",,,0,",,W",0,",,W",0,",,W",,,95,",,W",69,",,W",220,",,W",240,",,W",12.1,",,W",15,",,W",1,",,W",,,1,",,W",,,,,,,1,",,W"
USW00053922,"FAYETTEVILLE SPRINGDALE NW AR REGL AIRPORT, AR US",36.28975,-94.31152,389.6,8/20/2019,5.82,",,W",,,0,",,W",0,",,W",0,",,W",,,95,",,W",72,",,W",170,",,W",80,",,W",16.1,",,W",19.9,",,W",,,,,,,,,,,,,,
USW00053922,"FAYETTEVILLE SPRINGDALE NW AR REGL AIRPORT, AR US",36.28975,-94.31152,389.6,8/21/2019,6.93,",,W",,,0,",,W",0,",,W",0,",,W",,,93,",,W",72,",,W",90,",,W",70,",,W",21,",,W",27.1,",,W",,,,,1,",,W",,,,,,,,
USW00053922,"FAYETTEVILLE SPRINGDALE NW AR REGL AIRPORT, AR US",36.28975,-94.31152,389.6,8/22/2019,7.83,",,W",,,2,",,W",0,",,W",0,",,W",,,83,",,W",68,",,W",360,",,W",350,",,W",23.9,",,W",29.1,",,W",1,",,W",1,",,W",1,",,W",,,,,,,,
USW00053922,"FAYETTEVILLE SPRINGDALE NW AR REGL AIRPORT, AR US",36.28975,-94.31152,389.6,8/23/2019,5.82,",,W",,,1.04,",,W",0,",,W",0,",,W",,,79,",,W",68,",,W",120,",,W",130,",,W",13,",,W",18.1,",,W",1,",,W",,,1,",,W",,,,,,,,
USW00053922,"FAYETTEVILLE SPRINGDALE NW AR REGL AIRPORT, AR US",36.28975,-94.31152,389.6,8/24/2019,7.61,",,W",,,0.29,",,W",0,",,W",0,",,W",,,82,",,W",70,",,W",80,",,W",90,",,W",14.1,",,W",18.1,",,W",1,",,W",,,,,,,,,,,,
USW00053922,"FAYETTEVILLE SPRINGDALE NW AR REGL AIRPORT, AR US",36.28975,-94.31152,389.6,8/25/2019,5.37,",,W",,,0.32,",,W",0,",,W",0,",,W",,,81,",,W",68,",,W",270,",,W",280,",,W",23,",,W",33.1,",,W",1,",,W",,,1,",,W",,,,,,,,
USW00053922,"FAYETTEVILLE SPRINGDALE NW AR REGL AIRPORT, AR US",36.28975,-94.31152,389.6,8/26/2019,10.29,",,W",,,1.06,",,W",0,",,W",0,",,W",,,89,",,W",66,",,W",330,",,W",340,",,W",44.1,",,W",65.1,",,W",1,",,W",1,",,W",1,",,W",,,,,,,,
USW00053922,"FAYETTEVILLE SPRINGDALE NW AR REGL AIRPORT, AR US",36.28975,-94.31152,389.6,8/27/2019,5.59,",,W",,,0,",,W",0,",,W",0,",,W",,,84,",,W",65,",,W",20,",,W",20,",,W",15,",,W",19,",,W",,,,,1,",,W",,,,,,,,
USW00053922,"FAYETTEVILLE SPRINGDALE NW AR REGL AIRPORT, AR US",36.28975,-94.31152,389.6,8/28/2019,3.58,",,W",,,0,",,W",0,",,W",0,",,W",,,86,",,W",60,",,W",80,",,W",80,",,W",10.1,",,W",19,",,W",1,",,W",,,,,,,,,,,1,",,W"
USW00053922,"FAYETTEVILLE SPRINGDALE NW AR REGL AIRPORT, AR US",36.28975,-94.31152,389.6,8/29/2019,6.71,",,W",,,0,",,W",0,",,W",0,",,W",,,88,",,W",66,",,W",180,",,W",220,",,W",15,",,W",18.1,",,W",,,,,,,,,,,,,,
USW00053922,"FAYETTEVILLE SPRINGDALE NW AR REGL AIRPORT, AR US",36.28975,-94.31152,389.6,8/30/2019,8.95,",,W",,,0.56,",,W",0,",,W",0,",,W",,,77,",,W",64,",,W",310,",,W",310,",,W",23.9,",,W",36,",,W",1,",,W",,,1,",,W",,,,,,,,
USW00053922,"FAYETTEVILLE SPRINGDALE NW AR REGL AIRPORT, AR US",36.28975,-94.31152,389.6,8/31/2019,3.8,",,W",,,0,",,W",0,",,W",0,",,W",,,83,",,W",63,",,W",70,",,W",90,",,W",12.1,",,W",14.1,",,W",,,,,,,,,,,,,,
USW00053922,"FAYETTEVILLE SPRINGDALE NW AR REGL AIRPORT, AR US",36.28975,-94.31152,389.6,9/1/2019,2.68,",,W",,,0,"T,,W",0,",,W",0,",,W",,,88,",,W",67,",,W",190,",,W",80,",,W",8.9,",,W",15,",,W",,,,,,,,,,,,,,
USW00053922,"FAYETTEVILLE SPRINGDALE NW AR REGL AIRPORT, AR US",36.28975,-94.31152,389.6,9/2/2019,1.57,",,W",,,0,",,W",0,",,W",0,",,W",,,91,",,W",65,",,W",180,",,W",180,",,W",6.9,",,W",8.9,",,W",1,",,W",1,",,W",,,,,,,,,,
USW00053922,"FAYETTEVILLE SPRINGDALE NW AR REGL AIRPORT, AR US",36.28975,-94.31152,389.6,9/3/2019,3.8,",,W",,,0,",,W",0,",,W",0,",,W",,,90,",,W",67,",,W",200,",,W",260,",,W",12.1,",,W",16.1,",,W",,,,,,,,,,,,,,
USW00053922,"FAYETTEVILLE SPRINGDALE NW AR REGL AIRPORT, AR US",36.28975,-94.31152,389.6,9/4/2019,1.34,",,W",,,0,",,W",0,",,W",0,",,W",,,92,",,W",65,",,W",310,",,W",310,",,W",8.9,",,W",12.1,",,W",1,",,W",1,",,W",,,,,,,,,,
USW00053922,"FAYETTEVILLE SPRINGDALE NW AR REGL AIRPORT, AR US",36.28975,-94.31152,389.6,9/5/2019,2.91,",,W",,,0,",,W",0,",,W",0,",,W",,,92,",,W",66,",,W",270,",,W",270,",,W",13,",,W",17,",,W",1,",,W",,,,,,,,,,,,
USW00053922,"FAYETTEVILLE SPRINGDALE NW AR REGL AIRPORT, AR US",36.28975,-94.31152,389.6,9/6/2019,3.8,",,W",,,0,",,W",0,",,W",0,",,W",,,92,",,W",67,",,W",270,",,W",260,",,W",13,",,W",17,",,W",1,",,W",,,,,,,,,,,,
USW00053922,"FAYETTEVILLE SPRINGDALE NW AR REGL AIRPORT, AR US",36.28975,-94.31152,389.6,9/7/2019,4.03,",,W",,,0,",,W",0,",,W",0,",,W",,,92,",,W",70,",,W",200,",,W",190,",,W",10.1,",,W",14.1,",,W",1,",,W",,,,,,,,,,,,
USW00053922,"FAYETTEVILLE SPRINGDALE NW AR REGL AIRPORT, AR US",36.28975,-94.31152,389.6,9/8/2019,6.04,",,W",,,0,",,W",0,",,W",0,",,W",,,91,",,W",71,",,W",170,",,W",180,",,W",13,",,W",16.1,",,W",,,,,,,,,,,,,,
USW00053922,"FAYETTEVILLE SPRINGDALE NW AR REGL AIRPORT, AR US",36.28975,-94.31152,389.6,9/9/2019,6.93,",,W",,,0,",,W",0,",,W",0,",,W",,,92,",,W",70,",,W",180,",,W",180,",,W",19.9,",,W",25.1,",,W",,,,,,,,,,,,,,
USW00053922,"FAYETTEVILLE SPRINGDALE NW AR REGL AIRPORT, AR US",36.28975,-94.31152,389.6,9/10/2019,9.17,",,W",,,0,",,W",0,",,W",0,",,W",,,89,",,W",69,",,W",170,",,W",180,",,W",17,",,W",23,",,W",,,,,,,,,,,,,,
USW00053922,"FAYETTEVILLE SPRINGDALE NW AR REGL AIRPORT, AR US",36.28975,-94.31152,389.6,9/11/2019,7.16,",,W",,,0,",,W",0,",,W",0,",,W",,,88,",,W",70,",,W",190,",,W",190,",,W",17,",,W",21,",,W",1,",,W",,,,,,,,,,,,
USW00053922,"FAYETTEVILLE SPRINGDALE NW AR REGL AIRPORT, AR US",36.28975,-94.31152,389.6,9/12/2019,7.16,",,W",,,0,",,W",0,",,W",0,",,W",,,89,",,W",70,",,W",220,",,W",230,",,W",21,",,W",28,",,W",,,,,1,",,W",,,,,,,,
USW00053922,"FAYETTEVILLE SPRINGDALE NW AR REGL AIRPORT, AR US",36.28975,-94.31152,389.6,9/13/2019,4.25,",,W",,,0.35,",,W",0,",,W",0,",,W",,,78,",,W",65,",,W",360,",,W",350,",,W",16.1,",,W",18.1,",,W",1,",,W",,,,,,,,,,,,
USW00053922,"FAYETTEVILLE SPRINGDALE NW AR REGL AIRPORT, AR US",36.28975,-94.31152,389.6,9/14/2019,4.25,",,W",,,0,",,W",0,",,W",0,",,W",,,88,",,W",65,",,W",190,",,W",170,",,W",13,",,W",17,",,W",,,,,,,,,,,,,,
USW00053922,"FAYETTEVILLE SPRINGDALE NW AR REGL AIRPORT, AR US",36.28975,-94.31152,389.6,9/15/2019,2.91,",,W",,,0,",,W",0,",,W",0,",,W",,,92,",,W",65,",,W",250,",,W",220,",,W",12.1,",,W",14.1,",,W",,,,,,,,,,,,,,
USW00053922,"FAYETTEVILLE SPRINGDALE NW AR REGL AIRPORT, AR US",36.28975,-94.31152,389.6,9/16/2019,1.79,",,W",,,0,",,W",0,",,W",0,",,W",,,92,",,W",67,",,W",150,",,W",70,",,W",8.9,",,W",12.1,",,W",,,,,,,,,,,,,,
USW00053922,"FAYETTEVILLE SPRINGDALE NW AR REGL AIRPORT, AR US",36.28975,-94.31152,389.6,9/17/2019,3.8,",,W",,,0,",,W",0,",,W",0,",,W",,,92,",,W",67,",,W",160,",,W",170,",,W",14.1,",,W",18.1,",,W",,,,,,,,,,,,,,
USW00053922,"FAYETTEVILLE SPRINGDALE NW AR REGL AIRPORT, AR US",36.28975,-94.31152,389.6,9/18/2019,4.25,",,W",,,0,",,W",0,",,W",0,",,W",,,92,",,W",66,",,W",180,",,W",180,",,W",14.1,",,W",18.1,",,W",,,,,,,,,,,,,,
USW00053922,"FAYETTEVILLE SPRINGDALE NW AR REGL AIRPORT, AR US",36.28975,-94.31152,389.6,9/19/2019,4.92,",,W",,,0.04,",,W",0,",,W",0,",,W",,,88,",,W",67,",,W",150,",,W",140,",,W",21.9,",,W",30,",,W",,,,,1,",,W",,,,,,,,
USW00053922,"FAYETTEVILLE SPRINGDALE NW AR REGL AIRPORT, AR US",36.28975,-94.31152,389.6,9/20/2019,12.08,",,W",,,0.28,",,W",0,",,W",0,",,W",,,74,",,W",69,",,W",160,",,W",150,",,W",23,",,W",27.1,",,W",1,",,W",,,,,,,,,,,,
USW00053922,"FAYETTEVILLE SPRINGDALE NW AR REGL AIRPORT, AR US",36.28975,-94.31152,389.6,9/21/2019,13.87,",,W",,,0,"T,,W",0,",,W",0,",,W",,,85,",,W",71,",,W",180,",,W",180,",,W",23.9,",,W",31.1,",,W",,,,,,,,,,,,,,
USW00053922,"FAYETTEVILLE SPRINGDALE NW AR REGL AIRPORT, AR US",36.28975,-94.31152,389.6,9/22/2019,9.84,",,W",,,0.04,",,W",0,",,W",0,",,W",,,79,",,W",71,",,W",190,",,W",190,",,W",23.9,",,W",36.9,",,W",1,",,W",,,,,,,,,,,,
USW00053922,"FAYETTEVILLE SPRINGDALE NW AR REGL AIRPORT, AR US",36.28975,-94.31152,389.6,9/23/2019,4.7,",,W",,,0.02,",,W",0,",,W",0,",,W",,,85,",,W",68,",,W",70,",,W",80,",,W",14.1,",,W",21,",,W",1,",,W",1,",,W",,,,,,,,,,
USW00053922,"FAYETTEVILLE SPRINGDALE NW AR REGL AIRPORT, AR US",36.28975,-94.31152,389.6,9/24/2019,7.16,",,W",,,2,",,W",0,",,W",0,",,W",,,74,",,W",65,",,W",170,",,W",170,",,W",16.1,",,W",21,",,W",1,",,W",,,1,",,W",,,,,,,,
USW00053922,"FAYETTEVILLE SPRINGDALE NW AR REGL AIRPORT, AR US",36.28975,-94.31152,389.6,9/25/2019,8.28,",,W",,,0.45,",,W",0,",,W",0,",,W",,,84,",,W",67,",,W",360,",,W",360,",,W",36.9,",,W",44.1,",,W",1,",,W",,,1,",,W",,,,,,,,
USW00053922,"FAYETTEVILLE SPRINGDALE NW AR REGL AIRPORT, AR US",36.28975,-94.31152,389.6,9/26/2019,8.28,",,W",,,0.66,",,W",0,",,W",0,",,W",,,79,",,W",66,",,W",310,",,W",310,",,W",16.1,",,W",19.9,",,W",1,",,W",,,1,",,W",,,,,,,,
USW00053922,"FAYETTEVILLE SPRINGDALE NW AR REGL AIRPORT, AR US",36.28975,-94.31152,389.6,9/27/2019,13.2,",,W",,,0,"T,,W",0,",,W",0,",,W",,,85,",,W",68,",,W",180,",,W",210,",,W",23,",,W",33.1,",,W",,,,,,,,,,,,,,
USW00053922,"FAYETTEVILLE SPRINGDALE NW AR REGL AIRPORT, AR US",36.28975,-94.31152,389.6,9/28/2019,10.07,",,W",,,0,",,W",0,",,W",0,",,W",,,85,",,W",69,",,W",180,",,W",160,",,W",18.1,",,W",23.9,",,W",,,,,,,,,,,,,,
USW00053922,"FAYETTEVILLE SPRINGDALE NW AR REGL AIRPORT, AR US",36.28975,-94.31152,389.6,9/29/2019,9.62,",,W",,,0,"T,,W",0,",,W",0,",,W",,,85,",,W",69,",,W",170,",,W",190,",,W",21.9,",,W",27.1,",,W",,,,,,,,,,,,,,
USW00053922,"FAYETTEVILLE SPRINGDALE NW AR REGL AIRPORT, AR US",36.28975,-94.31152,389.6,9/30/2019,8.72,",,W",,,0,",,W",0,",,W",0,",,W",,,86,",,W",67,",,W",170,",,W",200,",,W",21.9,",,W",25.9,",,W",,,,,,,,,,,,,1,",,W"
USW00053922,"FAYETTEVILLE SPRINGDALE NW AR REGL AIRPORT, AR US",36.28975,-94.31152,389.6,10/1/2019,7.83,",,W",,,0,",,W",0,",,W",0,",,W",,,86,",,W",67,",,W",180,",,W",190,",,W",18.1,",,W",23,",,W",,,,,,,,,,,,,,
USW00053922,"FAYETTEVILLE SPRINGDALE NW AR REGL AIRPORT, AR US",36.28975,-94.31152,389.6,10/2/2019,7.16,",,W",,,0,",,W",0,",,W",0,",,W",,,87,",,W",67,",,W",190,",,W",180,",,W",16.1,",,W",23.9,",,W",,,,,,,,,,,,,,
USW00053922,"FAYETTEVILLE SPRINGDALE NW AR REGL AIRPORT, AR US",36.28975,-94.31152,389.6,10/3/2019,8.5,",,W",,,0,",,W",0,",,W",0,",,W",,,80,",,W",58,",,W",30,",,W",40,",,W",14.1,",,W",18.1,",,W",1,",,W",,,,,,,,,,,,
USW00053922,"FAYETTEVILLE SPRINGDALE NW AR REGL AIRPORT, AR US",36.28975,-94.31152,389.6,10/4/2019,6.71,",,W",,,0,",,W",0,",,W",0,",,W",,,78,",,W",57,",,W",110,",,W",80,",,W",13,",,W",21,",,W",,,,,,,,,,,,,,
USW00053922,"FAYETTEVILLE SPRINGDALE NW AR REGL AIRPORT, AR US",36.28975,-94.31152,389.6,10/5/2019,6.26,",,W",,,2.46,",,W",0,",,W",0,",,W",,,83,",,W",61,",,W",200,",,W",190,",,W",25.1,",,W",42.1,",,W",1,",,W",,,1,",,W",,,,,,,1,",,W"
USW00053922,"FAYETTEVILLE SPRINGDALE NW AR REGL AIRPORT, AR US",36.28975,-94.31152,389.6,10/6/2019,12.3,",,W",,,0,"T,,W",,,0,",,W",,,,,,,20,",,W",,,16.1,",,W",,,1,",,W",,,1,",,W",,,,,,,,
USW00053922,"FAYETTEVILLE SPRINGDALE NW AR REGL AIRPORT, AR US",36.28975,-94.31152,389.6,10/7/2019,6.49,",,W",,,0,",,W",0,",,W",0,",,W",,,72,",,W",48,",,W",10,",,W",,,10.1,",,W",,,,,,,,,,,,,,,,
USW00053922,"FAYETTEVILLE SPRINGDALE NW AR REGL AIRPORT, AR US",36.28975,-94.31152,389.6,10/8/2019,4.92,",,W",,,0,",,W",0,",,W",0,",,W",,,72,",,W",46,",,W",130,",,W",,,8.9,",,W",,,,,,,,,,,,,,,,
USW00053922,"FAYETTEVILLE SPRINGDALE NW AR REGL AIRPORT, AR US",36.28975,-94.31152,389.6,10/9/2019,8.05,",,W",,,0,",,W",0,",,W",0,",,W",,,72,",,W",47,",,W",140,",,W",140,",,W",19.9,",,W",23,",,W",,,,,,,,,,,,,,
USW00053922,"FAYETTEVILLE SPRINGDALE NW AR REGL AIRPORT, AR US",36.28975,-94.31152,389.6,10/10/2019,16.33,",,W",,,2.18,",,W",0,",,W",0,",,W",,,73,",,W",46,",,W",180,",,W",180,",,W",23.9,",,W",32,",,W",1,",,W",,,1,",,W",,,,,,,,
USW00053922,"FAYETTEVILLE SPRINGDALE NW AR REGL AIRPORT, AR US",36.28975,-94.31152,389.6,10/11/2019,10.29,",,W",,,0.35,",,W",0,",,W",0,",,W",,,51,",,W",35,",,W",310,",,W",320,",,W",21.9,",,W",27.1,",,W",1,",,W",,,1,",,W",,,,,,,1,",,W"
USW00053922,"FAYETTEVILLE SPRINGDALE NW AR REGL AIRPORT, AR US",36.28975,-94.31152,389.6,10/12/2019,5.59,",,W",,,0,",,W",0,",,W",0,",,W",,,61,",,W",31,",,W",260,",,W",270,",,W",14.1,",,W",18.1,",,W",,,,,,,,,,,,,,
USW00053922,"FAYETTEVILLE SPRINGDALE NW AR REGL AIRPORT, AR US",36.28975,-94.31152,389.6,10/13/2019,4.47,",,W",,,0,",,W",0,",,W",0,",,W",,,69,",,W",35,",,W",220,",,W",220,",,W",16.1,",,W",21,",,W",,,,,,,,,,,,,,
USW00053922,"FAYETTEVILLE SPRINGDALE NW AR REGL AIRPORT, AR US",36.28975,-94.31152,389.6,10/14/2019,5.59,",,W",,,0,",,W",0,",,W",0,",,W",,,75,",,W",42,",,W",150,",,W",150,",,W",15,",,W",19,",,W",,,,,,,,,,,,,,
USW00053922,"FAYETTEVILLE SPRINGDALE NW AR REGL AIRPORT, AR US",36.28975,-94.31152,389.6,10/15/2019,8.28,",,W",,,0.07,",,W",0,",,W",0,",,W",,,72,",,W",48,",,W",360,",,W",10,",,W",30,",,W",36.9,",,W",1,",,W",,,,,,,,,,,,
USW00053922,"FAYETTEVILLE SPRINGDALE NW AR REGL AIRPORT, AR US",36.28975,-94.31152,389.6,10/16/2019,6.04,",,W",,,0,",,W",0,",,W",0,",,W",,,60,",,W",39,",,W",20,",,W",20,",,W",15,",,W",19,",,W",1,",,W",,,,,,,,,,,,
USW00053922,"FAYETTEVILLE SPRINGDALE NW AR REGL AIRPORT, AR US",36.28975,-94.31152,389.6,10/17/2019,4.47,",,W",,,0,",,W",0,",,W",0,",,W",,,69,",,W",38,",,W",170,",,W",190,",,W",14.1,",,W",17,",,W",1,",,W",,,,,,,,,,,,
USW00053922,"FAYETTEVILLE SPRINGDALE NW AR REGL AIRPORT, AR US",36.28975,-94.31152,389.6,10/18/2019,7.83,",,W",,,0,",,W",0,",,W",0,",,W",,,71,",,W",43,",,W",150,",,W",140,",,W",18.1,",,W",23,",,W",,,,,,,,,,,,,,
USW00053922,"FAYETTEVILLE SPRINGDALE NW AR REGL AIRPORT, AR US",36.28975,-94.31152,389.6,10/19/2019,3.58,",,W",,,0.01,",,W",0,",,W",0,",,W",,,70,",,W",48,",,W",190,",,W",20,",,W",10.1,",,W",13,",,W",,,,,,,,,,,,,,
USW00053922,"FAYETTEVILLE SPRINGDALE NW AR REGL AIRPORT, AR US",36.28975,-94.31152,389.6,10/20/2019,8.5,",,W",,,0,"T,,W",0,",,W",0,",,W",,,76,",,W",48,",,W",180,",,W",180,",,W",16.1,",,W",21.9,",,W",1,",,W",1,",,W",1,",,W",,,,,,,,
USW00053922,"FAYETTEVILLE SPRINGDALE NW AR REGL AIRPORT, AR US",36.28975,-94.31152,389.6,10/21/2019,10.51,",,W",,,0,",,W",0,",,W",0,",,W",,,63,",,W",48,",,W",250,",,W",270,",,W",16.1,",,W",27.1,",,W",,,,,,,,,,,,,,
USW00053922,"FAYETTEVILLE SPRINGDALE NW AR REGL AIRPORT, AR US",36.28975,-94.31152,389.6,10/22/2019,9.17,",,W",,,0,",,W",0,",,W",0,",,W",,,64,",,W",40,",,W",290,",,W",270,",,W",25.1,",,W",36,",,W",,,,,,,,,,,,,,
USW00053922,"FAYETTEVILLE SPRINGDALE NW AR REGL AIRPORT, AR US",36.28975,-94.31152,389.6,10/23/2019,10.29,",,W",,,0.04,",,W",0,",,W",0,",,W",,,71,",,W",43,",,W",190,",,W",200,",,W",28,",,W",38,",,W",,,,,,,,,,,,,1,",,W"
USW00053922,"FAYETTEVILLE SPRINGDALE NW AR REGL AIRPORT, AR US",36.28975,-94.31152,389.6,10/24/2019,9.17,",,W",,,1.81,",,W",0,",,W",0,",,W",,,53,",,W",46,",,W",50,",,W",30,",,W",17,",,W",21.9,",,W",1,",,W",,,,,,,,,,,1,",,W"
USW00053922,"FAYETTEVILLE SPRINGDALE NW AR REGL AIRPORT, AR US",36.28975,-94.31152,389.6,10/25/2019,10.74,",,W",,,0.21,",,W",0,",,W",0,",,W",,,52,",,W",46,",,W",40,",,W",50,",,W",17,",,W",21.9,",,W",1,",,W",,,,,,,,,,,,
USW00053922,"FAYETTEVILLE SPRINGDALE NW AR REGL AIRPORT, AR US",36.28975,-94.31152,389.6,10/26/2019,8.05,",,W",,,0.26,",,W",0,",,W",0,",,W",,,58,",,W",42,",,W",10,",,W",360,",,W",16.1,",,W",19,",,W",1,",,W",,,,,,,,,,,,
USW00053922,"FAYETTEVILLE SPRINGDALE NW AR REGL AIRPORT, AR US",36.28975,-94.31152,389.6,10/27/2019,5.37,",,W",,,0,",,W",0,",,W",0,",,W",,,69,",,W",36,",,W",180,",,W",170,",,W",17,",,W",23.9,",,W",1,",,W",1,",,W",,,,,,,,,,
USW00053922,"FAYETTEVILLE SPRINGDALE NW AR REGL AIRPORT, AR US",36.28975,-94.31152,389.6,10/28/2019,5.59,",,W",,,0.05,",,W",0,",,W",0,",,W",,,63,",,W",41,",,W",280,",,W",290,",,W",19.9,",,W",23.9,",,W",1,",,W",,,,,,,,,,,,
USW00053922,"FAYETTEVILLE SPRINGDALE NW AR REGL AIRPORT, AR US",36.28975,-94.31152,389.6,10/29/2019,10.51,",,W",,,0.44,",,W",0,",,W",0,",,W",,,44,",,W",39,",,W",40,",,W",20,",,W",18.1,",,W",23.9,",,W",1,",,W",,,1,",,W",,,,,,,1,",,W"
USW00053922,"FAYETTEVILLE SPRINGDALE NW AR REGL AIRPORT, AR US",36.28975,-94.31152,389.6,10/30/2019,12.08,",,W",,,0.47,",,W",,,0,",,W",,,41,",,W",31,",,W",310,",,W",310,",,W",21,",,W",28,",,W",1,",,W",,,1,",,W",,,,,,,,
USW00053922,"FAYETTEVILLE SPRINGDALE NW AR REGL AIRPORT, AR US",36.28975,-94.31152,389.6,10/31/2019,9.17,",,W",,,0,"T,,W",,,0,",,W",,,43,",,W",27,",,W",310,",,W",310,",,W",19.9,",,W",28,",,W",1,",,W",,,,,,,,,,,,
USW00053922,"FAYETTEVILLE SPRINGDALE NW AR REGL AIRPORT, AR US",36.28975,-94.31152,389.6,11/1/2019,4.7,",,W",,,0,",,W",0,",,W",0,",,W",,,56,",,W",25,",,W",220,",,W",190,",,W",14.1,",,W",17,",,W",,,,,,,,,,,,,,
USW00053922,"FAYETTEVILLE SPRINGDALE NW AR REGL AIRPORT, AR US",36.28975,-94.31152,389.6,11/2/2019,4.47,",,W",,,0,",,W",0,",,W",0,",,W",,,54,",,W",30,",,W",310,",,W",340,",,W",15,",,W",29.1,",,W",,,,,,,,,,,,,1,",,W"
USW00053922,"FAYETTEVILLE SPRINGDALE NW AR REGL AIRPORT, AR US",36.28975,-94.31152,389.6,11/3/2019,7.61,",,W",,,0,",,W",0,",,W",0,",,W",,,61,",,W",28,",,W",170,",,W",170,",,W",21,",,W",23.9,",,W",,,,,,,,,,,,,1,",,W"
USW00053922,"FAYETTEVILLE SPRINGDALE NW AR REGL AIRPORT, AR US",36.28975,-94.31152,389.6,11/4/2019,5.37,",,W",,,0,",,W",0,",,W",0,",,W",,,67,",,W",39,",,W",30,",,W",200,",,W",14.1,",,W",17,",,W",,,,,,,,,,,,,,
USW00053922,"FAYETTEVILLE SPRINGDALE NW AR REGL AIRPORT, AR US",36.28975,-94.31152,389.6,11/5/2019,8.5,",,W",,,0,",,W",0,",,W",0,",,W",,,62,",,W",42,",,W",80,",,W",90,",,W",14.1,",,W",19,",,W",,,,,,,,,,,,,,
USW00053922,"FAYETTEVILLE SPRINGDALE NW AR REGL AIRPORT, AR US",36.28975,-94.31152,389.6,11/6/2019,5.82,",,W",,,1.38,",,W",0,",,W",0,",,W",,,59,",,W",52,",,W",300,",,W",300,",,W",13,",,W",16.1,",,W",1,",,W",,,1,",,W",,,,,,,,
USW00053922,"FAYETTEVILLE SPRINGDALE NW AR REGL AIRPORT, AR US",36.28975,-94.31152,389.6,11/7/2019,12.75,",,W",,,1.18,",,W",,,0,",,W",,,58,",,W",27,",,W",10,",,W",30,",,W",25.1,",,W",33.1,",,W",1,",,W",,,,,,,,,,,,
USW00053922,"FAYETTEVILLE SPRINGDALE NW AR REGL AIRPORT, AR US",36.28975,-94.31152,389.6,11/8/2019,4.25,",,W",,,0,",,W",0,",,W",0,",,W",,,48,",,W",23,",,W",130,",,W",80,",,W",12.1,",,W",15,",,W",,,,,,,,,,,,,,
USW00053922,"FAYETTEVILLE SPRINGDALE NW AR REGL AIRPORT, AR US",36.28975,-94.31152,389.6,11/9/2019,8.28,",,W",,,0,",,W",0,",,W",0,",,W",,,62,",,W",33,",,W",200,",,W",200,",,W",16.1,",,W",23,",,W",,,,,,,,,,,,,,
USW00053922,"FAYETTEVILLE SPRINGDALE NW AR REGL AIRPORT, AR US",36.28975,-94.31152,389.6,11/10/2019,7.38,",,W",,,0,",,W",0,",,W",,,,,70,",,W",45,",,W",200,",,W",200,",,W",16.1,",,W",19.9,",,W",,,,,,,,,,,,,,
USW00053922,"FAYETTEVILLE SPRINGDALE NW AR REGL AIRPORT, AR US",36.28975,-94.31152,389.6,11/11/2019,18.34,",,W",,,0.17,",,W",,,0,",,W",,,56,",,W",17,",,W",360,",,W",20,",,W",31.1,",,W",38.9,",,W",1,",,W",,,1,",,W",,,,,,,,
USW00053922,"FAYETTEVILLE SPRINGDALE NW AR REGL AIRPORT, AR US",36.28975,-94.31152,389.6,11/12/2019,7.38,",,W",,,0,",,W",0,",,W",0,",,W",,,28,",,W",11,",,W",360,",,W",10,",,W",23,",,W",28,",,W",,,,,,,,,,,,,,
USW00053922,"FAYETTEVILLE SPRINGDALE NW AR REGL AIRPORT, AR US",36.28975,-94.31152,389.6,11/13/2019,8.5,",,W",,,0,",,W",0,",,W",0,",,W",,,44,",,W",15,",,W",200,",,W",210,",,W",21,",,W",27.1,",,W",,,,,,,,,,,,,1,",,W"
USW00053922,"FAYETTEVILLE SPRINGDALE NW AR REGL AIRPORT, AR US",36.28975,-94.31152,389.6,11/14/2019,5.82,",,W",,,0,",,W",0,",,W",0,",,W",,,50,",,W",27,",,W",350,",,W",350,",,W",16.1,",,W",19,",,W",,,,,,,,,,,,,1,",,W"
USW00053922,"FAYETTEVILLE SPRINGDALE NW AR REGL AIRPORT, AR US",36.28975,-94.31152,389.6,11/15/2019,1.12,",,W",,,0,",,W",0,",,W",0,",,W",,,54,",,W",23,",,W",20,",,W",30,",,W",6.9,",,W",12.1,",,W",1,",,W",,,,,,,,,,,1,",,W"
USW00053922,"FAYETTEVILLE SPRINGDALE NW AR REGL AIRPORT, AR US",36.28975,-94.31152,389.6,11/16/2019,3.8,",,W",,,0,",,W",0,",,W",0,",,W",,,59,",,W",27,",,W",170,",,W",150,",,W",12.1,",,W",16.1,",,W",,,,,,,,,,,,,,
USW00053922,"FAYETTEVILLE SPRINGDALE NW AR REGL AIRPORT, AR US",36.28975,-94.31152,389.6,11/17/2019,5.14,",,W",,,0,",,W",0,",,W",0,",,W",,,57,",,W",35,",,W",230,",,W",240,",,W",16.1,",,W",21,",,W",,,,,,,,,,,,,,
USW00053922,"FAYETTEVILLE SPRINGDALE NW AR REGL AIRPORT, AR US",36.28975,-94.31152,389.6,11/18/2019,7.38,",,W",,,0,",,W",0,",,W",0,",,W",,,62,",,W",29,",,W",220,",,W",220,",,W",18.1,",,W",25.9,",,W",1,",,W",,,,,,,,,,,,
USW00053922,"FAYETTEVILLE SPRINGDALE NW AR REGL AIRPORT, AR US",36.28975,-94.31152,389.6,11/19/2019,4.03,",,W",,,0,",,W",0,",,W",0,",,W",,,67,",,W",38,",,W",300,",,W",310,",,W",14.1,",,W",18.1,",,W",,,,,,,,,,,,,1,",,W"
USW00053922,"FAYETTEVILLE SPRINGDALE NW AR REGL AIRPORT, AR US",36.28975,-94.31152,389.6,11/20/2019,13.42,",,W",,,0.01,",,W",0,",,W",0,",,W",,,68,",,W",42,",,W",170,",,W",160,",,W",29.1,",,W",36.9,",,W",,,,,,,,,,,,,,
USW00053922,"FAYETTEVILLE SPRINGDALE NW AR REGL AIRPORT, AR US",36.28975,-94.31152,389.6,11/21/2019,11.41,",,W",,,0.47,",,W",0,",,W",0,",,W",,,63,",,W",42,",,W",180,",,W",180,",,W",21.9,",,W",31.1,",,W",1,",,W",,,1,",,W",,,,,,,,
USW00053922,"FAYETTEVILLE SPRINGDALE NW AR REGL AIRPORT, AR US",36.28975,-94.31152,389.6,11/22/2019,9.62,",,W",,,0.09,",,W",0,",,W",0,",,W",,,42,",,W",38,",,W",80,",,W",80,",,W",21,",,W",25.9,",,W",1,",,W",,,,,,,,,,,,
USW00053922,"FAYETTEVILLE SPRINGDALE NW AR REGL AIRPORT, AR US",36.28975,-94.31152,389.6,11/23/2019,8.28,",,W",,,0,"T,,W",,,0,",,W",,,44,",,W",30,",,W",280,",,W",280,",,W",16.1,",,W",19.9,",,W",1,",,W",,,,,,,,,,,,
USW00053922,"FAYETTEVILLE SPRINGDALE NW AR REGL AIRPORT, AR US",36.28975,-94.31152,389.6,11/24/2019,7.38,",,W",,,0,",,W",0,",,W",0,",,W",,,63,",,W",27,",,W",220,",,W",250,",,W",15,",,W",21,",,W",1,",,W",,,,,,,,,,,,
USW00053922,"FAYETTEVILLE SPRINGDALE NW AR REGL AIRPORT, AR US",36.28975,-94.31152,389.6,11/25/2019,5.59,",,W",,,0,",,W",0,",,W",0,",,W",,,66,",,W",37,",,W",170,",,W",170,",,W",15,",,W",17,",,W",,,,,,,,,,,,,,
USW00053922,"FAYETTEVILLE SPRINGDALE NW AR REGL AIRPORT, AR US",36.28975,-94.31152,389.6,11/26/2019,13.42,",,W",,,0.01,",,W",0,",,W",0,",,W",,,66,",,W",42,",,W",270,",,W",280,",,W",38,",,W",57,",,W",1,",,W",,,,,,,,,,,,
USW00053922,"FAYETTEVILLE SPRINGDALE NW AR REGL AIRPORT, AR US",36.28975,-94.31152,389.6,11/27/2019,9.17,",,W",,,0,",,W",0,",,W",0,",,W",,,46,",,W",30,",,W",260,",,W",250,",,W",31.1,",,W",42.9,",,W",,,,,,,,,,,,,,
USW00053922,"FAYETTEVILLE SPRINGDALE NW AR REGL AIRPORT, AR US",36.28975,-94.31152,389.6,11/28/2019,7.38,",,W",,,0.53,",,W",,,0,",,W",,,40,",,W",36,",,W",80,",,W",80,",,W",13,",,W",17,",,W",1,",,W",,,,,1,",,W",,,,,,
USW00053922,"FAYETTEVILLE SPRINGDALE NW AR REGL AIRPORT, AR US",36.28975,-94.31152,389.6,11/29/2019,6.26,",,W",,,0.48,",,W",0,",,W",0,",,W",,,58,",,W",40,",,W",180,",,W",170,",,W",21.9,",,W",25.9,",,W",1,",,W",,,1,",,W",,,,,,,,
USW00053922,"FAYETTEVILLE SPRINGDALE NW AR REGL AIRPORT, AR US",36.28975,-94.31152,389.6,11/30/2019,13.87,",,W",,,1.06,",,W",0,",,W",0,",,W",,,64,",,W",42,",,W",240,",,W",240,",,W",30,",,W",42.1,",,W",1,",,W",,,1,",,W",,,,,,,,
USW00053922,"FAYETTEVILLE SPRINGDALE NW AR REGL AIRPORT, AR US",36.28975,-94.31152,389.6,12/1/2019,17.22,",,W",,,0,",,W",0,",,W",0,",,W",,,42,",,W",33,",,W",270,",,W",270,",,W",28,",,W",36,",,W",,,,,,,,,,,,,,
USW00053922,"FAYETTEVILLE SPRINGDALE NW AR REGL AIRPORT, AR US",36.28975,-94.31152,389.6,12/2/2019,6.04,",,W",,,0,",,W",0,",,W",0,",,W",,,45,",,W",28,",,W",320,",,W",310,",,W",18.1,",,W",25.1,",,W",,,,,,,,,,,,,,
USW00053922,"FAYETTEVILLE SPRINGDALE NW AR REGL AIRPORT, AR US",36.28975,-94.31152,389.6,12/3/2019,6.26,",,W",,,0,",,W",0,",,W",0,",,W",,,55,",,W",30,",,W",230,",,W",220,",,W",18.1,",,W",23.9,",,W",,,,,,,,,,,,,,
USW00053922,"FAYETTEVILLE SPRINGDALE NW AR REGL AIRPORT, AR US",36.28975,-94.31152,389.6,12/4/2019,4.25,",,W",,,0,",,W",0,",,W",0,",,W",,,60,",,W",27,",,W",250,",,W",280,",,W",12.1,",,W",15,",,W",,,,,,,,,,,,,,
USW00053922,"FAYETTEVILLE SPRINGDALE NW AR REGL AIRPORT, AR US",36.28975,-94.31152,389.6,12/5/2019,8.05,",,W",,,0,",,W",0,",,W",0,",,W",,,65,",,W",43,",,W",180,",,W",180,",,W",21.9,",,W",30,",,W",,,,,,,,,,,,,,
USW00053922,"FAYETTEVILLE SPRINGDALE NW AR REGL AIRPORT, AR US",36.28975,-94.31152,389.6,12/6/2019,9.4,",,W",,,0,",,W",0,",,W",0,",,W",,,54,",,W",31,",,W",360,",,W",350,",,W",21.9,",,W",27.1,",,W",,,,,,,,,,,,,,
USW00053922,"FAYETTEVILLE SPRINGDALE NW AR REGL AIRPORT, AR US",36.28975,-94.31152,389.6,12/7/2019,4.25,",,W",,,0,",,W",0,",,W",0,",,W",,,54,",,W",27,",,W",180,",,W",180,",,W",8.9,",,W",10.1,",,W",1,",,W",,,,,,,,,,,,
USW00053922,"FAYETTEVILLE SPRINGDALE NW AR REGL AIRPORT, AR US",36.28975,-94.31152,389.6,12/8/2019,12.3,",,W",,,0,",,W",0,",,W",0,",,W",,,53,",,W",38,",,W",190,",,W",180,",,W",25.9,",,W",32,",,W",,,,,,,,,,,,,,
USW00053922,"FAYETTEVILLE SPRINGDALE NW AR REGL AIRPORT, AR US",36.28975,-94.31152,389.6,12/9/2019,11.63,",,W",,,0,"T,,W",0,",,W",0,",,W",,,57,",,W",29,",,W",310,",,W",310,",,W",21,",,W",27.1,",,W",,,,,,,,,,,,,,
USW00053922,"FAYETTEVILLE SPRINGDALE NW AR REGL AIRPORT, AR US",36.28975,-94.31152,389.6,12/10/2019,4.25,",,W",,,0,",,W",0,",,W",0,",,W",,,42,",,W",26,",,W",350,",,W",,,15,",,W",,,,,,,,,,,,,,,,
USW00053922,"FAYETTEVILLE SPRINGDALE NW AR REGL AIRPORT, AR US",36.28975,-94.31152,389.6,12/11/2019,6.93,",,W",,,0,",,W",0,",,W",0,",,W",,,51,",,W",22,",,W",200,",,W",210,",,W",15,",,W",19.9,",,W",,,,,,,,,,,,,,
USW00053922,"FAYETTEVILLE SPRINGDALE NW AR REGL AIRPORT, AR US",36.28975,-94.31152,389.6,12/12/2019,10.29,",,W",,,0,",,W",0,",,W",0,",,W",,,54,",,W",36,",,W",190,",,W",200,",,W",21.9,",,W",29.1,",,W",,,,,,,,,,,,,,
USW00053922,"FAYETTEVILLE SPRINGDALE NW AR REGL AIRPORT, AR US",36.28975,-94.31152,389.6,12/13/2019,3.8,",,W",,,0,",,W",0,",,W",0,",,W",,,55,",,W",37,",,W",160,",,W",260,",,W",8.9,",,W",10.1,",,W",,,,,,,,,,,,,,
USW00053922,"FAYETTEVILLE SPRINGDALE NW AR REGL AIRPORT, AR US",36.28975,-94.31152,389.6,12/14/2019,7.16,",,W",,,0,",,W",0,",,W",0,",,W",,,44,",,W",32,",,W",350,",,W",240,",,W",13,",,W",17,",,W",1,",,W",,,,,,,,,,,1,",,W"
USW00053922,"FAYETTEVILLE SPRINGDALE NW AR REGL AIRPORT, AR US",36.28975,-94.31152,389.6,12/15/2019,8.72,",,W",,,0.01,",,W",0,",,W",0,",,W",,,41,",,W",32,",,W",100,",,W",70,",,W",16.1,",,W",19.9,",,W",1,",,W",,,,,,,,,,,1,",,W"
USW00053922,"FAYETTEVILLE SPRINGDALE NW AR REGL AIRPORT, AR US",36.28975,-94.31152,389.6,12/16/2019,13.2,",,W",,,0.38,",,W",,,0,",,W",,,36,",,W",25,",,W",340,",,W",360,",,W",19.9,",,W",25.9,",,W",1,",,W",,,1,",,W",,,,,1,",,W",,
USW00053922,"FAYETTEVILLE SPRINGDALE NW AR REGL AIRPORT, AR US",36.28975,-94.31152,389.6,12/17/2019,6.49,",,W",,,0,",,W",0,",,W",0,",,W",,,31,",,W",23,",,W",350,",,W",350,",,W",18.1,",,W",23,",,W",1,",,W",1,",,W",,,,,,,,,,
USW00053922,"FAYETTEVILLE SPRINGDALE NW AR REGL AIRPORT, AR US",36.28975,-94.31152,389.6,12/18/2019,2.01,",,W",,,0,",,W",0,",,W",0,",,W",,,48,",,W",19,",,W",250,",,W",240,",,W",8.1,",,W",10.1,",,W",1,",,W",1,",,W",,,,,,,,,1,",,W"
USW00053922,"FAYETTEVILLE SPRINGDALE NW AR REGL AIRPORT, AR US",36.28975,-94.31152,389.6,12/19/2019,6.26,",,W",,,0,",,W",0,",,W",0,",,W",,,55,",,W",24,",,W",200,",,W",220,",,W",17,",,W",21.9,",,W",,,,,,,,,,,,,,
USW00053922,"FAYETTEVILLE SPRINGDALE NW AR REGL AIRPORT, AR US",36.28975,-94.31152,389.6,12/20/2019,4.03,",,W",,,0,",,W",0,",,W",0,",,W",,,49,",,W",26,",,W",180,",,W",,,10.1,",,W",,,,,,,,,,,,,,,,
USW00053922,"FAYETTEVILLE SPRINGDALE NW AR REGL AIRPORT, AR US",36.28975,-94.31152,389.6,12/21/2019,2.24,",,W",,,0,",,W",0,",,W",0,",,W",,,53,",,W",30,",,W",310,",,W",320,",,W",10.1,",,W",13,",,W",1,",,W",,,,,,,,,,,,
USW00053922,"FAYETTEVILLE SPRINGDALE NW AR REGL AIRPORT, AR US",36.28975,-94.31152,389.6,12/22/2019,1.79,",,W",,,0,",,W",0,",,W",0,",,W",,,58,",,W",26,",,W",310,",,W",310,",,W",8.9,",,W",12.1,",,W",1,",,W",1,",,W",,,,,,,,,,
USW00053922,"FAYETTEVILLE SPRINGDALE NW AR REGL AIRPORT, AR US",36.28975,-94.31152,389.6,12/23/2019,2.91,",,W",,,0,",,W",0,",,W",0,",,W",,,64,",,W",26,",,W",220,",,W",210,",,W",8.1,",,W",10.1,",,W",1,",,W",,,,,,,,,,,,
USW00053922,"FAYETTEVILLE SPRINGDALE NW AR REGL AIRPORT, AR US",36.28975,-94.31152,389.6,12/24/2019,6.71,",,W",,,0,",,W",0,",,W",0,",,W",,,65,",,W",32,",,W",220,",,W",210,",,W",17,",,W",21.9,",,W",,,,,,,,,,,,,,
USW00053922,"FAYETTEVILLE SPRINGDALE NW AR REGL AIRPORT, AR US",36.28975,-94.31152,389.6,12/25/2019,11.41,",,W",,,0,",,W",0,",,W",0,",,W",,,67,",,W",45,",,W",190,",,W",210,",,W",23.9,",,W",31.1,",,W",,,,,,,,,,,,,,
USW00053922,"FAYETTEVILLE SPRINGDALE NW AR REGL AIRPORT, AR US",36.28975,-94.31152,389.6,12/26/2019,8.05,",,W",,,0,",,W",0,",,W",0,",,W",,,66,",,W",44,",,W",200,",,W",190,",,W",18.1,",,W",23.9,",,W",,,,,,,,,,,,,,
USW00053922,"FAYETTEVILLE SPRINGDALE NW AR REGL AIRPORT, AR US",36.28975,-94.31152,389.6,12/27/2019,6.93,",,W",,,0,",,W",0,",,W",0,",,W",,,58,",,W",41,",,W",100,",,W",90,",,W",13,",,W",16.1,",,W",1,",,W",1,",,W",,,,,,,,,1,",,W"
USW00053922,"FAYETTEVILLE SPRINGDALE NW AR REGL AIRPORT, AR US",36.28975,-94.31152,389.6,12/28/2019,12.3,",,W",,,0.78,",,W",0,",,W",0,",,W",,,64,",,W",53,",,W",170,",,W",180,",,W",23.9,",,W",30,",,W",1,",,W",,,,,,,,,,,,
USW00053922,"FAYETTEVILLE SPRINGDALE NW AR REGL AIRPORT, AR US",36.28975,-94.31152,389.6,12/29/2019,11.86,",,W",,,0,"T,,W",,,0,",,W",,,54,",,W",36,",,W",270,",,W",270,",,W",23.9,",,W",32,",,W",,,,,,,,,,,,,,
USW00053922,"FAYETTEVILLE SPRINGDALE NW AR REGL AIRPORT, AR US",36.28975,-94.31152,389.6,12/30/2019,13.2,",,W",,,0,"T,,W",,,0,",,W",,,45,",,W",31,",,W",270,",,W",270,",,W",25.1,",,W",32,",,W",,,,,,,,,,,,,,
USW00053922,"FAYETTEVILLE SPRINGDALE NW AR REGL AIRPORT, AR US",36.28975,-94.31152,389.6,12/31/2019,7.61,",,W",,,0,",,W",0,",,W",0,",,W",,,49,",,W",26,",,W",280,",,W",260,",,W",17,",,W",21.9,",,W",,,,,,,,,,,,,,
USW00053922,"FAYETTEVILLE SPRINGDALE NW AR REGL AIRPORT, AR US",36.28975,-94.31152,389.6,1/1/2020,11.63,",,W",,,0,",,W",0,",,W",0,",,W",,,54,",,W",30,",,W",180,",,W",180,",,W",23,",,W",32,",,W",,,,,,,,,,,,,,
USW00053922,"FAYETTEVILLE SPRINGDALE NW AR REGL AIRPORT, AR US",36.28975,-94.31152,389.6,1/2/2020,6.93,",,W",,,0,",,W",0,",,W",0,",,W",,,55,",,W",42,",,W",200,",,W",200,",,W",19.9,",,W",25.9,",,W",,,,,,,,,,,,,,
USW00053922,"FAYETTEVILLE SPRINGDALE NW AR REGL AIRPORT, AR US",36.28975,-94.31152,389.6,1/3/2020,7.38,",,W",,,0,"T,,W",,,0,",,W",,,49,",,W",32,",,W",300,",,W",290,",,W",15,",,W",19.9,",,W",,,,,,,,,,,,,1,",,W"
USW00053922,"FAYETTEVILLE SPRINGDALE NW AR REGL AIRPORT, AR US",36.28975,-94.31152,389.6,1/4/2020,7.38,",,W",,,0,",,W",0,",,W",0,",,W",,,46,",,W",30,",,W",310,",,W",310,",,W",15,",,W",19.9,",,W",,,,,,,,,,,,,,
USW00053922,"FAYETTEVILLE SPRINGDALE NW AR REGL AIRPORT, AR US",36.28975,-94.31152,389.6,1/5/2020,7.16,",,W",,,0,",,W",0,",,W",0,",,W",,,58,",,W",29,",,W",350,",,W",340,",,W",18.1,",,W",23,",,W",,,,,,,,,,,,,,
USW00053922,"FAYETTEVILLE SPRINGDALE NW AR REGL AIRPORT, AR US",36.28975,-94.31152,389.6,1/6/2020,6.26,",,W",,,0,",,W",0,",,W",0,",,W",,,54,",,W",27,",,W",300,",,W",300,",,W",14.1,",,W",19,",,W",,,,,,,,,,,,,1,",,W"
USW00053922,"FAYETTEVILLE SPRINGDALE NW AR REGL AIRPORT, AR US",36.28975,-94.31152,389.6,1/7/2020,6.71,",,W",,,0,",,W",0,",,W",0,",,W",,,54,",,W",28,",,W",250,",,W",290,",,W",15,",,W",18.1,",,W",,,,,,,,,,,,,,
USW00053922,"FAYETTEVILLE SPRINGDALE NW AR REGL AIRPORT, AR US",36.28975,-94.31152,389.6,1/8/2020,12.75,",,W",,,0,",,W",0,",,W",0,",,W",,,61,",,W",32,",,W",180,",,W",190,",,W",28,",,W",36.9,",,W",,,,,,,,,,,,,,
USW00053922,"FAYETTEVILLE SPRINGDALE NW AR REGL AIRPORT, AR US",36.28975,-94.31152,389.6,1/9/2020,13.87,",,W",,,0.12,",,W",0,",,W",0,",,W",,,57,",,W",52,",,W",180,",,W",190,",,W",30,",,W",40,",,W",1,",,W",,,,,,,,,,,,
USW00053922,"FAYETTEVILLE SPRINGDALE NW AR REGL AIRPORT, AR US",36.28975,-94.31152,389.6,1/10/2020,11.18,",,W",,,3.02,",,W",0,",,W",0,",,W",,,65,",,W",38,",,W",270,",,W",270,",,W",23,",,W",33.1,",,W",1,",,W",,,1,",,W",,,,,,,,
USW00053922,"FAYETTEVILLE SPRINGDALE NW AR REGL AIRPORT, AR US",36.28975,-94.31152,389.6,1/11/2020,9.62,",,W",,,0.33,",,W",,,0,",,W",,,38,",,W",21,",,W",350,",,W",320,",,W",19.9,",,W",27.1,",,W",1,",,W",,,1,",,W",1,",,W",1,",,W",,,1,",,W"
USW00053922,"FAYETTEVILLE SPRINGDALE NW AR REGL AIRPORT, AR US",36.28975,-94.31152,389.6,1/12/2020,9.17,",,W",,,0,",,W",0,",,W",0,",,W",,,45,",,W",21,",,W",170,",,W",170,",,W",21.9,",,W",27.1,",,W",1,",,W",,,,,,,,,,,,
USW00053922,"FAYETTEVILLE SPRINGDALE NW AR REGL AIRPORT, AR US",36.28975,-94.31152,389.6,1/13/2020,8.05,",,W",,,0,"T,,W",,,0,",,W",,,57,",,W",27,",,W",150,",,W",150,",,W",25.1,",,W",30,",,W",1,",,W",,,,,,,,,,,,
USW00053922,"FAYETTEVILLE SPRINGDALE NW AR REGL AIRPORT, AR US",36.28975,-94.31152,389.6,1/14/2020,6.71,",,W",,,0,",,W",0,",,W",0,",,W",,,57,",,W",39,",,W",190,",,W",,,14.1,",,W",,,1,",,W",,,,,,,,,,,,
USW00053922,"FAYETTEVILLE SPRINGDALE NW AR REGL AIRPORT, AR US",36.28975,-94.31152,389.6,1/15/2020,11.41,",,W",,,0,",,W",0,",,W",0,",,W",,,,,,,20,",,W",10,",,W",17,",,W",21,",,W",1,",,W",,,,,,,,,,,,
USW00053922,"FAYETTEVILLE SPRINGDALE NW AR REGL AIRPORT, AR US",36.28975,-94.31152,389.6,1/16/2020,12.75,",,W",,,0.01,",,W",0,",,W",,,,,44,",,W",30,",,W",70,",,W",70,",,W",21.9,",,W",25.9,",,W",,,,,,,,,,,,,,
USW00053922,"FAYETTEVILLE SPRINGDALE NW AR REGL AIRPORT, AR US",36.28975,-94.31152,389.6,1/17/2020,13.87,",,W",,,1.15,",,W",0,",,W",0,",,W",,,50,",,W",33,",,W",190,",,W",190,",,W",25.9,",,W",34,",,W",1,",,W",,,,,,,,,,,,
USW00053922,"FAYETTEVILLE SPRINGDALE NW AR REGL AIRPORT, AR US",36.28975,-94.31152,389.6,1/18/2020,12.3,",,W",,,0.23,",,W",0,",,W",0,",,W",,,53,",,W",27,",,W",260,",,W",260,",,W",23.9,",,W",33.1,",,W",1,",,W",,,,,,,,,,,,
USW00053922,"FAYETTEVILLE SPRINGDALE NW AR REGL AIRPORT, AR US",36.28975,-94.31152,389.6,1/19/2020,8.28,",,W",,,0,",,W",0,",,W",0,",,W",,,41,",,W",22,",,W",350,",,W",350,",,W",17,",,W",21.9,",,W",,,,,,,,,,,,,,
USW00053922,"FAYETTEVILLE SPRINGDALE NW AR REGL AIRPORT, AR US",36.28975,-94.31152,389.6,1/20/2020,5.14,",,W",,,0,",,W",0,",,W",0,",,W",,,41,",,W",17,",,W",20,",,W",20,",,W",13,",,W",15,",,W",,,,,,,,,,,,,,
USW00053922,"FAYETTEVILLE SPRINGDALE NW AR REGL AIRPORT, AR US",36.28975,-94.31152,389.6,1/21/2020,7.61,",,W",,,0,",,W",0,",,W",0,",,W",,,43,",,W",19,",,W",170,",,W",170,",,W",14.1,",,W",17,",,W",,,,,,,,,,,,,,
USW00053922,"FAYETTEVILLE SPRINGDALE NW AR REGL AIRPORT, AR US",36.28975,-94.31152,389.6,1/22/2020,12.3,",,W",,,0.17,",,W",,,0,",,W",,,36,",,W",30,",,W",170,",,W",170,",,W",21.9,",,W",28,",,W",1,",,W",,,,,,,,,,,,
USW00053922,"FAYETTEVILLE SPRINGDALE NW AR REGL AIRPORT, AR US",36.28975,-94.31152,389.6,1/23/2020,7.61,",,W",,,0.06,",,W",,,0,",,W",,,40,",,W",35,",,W",280,",,W",,,14.1,",,W",,,1,",,W",,,,,,,,,,,,
USW00053922,"FAYETTEVILLE SPRINGDALE NW AR REGL AIRPORT, AR US",36.28975,-94.31152,389.6,1/24/2020,10.74,",,W",,,0.01,",,W",,,0,",,W",,,36,",,W",31,",,W",290,",,W",300,",,W",17,",,W",23.9,",,W",1,",,W",,,,,,,,,,,,
USW00053922,"FAYETTEVILLE SPRINGDALE NW AR REGL AIRPORT, AR US",36.28975,-94.31152,389.6,1/25/2020,3.58,",,W",,,0,",,W",0,",,W",0,",,W",,,52,",,W",24,",,W",180,",,W",150,",,W",8.1,",,W",11,",,W",,,,,,,,,,,,,,
USW00053922,"FAYETTEVILLE SPRINGDALE NW AR REGL AIRPORT, AR US",36.28975,-94.31152,389.6,1/26/2020,4.03,",,W",,,0,",,W",0,",,W",0,",,W",,,57,",,W",33,",,W",290,",,W",280,",,W",15,",,W",18.1,",,W",1,",,W",1,",,W",,,,,,,,,,
USW00053922,"FAYETTEVILLE SPRINGDALE NW AR REGL AIRPORT, AR US",36.28975,-94.31152,389.6,1/27/2020,4.47,",,W",,,0,",,W",0,",,W",0,",,W",,,62,",,W",26,",,W",260,",,W",260,",,W",14.1,",,W",17,",,W",1,",,W",1,",,W",,,,,,,,,,
USW00053922,"FAYETTEVILLE SPRINGDALE NW AR REGL AIRPORT, AR US",36.28975,-94.31152,389.6,1/28/2020,8.95,",,W",,,0.32,",,W",0,",,W",0,",,W",,,44,",,W",37,",,W",60,",,W",90,",,W",16.1,",,W",25.9,",,W",1,",,W",,,,,,,,,,,,
USW00053922,"FAYETTEVILLE SPRINGDALE NW AR REGL AIRPORT, AR US",36.28975,-94.31152,389.6,1/29/2020,8.5,",,W",,,0.07,",,W",,,0,",,W",,,40,",,W",33,",,W",10,",,W",40,",,W",13,",,W",17,",,W",1,",,W",,,,,,,,,,,,
USW00053922,"FAYETTEVILLE SPRINGDALE NW AR REGL AIRPORT, AR US",36.28975,-94.31152,389.6,1/30/2020,2.46,",,W",,,0,"T,,W",,,0,",,W",,,41,",,W",33,",,W",170,",,W",20,",,W",6.9,",,W",14.1,",,W",1,",,W",,,,,,,,,,,,
USW00053922,"FAYETTEVILLE SPRINGDALE NW AR REGL AIRPORT, AR US",36.28975,-94.31152,389.6,1/31/2020,5.82,",,W",,,0,",,W",0,",,W",,,,,44,",,W",31,",,W",230,",,W",250,",,W",13,",,W",18.1,",,W",1,",,W",,,,,,,,,,,,
USW00053922,"FAYETTEVILLE SPRINGDALE NW AR REGL AIRPORT, AR US",36.28975,-94.31152,389.6,2/1/2020,6.71,",,W",,,0,",,W",0,",,W",0,",,W",,,55,",,W",27,",,W",260,",,W",320,",,W",14.1,",,W",19,",,W",1,",,W",,,,,,,,,,,,
USW00053922,"FAYETTEVILLE SPRINGDALE NW AR REGL AIRPORT, AR US",36.28975,-94.31152,389.6,2/2/2020,10.29,",,W",,,0,",,W",0,",,W",0,",,W",,,74,",,W",45,",,W",220,",,W",220,",,W",15,",,W",23,",,W",,,,,,,,,,,,,,
USW00053922,"FAYETTEVILLE SPRINGDALE NW AR REGL AIRPORT, AR US",36.28975,-94.31152,389.6,2/3/2020,14.99,",,W",,,0,"T,,W",0,",,W",0,",,W",,,66,",,W",48,",,W",190,",,W",190,",,W",28,",,W",40,",,W",,,,,,,,,,,,,,
USW00053922,"FAYETTEVILLE SPRINGDALE NW AR REGL AIRPORT, AR US",36.28975,-94.31152,389.6,2/4/2020,11.41,",,W",,,0.6,",,W",,,0,",,W",,,48,",,W",33,",,W",360,",,W",20,",,W",18.1,",,W",25.1,",,W",1,",,W",,,,,,,,,,,,
USW00053922,"FAYETTEVILLE SPRINGDALE NW AR REGL AIRPORT, AR US",36.28975,-94.31152,389.6,2/5/2020,9.62,",,W",,,0.35,",,W",,,0,",,W",,,35,",,W",27,",,W",360,",,W",60,",,W",18.1,",,W",23,",,W",1,",,W",,,,,,,,,,,,
USW00053922,"FAYETTEVILLE SPRINGDALE NW AR REGL AIRPORT, AR US",36.28975,-94.31152,389.6,2/6/2020,8.28,",,W",,,0,",,W",0,",,W",0,",,W",,,31,",,W",22,",,W",350,",,W",350,",,W",17,",,W",21,",,W",,,,,,,,,,,,,,
USW00053922,"FAYETTEVILLE SPRINGDALE NW AR REGL AIRPORT, AR US",36.28975,-94.31152,389.6,2/7/2020,5.37,",,W",,,0,",,W",0,",,W",0,",,W",,,47,",,W",22,",,W",300,",,W",300,",,W",14.1,",,W",18.1,",,W",,,,,,,,,,,,,,
USW00053922,"FAYETTEVILLE SPRINGDALE NW AR REGL AIRPORT, AR US",36.28975,-94.31152,389.6,2/8/2020,6.71,",,W",,,0,"T,,W",,,0,",,W",,,53,",,W",24,",,W",170,",,W",180,",,W",23,",,W",31.1,",,W",,,,,,,,,,,,,1,",,W"
USW00053922,"FAYETTEVILLE SPRINGDALE NW AR REGL AIRPORT, AR US",36.28975,-94.31152,389.6,2/9/2020,16.33,",,W",,,0.19,",,W",,,0,",,W",,,58,",,W",43,",,W",180,",,W",170,",,W",25.9,",,W",36.9,",,W",1,",,W",,,,,,,,,,,,
USW00053922,"FAYETTEVILLE SPRINGDALE NW AR REGL AIRPORT, AR US",36.28975,-94.31152,389.6,2/10/2020,10.74,",,W",,,0.11,",,W",,,0,",,W",,,43,",,W",34,",,W",360,",,W",30,",,W",17,",,W",23,",,W",1,",,W",,,,,,,,,,,,
USW00053922,"FAYETTEVILLE SPRINGDALE NW AR REGL AIRPORT, AR US",36.28975,-94.31152,389.6,2/11/2020,7.83,",,W",,,0.01,",,W",,,0,",,W",,,42,",,W",34,",,W",20,",,W",20,",,W",15,",,W",19,",,W",1,",,W",,,,,,,,,,,,
USW00053922,"FAYETTEVILLE SPRINGDALE NW AR REGL AIRPORT, AR US",36.28975,-94.31152,389.6,2/12/2020,8.05,",,W",,,0.69,",,W",,,0,",,W",,,42,",,W",34,",,W",330,",,W",340,",,W",16.1,",,W",23.9,",,W",1,",,W",,,,,,,,,,,,
USW00053922,"FAYETTEVILLE SPRINGDALE NW AR REGL AIRPORT, AR US",36.28975,-94.31152,389.6,2/13/2020,12.53,",,W",,,0,"T,,W",,,,,,,34,",,W",18,",,W",340,",,W",320,",,W",19.9,",,W",27.1,",,W",1,",,W",,,,,,,,,,,,
USW00053922,"FAYETTEVILLE SPRINGDALE NW AR REGL AIRPORT, AR US",36.28975,-94.31152,389.6,2/14/2020,7.83,",,W",,,0,",,W",0,",,W",0,",,W",,,43,",,W",15,",,W",170,",,W",180,",,W",18.1,",,W",23.9,",,W",,,,,,,,,,,,,,
USW00053922,"FAYETTEVILLE SPRINGDALE NW AR REGL AIRPORT, AR US",36.28975,-94.31152,389.6,2/15/2020,11.18,",,W",,,0,"T,,W",,,0,",,W",,,54,",,W",29,",,W",170,",,W",170,",,W",23.9,",,W",34,",,W",,,,,,,,,,,,,,
USW00053922,"FAYETTEVILLE SPRINGDALE NW AR REGL AIRPORT, AR US",36.28975,-94.31152,389.6,2/16/2020,5.37,",,W",,,0,",,W",0,",,W",0,",,W",,,59,",,W",32,",,W",160,",,W",110,",,W",16.1,",,W",21.9,",,W",,,,,,,,,,,,,,
USW00053922,"FAYETTEVILLE SPRINGDALE NW AR REGL AIRPORT, AR US",36.28975,-94.31152,389.6,2/17/2020,6.71,",,W",,,0,"T,,W",0,",,W",0,",,W",,,63,",,W",45,",,W",350,",,W",170,",,W",13,",,W",17,",,W",,,,,,,,,,,,,,
USW00053922,"FAYETTEVILLE SPRINGDALE NW AR REGL AIRPORT, AR US",36.28975,-94.31152,389.6,2/18/2020,12.97,",,W",,,0,"T,,W",0,",,W",0,",,W",,,53,",,W",30,",,W",360,",,W",20,",,W",23.9,",,W",31.1,",,W",,,,,,,,,,,,,,
USW00053922,"FAYETTEVILLE SPRINGDALE NW AR REGL AIRPORT, AR US",36.28975,-94.31152,389.6,2/19/2020,9.62,",,W",,,0,",,W",0,",,W",0,",,W",,,52,",,W",28,",,W",80,",,W",70,",,W",16.1,",,W",25.1,",,W",,,,,,,,,,,,,,
USW00053922,"FAYETTEVILLE SPRINGDALE NW AR REGL AIRPORT, AR US",36.28975,-94.31152,389.6,2/20/2020,13.42,",,W",,,0,"T,,W",,,0,",,W",,,43,",,W",22,",,W",10,",,W",10,",,W",23,",,W",33.1,",,W",,,,,,,,,,,,,,
USW00053922,"FAYETTEVILLE SPRINGDALE NW AR REGL AIRPORT, AR US",36.28975,-94.31152,389.6,2/21/2020,4.47,",,W",,,0,",,W",0,",,W",0,",,W",,,45,",,W",15,",,W",250,",,W",230,",,W",12.1,",,W",17,",,W",,,,,,,,,,,,,,
USW00053922,"FAYETTEVILLE SPRINGDALE NW AR REGL AIRPORT, AR US",36.28975,-94.31152,389.6,2/22/2020,9.4,",,W",,,0,",,W",0,",,W",0,",,W",,,56,",,W",24,",,W",170,",,W",210,",,W",17,",,W",25.1,",,W",,,,,,,,,,,,,,
USW00053922,"FAYETTEVILLE SPRINGDALE NW AR REGL AIRPORT, AR US",36.28975,-94.31152,389.6,2/23/2020,8.5,",,W",,,0.31,",,W",0,",,W",0,",,W",,,49,",,W",43,",,W",190,",,W",200,",,W",14.1,",,W",19,",,W",1,",,W",,,1,",,W",,,,,,,,
USW00053922,"FAYETTEVILLE SPRINGDALE NW AR REGL AIRPORT, AR US",36.28975,-94.31152,389.6,2/24/2020,11.86,",,W",,,0.08,",,W",0,",,W",0,",,W",,,56,",,W",41,",,W",230,",,W",230,",,W",21.9,",,W",33.1,",,W",1,",,W",,,,,,,,,,,,
USW00053922,"FAYETTEVILLE SPRINGDALE NW AR REGL AIRPORT, AR US",36.28975,-94.31152,389.6,2/25/2020,9.17,",,W",,,0,"T,,W",0,",,W",0,",,W",,,44,",,W",36,",,W",20,",,W",40,",,W",16.1,",,W",21.9,",,W",1,",,W",,,,,,,,,,,,
USW00053922,"FAYETTEVILLE SPRINGDALE NW AR REGL AIRPORT, AR US",36.28975,-94.31152,389.6,2/26/2020,10.74,",,W",,,0.06,",,W",,,0,",,W",,,36,",,W",24,",,W",360,",,W",330,",,W",23.9,",,W",32,",,W",1,",,W",,,,,,,,,,,,
USW00053922,"FAYETTEVILLE SPRINGDALE NW AR REGL AIRPORT, AR US",36.28975,-94.31152,389.6,2/27/2020,8.95,",,W",,,0,"T,,W",0,",,W",0,",,W",,,51,",,W",20,",,W",250,",,W",240,",,W",19.9,",,W",25.9,",,W",,,,,,,,,,,,,,
USW00053922,"FAYETTEVILLE SPRINGDALE NW AR REGL AIRPORT, AR US",36.28975,-94.31152,389.6,2/28/2020,10.74,",,W",,,0,"T,,W",0,",,W",0,",,W",,,57,",,W",30,",,W",300,",,W",300,",,W",23,",,W",34,",,W",1,",,W",,,,,,,,,,,,
USW00053922,"FAYETTEVILLE SPRINGDALE NW AR REGL AIRPORT, AR US",36.28975,-94.31152,389.6,2/29/2020,7.16,",,W",,,0,",,W",0,",,W",0,",,W",,,68,",,W",28,",,W",180,",,W",200,",,W",19.9,",,W",25.1,",,W",,,,,,,,,,,,,,
USW00053922,"FAYETTEVILLE SPRINGDALE NW AR REGL AIRPORT, AR US",36.28975,-94.31152,389.6,3/1/2020,16.33,",,W",,,0,",,W",0,",,W",0,",,W",,,64,",,W",48,",,W",190,",,W",180,",,W",30,",,W",46.1,",,W",,,,,,,,,,,,,,
USW00053922,"FAYETTEVILLE SPRINGDALE NW AR REGL AIRPORT, AR US",36.28975,-94.31152,389.6,3/2/2020,5.82,",,W",,,0,",,W",0,",,W",0,",,W",,,68,",,W",46,",,W",260,",,W",290,",,W",14.1,",,W",19.9,",,W",,,,,,,,,,,,,,
USW00053922,"FAYETTEVILLE SPRINGDALE NW AR REGL AIRPORT, AR US",36.28975,-94.31152,389.6,3/3/2020,3.58,",,W",,,0,",,W",0,",,W",0,",,W",,,64,",,W",37,",,W",360,",,W",340,",,W",15,",,W",21.9,",,W",1,",,W",,,,,,,,,,,,
USW00053922,"FAYETTEVILLE SPRINGDALE NW AR REGL AIRPORT, AR US",36.28975,-94.31152,389.6,3/4/2020,5.82,",,W",,,0,",,W",0,",,W",0,",,W",,,57,",,W",37,",,W",30,",,W",30,",,W",18.1,",,W",23.9,",,W",,,,,,,,,,,,,,
USW00053922,"FAYETTEVILLE SPRINGDALE NW AR REGL AIRPORT, AR US",36.28975,-94.31152,389.6,3/5/2020,7.38,",,W",,,0,",,W",0,",,W",0,",,W",,,66,",,W",30,",,W",330,",,W",330,",,W",23.9,",,W",36,",,W",,,,,,,,,,,,,,
USW00053922,"FAYETTEVILLE SPRINGDALE NW AR REGL AIRPORT, AR US",36.28975,-94.31152,389.6,3/6/2020,5.82,",,W",,,0,",,W",0,",,W",0,",,W",,,60,",,W",30,",,W",350,",,W",20,",,W",15,",,W",19,",,W",,,,,,,,,,,,,,
USW00053922,"FAYETTEVILLE SPRINGDALE NW AR REGL AIRPORT, AR US",36.28975,-94.31152,389.6,3/7/2020,8.5,",,W",,,0,",,W",0,",,W",0,",,W",,,65,",,W",31,",,W",170,",,W",160,",,W",18.1,",,W",23.9,",,W",,,,,,,,,,,,,,
USW00053922,"FAYETTEVILLE SPRINGDALE NW AR REGL AIRPORT, AR US",36.28975,-94.31152,389.6,3/8/2020,14.54,",,W",,,0,"T,,W",0,",,W",0,",,W",,,65,",,W",40,",,W",190,",,W",190,",,W",25.1,",,W",35.1,",,W",,,,,,,,,,,,,,
USW00053922,"FAYETTEVILLE SPRINGDALE NW AR REGL AIRPORT, AR US",36.28975,-94.31152,389.6,3/9/2020,14.99,",,W",,,0.36,",,W",0,",,W",0,",,W",,,63,",,W",42,",,W",190,",,W",200,",,W",23,",,W",34,",,W",1,",,W",,,,,,,,,,,,
USW00053922,"FAYETTEVILLE SPRINGDALE NW AR REGL AIRPORT, AR US",36.28975,-94.31152,389.6,3/10/2020,5.37,",,W",,,0,",,W",0,",,W",0,",,W",,,65,",,W",39,",,W",350,",,W",310,",,W",14.1,",,W",19,",,W",,,,,,,,,,,,,,
USW00053922,"FAYETTEVILLE SPRINGDALE NW AR REGL AIRPORT, AR US",36.28975,-94.31152,389.6,3/11/2020,6.71,",,W",,,0.43,",,W",0,",,W",0,",,W",,,73,",,W",51,",,W",350,",,W",350,",,W",30,",,W",38.9,",,W",1,",,W",,,1,",,W",,,,,,,,
USW00053922,"FAYETTEVILLE SPRINGDALE NW AR REGL AIRPORT, AR US",36.28975,-94.31152,389.6,3/12/2020,12.75,",,W",,,0,",,W",0,",,W",0,",,W",,,82,",,W",54,",,W",210,",,W",240,",,W",25.9,",,W",40.9,",,W",,,,,,,,,,,,,,
USW00053922,"FAYETTEVILLE SPRINGDALE NW AR REGL AIRPORT, AR US",36.28975,-94.31152,389.6,3/13/2020,14.09,",,W",,,0.12,",,W",0,",,W",0,",,W",,,54,",,W",40,",,W",80,",,W",70,",,W",21,",,W",31.1,",,W",,,,,,,,,,,,,,
USW00053922,"FAYETTEVILLE SPRINGDALE NW AR REGL AIRPORT, AR US",36.28975,-94.31152,389.6,3/14/2020,9.17,",,W",,,1.54,",,W",0,",,W",0,",,W",,,51,",,W",40,",,W",110,",,W",110,",,W",18.1,",,W",29.1,",,W",1,",,W",,,1,",,W",,,,,,,,
USW00053922,"FAYETTEVILLE SPRINGDALE NW AR REGL AIRPORT, AR US",36.28975,-94.31152,389.6,3/15/2020,9.62,",,W",,,0,",,W",0,",,W",0,",,W",,,46,",,W",40,",,W",70,",,W",70,",,W",14.1,",,W",18.1,",,W",1,",,W",,,,,,,,,,,,
USW00053922,"FAYETTEVILLE SPRINGDALE NW AR REGL AIRPORT, AR US",36.28975,-94.31152,389.6,3/16/2020,4.25,",,W",,,0.37,",,W",0,",,W",0,",,W",,,50,",,W",40,",,W",130,",,W",130,",,W",16.1,",,W",21,",,W",1,",,W",,,1,",,W",,,,,,,,
USW00053922,"FAYETTEVILLE SPRINGDALE NW AR REGL AIRPORT, AR US",36.28975,-94.31152,389.6,3/17/2020,7.83,",,W",,,0,"T,,W",0,",,W",0,",,W",,,60,",,W",47,",,W",140,",,W",140,",,W",15,",,W",19,",,W",1,",,W",1,",,W",,,,,,,,,,
USW00053922,"FAYETTEVILLE SPRINGDALE NW AR REGL AIRPORT, AR US",36.28975,-94.31152,389.6,3/18/2020,12.08,",,W",,,0.59,",,W",0,",,W",0,",,W",,,74,",,W",52,",,W",190,",,W",210,",,W",21,",,W",29.1,",,W",1,",,W",,,1,",,W",,,,,,,,
USW00053922,"FAYETTEVILLE SPRINGDALE NW AR REGL AIRPORT, AR US",36.28975,-94.31152,389.6,3/19/2020,12.3,",,W",,,2.61,",,W",0,",,W",0,",,W",,,66,",,W",59,",,W",180,",,W",180,",,W",36,",,W",45,",,W",1,",,W",1,",,W",1,",,W",,,,,,,,
USW00053922,"FAYETTEVILLE SPRINGDALE NW AR REGL AIRPORT, AR US",36.28975,-94.31152,389.6,3/20/2020,12.08,",,W",,,0,",,W",0,",,W",0,",,W",,,62,",,W",33,",,W",350,",,W",330,",,W",21.9,",,W",30,",,W",1,",,W",,,,,,,,,,,,
USW00053922,"FAYETTEVILLE SPRINGDALE NW AR REGL AIRPORT, AR US",36.28975,-94.31152,389.6,3/21/2020,6.93,",,W",,,0.02,",,W",0,",,W",0,",,W",,,54,",,W",29,",,W",100,",,W",80,",,W",15,",,W",23.9,",,W",,,,,,,,,,,,,,
USW00053922,"FAYETTEVILLE SPRINGDALE NW AR REGL AIRPORT, AR US",36.28975,-94.31152,389.6,3/22/2020,6.93,",,W",,,0.41,",,W",0,",,W",0,",,W",,,52,",,W",42,",,W",110,",,W",130,",,W",16.1,",,W",19.9,",,W",1,",,W",,,,,,,,,,,,
USW00053922,"FAYETTEVILLE SPRINGDALE NW AR REGL AIRPORT, AR US",36.28975,-94.31152,389.6,3/23/2020,6.71,",,W",,,0,",,W",0,",,W",0,",,W",,,62,",,W",48,",,W",130,",,W",150,",,W",17,",,W",21,",,W",1,",,W",,,,,,,,,,,,
USW00053922,"FAYETTEVILLE SPRINGDALE NW AR REGL AIRPORT, AR US",36.28975,-94.31152,389.6,3/24/2020,6.93,",,W",,,0.55,",,W",0,",,W",0,",,W",,,70,",,W",45,",,W",310,",,W",320,",,W",16.1,",,W",23,",,W",1,",,W",,,1,",,W",,,,,,,,
USW00053922,"FAYETTEVILLE SPRINGDALE NW AR REGL AIRPORT, AR US",36.28975,-94.31152,389.6,3/25/2020,8.95,",,W",,,0,",,W",0,",,W",0,",,W",,,74,",,W",43,",,W",180,",,W",180,",,W",18.1,",,W",25.1,",,W",1,",,W",1,",,W",,,,,,,,,,
USW00053922,"FAYETTEVILLE SPRINGDALE NW AR REGL AIRPORT, AR US",36.28975,-94.31152,389.6,3/26/2020,12.08,",,W",,,0,"T,,W",0,",,W",0,",,W",,,87,",,W",58,",,W",220,",,W",210,",,W",23,",,W",34,",,W",,,,,,,,,,,,,,
USW00053922,"FAYETTEVILLE SPRINGDALE NW AR REGL AIRPORT, AR US",36.28975,-94.31152,389.6,3/27/2020,11.41,",,W",,,0,",,W",0,",,W",0,",,W",,,76,",,W",68,",,W",170,",,W",170,",,W",21.9,",,W",30,",,W",,,,,1,",,W",,,,,,,,
USW00053922,"FAYETTEVILLE SPRINGDALE NW AR REGL AIRPORT, AR US",36.28975,-94.31152,389.6,3/28/2020,14.32,",,W",,,0.77,",,W",0,",,W",0,",,W",,,73,",,W",52,",,W",250,",,W",260,",,W",25.9,",,W",36.9,",,W",1,",,W",,,1,",,W",,,,,,,,
USW00053922,"FAYETTEVILLE SPRINGDALE NW AR REGL AIRPORT, AR US",36.28975,-94.31152,389.6,3/29/2020,7.61,",,W",,,0,"T,,W",0,",,W",0,",,W",,,68,",,W",42,",,W",290,",,W",300,",,W",19.9,",,W",32,",,W",,,,,,,,,,,,,,
USW00053922,"FAYETTEVILLE SPRINGDALE NW AR REGL AIRPORT, AR US",36.28975,-94.31152,389.6,3/30/2020,5.82,",,W",,,0.48,",,W",0,",,W",0,",,W",,,65,",,W",45,",,W",180,",,W",190,",,W",19.9,",,W",23,",,W",1,",,W",,,,,,,,,,,,
USW00053922,"FAYETTEVILLE SPRINGDALE NW AR REGL AIRPORT, AR US",36.28975,-94.31152,389.6,3/31/2020,8.95,",,W",,,0.22,",,W",0,",,W",0,",,W",,,65,",,W",46,",,W",360,",,W",340,",,W",23,",,W",28,",,W",1,",,W",,,,,,,,,,,,
USW00053922,"FAYETTEVILLE SPRINGDALE NW AR REGL AIRPORT, AR US",36.28975,-94.31152,389.6,4/1/2020,7.16,",,W",,,0,",,W",0,",,W",0,",,W",,,69,",,W",41,",,W",160,",,W",160,",,W",18.1,",,W",23,",,W",,,,,,,,,,,,,,
USW00053922,"FAYETTEVILLE SPRINGDALE NW AR REGL AIRPORT, AR US",36.28975,-94.31152,389.6,4/2/2020,14.76,",,W",,,0,"T,,W",0,",,W",0,",,W",,,74,",,W",51,",,W",170,",,W",170,",,W",33.1,",,W",42.9,",,W",,,,,1,",,W",,,,,,,,
USW00053922,"FAYETTEVILLE SPRINGDALE NW AR REGL AIRPORT, AR US",36.28975,-94.31152,389.6,4/3/2020,8.5,",,W",,,0.26,",,W",0,",,W",0,",,W",,,61,",,W",36,",,W",350,",,W",360,",,W",18.1,",,W",23.9,",,W",1,",,W",,,1,",,W",,,,,,,,
USW00053922,"FAYETTEVILLE SPRINGDALE NW AR REGL AIRPORT, AR US",36.28975,-94.31152,389.6,4/4/2020,7.61,",,W",,,0.01,",,W",0,",,W",0,",,W",,,45,",,W",35,",,W",30,",,W",20,",,W",14.1,",,W",19,",,W",1,",,W",,,,,,,,,,,,
USW00053922,"FAYETTEVILLE SPRINGDALE NW AR REGL AIRPORT, AR US",36.28975,-94.31152,389.6,4/5/2020,3.8,",,W",,,0,",,W",0,",,W",0,",,W",,,60,",,W",44,",,W",180,",,W",180,",,W",12.1,",,W",15,",,W",1,",,W",,,,,,,,,,,,
USW00053922,"FAYETTEVILLE SPRINGDALE NW AR REGL AIRPORT, AR US",36.28975,-94.31152,389.6,4/6/2020,8.95,",,W",,,0,",,W",0,",,W",0,",,W",,,70,",,W",48,",,W",200,",,W",200,",,W",21,",,W",30,",,W",1,",,W",1,",,W",,,,,,,,,,
USW00053922,"FAYETTEVILLE SPRINGDALE NW AR REGL AIRPORT, AR US",36.28975,-94.31152,389.6,4/7/2020,9.4,",,W",,,0,",,W",0,",,W",0,",,W",,,81,",,W",62,",,W",210,",,W",210,",,W",19.9,",,W",25.9,",,W",,,,,,,,,,,,,,
USW00053922,"FAYETTEVILLE SPRINGDALE NW AR REGL AIRPORT, AR US",36.28975,-94.31152,389.6,4/8/2020,9.4,",,W",,,0,"T,,W",0,",,W",0,",,W",,,88,",,W",58,",,W",10,",,W",20,",,W",35.1,",,W",45,",,W",1,",,W",1,",,W",,,,,,,,,,
USW00053922,"FAYETTEVILLE SPRINGDALE NW AR REGL AIRPORT, AR US",36.28975,-94.31152,389.6,4/9/2020,10.29,",,W",,,0,",,W",0,",,W",0,",,W",,,68,",,W",46,",,W",30,",,W",30,",,W",18.1,",,W",25.1,",,W",,,,,,,,,,,,,,
USW00053922,"FAYETTEVILLE SPRINGDALE NW AR REGL AIRPORT, AR US",36.28975,-94.31152,389.6,4/10/2020,6.49,",,W",,,0,",,W",0,",,W",0,",,W",,,62,",,W",34,",,W",30,",,W",40,",,W",17,",,W",23,",,W",,,,,,,,,,,,,,
USW00053922,"FAYETTEVILLE SPRINGDALE NW AR REGL AIRPORT, AR US",36.28975,-94.31152,389.6,4/11/2020,12.3,",,W",,,0.34,",,W",0,",,W",0,",,W",,,65,",,W",44,",,W",190,",,W",190,",,W",23.9,",,W",35.1,",,W",1,",,W",,,1,",,W",,,,,,,,
USW00053922,"FAYETTEVILLE SPRINGDALE NW AR REGL AIRPORT, AR US",36.28975,-94.31152,389.6,4/12/2020,10.96,",,W",,,1.08,",,W",0,",,W",0,",,W",,,69,",,W",35,",,W",330,",,W",330,",,W",30,",,W",40.9,",,W",1,",,W",,,1,",,W",,,,,,,,
USW00053922,"FAYETTEVILLE SPRINGDALE NW AR REGL AIRPORT, AR US",36.28975,-94.31152,389.6,4/13/2020,12.75,",,W",,,0,"T,,W",,,0,",,W",,,46,",,W",30,",,W",340,",,W",350,",,W",23.9,",,W",38,",,W",,,,,,,,,,,,,,
USW00053922,"FAYETTEVILLE SPRINGDALE NW AR REGL AIRPORT, AR US",36.28975,-94.31152,389.6,4/14/2020,4.03,",,W",,,0.04,",,W",,,0,",,W",,,50,",,W",32,",,W",10,",,W",10,",,W",14.1,",,W",18.1,",,W",1,",,W",,,,,,,,,,,,
USW00053922,"FAYETTEVILLE SPRINGDALE NW AR REGL AIRPORT, AR US",36.28975,-94.31152,389.6,4/15/2020,6.26,",,W",,,0,",,W",0,",,W",0,",,W",,,59,",,W",31,",,W",250,",,W",250,",,W",17,",,W",23.9,",,W",,,,,,,,,,,,,,
USW00053922,"FAYETTEVILLE SPRINGDALE NW AR REGL AIRPORT, AR US",36.28975,-94.31152,389.6,4/16/2020,11.18,",,W",,,0,",,W",0,",,W",0,",,W",,,68,",,W",36,",,W",180,",,W",180,",,W",25.9,",,W",36,",,W",,,,,,,,,,,,,,
USW00053922,"FAYETTEVILLE SPRINGDALE NW AR REGL AIRPORT, AR US",36.28975,-94.31152,389.6,4/17/2020,9.62,",,W",,,0.07,",,W",0,",,W",0,",,W",,,57,",,W",37,",,W",350,",,W",310,",,W",16.1,",,W",23,",,W",1,",,W",,,,,,,,,,,1,",,W"
USW00053922,"FAYETTEVILLE SPRINGDALE NW AR REGL AIRPORT, AR US",36.28975,-94.31152,389.6,4/18/2020,6.71,",,W",,,0,"T,,W",0,",,W",0,",,W",,,67,",,W",30,",,W",190,",,W",190,",,W",17,",,W",23.9,",,W",,,,,1,",,W",,,,,,,,
USW00053922,"FAYETTEVILLE SPRINGDALE NW AR REGL AIRPORT, AR US",36.28975,-94.31152,389.6,4/19/2020,6.71,",,W",,,0.09,",,W",0,",,W",0,",,W",,,64,",,W",46,",,W",70,",,W",80,",,W",18.1,",,W",25.1,",,W",1,",,W",,,1,",,W",,,,,,,,
USW00053922,"FAYETTEVILLE SPRINGDALE NW AR REGL AIRPORT, AR US",36.28975,-94.31152,389.6,4/20/2020,6.49,",,W",,,0.02,",,W",0,",,W",0,",,W",,,74,",,W",40,",,W",250,",,W",260,",,W",18.1,",,W",25.9,",,W",1,",,W",1,",,W",1,",,W",,,,,,,,
USW00053922,"FAYETTEVILLE SPRINGDALE NW AR REGL AIRPORT, AR US",36.28975,-94.31152,389.6,4/21/2020,3.13,",,W",,,0,",,W",0,",,W",0,",,W",,,76,",,W",43,",,W",100,",,W",70,",,W",8.9,",,W",14.1,",,W",1,",,W",,,,,,,,,,,,
USW00053922,"FAYETTEVILLE SPRINGDALE NW AR REGL AIRPORT, AR US",36.28975,-94.31152,389.6,4/22/2020,10.07,",,W",,,1.05,",,W",0,",,W",0,",,W",,,62,",,W",54,",,W",120,",,W",130,",,W",29.1,",,W",38.9,",,W",1,",,W",,,1,",,W",,,,,,,,
USW00053922,"FAYETTEVILLE SPRINGDALE NW AR REGL AIRPORT, AR US",36.28975,-94.31152,389.6,4/23/2020,7.16,",,W",,,0.03,",,W",0,",,W",0,",,W",,,71,",,W",52,",,W",340,",,W",350,",,W",17,",,W",27.1,",,W",1,",,W",,,,,,,,,,,,
USW00053922,"FAYETTEVILLE SPRINGDALE NW AR REGL AIRPORT, AR US",36.28975,-94.31152,389.6,4/24/2020,7.16,",,W",,,0.79,",,W",0,",,W",0,",,W",,,73,",,W",50,",,W",270,",,W",260,",,W",36,",,W",49,",,W",1,",,W",,,1,",,W",,,,,,,,
USW00053922,"FAYETTEVILLE SPRINGDALE NW AR REGL AIRPORT, AR US",36.28975,-94.31152,389.6,4/25/2020,11.63,",,W",,,0.02,",,W",0,",,W",0,",,W",,,69,",,W",47,",,W",330,",,W",310,",,W",23,",,W",35.1,",,W",1,",,W",,,,,,,,,,,,
USW00053922,"FAYETTEVILLE SPRINGDALE NW AR REGL AIRPORT, AR US",36.28975,-94.31152,389.6,4/26/2020,3.13,",,W",,,0,",,W",0,",,W",0,",,W",,,73,",,W",41,",,W",330,",,W",330,",,W",12.1,",,W",18.1,",,W",,,,,,,,,,,,,,
USW00053922,"FAYETTEVILLE SPRINGDALE NW AR REGL AIRPORT, AR US",36.28975,-94.31152,389.6,4/27/2020,8.95,",,W",,,0.19,",,W",0,",,W",0,",,W",,,65,",,W",52,",,W",190,",,W",180,",,W",21,",,W",28,",,W",,,,,1,",,W",,,,,,,,
USW00053922,"FAYETTEVILLE SPRINGDALE NW AR REGL AIRPORT, AR US",36.28975,-94.31152,389.6,4/28/2020,9.4,",,W",,,0.88,",,W",0,",,W",0,",,W",,,77,",,W",57,",,W",330,",,W",340,",,W",21.9,",,W",32,",,W",1,",,W",,,1,",,W",,,,,,,,
USW00053922,"FAYETTEVILLE SPRINGDALE NW AR REGL AIRPORT, AR US",36.28975,-94.31152,389.6,4/29/2020,12.3,",,W",,,0,",,W",0,",,W",0,",,W",,,65,",,W",49,",,W",340,",,W",340,",,W",25.1,",,W",36,",,W",,,,,,,,,,,,,,
USW00053922,"FAYETTEVILLE SPRINGDALE NW AR REGL AIRPORT, AR US",36.28975,-94.31152,389.6,4/30/2020,5.37,",,W",,,0,",,W",0,",,W",0,",,W",,,73,",,W",46,",,W",290,",,W",340,",,W",15,",,W",21,",,W",,,,,,,,,,,,,,
USW00053922,"FAYETTEVILLE SPRINGDALE NW AR REGL AIRPORT, AR US",36.28975,-94.31152,389.6,5/1/2020,8.28,",,W",,,0,",,W",0,",,W",0,",,W",,,80,",,W",46,",,W",180,",,W",180,",,W",23,",,W",30,",,W",,,,,,,,,,,,,,
USW00053922,"FAYETTEVILLE SPRINGDALE NW AR REGL AIRPORT, AR US",36.28975,-94.31152,389.6,5/2/2020,9.62,",,W",,,0,",,W",0,",,W",0,",,W",,,84,",,W",58,",,W",180,",,W",170,",,W",21,",,W",27.1,",,W",,,,,,,,,,,,,,
USW00053922,"FAYETTEVILLE SPRINGDALE NW AR REGL AIRPORT, AR US",36.28975,-94.31152,389.6,5/3/2020,6.26,",,W",,,0.03,",,W",0,",,W",0,",,W",,,71,",,W",64,",,W",30,",,W",20,",,W",14.1,",,W",19,",,W",1,",,W",,,,,,,,,,,,
USW00053922,"FAYETTEVILLE SPRINGDALE NW AR REGL AIRPORT, AR US",36.28975,-94.31152,389.6,5/4/2020,10.07,",,W",,,0.66,",,W",0,",,W",0,",,W",,,82,",,W",63,",,W",120,",,W",340,",,W",29.1,",,W",42.1,",,W",1,",,W",,,1,",,W",,,,,,,,
USW00053922,"FAYETTEVILLE SPRINGDALE NW AR REGL AIRPORT, AR US",36.28975,-94.31152,389.6,5/5/2020,10.74,",,W",,,0,",,W",0,",,W",0,",,W",,,72,",,W",54,",,W",310,",,W",320,",,W",19.9,",,W",32,",,W",,,,,,,,,,,,,,
USW00053922,"FAYETTEVILLE SPRINGDALE NW AR REGL AIRPORT, AR US",36.28975,-94.31152,389.6,5/6/2020,6.93,",,W",,,0,",,W",0,",,W",0,",,W",,,70,",,W",48,",,W",350,",,W",350,",,W",17,",,W",23.9,",,W",,,,,,,,,,,,,,
USW00053922,"FAYETTEVILLE SPRINGDALE NW AR REGL AIRPORT, AR US",36.28975,-94.31152,389.6,5/7/2020,6.93,",,W",,,0.1,",,W",0,",,W",0,",,W",,,66,",,W",44,",,W",300,",,W",140,",,W",18.1,",,W",23.9,",,W",,,,,1,",,W",,,,,,,,
USW00053922,"FAYETTEVILLE SPRINGDALE NW AR REGL AIRPORT, AR US",36.28975,-94.31152,389.6,5/8/2020,13.65,",,W",,,0.65,",,W",0,",,W",0,",,W",,,64,",,W",43,",,W",360,",,W",310,",,W",29.1,",,W",38.9,",,W",1,",,W",,,1,",,W",,,,,,,,
USW00053922,"FAYETTEVILLE SPRINGDALE NW AR REGL AIRPORT, AR US",36.28975,-94.31152,389.6,5/9/2020,3.58,",,W",,,0,",,W",0,",,W",0,",,W",,,67,",,W",36,",,W",130,",,W",80,",,W",12.1,",,W",17,",,W",,,,,,,,,,,,,,
USW00053922,"FAYETTEVILLE SPRINGDALE NW AR REGL AIRPORT, AR US",36.28975,-94.31152,389.6,5/10/2020,6.71,",,W",,,0,",,W",0,",,W",0,",,W",,,66,",,W",43,",,W",350,",,W",340,",,W",16.1,",,W",21,",,W",,,,,,,,,,,,,,
USW00053922,"FAYETTEVILLE SPRINGDALE NW AR REGL AIRPORT, AR US",36.28975,-94.31152,389.6,5/11/2020,6.71,",,W",,,0.03,",,W",0,",,W",0,",,W",,,51,",,W",40,",,W",90,",,W",50,",,W",16.1,",,W",25.9,",,W",,,,,,,,,,,,,,
USW00053922,"FAYETTEVILLE SPRINGDALE NW AR REGL AIRPORT, AR US",36.28975,-94.31152,389.6,5/12/2020,8.95,",,W",,,0.72,",,W",0,",,W",0,",,W",,,51,",,W",44,",,W",130,",,W",130,",,W",19.9,",,W",25.9,",,W",1,",,W",,,,,,,,,,,,
USW00053922,"FAYETTEVILLE SPRINGDALE NW AR REGL AIRPORT, AR US",36.28975,-94.31152,389.6,5/13/2020,10.07,",,W",,,0.01,",,W",0,",,W",0,",,W",,,74,",,W",50,",,W",190,",,W",200,",,W",23.9,",,W",33.1,",,W",1,",,W",,,,,,,,,,,,
USW00053922,"FAYETTEVILLE SPRINGDALE NW AR REGL AIRPORT, AR US",36.28975,-94.31152,389.6,5/14/2020,12.97,",,W",,,0,",,W",0,",,W",0,",,W",,,79,",,W",65,",,W",190,",,W",200,",,W",25.1,",,W",35.1,",,W",,,,,,,,,,,,,,
USW00053922,"FAYETTEVILLE SPRINGDALE NW AR REGL AIRPORT, AR US",36.28975,-94.31152,389.6,5/15/2020,7.38,",,W",,,1.45,",,W",0,",,W",0,",,W",,,70,",,W",58,",,W",110,",,W",110,",,W",21,",,W",30,",,W",1,",,W",,,1,",,W",,,,,,,,
USW00053922,"FAYETTEVILLE SPRINGDALE NW AR REGL AIRPORT, AR US",36.28975,-94.31152,389.6,5/16/2020,3.8,",,W",,,0.04,",,W",0,",,W",0,",,W",,,76,",,W",58,",,W",170,",,W",,,10.1,",,W",,,,,,,,,,,,,,,,
USW00053922,"FAYETTEVILLE SPRINGDALE NW AR REGL AIRPORT, AR US",36.28975,-94.31152,389.6,5/17/2020,11.18,",,W",,,0.14,",,W",0,",,W",0,",,W",,,74,",,W",55,",,W",330,",,W",330,",,W",16.1,",,W",25.1,",,W",,,,,,,,,,,,,,
USW00053922,"FAYETTEVILLE SPRINGDALE NW AR REGL AIRPORT, AR US",36.28975,-94.31152,389.6,5/18/2020,10.29,",,W",,,,,0,",,W",0,",,W",,,69,",,W",51,",,W",300,",,W",300,",,W",14.1,",,W",23,",,W",,,,,,,,,,,,,,
USW00053922,"FAYETTEVILLE SPRINGDALE NW AR REGL AIRPORT, AR US",36.28975,-94.31152,389.6,5/19/2020,6.71,",,W",,,0,",,W",0,",,W",0,",,W",,,70,",,W",48,",,W",10,",,W",10,",,W",13,",,W",19.9,",,W",,,,,,,,,,,,,,
USW00053922,"FAYETTEVILLE SPRINGDALE NW AR REGL AIRPORT, AR US",36.28975,-94.31152,389.6,5/20/2020,6.04,",,W",,,0,",,W",0,",,W",0,",,W",,,75,",,W",54,",,W",80,",,W",,,10.1,",,W",,,,,,,,,,,,,,,,
USW00053922,"FAYETTEVILLE SPRINGDALE NW AR REGL AIRPORT, AR US",36.28975,-94.31152,389.6,5/21/2020,8.5,",,W",,,0.62,",,W",0,",,W",0,",,W",,,75,",,W",54,",,W",120,",,W",120,",,W",14.1,",,W",19.9,",,W",1,",,W",,,,,,,,,,,,
USW00053922,"FAYETTEVILLE SPRINGDALE NW AR REGL AIRPORT, AR US",36.28975,-94.31152,389.6,5/22/2020,8.05,",,W",,,0.81,",,W",0,",,W",0,",,W",,,78,",,W",60,",,W",180,",,W",280,",,W",15,",,W",46.1,",,W",1,",,W",,,1,",,W",,,,,,,,
USW00053922,"FAYETTEVILLE SPRINGDALE NW AR REGL AIRPORT, AR US",36.28975,-94.31152,389.6,5/23/2020,10.07,",,W",,,0.01,",,W",0,",,W",0,",,W",,,82,",,W",64,",,W",180,",,W",,,15,",,W",,,,,,,,,,,,,,,,
USW00053922,"FAYETTEVILLE SPRINGDALE NW AR REGL AIRPORT, AR US",36.28975,-94.31152,389.6,5/24/2020,9.62,",,W",,,0.02,",,W",0,",,W",0,",,W",,,84,",,W",65,",,W",210,",,W",210,",,W",15,",,W",23,",,W",,,,,,,,,,,,,,
USW00053922,"FAYETTEVILLE SPRINGDALE NW AR REGL AIRPORT, AR US",36.28975,-94.31152,389.6,5/25/2020,7.83,",,W",,,1.97,",,W",0,",,W",0,",,W",,,79,",,W",64,",,W",170,",,W",,,14.1,",,W",,,1,",,W",,,,,,,,,,,,
USW00053922,"FAYETTEVILLE SPRINGDALE NW AR REGL AIRPORT, AR US",36.28975,-94.31152,389.6,5/26/2020,7.16,",,W",,,0.17,",,W",0,",,W",0,",,W",,,71,",,W",64,",,W",190,",,W",190,",,W",12.1,",,W",17,",,W",1,",,W",,,,,,,,,,,,
USW00053922,"FAYETTEVILLE SPRINGDALE NW AR REGL AIRPORT, AR US",36.28975,-94.31152,389.6,5/27/2020,2.91,",,W",,,0.31,",,W",0,",,W",0,",,W",,,72,",,W",57,",,W",260,",,W",230,",,W",17,",,W",25.9,",,W",1,",,W",,,1,",,W",,,,,,,,
USW00053922,"FAYETTEVILLE SPRINGDALE NW AR REGL AIRPORT, AR US",36.28975,-94.31152,389.6,5/28/2020,5.14,",,W",,,0,"T,,W",0,",,W",0,",,W",,,73,",,W",54,",,W",310,",,W",320,",,W",13,",,W",19,",,W",1,",,W",1,",,W",,,,,,,,,,
USW00053922,"FAYETTEVILLE SPRINGDALE NW AR REGL AIRPORT, AR US",36.28975,-94.31152,389.6,5/29/2020,6.93,",,W",,,0,",,W",0,",,W",0,",,W",,,80,",,W",55,",,W",10,",,W",340,",,W",17,",,W",23,",,W",1,",,W",1,",,W",,,,,,,,,,
USW00053922,"FAYETTEVILLE SPRINGDALE NW AR REGL AIRPORT, AR US",36.28975,-94.31152,389.6,5/30/2020,3.8,",,W",,,0,",,W",0,",,W",0,",,W",,,82,",,W",50,",,W",20,",,W",130,",,W",12.1,",,W",19,",,W",,,,,,,,,,,,,,
USW00053922,"FAYETTEVILLE SPRINGDALE NW AR REGL AIRPORT, AR US",36.28975,-94.31152,389.6,5/31/2020,3.36,",,W",,,0,",,W",0,",,W",0,",,W",,,82,",,W",57,",,W",120,",,W",60,",,W",12.1,",,W",16.1,",,W",,,,,,,,,,,,,,
USW00053922,"FAYETTEVILLE SPRINGDALE NW AR REGL AIRPORT, AR US",36.28975,-94.31152,389.6,6/1/2020,5.37,",,W",,,0,",,W",0,",,W",0,",,W",,,81,",,W",59,",,W",170,",,W",180,",,W",16.1,",,W",21,",,W",,,,,,,,,,,,,,
USW00053922,"FAYETTEVILLE SPRINGDALE NW AR REGL AIRPORT, AR US",36.28975,-94.31152,389.6,6/2/2020,6.04,",,W",,,0,",,W",0,",,W",0,",,W",,,84,",,W",60,",,W",180,",,W",210,",,W",13,",,W",18.1,",,W",,,,,,,,,,,,,,
USW00053922,"FAYETTEVILLE SPRINGDALE NW AR REGL AIRPORT, AR US",36.28975,-94.31152,389.6,6/3/2020,8.28,",,W",,,0.01,",,W",0,",,W",0,",,W",,,87,",,W",68,",,W",250,",,W",230,",,W",16.1,",,W",23,",,W",,,,,,,,,,,,,,
USW00053922,"FAYETTEVILLE SPRINGDALE NW AR REGL AIRPORT, AR US",36.28975,-94.31152,389.6,6/4/2020,8.5,",,W",,,1.05,",,W",0,",,W",0,",,W",,,85,",,W",64,",,W",10,",,W",30,",,W",29.1,",,W",38.9,",,W",1,",,W",,,1,",,W",,,,,,,,
USW00053922,"FAYETTEVILLE SPRINGDALE NW AR REGL AIRPORT, AR US",36.28975,-94.31152,389.6,6/5/2020,4.25,",,W",,,0,",,W",0,",,W",0,",,W",,,91,",,W",69,",,W",200,",,W",180,",,W",10.1,",,W",15,",,W",,,,,,,,,,,,,,
USW00053922,"FAYETTEVILLE SPRINGDALE NW AR REGL AIRPORT, AR US",36.28975,-94.31152,389.6,6/6/2020,4.92,",,W",,,0,",,W",0,",,W",0,",,W",,,94,",,W",71,",,W",110,",,W",90,",,W",14.1,",,W",21.9,",,W",,,,,,,,,,,,,,
USW00053922,"FAYETTEVILLE SPRINGDALE NW AR REGL AIRPORT, AR US",36.28975,-94.31152,389.6,6/7/2020,6.04,",,W",,,0,",,W",0,",,W",0,",,W",,,91,",,W",67,",,W",90,",,W",80,",,W",15,",,W",21.9,",,W",,,,,,,,,,,,,,
USW00053922,"FAYETTEVILLE SPRINGDALE NW AR REGL AIRPORT, AR US",36.28975,-94.31152,389.6,6/8/2020,8.72,",,W",,,0.13,",,W",0,",,W",0,",,W",,,87,",,W",71,",,W",70,",,W",90,",,W",19.9,",,W",27.1,",,W",,,,,,,,,,,,,,
USW00053922,"FAYETTEVILLE SPRINGDALE NW AR REGL AIRPORT, AR US",36.28975,-94.31152,389.6,6/9/2020,13.42,",,W",,,0.01,",,W",0,",,W",0,",,W",,,91,",,W",61,",,W",240,",,W",200,",,W",25.9,",,W",38.9,",,W",1,",,W",1,",,W",1,",,W",,,,,,,,
USW00053922,"FAYETTEVILLE SPRINGDALE NW AR REGL AIRPORT, AR US",36.28975,-94.31152,389.6,6/10/2020,13.87,",,W",,,0,",,W",0,",,W",0,",,W",,,78,",,W",59,",,W",230,",,W",220,",,W",25.1,",,W",38.9,",,W",,,,,,,,,,,,,,
USW00053922,"FAYETTEVILLE SPRINGDALE NW AR REGL AIRPORT, AR US",36.28975,-94.31152,389.6,6/11/2020,2.01,",,W",,,0,",,W",0,",,W",0,",,W",,,86,",,W",53,",,W",300,",,W",350,",,W",8.1,",,W",11,",,W",,,,,,,,,,,,,,
USW00053922,"FAYETTEVILLE SPRINGDALE NW AR REGL AIRPORT, AR US",36.28975,-94.31152,389.6,6/12/2020,4.03,",,W",,,0,",,W",0,",,W",0,",,W",,,87,",,W",58,",,W",180,",,W",180,",,W",15,",,W",18.1,",,W",,,,,,,,,,,,,,
USW00053922,"FAYETTEVILLE SPRINGDALE NW AR REGL AIRPORT, AR US",36.28975,-94.31152,389.6,6/13/2020,2.01,",,W",,,0,",,W",0,",,W",0,",,W",,,91,",,W",60,",,W",130,",,W",120,",,W",8.1,",,W",16.1,",,W",,,,,,,,,,,,,,
USW00053922,"FAYETTEVILLE SPRINGDALE NW AR REGL AIRPORT, AR US",36.28975,-94.31152,389.6,6/14/2020,3.8,",,W",,,0,",,W",0,",,W",0,",,W",,,90,",,W",64,",,W",170,",,W",180,",,W",15,",,W",19,",,W",,,,,,,,,,,,,,
USW00053922,"FAYETTEVILLE SPRINGDALE NW AR REGL AIRPORT, AR US",36.28975,-94.31152,389.6,6/15/2020,3.8,",,W",,,0,",,W",0,",,W",0,",,W",,,89,",,W",63,",,W",180,",,W",180,",,W",13,",,W",19,",,W",1,",,W",,,,,,,,,,,,
USW00053922,"FAYETTEVILLE SPRINGDALE NW AR REGL AIRPORT, AR US",36.28975,-94.31152,389.6,6/16/2020,5.82,",,W",,,0,"T,,W",0,",,W",0,",,W",,,87,",,W",66,",,W",40,",,W",30,",,W",16.1,",,W",21.9,",,W",,,,,,,,,,,,,,
USW00053922,"FAYETTEVILLE SPRINGDALE NW AR REGL AIRPORT, AR US",36.28975,-94.31152,389.6,6/17/2020,7.38,",,W",,,0,",,W",0,",,W",0,",,W",,,87,",,W",64,",,W",180,",,W",170,",,W",14.1,",,W",23,",,W",,,,,,,,,,,,,,
USW00053922,"FAYETTEVILLE SPRINGDALE NW AR REGL AIRPORT, AR US",36.28975,-94.31152,389.6,6/18/2020,8.5,",,W",,,0,",,W",0,",,W",0,",,W",,,89,",,W",66,",,W",150,",,W",180,",,W",18.1,",,W",25.1,",,W",,,,,,,,,,,,,,
USW00053922,"FAYETTEVILLE SPRINGDALE NW AR REGL AIRPORT, AR US",36.28975,-94.31152,389.6,6/19/2020,6.49,",,W",,,0,"T,,W",0,",,W",0,",,W",,,90,",,W",66,",,W",300,",,W",300,",,W",28,",,W",38.9,",,W",,,,,,,,,,,,,,
USW00053922,"FAYETTEVILLE SPRINGDALE NW AR REGL AIRPORT, AR US",36.28975,-94.31152,389.6,6/20/2020,5.59,",,W",,,0,",,W",0,",,W",0,",,W",,,81,",,W",63,",,W",140,",,W",210,",,W",14.1,",,W",19,",,W",,,,,,,,,,,,,,
USW00053922,"FAYETTEVILLE SPRINGDALE NW AR REGL AIRPORT, AR US",36.28975,-94.31152,389.6,6/21/2020,6.93,",,W",,,0,"T,,W",0,",,W",0,",,W",,,85,",,W",60,",,W",200,",,W",200,",,W",17,",,W",25.9,",,W",1,",,W",,,1,",,W",,,,,,,1,",,W"
USW00053922,"FAYETTEVILLE SPRINGDALE NW AR REGL AIRPORT, AR US",36.28975,-94.31152,389.6,6/22/2020,6.04,",,W",,,0,"T,,W",0,",,W",0,",,W",,,87,",,W",65,",,W",190,",,W",280,",,W",14.1,",,W",17,",,W",,,,,,,,,,,,,,
USW00053922,"FAYETTEVILLE SPRINGDALE NW AR REGL AIRPORT, AR US",36.28975,-94.31152,389.6,6/23/2020,6.04,",,W",,,0,",,W",0,",,W",0,",,W",,,88,",,W",60,",,W",340,",,W",340,",,W",14.1,",,W",19.9,",,W",,,,,,,,,,,,,,
USW00053922,"FAYETTEVILLE SPRINGDALE NW AR REGL AIRPORT, AR US",36.28975,-94.31152,389.6,6/24/2020,3.8,",,W",,,0,",,W",0,",,W",0,",,W",,,88,",,W",56,",,W",160,",,W",230,",,W",10.1,",,W",14.1,",,W",,,,,,,,,,,,,,
USW00053922,"FAYETTEVILLE SPRINGDALE NW AR REGL AIRPORT, AR US",36.28975,-94.31152,389.6,6/25/2020,8.05,",,W",,,0,",,W",0,",,W",0,",,W",,,90,",,W",62,",,W",160,",,W",170,",,W",18.1,",,W",23,",,W",,,,,,,,,,,,,,
USW00053922,"FAYETTEVILLE SPRINGDALE NW AR REGL AIRPORT, AR US",36.28975,-94.31152,389.6,6/26/2020,10.07,",,W",,,0,",,W",0,",,W",0,",,W",,,87,",,W",68,",,W",170,",,W",170,",,W",21,",,W",28,",,W",,,,,,,,,,,,,,
USW00053922,"FAYETTEVILLE SPRINGDALE NW AR REGL AIRPORT, AR US",36.28975,-94.31152,389.6,6/27/2020,11.63,",,W",,,0,"T,,W",0,",,W",0,",,W",,,89,",,W",70,",,W",210,",,W",210,",,W",23.9,",,W",33.1,",,W",1,",,W",,,,,,,,,,,1,",,W"
USW00053922,"FAYETTEVILLE SPRINGDALE NW AR REGL AIRPORT, AR US",36.28975,-94.31152,389.6,6/28/2020,13.65,",,W",,,0,"T,,W",0,",,W",0,",,W",,,89,",,W",74,",,W",180,",,W",190,",,W",23,",,W",31.1,",,W",,,,,,,,,,,,,,
USW00053922,"FAYETTEVILLE SPRINGDALE NW AR REGL AIRPORT, AR US",36.28975,-94.31152,389.6,6/29/2020,14.76,",,W",,,0.1,",,W",0,",,W",0,",,W",,,87,",,W",74,",,W",170,",,W",160,",,W",23,",,W",30,",,W",,,,,1,",,W",,,,,,,,
USW00053922,"FAYETTEVILLE SPRINGDALE NW AR REGL AIRPORT, AR US",36.28975,-94.31152,389.6,6/30/2020,10.51,",,W",,,0,"T,,W",0,",,W",0,",,W",,,90,",,W",74,",,W",180,",,W",180,",,W",23.9,",,W",31.1,",,W",,,,,,,,,,,,,,
USW00053922,"FAYETTEVILLE SPRINGDALE NW AR REGL AIRPORT, AR US",36.28975,-94.31152,389.6,7/1/2020,9.17,",,W",,,0,",,W",0,",,W",0,",,W",,,93,",,W",73,",,W",170,",,W",190,",,W",18.1,",,W",25.1,",,W",,,,,,,,,,,,,,
USW00053922,"FAYETTEVILLE SPRINGDALE NW AR REGL AIRPORT, AR US",36.28975,-94.31152,389.6,7/2/2020,5.59,",,W",,,0.12,",,W",0,",,W",0,",,W",,,95,",,W",68,",,W",360,",,W",360,",,W",38,",,W",50.1,",,W",1,",,W",,,1,",,W",,,,,,,1,",,W"
USW00053922,"FAYETTEVILLE SPRINGDALE NW AR REGL AIRPORT, AR US",36.28975,-94.31152,389.6,7/3/2020,4.03,",,W",,,0,"T,,W",0,",,W",0,",,W",,,93,",,W",66,",,W",20,",,W",290,",,W",15,",,W",19.9,",,W",,,,,1,",,W",,,,,,,,
USW00053922,"FAYETTEVILLE SPRINGDALE NW AR REGL AIRPORT, AR US",36.28975,-94.31152,389.6,7/4/2020,5.14,",,W",,,0.96,",,W",0,",,W",0,",,W",,,85,",,W",69,",,W",110,",,W",120,",,W",23,",,W",36,",,W",1,",,W",,,1,",,W",,,,,,,1,",,W"
USW00053922,"FAYETTEVILLE SPRINGDALE NW AR REGL AIRPORT, AR US",36.28975,-94.31152,389.6,7/5/2020,5.59,",,W",,,0.05,",,W",0,",,W",0,",,W",,,87,",,W",68,",,W",130,",,W",120,",,W",25.9,",,W",36,",,W",1,",,W",,,1,",,W",,,,,,,,
USW00053922,"FAYETTEVILLE SPRINGDALE NW AR REGL AIRPORT, AR US",36.28975,-94.31152,389.6,7/6/2020,5.82,",,W",,,0,",,W",0,",,W",0,",,W",,,91,",,W",69,",,W",150,",,W",120,",,W",16.1,",,W",23.9,",,W",1,",,W",,,,,,,,,,,,
USW00053922,"FAYETTEVILLE SPRINGDALE NW AR REGL AIRPORT, AR US",36.28975,-94.31152,389.6,7/7/2020,3.36,",,W",,,0,",,W",0,",,W",0,",,W",,,91,",,W",69,",,W",130,",,W",130,",,W",15,",,W",19,",,W",,,,,,,,,,,,,,
USW00053922,"FAYETTEVILLE SPRINGDALE NW AR REGL AIRPORT, AR US",36.28975,-94.31152,389.6,7/8/2020,4.7,",,W",,,0,",,W",0,",,W",0,",,W",,,91,",,W",70,",,W",180,",,W",90,",,W",8.9,",,W",16.1,",,W",,,,,,,,,,,,,,
USW00053922,"FAYETTEVILLE SPRINGDALE NW AR REGL AIRPORT, AR US",36.28975,-94.31152,389.6,7/9/2020,5.59,",,W",,,0.45,",,W",0,",,W",0,",,W",,,81,",,W",66,",,W",330,",,W",320,",,W",38.9,",,W",57.9,",,W",1,",,W",,,1,",,W",,,,,,,,
USW00053922,"FAYETTEVILLE SPRINGDALE NW AR REGL AIRPORT, AR US",36.28975,-94.31152,389.6,7/10/2020,2.24,",,W",,,0,",,W",0,",,W",0,",,W",,,88,",,W",65,",,W",190,",,W",180,",,W",15,",,W",17,",,W",1,",,W",,,,,,,,,,,,
USW00053922,"FAYETTEVILLE SPRINGDALE NW AR REGL AIRPORT, AR US",36.28975,-94.31152,389.6,7/11/2020,8.95,",,W",,,0,"T,,W",0,",,W",0,",,W",,,93,",,W",68,",,W",180,",,W",200,",,W",35.1,",,W",62,",,W",1,",,W",,,1,",,W",,,,,,,,
USW00053922,"FAYETTEVILLE SPRINGDALE NW AR REGL AIRPORT, AR US",36.28975,-94.31152,389.6,7/12/2020,6.93,",,W",,,0,"T,,W",0,",,W",0,",,W",,,91,",,W",67,",,W",270,",,W",270,",,W",21.9,",,W",31.1,",,W",,,,,,,,,,,,,,
USW00053922,"FAYETTEVILLE SPRINGDALE NW AR REGL AIRPORT, AR US",36.28975,-94.31152,389.6,7/13/2020,5.14,",,W",,,0,",,W",0,",,W",0,",,W",,,82,",,W",64,",,W",130,",,W",130,",,W",16.1,",,W",21.9,",,W",,,,,,,,,,,,,,
USW00053922,"FAYETTEVILLE SPRINGDALE NW AR REGL AIRPORT, AR US",36.28975,-94.31152,389.6,7/14/2020,8.72,",,W",,,0,",,W",0,",,W",0,",,W",,,94,",,W",70,",,W",160,",,W",180,",,W",21,",,W",28,",,W",,,,,,,,,,,,,,
USW00053922,"FAYETTEVILLE SPRINGDALE NW AR REGL AIRPORT, AR US",36.28975,-94.31152,389.6,7/15/2020,7.38,",,W",,,0,"T,,W",0,",,W",0,",,W",,,92,",,W",74,",,W",170,",,W",170,",,W",21,",,W",27.1,",,W",,,,,,,,,,,,,,
USW00053922,"FAYETTEVILLE SPRINGDALE NW AR REGL AIRPORT, AR US",36.28975,-94.31152,389.6,7/16/2020,5.14,",,W",,,0.01,",,W",0,",,W",0,",,W",,,92,",,W",73,",,W",340,",,W",340,",,W",18.1,",,W",23.9,",,W",,,,,1,",,W",,,,,,,,
USW00053922,"FAYETTEVILLE SPRINGDALE NW AR REGL AIRPORT, AR US",36.28975,-94.31152,389.6,7/17/2020,8.05,",,W",,,0,"T,,W",0,",,W",0,",,W",,,95,",,W",75,",,W",160,",,W",130,",,W",18.1,",,W",23.9,",,W",,,,,1,",,W",,,,,,,,
USW00053922,"FAYETTEVILLE SPRINGDALE NW AR REGL AIRPORT, AR US",36.28975,-94.31152,389.6,7/18/2020,10.07,",,W",,,0,",,W",0,",,W",0,",,W",,,92,",,W",72,",,W",170,",,W",180,",,W",19.9,",,W",40,",,W",,,,,,,,,,,,,,
USW00053922,"FAYETTEVILLE SPRINGDALE NW AR REGL AIRPORT, AR US",36.28975,-94.31152,389.6,7/19/2020,6.26,",,W",,,0.01,",,W",0,",,W",0,",,W",,,94,",,W",73,",,W",220,",,W",230,",,W",15,",,W",21.9,",,W",,,,,,,,,,,,,,
USW00053922,"FAYETTEVILLE SPRINGDALE NW AR REGL AIRPORT, AR US",36.28975,-94.31152,389.6,7/20/2020,5.37,",,W",,,0,",,W",0,",,W",0,",,W",,,92,",,W",69,",,W",190,",,W",200,",,W",13,",,W",19.9,",,W",,,,,,,,,,,,,,
USW00053922,"FAYETTEVILLE SPRINGDALE NW AR REGL AIRPORT, AR US",36.28975,-94.31152,389.6,7/21/2020,7.38,",,W",,,0.41,",,W",0,",,W",0,",,W",,,92,",,W",74,",,W",210,",,W",200,",,W",18.1,",,W",28,",,W",1,",,W",,,1,",,W",,,,,,,,
USW00053922,"FAYETTEVILLE SPRINGDALE NW AR REGL AIRPORT, AR US",36.28975,-94.31152,389.6,7/22/2020,4.92,",,W",,,0.75,",,W",0,",,W",0,",,W",,,92,",,W",71,",,W",140,",,W",140,",,W",23.9,",,W",34,",,W",1,",,W",,,1,",,W",,,,,,,,
USW00053922,"FAYETTEVILLE SPRINGDALE NW AR REGL AIRPORT, AR US",36.28975,-94.31152,389.6,7/23/2020,4.03,",,W",,,0,",,W",0,",,W",0,",,W",,,91,",,W",68,",,W",130,",,W",120,",,W",15,",,W",18.1,",,W",,,,,,,,,,,,,,
USW00053922,"FAYETTEVILLE SPRINGDALE NW AR REGL AIRPORT, AR US",36.28975,-94.31152,389.6,7/24/2020,5.14,",,W",,,0,",,W",0,",,W",0,",,W",,,94,",,W",71,",,W",150,",,W",90,",,W",15,",,W",21.9,",,W",,,,,,,,,,,,,,
USW00053922,"FAYETTEVILLE SPRINGDALE NW AR REGL AIRPORT, AR US",36.28975,-94.31152,389.6,7/25/2020,7.16,",,W",,,0,",,W",0,",,W",0,",,W",,,90,",,W",72,",,W",160,",,W",160,",,W",15,",,W",19,",,W",,,,,,,,,,,,,,
USW00053922,"FAYETTEVILLE SPRINGDALE NW AR REGL AIRPORT, AR US",36.28975,-94.31152,389.6,7/26/2020,5.59,",,W",,,0,",,W",0,",,W",0,",,W",,,91,",,W",71,",,W",230,",,W",190,",,W",13,",,W",19.9,",,W",,,,,,,,,,,,,,
USW00053922,"FAYETTEVILLE SPRINGDALE NW AR REGL AIRPORT, AR US",36.28975,-94.31152,389.6,7/27/2020,5.82,",,W",,,0,",,W",0,",,W",0,",,W",,,88,",,W",72,",,W",310,",,W",310,",,W",16.1,",,W",21.9,",,W",,,,,,,,,,,,,,
USW00053922,"FAYETTEVILLE SPRINGDALE NW AR REGL AIRPORT, AR US",36.28975,-94.31152,389.6,7/28/2020,3.8,",,W",,,0.02,",,W",0,",,W",0,",,W",,,87,",,W",72,",,W",80,",,W",80,",,W",14.1,",,W",19,",,W",,,,,1,",,W",,,,,,,,
USW00053922,"FAYETTEVILLE SPRINGDALE NW AR REGL AIRPORT, AR US",36.28975,-94.31152,389.6,7/29/2020,6.71,",,W",,,0.27,",,W",0,",,W",0,",,W",,,85,",,W",73,",,W",220,",,W",230,",,W",21.9,",,W",29.1,",,W",1,",,W",,,,,,,,,,,,
USW00053922,"FAYETTEVILLE SPRINGDALE NW AR REGL AIRPORT, AR US",36.28975,-94.31152,389.6,7/30/2020,9.17,",,W",,,0.51,",,W",0,",,W",0,",,W",,,87,",,W",68,",,W",300,",,W",310,",,W",25.1,",,W",38,",,W",1,",,W",,,1,",,W",,,,,,,,
USW00053922,"FAYETTEVILLE SPRINGDALE NW AR REGL AIRPORT, AR US",36.28975,-94.31152,389.6,7/31/2020,9.62,",,W",,,0.21,",,W",0,",,W",0,",,W",,,74,",,W",63,",,W",340,",,W",340,",,W",21,",,W",30,",,W",1,",,W",,,1,",,W",,,,,,,,
USW00053922,"FAYETTEVILLE SPRINGDALE NW AR REGL AIRPORT, AR US",36.28975,-94.31152,389.6,8/1/2020,6.26,",,W",,,0,",,W",0,",,W",0,",,W",,,84,",,W",61,",,W",350,",,W",350,",,W",16.1,",,W",25.1,",,W",,,,,,,,,,,,,,
USW00053922,"FAYETTEVILLE SPRINGDALE NW AR REGL AIRPORT, AR US",36.28975,-94.31152,389.6,8/2/2020,7.61,",,W",,,0,",,W",0,",,W",0,",,W",,,87,",,W",65,",,W",290,",,W",300,",,W",17,",,W",25.9,",,W",,,,,,,,,,,,,,
USW00053922,"FAYETTEVILLE SPRINGDALE NW AR REGL AIRPORT, AR US",36.28975,-94.31152,389.6,8/3/2020,6.93,",,W",,,0,",,W",0,",,W",0,",,W",,,83,",,W",60,",,W",360,",,W",350,",,W",16.1,",,W",21,",,W",,,,,,,,,,,,,,
USW00053922,"FAYETTEVILLE SPRINGDALE NW AR REGL AIRPORT, AR US",36.28975,-94.31152,389.6,8/4/2020,5.59,",,W",,,0,",,W",0,",,W",0,",,W",,,81,",,W",57,",,W",360,",,W",40,",,W",12.1,",,W",21,",,W",,,,,,,,,,,,,,
USW00053922,"FAYETTEVILLE SPRINGDALE NW AR REGL AIRPORT, AR US",36.28975,-94.31152,389.6,8/5/2020,3.8,",,W",,,0,",,W",0,",,W",0,",,W",,,84,",,W",58,",,W",170,",,W",210,",,W",15,",,W",19,",,W",,,,,,,,,,,,,,
USW00053922,"FAYETTEVILLE SPRINGDALE NW AR REGL AIRPORT, AR US",36.28975,-94.31152,389.6,8/6/2020,6.26,",,W",,,0.06,",,W",0,",,W",0,",,W",,,87,",,W",63,",,W",170,",,W",180,",,W",15,",,W",23.9,",,W",1,",,W",,,1,",,W",,,,,,,,
USW00053922,"FAYETTEVILLE SPRINGDALE NW AR REGL AIRPORT, AR US",36.28975,-94.31152,389.6,8/7/2020,8.95,",,W",,,0.09,",,W",0,",,W",0,",,W",,,82,",,W",69,",,W",160,",,W",180,",,W",18.1,",,W",23.9,",,W",1,",,W",,,1,",,W",,,,,,,,
USW00053922,"FAYETTEVILLE SPRINGDALE NW AR REGL AIRPORT, AR US",36.28975,-94.31152,389.6,8/8/2020,9.62,",,W",,,0.07,",,W",0,",,W",0,",,W",,,90,",,W",72,",,W",190,",,W",190,",,W",21,",,W",31.1,",,W",,,,,1,",,W",,,,,,,,
USW00053922,"FAYETTEVILLE SPRINGDALE NW AR REGL AIRPORT, AR US",36.28975,-94.31152,389.6,8/9/2020,9.17,",,W",,,0,"T,,W",0,",,W",0,",,W",,,92,",,W",71,",,W",230,",,W",200,",,W",17,",,W",27.1,",,W",1,",,W",,,,,,,,,,,,
USW00053922,"FAYETTEVILLE SPRINGDALE NW AR REGL AIRPORT, AR US",36.28975,-94.31152,389.6,8/10/2020,7.83,",,W",,,0,"T,,W",0,",,W",0,",,W",,,94,",,W",72,",,W",340,",,W",340,",,W",23,",,W",30,",,W",,,,,,,,,,,,,,
USW00053922,"FAYETTEVILLE SPRINGDALE NW AR REGL AIRPORT, AR US",36.28975,-94.31152,389.6,8/11/2020,5.14,",,W",,,0.16,",,W",0,",,W",0,",,W",,,81,",,W",67,",,W",160,",,W",200,",,W",21,",,W",29.1,",,W",1,",,W",,,1,",,W",,,,,,,,
USW00053922,"FAYETTEVILLE SPRINGDALE NW AR REGL AIRPORT, AR US",36.28975,-94.31152,389.6,8/12/2020,4.92,",,W",,,0,",,W",0,",,W",0,",,W",,,90,",,W",67,",,W",150,",,W",,,8.9,",,W",,,,,,,,,,,,,,,,
USW00053922,"FAYETTEVILLE SPRINGDALE NW AR REGL AIRPORT, AR US",36.28975,-94.31152,389.6,8/13/2020,3.8,",,W",,,0.05,",,W",0,",,W",0,",,W",,,92,",,W",69,",,W",140,",,W",140,",,W",15,",,W",18.1,",,W",1,",,W",,,,,,,,,,,,
USW00053922,"FAYETTEVILLE SPRINGDALE NW AR REGL AIRPORT, AR US",36.28975,-94.31152,389.6,8/14/2020,4.25,",,W",,,0,",,W",0,",,W",0,",,W",,,94,",,W",69,",,W",200,",,W",80,",,W",14.1,",,W",18.1,",,W",,,,,,,,,,,,,,
USW00053922,"FAYETTEVILLE SPRINGDALE NW AR REGL AIRPORT, AR US",36.28975,-94.31152,389.6,8/15/2020,5.14,",,W",,,0,",,W",0,",,W",0,",,W",,,96,",,W",68,",,W",360,",,W",360,",,W",17,",,W",21.9,",,W",,,,,,,,,,,,,,
USW00053922,"FAYETTEVILLE SPRINGDALE NW AR REGL AIRPORT, AR US",36.28975,-94.31152,389.6,8/16/2020,6.49,",,W",,,0,",,W",0,",,W",0,",,W",,,92,",,W",66,",,W",70,",,W",70,",,W",14.1,",,W",21.9,",,W",,,,,1,",,W",,,,,,,,
USW00053922,"FAYETTEVILLE SPRINGDALE NW AR REGL AIRPORT, AR US",36.28975,-94.31152,389.6,8/17/2020,4.92,",,W",,,0,",,W",0,",,W",0,",,W",,,92,",,W",59,",,W",300,",,W",210,",,W",13,",,W",18.1,",,W",,,,,,,,,,,,,,
USW00053922,"FAYETTEVILLE SPRINGDALE NW AR REGL AIRPORT, AR US",36.28975,-94.31152,389.6,8/18/2020,8.95,",,W",,,0,",,W",0,",,W",0,",,W",,,87,",,W",62,",,W",360,",,W",20,",,W",19.9,",,W",28,",,W",,,,,,,,,,,,,,
USW00053922,"FAYETTEVILLE SPRINGDALE NW AR REGL AIRPORT, AR US",36.28975,-94.31152,389.6,8/19/2020,5.37,",,W",,,0,",,W",0,",,W",0,",,W",,,86,",,W",55,",,W",70,",,W",80,",,W",14.1,",,W",27.1,",,W",,,,,,,,,,,,,,
USW00053922,"FAYETTEVILLE SPRINGDALE NW AR REGL AIRPORT, AR US",36.28975,-94.31152,389.6,8/20/2020,3.36,",,W",,,0,",,W",0,",,W",0,",,W",,,88,",,W",60,",,W",70,",,W",140,",,W",13,",,W",17,",,W",,,,,,,,,,,,,,
USW00053922,"FAYETTEVILLE SPRINGDALE NW AR REGL AIRPORT, AR US",36.28975,-94.31152,389.6,8/21/2020,2.24,",,W",,,0,",,W",0,",,W",0,",,W",,,89,",,W",57,",,W",110,",,W",160,",,W",8.9,",,W",15,",,W",,,,,,,,,,,,,,
USW00053922,"FAYETTEVILLE SPRINGDALE NW AR REGL AIRPORT, AR US",36.28975,-94.31152,389.6,8/22/2020,2.91,",,W",,,0,",,W",0,",,W",0,",,W",,,92,",,W",58,",,W",250,",,W",190,",,W",10.1,",,W",19,",,W",,,,,,,,,,,,,,
USW00053922,"FAYETTEVILLE SPRINGDALE NW AR REGL AIRPORT, AR US",36.28975,-94.31152,389.6,8/23/2020,4.03,",,W",,,0,",,W",0,",,W",0,",,W",,,92,",,W",62,",,W",220,",,W",240,",,W",14.1,",,W",19,",,W",,,,,,,,,,,,,1,",,W"
USW00053922,"FAYETTEVILLE SPRINGDALE NW AR REGL AIRPORT, AR US",36.28975,-94.31152,389.6,8/24/2020,3.13,",,W",,,0,",,W",0,",,W",0,",,W",,,96,",,W",63,",,W",240,",,W",250,",,W",14.1,",,W",18.1,",,W",1,",,W",,,,,,,,,,,,
USW00053922,"FAYETTEVILLE SPRINGDALE NW AR REGL AIRPORT, AR US",36.28975,-94.31152,389.6,8/25/2020,3.13,",,W",,,0,",,W",0,",,W",0,",,W",,,96,",,W",66,",,W",130,",,W",70,",,W",12.1,",,W",23.9,",,W",,,,,,,,,,,,,,
USW00053922,"FAYETTEVILLE SPRINGDALE NW AR REGL AIRPORT, AR US",36.28975,-94.31152,389.6,8/26/2020,6.26,",,W",,,0,"T,,W",0,",,W",0,",,W",,,81,",,W",70,",,W",150,",,W",160,",,W",14.1,",,W",17,",,W",,,,,,,,,,,,,,
USW00053922,"FAYETTEVILLE SPRINGDALE NW AR REGL AIRPORT, AR US",36.28975,-94.31152,389.6,8/27/2020,7.38,",,W",,,0,"T,,W",0,",,W",0,",,W",,,88,",,W",70,",,W",360,",,W",360,",,W",19.9,",,W",25.9,",,W",,,,,,,,,,,,,,
USW00053922,"FAYETTEVILLE SPRINGDALE NW AR REGL AIRPORT, AR US",36.28975,-94.31152,389.6,8/28/2020,6.71,",,W",,,0,",,W",0,",,W",0,",,W",,,95,",,W",70,",,W",300,",,W",320,",,W",16.1,",,W",25.1,",,W",1,",,W",,,,,,,,,,,,
USW00053922,"FAYETTEVILLE SPRINGDALE NW AR REGL AIRPORT, AR US",36.28975,-94.31152,389.6,8/29/2020,6.71,",,W",,,0,"T,,W",0,",,W",0,",,W",,,87,",,W",69,",,W",340,",,W",300,",,W",25.9,",,W",36.9,",,W",,,,,1,",,W",,,,,,,,
USW00053922,"FAYETTEVILLE SPRINGDALE NW AR REGL AIRPORT, AR US",36.28975,-94.31152,389.6,8/30/2020,5.82,",,W",,,0,"T,,W",0,",,W",0,",,W",,,84,",,W",72,",,W",200,",,W",220,",,W",14.1,",,W",19.9,",,W",,,,,,,,,,,,,,
USW00053922,"FAYETTEVILLE SPRINGDALE NW AR REGL AIRPORT, AR US",36.28975,-94.31152,389.6,8/31/2020,9.4,",,W",,,0.45,",,W",0,",,W",0,",,W",,,84,",,W",71,",,W",170,",,W",190,",,W",21.9,",,W",29.1,",,W",1,",,W",,,1,",,W",,,,,,,,
USW00053922,"FAYETTEVILLE SPRINGDALE NW AR REGL AIRPORT, AR US",36.28975,-94.31152,389.6,9/1/2020,5.59,",,W",,,0.6,",,W",0,",,W",0,",,W",,,78,",,W",69,",,W",160,",,W",120,",,W",19.9,",,W",27.1,",,W",1,",,W",,,1,",,W",,,,,,,,
USW00053922,"FAYETTEVILLE SPRINGDALE NW AR REGL AIRPORT, AR US",36.28975,-94.31152,389.6,9/2/2020,2.68,",,W",,,0.05,",,W",0,",,W",0,",,W",,,80,",,W",68,",,W",200,",,W",20,",,W",8.1,",,W",11,",,W",1,",,W",1,",,W",,,,,,,,,,
USW00053922,"FAYETTEVILLE SPRINGDALE NW AR REGL AIRPORT, AR US",36.28975,-94.31152,389.6,9/3/2020,6.26,",,W",,,0,",,W",0,",,W",0,",,W",,,88,",,W",68,",,W",240,",,W",230,",,W",16.1,",,W",19.9,",,W",1,",,W",1,",,W",,,,,,,,,,
USW00053922,"FAYETTEVILLE SPRINGDALE NW AR REGL AIRPORT, AR US",36.28975,-94.31152,389.6,9/4/2020,2.91,",,W",,,0.51,",,W",0,",,W",0,",,W",,,89,",,W",68,",,W",290,",,W",280,",,W",16.1,",,W",19.9,",,W",1,",,W",1,",,W",1,",,W",,,,,,,,
USW00053922,"FAYETTEVILLE SPRINGDALE NW AR REGL AIRPORT, AR US",36.28975,-94.31152,389.6,9/5/2020,4.03,",,W",,,0,",,W",0,",,W",0,",,W",,,89,",,W",67,",,W",220,",,W",190,",,W",13,",,W",17,",,W",1,",,W",1,",,W",,,,,,,,,1,",,W"
USW00053922,"FAYETTEVILLE SPRINGDALE NW AR REGL AIRPORT, AR US",36.28975,-94.31152,389.6,9/6/2020,8.72,",,W",,,0,",,W",0,",,W",0,",,W",,,87,",,W",69,",,W",200,",,W",210,",,W",18.1,",,W",25.1,",,W",1,",,W",,,,,,,,,,,,
USW00053922,"FAYETTEVILLE SPRINGDALE NW AR REGL AIRPORT, AR US",36.28975,-94.31152,389.6,9/7/2020,10.74,",,W",,,0,",,W",0,",,W",0,",,W",,,89,",,W",70,",,W",220,",,W",210,",,W",19.9,",,W",29.1,",,W",,,,,,,,,,,,,,
USW00053922,"FAYETTEVILLE SPRINGDALE NW AR REGL AIRPORT, AR US",36.28975,-94.31152,389.6,9/8/2020,7.83,",,W",,,0,",,W",0,",,W",0,",,W",,,88,",,W",69,",,W",170,",,W",180,",,W",19.9,",,W",29.1,",,W",,,,,,,,,,,,,,
USW00053922,"FAYETTEVILLE SPRINGDALE NW AR REGL AIRPORT, AR US",36.28975,-94.31152,389.6,9/9/2020,5.37,",,W",,,0,"T,,W",0,",,W",0,",,W",,,88,",,W",65,",,W",170,",,W",160,",,W",16.1,",,W",23,",,W",1,",,W",,,,,,,,,,,,
USW00053922,"FAYETTEVILLE SPRINGDALE NW AR REGL AIRPORT, AR US",36.28975,-94.31152,389.6,9/10/2020,6.71,",,W",,,0.38,",,W",0,",,W",0,",,W",,,75,",,W",63,",,W",240,",,W",,,12.1,",,W",,,1,",,W",,,1,",,W",,,,,,,,
USW00053922,"FAYETTEVILLE SPRINGDALE NW AR REGL AIRPORT, AR US",36.28975,-94.31152,389.6,9/11/2020,3.8,",,W",,,0,"T,,W",0,",,W",0,",,W",,,77,",,W",61,",,W",310,",,W",330,",,W",8.9,",,W",13,",,W",1,",,W",,,,,,,,,,,,
USW00053922,"FAYETTEVILLE SPRINGDALE NW AR REGL AIRPORT, AR US",36.28975,-94.31152,389.6,9/12/2020,2.46,",,W",,,0,",,W",0,",,W",0,",,W",,,79,",,W",61,",,W",270,",,W",250,",,W",8.1,",,W",13,",,W",1,",,W",,,,,,,,,,,,
USW00053922,"FAYETTEVILLE SPRINGDALE NW AR REGL AIRPORT, AR US",36.28975,-94.31152,389.6,9/13/2020,5.82,",,W",,,0,",,W",0,",,W",0,",,W",,,81,",,W",58,",,W",340,",,W",40,",,W",14.1,",,W",19.9,",,W",1,",,W",1,",,W",,,,,,,,,,
USW00053922,"FAYETTEVILLE SPRINGDALE NW AR REGL AIRPORT, AR US",36.28975,-94.31152,389.6,9/14/2020,6.04,",,W",,,0,",,W",0,",,W",0,",,W",,,83,",,W",57,",,W",80,",,W",50,",,W",14.1,",,W",19.9,",,W",,,,,,,,,,,,,,
USW00053922,"FAYETTEVILLE SPRINGDALE NW AR REGL AIRPORT, AR US",36.28975,-94.31152,389.6,9/15/2020,3.8,",,W",,,0,",,W",0,",,W",0,",,W",,,86,",,W",58,",,W",30,",,W",70,",,W",12.1,",,W",16.1,",,W",1,",,W",,,,,,,,,,,,
USW00053922,"FAYETTEVILLE SPRINGDALE NW AR REGL AIRPORT, AR US",36.28975,-94.31152,389.6,9/16/2020,2.91,",,W",,,0,",,W",0,",,W",0,",,W",,,85,",,W",63,",,W",360,",,W",10,",,W",12.1,",,W",16.1,",,W",,,,,,,,,,,,,,
USW00053922,"FAYETTEVILLE SPRINGDALE NW AR REGL AIRPORT, AR US",36.28975,-94.31152,389.6,9/17/2020,7.38,",,W",,,0,",,W",0,",,W",0,",,W",,,85,",,W",59,",,W",10,",,W",20,",,W",18.1,",,W",23.9,",,W",,,,,,,,,,,,,,
USW00053922,"FAYETTEVILLE SPRINGDALE NW AR REGL AIRPORT, AR US",36.28975,-94.31152,389.6,9/18/2020,6.49,",,W",,,0,",,W",0,",,W",0,",,W",,,80,",,W",53,",,W",10,",,W",50,",,W",15,",,W",19,",,W",,,,,,,,,,,,,,
USW00053922,"FAYETTEVILLE SPRINGDALE NW AR REGL AIRPORT, AR US",36.28975,-94.31152,389.6,9/19/2020,4.92,",,W",,,0,",,W",0,",,W",0,",,W",,,77,",,W",53,",,W",70,",,W",70,",,W",12.1,",,W",18.1,",,W",,,,,,,,,,,,,,
USW00053922,"FAYETTEVILLE SPRINGDALE NW AR REGL AIRPORT, AR US",36.28975,-94.31152,389.6,9/20/2020,5.82,",,W",,,0,",,W",0,",,W",0,",,W",,,80,",,W",50,",,W",130,",,W",130,",,W",15,",,W",19,",,W",,,,,,,,,,,,,,
USW00053922,"FAYETTEVILLE SPRINGDALE NW AR REGL AIRPORT, AR US",36.28975,-94.31152,389.6,9/21/2020,4.92,",,W",,,0,"T,,W",0,",,W",0,",,W",,,82,",,W",53,",,W",120,",,W",120,",,W",15,",,W",19,",,W",,,,,,,,,,,,,,
USW00053922,"FAYETTEVILLE SPRINGDALE NW AR REGL AIRPORT, AR US",36.28975,-94.31152,389.6,9/22/2020,5.82,",,W",,,0.3,",,W",0,",,W",0,",,W",,,68,",,W",61,",,W",130,",,W",120,",,W",10.1,",,W",15,",,W",1,",,W",,,,,,,,,,,,
USW00053922,"FAYETTEVILLE SPRINGDALE NW AR REGL AIRPORT, AR US",36.28975,-94.31152,389.6,9/23/2020,5.14,",,W",,,0,",,W",0,",,W",0,",,W",,,72,",,W",55,",,W",80,",,W",80,",,W",14.1,",,W",19,",,W",1,",,W",,,,,,,,,,,,
USW00053922,"FAYETTEVILLE SPRINGDALE NW AR REGL AIRPORT, AR US",36.28975,-94.31152,389.6,9/24/2020,3.36,",,W",,,0,",,W",0,",,W",0,",,W",,,81,",,W",54,",,W",70,",,W",60,",,W",8.1,",,W",12.1,",,W",1,",,W",1,",,W",,,,,,,,,,
USW00053922,"FAYETTEVILLE SPRINGDALE NW AR REGL AIRPORT, AR US",36.28975,-94.31152,389.6,9/25/2020,7.16,",,W",,,0,",,W",0,",,W",0,",,W",,,77,",,W",54,",,W",170,",,W",180,",,W",16.1,",,W",23,",,W",1,",,W",1,",,W",,,,,,,,,,
USW00053922,"FAYETTEVILLE SPRINGDALE NW AR REGL AIRPORT, AR US",36.28975,-94.31152,389.6,9/26/2020,9.62,",,W",,,0,",,W",0,",,W",0,",,W",,,81,",,W",58,",,W",190,",,W",210,",,W",19.9,",,W",23.9,",,W",1,",,W",,,,,,,,,,,,
USW00053922,"FAYETTEVILLE SPRINGDALE NW AR REGL AIRPORT, AR US",36.28975,-94.31152,389.6,9/27/2020,11.18,",,W",,,0.23,",,W",0,",,W",0,",,W",,,84,",,W",55,",,W",10,",,W",10,",,W",28,",,W",46.1,",,W",1,",,W",,,,,,,,,,,,
USW00053922,"FAYETTEVILLE SPRINGDALE NW AR REGL AIRPORT, AR US",36.28975,-94.31152,389.6,9/28/2020,10.29,",,W",,,0,"T,,W",0,",,W",0,",,W",,,70,",,W",47,",,W",320,",,W",320,",,W",23,",,W",33.1,",,W",,,,,,,,,,,,,1,",,W"
USW00053922,"FAYETTEVILLE SPRINGDALE NW AR REGL AIRPORT, AR US",36.28975,-94.31152,389.6,9/29/2020,7.16,",,W",,,0,",,W",0,",,W",,,,,72,",,W",44,",,W",310,",,W",310,",,W",19.9,",,W",30,",,W",,,,,,,,,,,,,1,",,W"
USW00053922,"FAYETTEVILLE SPRINGDALE NW AR REGL AIRPORT, AR US",36.28975,-94.31152,389.6,9/30/2020,8.05,",,W",,,0,",,W",0,",,W",0,",,W",,,86,",,W",50,",,W",340,",,W",330,",,W",17,",,W",23.9,",,W",,,,,,,,,,,,,,
USW00053922,"FAYETTEVILLE SPRINGDALE NW AR REGL AIRPORT, AR US",36.28975,-94.31152,389.6,10/1/2020,7.16,",,W",,,0,",,W",0,",,W",,,,,72,",,W",44,",,W",340,",,W",10,",,W",23,",,W",30,",,W",,,,,,,,,,,,,,
USW00053922,"FAYETTEVILLE SPRINGDALE NW AR REGL AIRPORT, AR US",36.28975,-94.31152,389.6,10/2/2020,3.8,",,W",,,0,",,W",0,",,W",,,,,69,",,W",38,",,W",300,",,W",210,",,W",10.1,",,W",15,",,W",,,,,,,,,,,,,,
USW00053922,"FAYETTEVILLE SPRINGDALE NW AR REGL AIRPORT, AR US",36.28975,-94.31152,389.6,10/3/2020,9.62,",,W",,,0,"T,,W",0,",,W",,,,,72,",,W",46,",,W",220,",,W",230,",,W",23,",,W",34,",,W",,,,,,,,,,,,,,
USW00053922,"FAYETTEVILLE SPRINGDALE NW AR REGL AIRPORT, AR US",36.28975,-94.31152,389.6,10/4/2020,6.93,",,W",,,0,",,W",0,",,W",,,,,68,",,W",44,",,W",360,",,W",10,",,W",18.1,",,W",23.9,",,W",,,,,,,,,,,,,,
USW00053922,"FAYETTEVILLE SPRINGDALE NW AR REGL AIRPORT, AR US",36.28975,-94.31152,389.6,10/5/2020,5.82,",,W",,,0,",,W",0,",,W",,,,,73,",,W",41,",,W",190,",,W",140,",,W",14.1,",,W",19,",,W",,,,,,,,,,,,,1,",,W"
USW00053922,"FAYETTEVILLE SPRINGDALE NW AR REGL AIRPORT, AR US",36.28975,-94.31152,389.6,10/6/2020,4.92,",,W",,,0,",,W",0,",,W",,,,,79,",,W",46,",,W",190,",,W",190,",,W",12.1,",,W",17,",,W",,,,,,,,,,,,,1,",,W"
USW00053922,"FAYETTEVILLE SPRINGDALE NW AR REGL AIRPORT, AR US",36.28975,-94.31152,389.6,10/7/2020,4.7,",,W",,,0,",,W",0,",,W",,,,,85,",,W",52,",,W",250,",,W",240,",,W",13,",,W",17,",,W",1,",,W",,,,,,,,,,,,
USW00053922,"FAYETTEVILLE SPRINGDALE NW AR REGL AIRPORT, AR US",36.28975,-94.31152,389.6,10/8/2020,3.8,",,W",,,0,",,W",0,",,W",,,,,82,",,W",55,",,W",140,",,W",110,",,W",13,",,W",18.1,",,W",1,",,W",1,",,W",,,,,,,,,,
USW00053922,"FAYETTEVILLE SPRINGDALE NW AR REGL AIRPORT, AR US",36.28975,-94.31152,389.6,10/9/2020,4.92,",,W",,,0,",,W",0,",,W",,,,,81,",,W",54,",,W",180,",,W",170,",,W",21,",,W",25.1,",,W",1,",,W",,,,,,,,,,,,
USW00053922,"FAYETTEVILLE SPRINGDALE NW AR REGL AIRPORT, AR US",36.28975,-94.31152,389.6,10/10/2020,3.58,",,W",,,0,",,W",0,",,W",,,,,85,",,W",56,",,W",50,",,W",90,",,W",14.1,",,W",19.9,",,W",1,",,W",1,",,W",,,,,,,,,,
USW00053922,"FAYETTEVILLE SPRINGDALE NW AR REGL AIRPORT, AR US",36.28975,-94.31152,389.6,10/11/2020,8.28,",,W",,,0,",,W",0,",,W",,,,,88,",,W",55,",,W",160,",,W",160,",,W",21,",,W",25.9,",,W",1,",,W",1,",,W",,,,,,,,,,
USW00053922,"FAYETTEVILLE SPRINGDALE NW AR REGL AIRPORT, AR US",36.28975,-94.31152,389.6,10/12/2020,10.07,",,W",,,0,",,W",0,",,W",,,,,75,",,W",46,",,W",340,",,W",340,",,W",25.1,",,W",36,",,W",,,,,,,,,,,,,,
USW00053922,"FAYETTEVILLE SPRINGDALE NW AR REGL AIRPORT, AR US",36.28975,-94.31152,389.6,10/13/2020,4.47,",,W",,,0,",,W",0,",,W",,,,,79,",,W",38,",,W",190,",,W",180,",,W",16.1,",,W",21.9,",,W",,,,,,,,,,,,,,
USW00053922,"FAYETTEVILLE SPRINGDALE NW AR REGL AIRPORT, AR US",36.28975,-94.31152,389.6,10/14/2020,10.51,",,W",,,0,",,W",0,",,W",,,,,82,",,W",44,",,W",200,",,W",190,",,W",25.1,",,W",35.1,",,W",,,,,,,,,,,,,,
USW00053922,"FAYETTEVILLE SPRINGDALE NW AR REGL AIRPORT, AR US",36.28975,-94.31152,389.6,10/15/2020,11.86,",,W",,,0,"T,,W",0,",,W",,,,,68,",,W",43,",,W",20,",,W",20,",,W",29.1,",,W",38.9,",,W",,,,,,,,,,,,,,
USW00053922,"FAYETTEVILLE SPRINGDALE NW AR REGL AIRPORT, AR US",36.28975,-94.31152,389.6,10/16/2020,4.03,",,W",,,0,",,W",0,",,W",,,,,66,",,W",33,",,W",280,",,W",290,",,W",16.1,",,W",19.9,",,W",,,,,,,,,,,,,,
USW00053922,"FAYETTEVILLE SPRINGDALE NW AR REGL AIRPORT, AR US",36.28975,-94.31152,389.6,10/17/2020,13.87,",,W",,,0,",,W",0,",,W",,,,,71,",,W",40,",,W",180,",,W",170,",,W",31.1,",,W",40,",,W",,,,,,,,,,,,,,
USW00053922,"FAYETTEVILLE SPRINGDALE NW AR REGL AIRPORT, AR US",36.28975,-94.31152,389.6,10/18/2020,10.07,",,W",,,0.04,",,W",0,",,W",,,,,75,",,W",46,",,W",10,",,W",20,",,W",18.1,",,W",23.9,",,W",1,",,W",,,,,,,,,,,,
USW00053922,"FAYETTEVILLE SPRINGDALE NW AR REGL AIRPORT, AR US",36.28975,-94.31152,389.6,10/19/2020,6.71,",,W",,,0.28,",,W",0,",,W",,,,,54,",,W",45,",,W",50,",,W",60,",,W",16.1,",,W",23,",,W",1,",,W",1,",,W",,,,,,,,,,
USW00053922,"FAYETTEVILLE SPRINGDALE NW AR REGL AIRPORT, AR US",36.28975,-94.31152,389.6,10/20/2020,5.14,",,W",,,0.48,",,W",0,",,W",,,,,73,",,W",49,",,W",180,",,W",190,",,W",14.1,",,W",19.9,",,W",1,",,W",,,1,",,W",,,,,,,,
USW00053922,"FAYETTEVILLE SPRINGDALE NW AR REGL AIRPORT, AR US",36.28975,-94.31152,389.6,10/21/2020,8.28,",,W",,,0,",,W",0,",,W",,,,,83,",,W",59,",,W",170,",,W",180,",,W",21,",,W",27.1,",,W",1,",,W",1,",,W",,,,,,,,,,
USW00053922,"FAYETTEVILLE SPRINGDALE NW AR REGL AIRPORT, AR US",36.28975,-94.31152,389.6,10/22/2020,12.53,",,W",,,0,",,W",0,",,W",,,,,83,",,W",64,",,W",180,",,W",160,",,W",23.9,",,W",34,",,W",,,,,,,,,,,,,1,",,W"
USW00053922,"FAYETTEVILLE SPRINGDALE NW AR REGL AIRPORT, AR US",36.28975,-94.31152,389.6,10/23/2020,13.42,",,W",,,0.5,",,W",0,",,W",,,,,69,",,W",42,",,W",360,",,W",360,",,W",23.9,",,W",32,",,W",1,",,W",,,1,",,W",,,,,,,,
USW00053922,"FAYETTEVILLE SPRINGDALE NW AR REGL AIRPORT, AR US",36.28975,-94.31152,389.6,10/24/2020,6.71,",,W",,,0,",,W",0,",,W",,,,,48,",,W",41,",,W",40,",,W",40,",,W",16.1,",,W",21,",,W",1,",,W",,,,,,,,,,,,
USW00053922,"FAYETTEVILLE SPRINGDALE NW AR REGL AIRPORT, AR US",36.28975,-94.31152,389.6,10/25/2020,6.71,",,W",,,0,",,W",0,",,W",,,,,52,",,W",44,",,W",20,",,W",360,",,W",14.1,",,W",19.9,",,W",1,",,W",,,,,,,,,,,,
USW00053922,"FAYETTEVILLE SPRINGDALE NW AR REGL AIRPORT, AR US",36.28975,-94.31152,389.6,10/26/2020,11.18,",,W",,,1.89,",,W",,,,,,,44,",,W",34,",,W",20,",,W",30,",,W",18.1,",,W",25.9,",,W",1,",,W",,,1,",,W",,,,,,,1,",,W"
USW00053922,"FAYETTEVILLE SPRINGDALE NW AR REGL AIRPORT, AR US",36.28975,-94.31152,389.6,10/27/2020,9.17,",,W",,,0.55,",,W",0,",,W",,,,,42,",,W",34,",,W",20,",,W",40,",,W",15,",,W",19.9,",,W",1,",,W",,,,,,,,,,,,
USW00053922,"FAYETTEVILLE SPRINGDALE NW AR REGL AIRPORT, AR US",36.28975,-94.31152,389.6,10/28/2020,8.05,",,W",,,2.25,",,W",,,,,,,51,",,W",39,",,W",70,",,W",70,",,W",19.9,",,W",25.9,",,W",1,",,W",,,,,,,,,,,,
USW00053922,"FAYETTEVILLE SPRINGDALE NW AR REGL AIRPORT, AR US",36.28975,-94.31152,389.6,10/29/2020,8.72,",,W",,,0.87,",,W",,,,,,,50,",,W",34,",,W",20,",,W",10,",,W",27.1,",,W",38.9,",,W",1,",,W",,,,,,,,,,,,
USW00053922,"FAYETTEVILLE SPRINGDALE NW AR REGL AIRPORT, AR US",36.28975,-94.31152,389.6,10/30/2020,2.24,",,W",,,0,",,W",0,",,W",,,,,64,",,W",30,",,W",190,",,W",190,",,W",8.1,",,W",11,",,W",1,",,W",,,,,,,,,,,,
USW00053922,"FAYETTEVILLE SPRINGDALE NW AR REGL AIRPORT, AR US",36.28975,-94.31152,389.6,10/31/2020,7.61,",,W",,,0,",,W",0,",,W",,,,,62,",,W",38,",,W",190,",,W",180,",,W",21,",,W",29.1,",,W",,,,,,,,,,,,,,
USW00053922,"FAYETTEVILLE SPRINGDALE NW AR REGL AIRPORT, AR US",36.28975,-94.31152,389.6,11/1/2020,8.28,",,W",,,0,",,W",0,",,W",,,,,60,",,W",35,",,W",360,",,W",360,",,W",21,",,W",25.9,",,W",,,,,,,,,,,,,,
USW00053922,"FAYETTEVILLE SPRINGDALE NW AR REGL AIRPORT, AR US",36.28975,-94.31152,389.6,11/2/2020,5.59,",,W",,,0,",,W",0,",,W",,,,,64,",,W",31,",,W",210,",,W",200,",,W",15,",,W",21,",,W",,,,,,,,,,,,,,
USW00053922,"FAYETTEVILLE SPRINGDALE NW AR REGL AIRPORT, AR US",36.28975,-94.31152,389.6,11/3/2020,7.38,",,W",,,0,",,W",0,",,W",,,,,74,",,W",37,",,W",220,",,W",230,",,W",17,",,W",28,",,W",,,,,,,,,,,,,,
USW00053922,"FAYETTEVILLE SPRINGDALE NW AR REGL AIRPORT, AR US",36.28975,-94.31152,389.6,11/4/2020,10.07,",,W",,,0,",,W",0,",,W",,,,,73,",,W",46,",,W",210,",,W",210,",,W",21,",,W",30,",,W",,,,,,,,,,,,,,
USW00053922,"FAYETTEVILLE SPRINGDALE NW AR REGL AIRPORT, AR US",36.28975,-94.31152,389.6,11/5/2020,6.49,",,W",,,0,",,W",0,",,W",,,,,74,",,W",49,",,W",190,",,W",180,",,W",17,",,W",21.9,",,W",,,,,,,,,,,,,,
USW00053922,"FAYETTEVILLE SPRINGDALE NW AR REGL AIRPORT, AR US",36.28975,-94.31152,389.6,11/6/2020,4.7,",,W",,,0,",,W",0,",,W",,,,,73,",,W",45,",,W",170,",,W",170,",,W",15,",,W",21.9,",,W",1,",,W",1,",,W",,,,,,,,,,
USW00053922,"FAYETTEVILLE SPRINGDALE NW AR REGL AIRPORT, AR US",36.28975,-94.31152,389.6,11/7/2020,7.61,",,W",,,0,",,W",0,",,W",,,,,73,",,W",42,",,W",180,",,W",170,",,W",18.1,",,W",25.1,",,W",1,",,W",,,,,,,,,,,,
USW00053922,"FAYETTEVILLE SPRINGDALE NW AR REGL AIRPORT, AR US",36.28975,-94.31152,389.6,11/8/2020,12.08,",,W",,,0,"T,,W",0,",,W",,,,,75,",,W",55,",,W",180,",,W",180,",,W",28,",,W",35.1,",,W",,,,,,,,,,,,,,
USW00053922,"FAYETTEVILLE SPRINGDALE NW AR REGL AIRPORT, AR US",36.28975,-94.31152,389.6,11/9/2020,13.65,",,W",,,0,",,W",0,",,W",,,,,78,",,W",63,",,W",170,",,W",160,",,W",23.9,",,W",31.1,",,W",,,,,,,,,,,,,,
USW00053922,"FAYETTEVILLE SPRINGDALE NW AR REGL AIRPORT, AR US",36.28975,-94.31152,389.6,11/10/2020,11.18,",,W",,,0.11,",,W",0,",,W",,,,,71,",,W",36,",,W",200,",,W",190,",,W",28,",,W",38,",,W",1,",,W",,,,,,,,,,,,
USW00053922,"FAYETTEVILLE SPRINGDALE NW AR REGL AIRPORT, AR US",36.28975,-94.31152,389.6,11/11/2020,5.82,",,W",,,0,",,W",0,",,W",,,,,60,",,W",32,",,W",60,",,W",80,",,W",13,",,W",21.9,",,W",,,,,,,,,,,,,,
USW00053922,"FAYETTEVILLE SPRINGDALE NW AR REGL AIRPORT, AR US",36.28975,-94.31152,389.6,11/12/2020,6.71,",,W",,,0.01,",,W",0,",,W",,,,,67,",,W",39,",,W",210,",,W",210,",,W",17,",,W",25.1,",,W",,,,,,,,,,,,,,
USW00053922,"FAYETTEVILLE SPRINGDALE NW AR REGL AIRPORT, AR US",36.28975,-94.31152,389.6,11/13/2020,7.16,",,W",,,0,",,W",0,",,W",,,,,58,",,W",32,",,W",10,",,W",10,",,W",17,",,W",23,",,W",,,,,,,,,,,,,,
USW00053922,"FAYETTEVILLE SPRINGDALE NW AR REGL AIRPORT, AR US",36.28975,-94.31152,389.6,11/14/2020,14.09,",,W",,,0.57,",,W",0,",,W",,,,,69,",,W",52,",,W",320,",,W",340,",,W",35.1,",,W",55,",,W",1,",,W",,,1,",,W",,,,,,,,
USW00053922,"FAYETTEVILLE SPRINGDALE NW AR REGL AIRPORT, AR US",36.28975,-94.31152,389.6,11/15/2020,9.62,",,W",,,0,",,W",0,",,W",,,,,57,",,W",35,",,W",310,",,W",270,",,W",25.9,",,W",38.9,",,W",,,,,,,,,,,,,,
USW00053922,"FAYETTEVILLE SPRINGDALE NW AR REGL AIRPORT, AR US",36.28975,-94.31152,389.6,11/16/2020,6.49,",,W",,,0,",,W",,,,,,,67,",,W",31,",,W",220,",,W",240,",,W",21,",,W",29.1,",,W",,,,,,,,,,,,,,
USW00053922,"FAYETTEVILLE SPRINGDALE NW AR REGL AIRPORT, AR US",36.28975,-94.31152,389.6,11/17/2020,5.14,",,W",,,0,",,W",0,",,W",,,,,68,",,W",34,",,W",110,",,W",90,",,W",14.1,",,W",19,",,W",,,,,,,,,,,,,,
USW00053922,"FAYETTEVILLE SPRINGDALE NW AR REGL AIRPORT, AR US",36.28975,-94.31152,389.6,11/18/2020,13.87,",,W",,,0,",,W",0,",,W",,,,,66,",,W",42,",,W",190,",,W",180,",,W",25.1,",,W",38.9,",,W",,,,,,,,,,,,,,
USW00053922,"FAYETTEVILLE SPRINGDALE NW AR REGL AIRPORT, AR US",36.28975,-94.31152,389.6,11/19/2020,17.45,",,W",,,0,",,W",0,",,W",,,,,71,",,W",55,",,W",190,",,W",200,",,W",30,",,W",42.9,",,W",,,,,,,,,,,,,,
USW00053922,"FAYETTEVILLE SPRINGDALE NW AR REGL AIRPORT, AR US",36.28975,-94.31152,389.6,11/20/2020,8.5,",,W",,,0,",,W",0,",,W",,,,,69,",,W",50,",,W",220,",,W",190,",,W",18.1,",,W",25.9,",,W",,,,,,,,,,,,,,
USW00053922,"FAYETTEVILLE SPRINGDALE NW AR REGL AIRPORT, AR US",36.28975,-94.31152,389.6,11/21/2020,4.25,",,W",,,0.71,",,W",0,",,W",,,,,62,",,W",49,",,W",300,",,W",300,",,W",19.9,",,W",27.1,",,W",1,",,W",,,1,",,W",,,,,,,,
USW00053922,"FAYETTEVILLE SPRINGDALE NW AR REGL AIRPORT, AR US",36.28975,-94.31152,389.6,11/22/2020,7.83,",,W",,,0.12,",,W",0,",,W",,,,,49,",,W",33,",,W",10,",,W",10,",,W",17,",,W",23.9,",,W",1,",,W",,,,,,,,,,,,
USW00053922,"FAYETTEVILLE SPRINGDALE NW AR REGL AIRPORT, AR US",36.28975,-94.31152,389.6,11/23/2020,6.71,",,W",,,0,",,W",0,",,W",,,,,56,",,W",28,",,W",150,",,W",160,",,W",16.1,",,W",21,",,W",1,",,W",1,",,W",,,,,,,,,,
USW00053922,"FAYETTEVILLE SPRINGDALE NW AR REGL AIRPORT, AR US",36.28975,-94.31152,389.6,11/24/2020,14.32,",,W",,,0.88,",,W",0,",,W",,,,,57,",,W",45,",,W",170,",,W",170,",,W",21.9,",,W",31.1,",,W",1,",,W",,,1,",,W",,,,,,,1,",,W"
USW00053922,"FAYETTEVILLE SPRINGDALE NW AR REGL AIRPORT, AR US",36.28975,-94.31152,389.6,11/25/2020,9.62,",,W",,,0.01,",,W",,,,,,,55,",,W",31,",,W",250,",,W",250,",,W",25.9,",,W",38.9,",,W",1,",,W",1,",,W",,,,,,,,,,
USW00053922,"FAYETTEVILLE SPRINGDALE NW AR REGL AIRPORT, AR US",36.28975,-94.31152,389.6,11/26/2020,4.03,",,W",,,0,",,W",0,",,W",,,,,64,",,W",28,",,W",180,",,W",180,",,W",16.1,",,W",19,",,W",1,",,W",1,",,W",,,,,,,,,,
USW00053922,"FAYETTEVILLE SPRINGDALE NW AR REGL AIRPORT, AR US",36.28975,-94.31152,389.6,11/27/2020,7.61,",,W",,,0,",,W",0,",,W",,,,,59,",,W",36,",,W",360,",,W",340,",,W",21,",,W",25.1,",,W",,,,,,,,,,,,,,
USW00053922,"FAYETTEVILLE SPRINGDALE NW AR REGL AIRPORT, AR US",36.28975,-94.31152,389.6,11/28/2020,4.03,",,W",,,0,",,W",0,",,W",,,,,53,",,W",1,",S,W",110,",,W",110,",,W",13,",,W",18.1,",,W",,,,,,,,,,,,,,
USW00053922,"FAYETTEVILLE SPRINGDALE NW AR REGL AIRPORT, AR US",36.28975,-94.31152,389.6,11/29/2020,9.84,",,W",,,0.03,",,W",,,,,,,47,",,W",34,",,W",350,",,W",350,",,W",29.1,",,W",40,",,W",,,,,,,,,,,,,,
USW00053922,"FAYETTEVILLE SPRINGDALE NW AR REGL AIRPORT, AR US",36.28975,-94.31152,389.6,11/30/2020,10.51,",,W",,,0,"T,,W",,,,,,,41,",,W",21,",,W",350,",,W",340,",,W",23.9,",,W",32,",,W",,,,,,,,,,,,,,
USW00053922,"FAYETTEVILLE SPRINGDALE NW AR REGL AIRPORT, AR US",36.28975,-94.31152,389.6,12/1/2020,6.26,",,W",,,0,",,W",0,",,W",,,,,54,",,W",20,",,W",190,",,W",190,",,W",18.1,",,W",23.9,",,W",,,,,,,,,,,,,,
USW00053922,"FAYETTEVILLE SPRINGDALE NW AR REGL AIRPORT, AR US",36.28975,-94.31152,389.6,12/2/2020,7.38,",,W",,,0.65,",,W",0,",,W",,,,,42,",,W",32,",,W",110,",,W",110,",,W",19.9,",,W",29.1,",,W",1,",,W",,,,,,,,,,,,
USW00053922,"FAYETTEVILLE SPRINGDALE NW AR REGL AIRPORT, AR US",36.28975,-94.31152,389.6,12/3/2020,4.92,",,W",,,0.06,",,W",0,",,W",,,,,41,",,W",37,",,W",310,",,W",110,",,W",10.1,",,W",15,",,W",1,",,W",,,,,,,,,,,,
USW00053922,"FAYETTEVILLE SPRINGDALE NW AR REGL AIRPORT, AR US",36.28975,-94.31152,389.6,12/4/2020,7.61,",,W",,,0,",,W",0,",,W",,,,,50,",,W",32,",,W",260,",,W",270,",,W",14.1,",,W",19.9,",,W",1,",,W",,,,,,,,,,,1,",,W"
USW00053922,"FAYETTEVILLE SPRINGDALE NW AR REGL AIRPORT, AR US",36.28975,-94.31152,389.6,12/5/2020,5.37,",,W",,,0,",,W",0,",,W",,,,,61,",,W",28,",,W",290,",,W",290,",,W",13,",,W",18.1,",,W",,,,,,,,,,,,,,
USW00053922,"FAYETTEVILLE SPRINGDALE NW AR REGL AIRPORT, AR US",36.28975,-94.31152,389.6,12/6/2020,5.82,",,W",,,0,",,W",0,",,W",,,,,51,",,W",28,",,W",360,",,W",310,",,W",13,",,W",16.1,",,W",,,,,,,,,,,,,,
USW00053922,"FAYETTEVILLE SPRINGDALE NW AR REGL AIRPORT, AR US",36.28975,-94.31152,389.6,12/7/2020,6.04,",,W",,,0,",,W",0,",,W",,,,,54,",,W",30,",,W",260,",,W",280,",,W",12.1,",,W",17,",,W",1,",,W",,,,,,,,,,,,
USW00053922,"FAYETTEVILLE SPRINGDALE NW AR REGL AIRPORT, AR US",36.28975,-94.31152,389.6,12/8/2020,4.7,",,W",,,0,",,W",0,",,W",,,,,60,",,W",28,",,W",290,",,W",290,",,W",10.1,",,W",14.1,",,W",,,,,,,,,,,,,,
USW00053922,"FAYETTEVILLE SPRINGDALE NW AR REGL AIRPORT, AR US",36.28975,-94.31152,389.6,12/9/2020,5.82,",,W",,,0,",,W",0,",,W",,,,,71,",,W",35,",,W",230,",,W",240,",,W",13,",,W",16.1,",,W",,,,,,,,,,,,,,
USW00053922,"FAYETTEVILLE SPRINGDALE NW AR REGL AIRPORT, AR US",36.28975,-94.31152,389.6,12/10/2020,5.82,",,W",,,0,",,W",0,",,W",,,,,74,",,W",32,",,W",200,",,W",190,",,W",16.1,",,W",23.9,",,W",,,,,,,,,,,,,,
USW00053922,"FAYETTEVILLE SPRINGDALE NW AR REGL AIRPORT, AR US",36.28975,-94.31152,389.6,12/11/2020,9.4,",,W",,,0.06,",,W",0,",,W",,,,,59,",,W",37,",,W",210,",,W",220,",,W",17,",,W",27.1,",,W",1,",,W",,,,,,,,,,,,
USW00053922,"FAYETTEVILLE SPRINGDALE NW AR REGL AIRPORT, AR US",36.28975,-94.31152,389.6,12/12/2020,9.17,",,W",,,0,",,W",0,",,W",,,,,41,",,W",36,",,W",280,",,W",290,",,W",17,",,W",23.9,",,W",,,,,,,,,,,,,,
USW00053922,"FAYETTEVILLE SPRINGDALE NW AR REGL AIRPORT, AR US",36.28975,-94.31152,389.6,12/13/2020,9.17,",,W",,,0.85,",,W",,,,,,,36,",,W",25,",,W",360,",,W",350,",,W",16.1,",,W",21,",,W",1,",,W",,,,,,,,,,,,
USW00053922,"FAYETTEVILLE SPRINGDALE NW AR REGL AIRPORT, AR US",36.28975,-94.31152,389.6,12/14/2020,5.82,",,W",,,0,",,W",0,",,W",,,,,35,",,W",18,",,W",20,",,W",20,",,W",16.1,",,W",21,",,W",1,",,W",,,,,,,,,,,,
USW00053922,"FAYETTEVILLE SPRINGDALE NW AR REGL AIRPORT, AR US",36.28975,-94.31152,389.6,12/15/2020,6.49,",,W",,,0,",,W",0,",,W",,,,,32,",,W",21,",,W",70,",,W",60,",,W",14.1,",,W",19,",,W",,,,,,,,,,,,,,
USW00053922,"FAYETTEVILLE SPRINGDALE NW AR REGL AIRPORT, AR US",36.28975,-94.31152,389.6,12/16/2020,6.04,",,W",,,0,"T,,W",,,,,,,32,",,W",28,",,W",300,",,W",300,",,W",14.1,",,W",19,",,W",1,",,W",,,,,,,,,,,1,",,W"
USW00053922,"FAYETTEVILLE SPRINGDALE NW AR REGL AIRPORT, AR US",36.28975,-94.31152,389.6,12/17/2020,4.92,",,W",,,0,",,W",0,",,W",,,,,45,",,W",20,",,W",230,",,W",210,",,W",8.9,",,W",13,",,W",1,",,W",,,,,,,,,,,1,",,W"
USW00053922,"FAYETTEVILLE SPRINGDALE NW AR REGL AIRPORT, AR US",36.28975,-94.31152,389.6,12/18/2020,11.41,",,W",,,0,",,W",0,",,W",,,,,51,",,W",28,",,W",190,",,W",170,",,W",25.9,",,W",36.9,",,W",,,,,,,,,,,,,,
USW00053922,"FAYETTEVILLE SPRINGDALE NW AR REGL AIRPORT, AR US",36.28975,-94.31152,389.6,12/19/2020,5.82,",,W",,,0,",,W",0,",,W",,,,,52,",,W",30,",,W",300,",,W",340,",,W",10.1,",,W",15,",,W",,,,,,,,,,,,,,
USW00053922,"FAYETTEVILLE SPRINGDALE NW AR REGL AIRPORT, AR US",36.28975,-94.31152,389.6,12/20/2020,6.49,",,W",,,0,",,W",0,",,W",,,,,51,",,W",26,",,W",260,",,W",250,",,W",18.1,",,W",23,",,W",1,",,W",,,,,,,,,,,,
USW00053922,"FAYETTEVILLE SPRINGDALE NW AR REGL AIRPORT, AR US",36.28975,-94.31152,389.6,12/21/2020,5.14,",,W",,,0,",,W",0,",,W",,,,,63,",,W",35,",,W",230,",,W",230,",,W",13,",,W",17,",,W",,,,,,,,,,,,,,
USW00053922,"FAYETTEVILLE SPRINGDALE NW AR REGL AIRPORT, AR US",36.28975,-94.31152,389.6,12/22/2020,11.18,",,W",,,0,",,W",0,",,W",,,,,64,",,W",31,",,W",170,",,W",180,",,W",25.1,",,W",35.1,",,W",,,,,,,,,,,,,,
USW00053922,"FAYETTEVILLE SPRINGDALE NW AR REGL AIRPORT, AR US",36.28975,-94.31152,389.6,12/23/2020,19.01,",,W",,,0,"T,,W",0,",,W",,,,,60,",,W",26,",,W",310,",,W",320,",,W",28,",,W",49,",,W",,,,,,,,,,,,,,
USW00053922,"FAYETTEVILLE SPRINGDALE NW AR REGL AIRPORT, AR US",36.28975,-94.31152,389.6,12/24/2020,11.41,",,W",,,0,",,W",0,",,W",,,,,35,",,W",22,",,W",300,",,W",290,",,W",23.9,",,W",35.1,",,W",,,,,,,,,,,,,,
USW00053922,"FAYETTEVILLE SPRINGDALE NW AR REGL AIRPORT, AR US",36.28975,-94.31152,389.6,12/25/2020,6.49,",,W",,,0,",,W",0,",,W",,,,,39,",,W",14,",,W",350,",,W",350,",,W",17,",,W",23.9,",,W",,,,,,,,,,,,,,
USW00053922,"FAYETTEVILLE SPRINGDALE NW AR REGL AIRPORT, AR US",36.28975,-94.31152,389.6,12/26/2020,10.29,",,W",,,0,",,W",0,",,W",,,,,64,",,W",33,",,W",180,",,W",170,",,W",16.1,",,W",23,",,W",,,,,,,,,,,,,,
USW00053922,"FAYETTEVILLE SPRINGDALE NW AR REGL AIRPORT, AR US",36.28975,-94.31152,389.6,12/27/2020,14.32,",,W",,,0,",,W",0,",,W",,,,,61,",,W",39,",,W",220,",,W",210,",,W",29.1,",,W",47,",,W",,,,,,,,,,,,,,
USW00053922,"FAYETTEVILLE SPRINGDALE NW AR REGL AIRPORT, AR US",36.28975,-94.31152,389.6,12/28/2020,7.61,",,W",,,0,",,W",0,",,W",,,,,49,",,W",27,",,W",30,",,W",50,",,W",15,",,W",21.9,",,W",,,,,,,,,,,,,,
USW00053922,"FAYETTEVILLE SPRINGDALE NW AR REGL AIRPORT, AR US",36.28975,-94.31152,389.6,12/29/2020,14.09,",,W",,,0.13,",,W",0,",,W",,,,,54,",,W",37,",,W",180,",,W",180,",,W",29.1,",,W",42.1,",,W",,,,,,,,,,,,,1,",,W"
USW00053922,"FAYETTEVILLE SPRINGDALE NW AR REGL AIRPORT, AR US",36.28975,-94.31152,389.6,12/30/2020,10.51,",,W",,,0.81,",,W",,,,,,,52,",,W",32,",,W",180,",,W",340,",,W",21.9,",,W",27.1,",,W",1,",,W",,,,,,,,,,,,
USW00053922,"FAYETTEVILLE SPRINGDALE NW AR REGL AIRPORT, AR US",36.28975,-94.31152,389.6,12/31/2020,13.87,",,W",,,0.6,",,W",,,,,,,36,",,W",28,",,W",60,",,W",60,",,W",25.1,",,W",34,",,W",1,",,W",,,,,,,,,,,,
USW00053922,"FAYETTEVILLE SPRINGDALE NW AR REGL AIRPORT, AR US",36.28975,-94.31152,389.6,1/1/2021,9.17,",,W",,,0.43,",,W",0,",,W",,,,,38,",,W",32,",,W",50,",,W",50,",,W",31.1,",,W",40.9,",,W",1,",,W",,,,,,,,,,,,
USW00053922,"FAYETTEVILLE SPRINGDALE NW AR REGL AIRPORT, AR US",36.28975,-94.31152,389.6,1/2/2021,5.59,",,W",,,0,"T,,W",,,,,,,36,",,W",31,",,W",300,",,W",300,",,W",15,",,W",19.9,",,W",1,",,W",,,,,,,,,,,1,",,W"
USW00053922,"FAYETTEVILLE SPRINGDALE NW AR REGL AIRPORT, AR US",36.28975,-94.31152,389.6,1/3/2021,4.25,",,W",,,0,",,W",0,",,W",,,,,57,",,W",26,",,W",150,",,W",110,",,W",13,",,W",21,",,W",1,",,W",,,,,,,,,,,,
USW00053922,"FAYETTEVILLE SPRINGDALE NW AR REGL AIRPORT, AR US",36.28975,-94.31152,389.6,1/4/2021,5.82,",,W",,,0,",,W",0,",,W",,,,,56,",,W",27,",,W",300,",,W",290,",,W",19.9,",,W",30,",,W",1,",,W",,,,,,,,,,,,
USW00053922,"FAYETTEVILLE SPRINGDALE NW AR REGL AIRPORT, AR US",36.28975,-94.31152,389.6,1/5/2021,5.14,",,W",,,0,",,W",0,",,W",,,,,58,",,W",25,",,W",160,",,W",170,",,W",14.1,",,W",17,",,W",1,",,W",,,,,,,,,,,1,",,W"
USW00053922,"FAYETTEVILLE SPRINGDALE NW AR REGL AIRPORT, AR US",36.28975,-94.31152,389.6,1/6/2021,10.07,",,W",,,0.59,",,W",0,",,W",,,,,44,",,W",36,",,W",130,",,W",140,",,W",19.9,",,W",27.1,",,W",1,",,W",,,,,,,,,,,,
USW00053922,"FAYETTEVILLE SPRINGDALE NW AR REGL AIRPORT, AR US",36.28975,-94.31152,389.6,1/7/2021,9.84,",,W",,,0.16,",,W",,,,,,,39,",,W",33,",,W",30,",,W",50,",,W",15,",,W",21.9,",,W",1,",,W",,,,,,,,,,,,
USW00053922,"FAYETTEVILLE SPRINGDALE NW AR REGL AIRPORT, AR US",36.28975,-94.31152,389.6,1/8/2021,9.84,",,W",,,0,",,W",0,",,W",,,,,39,",,W",28,",,W",360,",,W",10,",,W",15,",,W",23,",,W",,,,,,,,,,,,,,
USW00053922,"FAYETTEVILLE SPRINGDALE NW AR REGL AIRPORT, AR US",36.28975,-94.31152,389.6,1/9/2021,4.92,",,W",,,0,",,W",0,",,W",,,,,41,",,W",22,",,W",20,",,W",350,",,W",15,",,W",19,",,W",,,,,,,,,,,,,,
USW00053922,"FAYETTEVILLE SPRINGDALE NW AR REGL AIRPORT, AR US",36.28975,-94.31152,389.6,1/10/2021,4.92,",,W",,,0,",,W",0,",,W",,,,,35,",,W",21,",,W",20,",,W",20,",,W",14.1,",,W",17,",,W",,,,,,,,,,,,,,
USW00053922,"FAYETTEVILLE SPRINGDALE NW AR REGL AIRPORT, AR US",36.28975,-94.31152,389.6,1/11/2021,5.14,",,W",,,0,",,W",0,",,W",,,,,37,",,W",23,",,W",10,",,W",40,",,W",13,",,W",17,",,W",,,,,,,,,,,,,,
USW00053922,"FAYETTEVILLE SPRINGDALE NW AR REGL AIRPORT, AR US",36.28975,-94.31152,389.6,1/12/2021,7.61,",,W",,,0,",,W",0,",,W",,,,,49,",,W",20,",,W",240,",,W",230,",,W",15,",,W",19.9,",,W",,,,,,,,,,,,,,
USW00053922,"FAYETTEVILLE SPRINGDALE NW AR REGL AIRPORT, AR US",36.28975,-94.31152,389.6,1/13/2021,8.72,",,W",,,0,",,W",0,",,W",,,,,52,",,W",23,",,W",200,",,W",220,",,W",19.9,",,W",28,",,W",,,,,,,,,,,,,,
USW00053922,"FAYETTEVILLE SPRINGDALE NW AR REGL AIRPORT, AR US",36.28975,-94.31152,389.6,1/14/2021,12.53,",,W",,,0,",,W",0,",,W",,,,,52,",,W",33,",,W",330,",,W",330,",,W",33.1,",,W",46.1,",,W",,,,,,,,,,,,,,
USW00053922,"FAYETTEVILLE SPRINGDALE NW AR REGL AIRPORT, AR US",36.28975,-94.31152,389.6,1/15/2021,16.78,",,W",,,0,"T,,W",,,,,,,40,",,W",32,",,W",290,",,W",310,",,W",28,",,W",40,",,W",,,,,,,,,,,,,,
USW00053922,"FAYETTEVILLE SPRINGDALE NW AR REGL AIRPORT, AR US",36.28975,-94.31152,389.6,1/16/2021,8.5,",,W",,,0,"T,,W",,,,,,,43,",,W",30,",,W",240,",,W",280,",,W",17,",,W",23.9,",,W",,,,,,,,,,,,,,
USW00053922,"FAYETTEVILLE SPRINGDALE NW AR REGL AIRPORT, AR US",36.28975,-94.31152,389.6,1/17/2021,8.05,",,W",,,0,"T,,W",,,,,,,49,",,W",24,",,W",270,",,W",250,",,W",21.9,",,W",29.1,",,W",,,,,,,,,,,,,,
USW00053922,"FAYETTEVILLE SPRINGDALE NW AR REGL AIRPORT, AR US",36.28975,-94.31152,389.6,1/18/2021,7.61,",,W",,,0,",,W",0,",,W",,,,,55,",,W",26,",,W",200,",,W",230,",,W",19.9,",,W",30,",,W",,,,,,,,,,,,,,
USW00053922,"FAYETTEVILLE SPRINGDALE NW AR REGL AIRPORT, AR US",36.28975,-94.31152,389.6,1/19/2021,6.71,",,W",,,0,",,W",0,",,W",,,,,49,",,W",28,",,W",310,",,W",330,",,W",14.1,",,W",19.9,",,W",,,,,,,,,,,,,,
USW00053922,"FAYETTEVILLE SPRINGDALE NW AR REGL AIRPORT, AR US",36.28975,-94.31152,389.6,1/20/2021,8.05,",,W",,,0.02,",,W",0,",,W",,,,,48,",,W",24,",,W",200,",,W",200,",,W",21.9,",,W",32,",,W",1,",,W",,,,,,,,,,,,
USW00053922,"FAYETTEVILLE SPRINGDALE NW AR REGL AIRPORT, AR US",36.28975,-94.31152,389.6,1/21/2021,2.91,",,W",,,0,",,W",0,",,W",,,,,53,",,W",37,",,W",220,",,W",230,",,W",12.1,",,W",18.1,",,W",1,",,W",,,,,,,,,,,,
USW00053922,"FAYETTEVILLE SPRINGDALE NW AR REGL AIRPORT, AR US",36.28975,-94.31152,389.6,1/22/2021,9.62,",,W",,,0,",,W",0,",,W",,,,,51,",,W",32,",,W",70,",,W",70,",,W",19.9,",,W",23.9,",,W",,,,,,,,,,,,,,
USW00053922,"FAYETTEVILLE SPRINGDALE NW AR REGL AIRPORT, AR US",36.28975,-94.31152,389.6,1/23/2021,9.4,",,W",,,0.01,",,W",0,",,W",,,,,45,",,W",29,",,W",160,",,W",160,",,W",16.1,",,W",19.9,",,W",,,,,,,,,,,,,,
USW00053922,"FAYETTEVILLE SPRINGDALE NW AR REGL AIRPORT, AR US",36.28975,-94.31152,389.6,1/24/2021,6.26,",,W",,,0.1,",,W",0,",,W",,,,,51,",,W",40,",,W",350,",,W",70,",,W",14.1,",,W",19.9,",,W",1,",,W",,,1,",,W",,,,,,,1,",,W"
USW00053922,"FAYETTEVILLE SPRINGDALE NW AR REGL AIRPORT, AR US",36.28975,-94.31152,389.6,1/25/2021,10.29,",,W",,,1.65,",,W",,,,,,,59,",,W",40,",,W",310,",,W",300,",,W",23.9,",,W",36,",,W",1,",,W",,,1,",,W",,,,,,,,
USW00053922,"FAYETTEVILLE SPRINGDALE NW AR REGL AIRPORT, AR US",36.28975,-94.31152,389.6,1/26/2021,8.28,",,W",,,0,",,W",0,",,W",,,,,41,",,W",32,",,W",260,",,W",260,",,W",17,",,W",23,",,W",,,,,,,,,,,,,,
USW00053922,"FAYETTEVILLE SPRINGDALE NW AR REGL AIRPORT, AR US",36.28975,-94.31152,389.6,1/27/2021,8.95,",,W",,,0.01,",,W",,,,,,,34,",,W",29,",,W",350,",,W",320,",,W",16.1,",,W",21.9,",,W",1,",,W",,,,,,,,,,,,
USW00053922,"FAYETTEVILLE SPRINGDALE NW AR REGL AIRPORT, AR US",36.28975,-94.31152,389.6,1/28/2021,6.49,",,W",,,0,",,W",0,",,W",,,,,45,",,W",28,",,W",150,",,W",160,",,W",12.1,",,W",16.1,",,W",,,,,,,,,,,,,,
USW00053922,"FAYETTEVILLE SPRINGDALE NW AR REGL AIRPORT, AR US",36.28975,-94.31152,389.6,1/29/2021,11.18,",,W",,,0,",,W",0,",,W",,,,,53,",,W",28,",,W",180,",,W",170,",,W",19.9,",,W",25.1,",,W",,,,,,,,,,,,,,
USW00053922,"FAYETTEVILLE SPRINGDALE NW AR REGL AIRPORT, AR US",36.28975,-94.31152,389.6,1/30/2021,13.65,",,W",,,0.36,",,W",0,",,W",,,,,59,",,W",41,",,W",250,",,W",250,",,W",28,",,W",40.9,",,W",1,",,W",,,,,,,,,,,,
USW00053922,"FAYETTEVILLE SPRINGDALE NW AR REGL AIRPORT, AR US",36.28975,-94.31152,389.6,1/31/2021,14.32,",,W",,,0,"T,,W",,,,,,,41,",,W",34,",,W",340,",,W",300,",,W",21,",,W",31.1,",,W",1,",,W",,,,,,,,,,,1,",,W"
USW00053922,"FAYETTEVILLE SPRINGDALE NW AR REGL AIRPORT, AR US",36.28975,-94.31152,389.6,2/1/2021,7.38,",,W",,,0,",,W",0,",,W",,,,,46,",,W",27,",,W",360,",,W",360,",,W",19.9,",,W",25.1,",,W",,,,,,,,,,,,,,
USW00053922,"FAYETTEVILLE SPRINGDALE NW AR REGL AIRPORT, AR US",36.28975,-94.31152,389.6,2/2/2021,2.68,",,W",,,0,",,W",0,",,W",,,,,56,",,W",26,",,W",120,",,W",80,",,W",8.1,",,W",13,",,W",1,",,W",,,,,,,,,,,1,",,W"
USW00053922,"FAYETTEVILLE SPRINGDALE NW AR REGL AIRPORT, AR US",36.28975,-94.31152,389.6,2/3/2021,9.4,",,W",,,0,",,W",0,",,W",,,,,59,",,W",28,",,W",180,",,W",180,",,W",19.9,",,W",28,",,W",,,,,,,,,,,,,,
USW00053922,"FAYETTEVILLE SPRINGDALE NW AR REGL AIRPORT, AR US",36.28975,-94.31152,389.6,2/4/2021,13.87,",,W",,,0,"T,,W",,,,,,,55,",,W",28,",,W",310,",,W",300,",,W",29.1,",,W",40.9,",,W",,,,,,,,,,,,,,
USW00053922,"FAYETTEVILLE SPRINGDALE NW AR REGL AIRPORT, AR US",36.28975,-94.31152,389.6,2/5/2021,6.49,",,W",,,0,",,W",0,",,W",,,,,51,",,W",22,",,W",260,",,W",270,",,W",19.9,",,W",27.1,",,W",,,,,,,,,,,,,,
USW00053922,"FAYETTEVILLE SPRINGDALE NW AR REGL AIRPORT, AR US",36.28975,-94.31152,389.6,2/6/2021,6.49,",,W",,,0.01,",,W",,,,,,,48,",,W",27,",,W",360,",,W",190,",,W",21.9,",,W",29.1,",,W",,,,,,,,,,,,,,
USW00053922,"FAYETTEVILLE SPRINGDALE NW AR REGL AIRPORT, AR US",36.28975,-94.31152,389.6,2/7/2021,7.83,",,W",,,0,",,W",0,",,W",,,,,36,",,W",26,",,W",170,",,W",130,",,W",13,",,W",16.1,",,W",1,",,W",,,,,,,,,,,,
USW00053922,"FAYETTEVILLE SPRINGDALE NW AR REGL AIRPORT, AR US",36.28975,-94.31152,389.6,2/8/2021,8.28,",,W",,,0,"T,,W",0,",,W",,,,,38,",,W",25,",,W",360,",,W",350,",,W",15,",,W",19,",,W",1,",,W",,,,,,,,,,,,
USW00053922,"FAYETTEVILLE SPRINGDALE NW AR REGL AIRPORT, AR US",36.28975,-94.31152,389.6,2/9/2021,9.84,",,W",,,0,"T,,W",,,,,,,28,",,W",21,",,W",10,",,W",360,",,W",15,",,W",19,",,W",1,",,W",,,,,,,,,,,1,",,W"
USW00053922,"FAYETTEVILLE SPRINGDALE NW AR REGL AIRPORT, AR US",36.28975,-94.31152,389.6,2/10/2021,10.07,",,W",,,0.01,",,W",0,",,W",,,,,28,",,W",19,",,W",20,",,W",350,",,W",16.1,",,W",19.9,",,W",1,",,W",,,,,,,,,1,",,W",,
USW00053922,"FAYETTEVILLE SPRINGDALE NW AR REGL AIRPORT, AR US",36.28975,-94.31152,389.6,2/11/2021,11.41,",,W",,,0,",,W",0,",,W",,,,,21,",,W",18,",,W",20,",,W",20,",,W",16.1,",,W",21,",,W",1,",,W",,,,,,,,,,,1,",,W"
USW00053922,"FAYETTEVILLE SPRINGDALE NW AR REGL AIRPORT, AR US",36.28975,-94.31152,389.6,2/12/2021,12.97,",,W",,,0,"T,,W",,,,,,,19,",,W",14,",,W",10,",,W",10,",,W",19.9,",,W",23.9,",,W",1,",,W",,,,,,,,,,,1,",,W"
USW00053922,"FAYETTEVILLE SPRINGDALE NW AR REGL AIRPORT, AR US",36.28975,-94.31152,389.6,2/13/2021,13.87,",,W",,,0,"T,,W",,,,,,,18,",,W",8,",,W",20,",,W",20,",,W",18.1,",,W",25.1,",,W",,,,,,,,,,,,,1,",,W"
USW00053922,"FAYETTEVILLE SPRINGDALE NW AR REGL AIRPORT, AR US",36.28975,-94.31152,389.6,2/14/2021,14.76,",,W",,,0.08,",,W",,,,,,,10,",,W",1,",,W",20,",,W",20,",,W",21.9,",,W",29.1,",,W",,,,,,,,,,,,,,
USW00053922,"FAYETTEVILLE SPRINGDALE NW AR REGL AIRPORT, AR US",36.28975,-94.31152,389.6,2/15/2021,12.3,",,W",,,0.11,",,W",,,,,,,4,",,W",-8,",,W",20,",,W",10,",,W",23,",,W",28,",,W",,,,,,,,,,,,,,
USW00053922,"FAYETTEVILLE SPRINGDALE NW AR REGL AIRPORT, AR US",36.28975,-94.31152,389.6,2/16/2021,3.13,",,W",,,0.03,",,W",,,,,,,19,",,W",-13,",,W",130,",,W",140,",,W",14.1,",,W",18.1,",,W",1,",,W",,,,,,,,,,,1,",,W"
USW00053922,"FAYETTEVILLE SPRINGDALE NW AR REGL AIRPORT, AR US",36.28975,-94.31152,389.6,2/17/2021,6.49,",,W",,,0.1,",,W",,,,,,,22,",,W",15,",,W",140,",,W",150,",,W",12.1,",,W",16.1,",,W",1,",,W",,,,,,,,,,,1,",,W"
USW00053922,"FAYETTEVILLE SPRINGDALE NW AR REGL AIRPORT, AR US",36.28975,-94.31152,389.6,2/18/2021,8.72,",,W",,,0,"T,,W",,,,,,,26,",,W",3,",,W",360,",,W",10,",,W",17,",,W",21,",,W",1,",,W",,,,,,,,,,,1,",,W"
USW00053922,"FAYETTEVILLE SPRINGDALE NW AR REGL AIRPORT, AR US",36.28975,-94.31152,389.6,2/19/2021,2.91,",,W",,,0,",,W",0,",,W",,,,,34,",,W",-4,",,W",250,",,W",250,",,W",10.1,",,W",12.1,",,W",1,",,W",,,,,,,,,,,1,",,W"
USW00053922,"FAYETTEVILLE SPRINGDALE NW AR REGL AIRPORT, AR US",36.28975,-94.31152,389.6,2/20/2021,7.38,",,W",,,0,",,W",0,",,W",,,,,44,",,W",10,",,W",180,",,W",160,",,W",16.1,",,W",23.9,",,W",1,",,W",,,,,,,,,,,1,",,W"
USW00053922,"FAYETTEVILLE SPRINGDALE NW AR REGL AIRPORT, AR US",36.28975,-94.31152,389.6,2/21/2021,12.08,",,W",,,0,"T,,W",0,",,W",,,,,46,",,W",34,",,W",180,",,W",180,",,W",23.9,",,W",33.1,",,W",,,,,,,,,,,,,,
USW00053922,"FAYETTEVILLE SPRINGDALE NW AR REGL AIRPORT, AR US",36.28975,-94.31152,389.6,2/22/2021,8.95,",,W",,,0,",,W",0,",,W",,,,,59,",,W",25,",,W",260,",,W",240,",,W",21.9,",,W",31.1,",,W",,,,,,,,,,,,,,
USW00053922,"FAYETTEVILLE SPRINGDALE NW AR REGL AIRPORT, AR US",36.28975,-94.31152,389.6,2/23/2021,10.74,",,W",,,0,",,W",0,",,W",,,,,72,",,W",38,",,W",180,",,W",180,",,W",23,",,W",31.1,",,W",,,,,,,,,,,,,,
USW00053922,"FAYETTEVILLE SPRINGDALE NW AR REGL AIRPORT, AR US",36.28975,-94.31152,389.6,2/24/2021,12.3,",,W",,,0,",,W",0,",,W",,,,,64,",,W",39,",,W",350,",,W",190,",,W",21,",,W",31.1,",,W",,,,,,,,,,,,,,
USW00053922,"FAYETTEVILLE SPRINGDALE NW AR REGL AIRPORT, AR US",36.28975,-94.31152,389.6,2/25/2021,9.62,",,W",,,0.01,",,W",0,",,W",,,,,53,",,W",31,",,W",60,",,W",60,",,W",18.1,",,W",25.1,",,W",,,,,,,,,,,,,,
USW00053922,"FAYETTEVILLE SPRINGDALE NW AR REGL AIRPORT, AR US",36.28975,-94.31152,389.6,2/26/2021,6.49,",,W",,,0.12,",,W",0,",,W",,,,,47,",,W",38,",,W",120,",,W",120,",,W",17,",,W",23,",,W",1,",,W",,,,,,,,,,,1,",,W"
USW00053922,"FAYETTEVILLE SPRINGDALE NW AR REGL AIRPORT, AR US",36.28975,-94.31152,389.6,2/27/2021,6.71,",,W",,,0.23,",,W",0,",,W",,,,,58,",,W",33,",,W",140,",,W",180,",,W",17,",,W",21.9,",,W",1,",,W",1,",,W",1,",,W",,,,,,,1,",,W"
USW00053922,"FAYETTEVILLE SPRINGDALE NW AR REGL AIRPORT, AR US",36.28975,-94.31152,389.6,2/28/2021,11.63,",,W",,,0,"T,,W",0,",,W",,,,,67,",,W",41,",,W",350,",,W",210,",,W",19.9,",,W",27.1,",,W",1,",,W",,,,,,,,,,,,
USW00053922,"FAYETTEVILLE SPRINGDALE NW AR REGL AIRPORT, AR US",36.28975,-94.31152,389.6,3/1/2021,6.93,",,W",,,0,",,W",0,",,W",,,,,58,",,W",30,",,W",20,",,W",20,",,W",17,",,W",23,",,W",,,,,,,,,,,,,,
USW00053922,"FAYETTEVILLE SPRINGDALE NW AR REGL AIRPORT, AR US",36.28975,-94.31152,389.6,3/2/2021,4.7,",,W",,,0,",,W",0,",,W",,,,,58,",,W",26,",,W",200,",,W",270,",,W",16.1,",,W",23.9,",,W",,,,,,,,,,,,,,
USW00053922,"FAYETTEVILLE SPRINGDALE NW AR REGL AIRPORT, AR US",36.28975,-94.31152,389.6,3/3/2021,6.71,",,W",,,0,",,W",0,",,W",,,,,66,",,W",33,",,W",220,",,W",220,",,W",17,",,W",23,",,W",,,,,,,,,,,,,,
USW00053922,"FAYETTEVILLE SPRINGDALE NW AR REGL AIRPORT, AR US",36.28975,-94.31152,389.6,3/4/2021,4.25,",,W",,,0,",,W",0,",,W",,,,,71,",,W",33,",,W",140,",,W",170,",,W",15,",,W",23,",,W",,,,,,,,,,,,,1,",,W"
USW00053922,"FAYETTEVILLE SPRINGDALE NW AR REGL AIRPORT, AR US",36.28975,-94.31152,389.6,3/5/2021,8.72,",,W",,,0.13,",,W",0,",,W",,,,,56,",,W",35,",,W",60,",,W",80,",,W",15,",,W",21.9,",,W",,,,,,,,,,,,,1,",,W"
USW00053922,"FAYETTEVILLE SPRINGDALE NW AR REGL AIRPORT, AR US",36.28975,-94.31152,389.6,3/6/2021,2.46,",,W",,,0,",,W",0,",,W",,,,,61,",,W",29,",,W",200,",,W",230,",,W",8.1,",,W",11,",,W",,,,,,,,,,,,,,
USW00053922,"FAYETTEVILLE SPRINGDALE NW AR REGL AIRPORT, AR US",36.28975,-94.31152,389.6,3/7/2021,6.71,",,W",,,0,",,W",0,",,W",,,,,65,",,W",32,",,W",190,",,W",180,",,W",19.9,",,W",27.1,",,W",,,,,,,,,,,,,1,",,W"
USW00053922,"FAYETTEVILLE SPRINGDALE NW AR REGL AIRPORT, AR US",36.28975,-94.31152,389.6,3/8/2021,9.4,",,W",,,0,",,W",0,",,W",,,,,66,",,W",34,",,W",170,",,W",200,",,W",19.9,",,W",27.1,",,W",,,,,,,,,,,,,1,",,W"
USW00053922,"FAYETTEVILLE SPRINGDALE NW AR REGL AIRPORT, AR US",36.28975,-94.31152,389.6,3/9/2021,16.11,",,W",,,0,",,W",0,",,W",,,,,69,",,W",51,",,W",190,",,W",180,",,W",31.1,",,W",44.1,",,W",,,,,,,,,,,,,,
USW00053922,"FAYETTEVILLE SPRINGDALE NW AR REGL AIRPORT, AR US",36.28975,-94.31152,389.6,3/10/2021,19.69,",,W",,,0,",,W",0,",,W",,,,,69,",,W",60,",,W",200,",,W",170,",,W",33.1,",,W",49,",,W",,,,,,,,,,,,,,
USW00053922,"FAYETTEVILLE SPRINGDALE NW AR REGL AIRPORT, AR US",36.28975,-94.31152,389.6,3/11/2021,11.41,",,W",,,0.11,",,W",0,",,W",,,,,70,",,W",52,",,W",190,",,W",190,",,W",25.1,",,W",36,",,W",1,",,W",,,1,",,W",,,,,,,,
USW00053922,"FAYETTEVILLE SPRINGDALE NW AR REGL AIRPORT, AR US",36.28975,-94.31152,389.6,3/12/2021,6.93,",,W",,,0.5,",,W",0,",,W",,,,,66,",,W",50,",,W",70,",,W",80,",,W",16.1,",,W",23.9,",,W",1,",,W",,,1,",,W",,,,,,,,
USW00053922,"FAYETTEVILLE SPRINGDALE NW AR REGL AIRPORT, AR US",36.28975,-94.31152,389.6,3/13/2021,10.51,",,W",,,0.82,",,W",0,",,W",,,,,68,",,W",48,",,W",130,",,W",140,",,W",19.9,",,W",25.1,",,W",1,",,W",,,1,",,W",,,,,,,,
USW00053922,"FAYETTEVILLE SPRINGDALE NW AR REGL AIRPORT, AR US",36.28975,-94.31152,389.6,3/14/2021,9.17,",,W",,,0.96,",,W",0,",,W",,,,,65,",,W",44,",,W",130,",,W",140,",,W",21.9,",,W",27.1,",,W",1,",,W",,,1,",,W",,,,,,,,
USW00053922,"FAYETTEVILLE SPRINGDALE NW AR REGL AIRPORT, AR US",36.28975,-94.31152,389.6,3/15/2021,9.4,",,W",,,0,"T,,W",0,",,W",,,,,68,",,W",41,",,W",240,",,W",220,",,W",28,",,W",40.9,",,W",1,",,W",,,,,,,,,,,,
USW00053922,"FAYETTEVILLE SPRINGDALE NW AR REGL AIRPORT, AR US",36.28975,-94.31152,389.6,3/16/2021,7.61,",,W",,,0,",,W",0,",,W",,,,,74,",,W",38,",,W",160,",,W",160,",,W",18.1,",,W",21,",,W",,,,,,,,,,,,,,
USW00053922,"FAYETTEVILLE SPRINGDALE NW AR REGL AIRPORT, AR US",36.28975,-94.31152,389.6,3/17/2021,11.63,",,W",,,0.76,",,W",0,",,W",,,,,73,",,W",39,",,W",200,",,W",190,",,W",25.9,",,W",38,",,W",1,",,W",,,1,",,W",,,1,",,W",,,,
USW00053922,"FAYETTEVILLE SPRINGDALE NW AR REGL AIRPORT, AR US",36.28975,-94.31152,389.6,3/18/2021,15.21,",,W",,,0.02,",,W",0,",,W",,,,,43,",,W",34,",,W",320,",,W",310,",,W",23,",,W",35.1,",,W",1,",,W",,,,,,,,,,,,
USW00053922,"FAYETTEVILLE SPRINGDALE NW AR REGL AIRPORT, AR US",36.28975,-94.31152,389.6,3/19/2021,10.07,",,W",,,0,",,W",0,",,W",,,,,61,",,W",37,",,W",30,",,W",10,",,W",21,",,W",32,",,W",,,,,,,,,,,,,,
USW00053922,"FAYETTEVILLE SPRINGDALE NW AR REGL AIRPORT, AR US",36.28975,-94.31152,389.6,3/20/2021,6.93,",,W",,,0,",,W",0,",,W",,,,,63,",,W",35,",,W",140,",,W",140,",,W",14.1,",,W",19,",,W",,,,,,,,,,,,,1,",,W"
USW00053922,"FAYETTEVILLE SPRINGDALE NW AR REGL AIRPORT, AR US",36.28975,-94.31152,389.6,3/21/2021,12.53,",,W",,,0,",,W",,,,,,,67,",,W",38,",,W",160,",,W",170,",,W",23.9,",,W",33.1,",,W",,,,,,,,,,,,,1,",,W"
USW00053922,"FAYETTEVILLE SPRINGDALE NW AR REGL AIRPORT, AR US",36.28975,-94.31152,389.6,3/22/2021,12.3,",,W",,,0.21,",,W",0,",,W",,,,,62,",,W",46,",,W",170,",,W",170,",,W",25.9,",,W",34,",,W",,,,,,,,,,,,,1,",,W"
USW00053922,"FAYETTEVILLE SPRINGDALE NW AR REGL AIRPORT, AR US",36.28975,-94.31152,389.6,3/23/2021,14.32,",,W",,,0.24,",,W",0,",,W",,,,,55,",,W",51,",,W",190,",,W",190,",,W",21,",,W",36.9,",,W",1,",,W",,,,,,,,,,,1,",,W"
USW00053922,"FAYETTEVILLE SPRINGDALE NW AR REGL AIRPORT, AR US",36.28975,-94.31152,389.6,3/24/2021,7.38,",,W",,,0.06,",,W",0,",,W",,,,,62,",,W",39,",,W",350,",,W",280,",,W",15,",,W",19.9,",,W",1,",,W",,,,,,,,,,,,
USW00053922,"FAYETTEVILLE SPRINGDALE NW AR REGL AIRPORT, AR US",36.28975,-94.31152,389.6,3/25/2021,7.38,",,W",,,0.84,",,W",0,",,W",,,,,54,",,W",37,",,W",70,",,W",70,",,W",21.9,",,W",30,",,W",1,",,W",1,",,W",,,,,,,,,,
USW00053922,"FAYETTEVILLE SPRINGDALE NW AR REGL AIRPORT, AR US",36.28975,-94.31152,389.6,3/26/2021,6.93,",,W",,,0,",,W",0,",,W",,,,,71,",,W",34,",,W",160,",,W",190,",,W",18.1,",,W",21.9,",,W",1,",,W",1,",,W",,,,,,,,,,
USW00053922,"FAYETTEVILLE SPRINGDALE NW AR REGL AIRPORT, AR US",36.28975,-94.31152,389.6,3/27/2021,10.74,",,W",,,0.1,",,W",0,",,W",,,,,79,",,W",47,",,W",340,",,W",330,",,W",23.9,",,W",33.1,",,W",,,,,1,",,W",,,,,,,,
USW00053922,"FAYETTEVILLE SPRINGDALE NW AR REGL AIRPORT, AR US",36.28975,-94.31152,389.6,3/28/2021,8.95,",,W",,,0,",,W",0,",,W",,,,,61,",,W",40,",,W",360,",,W",360,",,W",19.9,",,W",27.1,",,W",,,,,,,,,,,,,,
USW00053922,"FAYETTEVILLE SPRINGDALE NW AR REGL AIRPORT, AR US",36.28975,-94.31152,389.6,3/29/2021,13.65,",,W",,,0,",,W",0,",,W",,,,,70,",,W",39,",,W",170,",,W",160,",,W",21.9,",,W",33.1,",,W",,,,,,,,,,,,,,
USW00053922,"FAYETTEVILLE SPRINGDALE NW AR REGL AIRPORT, AR US",36.28975,-94.31152,389.6,3/30/2021,14.54,",,W",,,0,"T,,W",0,",,W",,,,,70,",,W",51,",,W",190,",,W",180,",,W",25.9,",,W",36.9,",,W",,,,,,,,,,,,,,
USW00053922,"FAYETTEVILLE SPRINGDALE NW AR REGL AIRPORT, AR US",36.28975,-94.31152,389.6,3/31/2021,12.3,",,W",,,0,"T,,W",0,",,W",,,,,59,",,W",39,",,W",360,",,W",340,",,W",23,",,W",33.1,",,W",,,,,,,,,,,,,,
USW00053922,"FAYETTEVILLE SPRINGDALE NW AR REGL AIRPORT, AR US",36.28975,-94.31152,389.6,4/1/2021,6.26,",,W",,,0,",,W",0,",,W",,,,,57,",,W",29,",,W",360,",,W",330,",,W",18.1,",,W",27.1,",,W",,,,,,,,,,,,,,
USW00053922,"FAYETTEVILLE SPRINGDALE NW AR REGL AIRPORT, AR US",36.28975,-94.31152,389.6,4/2/2021,9.62,",,W",,,0,",,W",0,",,W",,,,,64,",,W",33,",,W",190,",,W",180,",,W",17,",,W",21.9,",,W",,,,,,,,,,,,,,
USW00053922,"FAYETTEVILLE SPRINGDALE NW AR REGL AIRPORT, AR US",36.28975,-94.31152,389.6,4/3/2021,9.17,",,W",,,0,",,W",0,",,W",,,,,68,",,W",41,",,W",190,",,W",160,",,W",17,",,W",23.9,",,W",,,,,,,,,,,,,,
USW00053922,"FAYETTEVILLE SPRINGDALE NW AR REGL AIRPORT, AR US",36.28975,-94.31152,389.6,4/4/2021,6.71,",,W",,,0,",,W",0,",,W",,,,,73,",,W",44,",,W",190,",,W",190,",,W",15,",,W",19.9,",,W",,,,,,,,,,,,,,
USW00053922,"FAYETTEVILLE SPRINGDALE NW AR REGL AIRPORT, AR US",36.28975,-94.31152,389.6,4/5/2021,9.62,",,W",,,0,",,W",0,",,W",,,,,75,",,W",49,",,W",180,",,W",190,",,W",19.9,",,W",29.1,",,W",,,,,,,,,,,,,,
USW00053922,"FAYETTEVILLE SPRINGDALE NW AR REGL AIRPORT, AR US",36.28975,-94.31152,389.6,4/6/2021,14.99,",,W",,,0,"T,,W",0,",,W",,,,,73,",,W",57,",,W",160,",,W",190,",,W",23.9,",,W",38,",,W",,,,,,,,,,,,,,
USW00053922,"FAYETTEVILLE SPRINGDALE NW AR REGL AIRPORT, AR US",36.28975,-94.31152,389.6,4/7/2021,16.78,",,W",,,0,",,W",0,",,W",,,,,66,",,W",48,",,W",180,",,W",180,",,W",21.9,",,W",33.1,",,W",,,,,,,,,,,,,,
USW00053922,"FAYETTEVILLE SPRINGDALE NW AR REGL AIRPORT, AR US",36.28975,-94.31152,389.6,4/8/2021,13.87,",,W",,,0,",,W",0,",,W",,,,,71,",,W",45,",,W",260,",,W",260,",,W",28,",,W",40.9,",,W",,,,,,,,,,,,,,
USW00053922,"FAYETTEVILLE SPRINGDALE NW AR REGL AIRPORT, AR US",36.28975,-94.31152,389.6,4/9/2021,10.29,",,W",,,0.42,",,W",0,",,W",,,,,81,",,W",53,",,W",300,",,W",310,",,W",33.1,",,W",52.1,",,W",1,",,W",,,1,",,W",,,,,,,,
USW00053922,"FAYETTEVILLE SPRINGDALE NW AR REGL AIRPORT, AR US",36.28975,-94.31152,389.6,4/10/2021,10.96,",,W",,,0,",,W",0,",,W",,,,,59,",,W",43,",,W",260,",,W",260,",,W",21,",,W",27.1,",,W",1,",,W",,,,,,,,,,,,
USW00053922,"FAYETTEVILLE SPRINGDALE NW AR REGL AIRPORT, AR US",36.28975,-94.31152,389.6,4/11/2021,7.61,",,W",,,0,",,W",0,",,W",,,,,76,",,W",39,",,W",220,",,W",240,",,W",17,",,W",23.9,",,W",,,,,,,,,,,,,,
USW00053922,"FAYETTEVILLE SPRINGDALE NW AR REGL AIRPORT, AR US",36.28975,-94.31152,389.6,4/12/2021,10.07,",,W",,,0.09,",,W",0,",,W",,,,,72,",,W",47,",,W",10,",,W",10,",,W",19.9,",,W",25.9,",,W",,,,,1,",,W",,,,,,,,
USW00053922,"FAYETTEVILLE SPRINGDALE NW AR REGL AIRPORT, AR US",36.28975,-94.31152,389.6,4/13/2021,12.08,",,W",,,0.27,",,W",0,",,W",,,,,66,",,W",48,",,W",60,",,W",50,",,W",21,",,W",29.1,",,W",1,",,W",,,1,",,W",,,,,,,,
USW00053922,"FAYETTEVILLE SPRINGDALE NW AR REGL AIRPORT, AR US",36.28975,-94.31152,389.6,4/14/2021,8.05,",,W",,,0.54,",,W",0,",,W",,,,,65,",,W",47,",,W",30,",,W",50,",,W",15,",,W",19.9,",,W",1,",,W",,,,,,,,,,,,
USW00053922,"FAYETTEVILLE SPRINGDALE NW AR REGL AIRPORT, AR US",36.28975,-94.31152,389.6,4/15/2021,7.16,",,W",,,0,"T,,W",0,",,W",,,,,62,",,W",46,",,W",30,",,W",60,",,W",14.1,",,W",25.9,",,W",,,,,,,,,,,,,,
USW00053922,"FAYETTEVILLE SPRINGDALE NW AR REGL AIRPORT, AR US",36.28975,-94.31152,389.6,4/16/2021,5.59,",,W",,,0.16,",,W",0,",,W",,,,,53,",,W",47,",,W",120,",,W",70,",,W",15,",,W",19.9,",,W",1,",,W",,,,,,,,,,,,
USW00053922,"FAYETTEVILLE SPRINGDALE NW AR REGL AIRPORT, AR US",36.28975,-94.31152,389.6,4/17/2021,7.16,",,W",,,0.07,",,W",0,",,W",,,,,51,",,W",42,",,W",340,",,W",340,",,W",16.1,",,W",21,",,W",1,",,W",,,,,,,,,,,,
USW00053922,"FAYETTEVILLE SPRINGDALE NW AR REGL AIRPORT, AR US",36.28975,-94.31152,389.6,4/18/2021,6.04,",,W",,,0,",,W",0,",,W",,,,,61,",,W",38,",,W",300,",,W",300,",,W",17,",,W",25.1,",,W",,,,,,,,,,,,,,
USW00053922,"FAYETTEVILLE SPRINGDALE NW AR REGL AIRPORT, AR US",36.28975,-94.31152,389.6,4/19/2021,6.04,",,W",,,0,",,W",0,",,W",,,,,70,",,W",35,",,W",220,",,W",240,",,W",15,",,W",21.9,",,W",,,,,,,,,,,,,,
USW00053922,"FAYETTEVILLE SPRINGDALE NW AR REGL AIRPORT, AR US",36.28975,-94.31152,389.6,4/20/2021,10.74,",,W",,,0.18,",,W",0,",,W",,,,,49,",,W",28,",,W",360,",,W",360,",,W",21.9,",,W",29.1,",,W",1,",,W",1,",,W",,,,,,,,,,
USW00053922,"FAYETTEVILLE SPRINGDALE NW AR REGL AIRPORT, AR US",36.28975,-94.31152,389.6,4/21/2021,6.71,",,W",,,0,",,W",0,",,W",,,,,56,",,W",26,",,W",310,",,W",320,",,W",16.1,",,W",25.1,",,W",,,,,,,,,,,,,,
USW00053922,"FAYETTEVILLE SPRINGDALE NW AR REGL AIRPORT, AR US",36.28975,-94.31152,389.6,4/22/2021,5.37,",,W",,,0,"T,,W",0,",,W",,,,,62,",,W",31,",,W",180,",,W",180,",,W",16.1,",,W",23.9,",,W",,,,,,,,,,,,,,
USW00053922,"FAYETTEVILLE SPRINGDALE NW AR REGL AIRPORT, AR US",36.28975,-94.31152,389.6,4/23/2021,9.17,",,W",,,0.53,",,W",0,",,W",,,,,68,",,W",47,",,W",150,",,W",160,",,W",23,",,W",29.1,",,W",1,",,W",,,1,",,W",,,,,,,,
USW00053922,"FAYETTEVILLE SPRINGDALE NW AR REGL AIRPORT, AR US",36.28975,-94.31152,389.6,4/24/2021,8.05,",,W",,,0.6,",,W",0,",,W",,,,,66,",,W",46,",,W",10,",,W",360,",,W",21,",,W",29.1,",,W",1,",,W",,,,,,,,,,,,
USW00053922,"FAYETTEVILLE SPRINGDALE NW AR REGL AIRPORT, AR US",36.28975,-94.31152,389.6,4/25/2021,9.84,",,W",,,0,",,W",0,",,W",,,,,74,",,W",39,",,W",160,",,W",160,",,W",23,",,W",30,",,W",1,",,W",,,,,,,,,,,,
USW00053922,"FAYETTEVILLE SPRINGDALE NW AR REGL AIRPORT, AR US",36.28975,-94.31152,389.6,4/26/2021,15.43,",,W",,,0,",,W",0,",,W",,,,,83,",,W",59,",,W",180,",,W",200,",,W",25.1,",,W",36,",,W",,,,,,,,,,,,,,
USW00053922,"FAYETTEVILLE SPRINGDALE NW AR REGL AIRPORT, AR US",36.28975,-94.31152,389.6,4/27/2021,12.3,",,W",,,0,"T,,W",0,",,W",,,,,74,",,W",64,",,W",190,",,W",200,",,W",23.9,",,W",32,",,W",1,",,W",,,,,,,,,,,,
USW00053922,"FAYETTEVILLE SPRINGDALE NW AR REGL AIRPORT, AR US",36.28975,-94.31152,389.6,4/28/2021,7.61,",,W",,,5.2,",,W",0,",,W",,,,,71,",,W",64,",,W",190,",,W",180,",,W",19.9,",,W",29.1,",,W",1,",,W",,,1,",,W",,,,,,,,
USW00053922,"FAYETTEVILLE SPRINGDALE NW AR REGL AIRPORT, AR US",36.28975,-94.31152,389.6,4/29/2021,8.95,",,W",,,0,",,W",0,",,W",,,,,74,",,W",52,",,W",350,",,W",330,",,W",18.1,",,W",23.9,",,W",1,",,W",,,,,,,,,,,,
USW00053922,"FAYETTEVILLE SPRINGDALE NW AR REGL AIRPORT, AR US",36.28975,-94.31152,389.6,4/30/2021,1.79,",,W",,,0,",,W",0,",,W",,,,,80,",,W",46,",,W",200,",,W",210,",,W",8.9,",,W",12.1,",,W",,,,,,,,,,,,,,
USW00053922,"FAYETTEVILLE SPRINGDALE NW AR REGL AIRPORT, AR US",36.28975,-94.31152,389.6,5/1/2021,7.61,",,W",,,0,",,W",0,",,W",,,,,77,",,W",50,",,W",180,",,W",190,",,W",18.1,",,W",25.9,",,W",,,,,,,,,,,,,,
USW00053922,"FAYETTEVILLE SPRINGDALE NW AR REGL AIRPORT, AR US",36.28975,-94.31152,389.6,5/2/2021,7.38,",,W",,,0.07,",,W",0,",,W",,,,,71,",,W",57,",,W",170,",,W",170,",,W",18.1,",,W",23.9,",,W",1,",,W",,,,,,,,,,,,
USW00053922,"FAYETTEVILLE SPRINGDALE NW AR REGL AIRPORT, AR US",36.28975,-94.31152,389.6,5/3/2021,7.16,",,W",,,0.5,",,W",0,",,W",,,,,78,",,W",52,",,W",220,",,W",230,",,W",23,",,W",36,",,W",1,",,W",1,",,W",1,",,W",,,,,,,1,",,W"
USW00053922,"FAYETTEVILLE SPRINGDALE NW AR REGL AIRPORT, AR US",36.28975,-94.31152,389.6,5/4/2021,9.62,",,W",,,0.59,",,W",0,",,W",,,,,62,",,W",43,",,W",350,",,W",350,",,W",25.1,",,W",34,",,W",1,",,W",,,,,,,,,,,,
USW00053922,"FAYETTEVILLE SPRINGDALE NW AR REGL AIRPORT, AR US",36.28975,-94.31152,389.6,5/5/2021,3.13,",,W",,,0,",,W",0,",,W",,,,,71,",,W",37,",,W",40,",,W",70,",,W",12.1,",,W",19.9,",,W",1,",,W",,,,,,,,,,,,
USW00053922,"FAYETTEVILLE SPRINGDALE NW AR REGL AIRPORT, AR US",36.28975,-94.31152,389.6,5/6/2021,7.83,",,W",,,0,",,W",0,",,W",,,,,72,",,W",47,",,W",310,",,W",290,",,W",21,",,W",30,",,W",,,,,,,,,,,,,,
USW00053922,"FAYETTEVILLE SPRINGDALE NW AR REGL AIRPORT, AR US",36.28975,-94.31152,389.6,5/7/2021,5.14,",,W",,,0.11,",,W",0,",,W",,,,,63,",,W",41,",,W",160,",,W",170,",,W",12.1,",,W",15,",,W",,,,,1,",,W",,,,,,,,
USW00053922,"FAYETTEVILLE SPRINGDALE NW AR REGL AIRPORT, AR US",36.28975,-94.31152,389.6,5/8/2021,14.76,",,W",,,0,"T,,W",0,",,W",,,,,81,",,W",53,",,W",180,",,W",200,",,W",30,",,W",44.1,",,W",,,,,,,,,,,,,,
USW00053922,"FAYETTEVILLE SPRINGDALE NW AR REGL AIRPORT, AR US",36.28975,-94.31152,389.6,5/9/2021,14.32,",,W",,,0,"T,,W",0,",,W",,,,,74,",,W",51,",,W",270,",,W",200,",,W",23.9,",,W",33.1,",,W",1,",,W",,,,,,,,,,,,
USW00053922,"FAYETTEVILLE SPRINGDALE NW AR REGL AIRPORT, AR US",36.28975,-94.31152,389.6,5/10/2021,8.28,",,W",,,0,",,W",0,",,W",,,,,64,",,W",48,",,W",60,",,W",70,",,W",15,",,W",25.1,",,W",,,,,,,,,,,,,,
USW00053922,"FAYETTEVILLE SPRINGDALE NW AR REGL AIRPORT, AR US",36.28975,-94.31152,389.6,5/11/2021,8.5,",,W",,,0.48,",,W",0,",,W",,,,,60,",,W",47,",,W",70,",,W",60,",,W",19.9,",,W",31.1,",,W",1,",,W",,,1,",,W",,,,,,,,
USW00053922,"FAYETTEVILLE SPRINGDALE NW AR REGL AIRPORT, AR US",36.28975,-94.31152,389.6,5/12/2021,7.61,",,W",,,0,",,W",0,",,W",,,,,69,",,W",47,",,W",60,",,W",70,",,W",16.1,",,W",28,",,W",,,,,,,,,,,,,,
USW00053922,"FAYETTEVILLE SPRINGDALE NW AR REGL AIRPORT, AR US",36.28975,-94.31152,389.6,5/13/2021,2.68,",,W",,,0,",,W",0,",,W",,,,,71,",,W",49,",,W",130,",,W",90,",,W",8.9,",,W",19.9,",,W",,,,,,,,,,,,,,
USW00053922,"FAYETTEVILLE SPRINGDALE NW AR REGL AIRPORT, AR US",36.28975,-94.31152,389.6,5/14/2021,5.82,",,W",,,0,",,W",0,",,W",,,,,72,",,W",45,",,W",120,",,W",120,",,W",17,",,W",23.9,",,W",,,,,,,,,,,,,,
USW00053922,"FAYETTEVILLE SPRINGDALE NW AR REGL AIRPORT, AR US",36.28975,-94.31152,389.6,5/15/2021,4.92,",,W",,,0.16,",,W",0,",,W",,,,,72,",,W",53,",,W",200,",,W",190,",,W",15,",,W",21,",,W",1,",,W",,,1,",,W",,,,,,,,
USW00053922,"FAYETTEVILLE SPRINGDALE NW AR REGL AIRPORT, AR US",36.28975,-94.31152,389.6,5/16/2021,7.83,",,W",,,0.01,",,W",0,",,W",,,,,76,",,W",53,",,W",160,",,W",120,",,W",17,",,W",27.1,",,W",1,",,W",,,,,,,,,,,,
USW00053922,"FAYETTEVILLE SPRINGDALE NW AR REGL AIRPORT, AR US",36.28975,-94.31152,389.6,5/17/2021,8.28,",,W",,,0.56,",,W",0,",,W",,,,,76,",,W",63,",,W",200,",,W",190,",,W",19.9,",,W",25.9,",,W",1,",,W",,,,,,,,,,,,
USW00053922,"FAYETTEVILLE SPRINGDALE NW AR REGL AIRPORT, AR US",36.28975,-94.31152,389.6,5/18/2021,7.83,",,W",,,0.09,",,W",0,",,W",,,,,79,",,W",57,",,W",170,",,W",160,",,W",17,",,W",23,",,W",1,",,W",1,",,W",,,,,,,,,,
USW00053922,"FAYETTEVILLE SPRINGDALE NW AR REGL AIRPORT, AR US",36.28975,-94.31152,389.6,5/19/2021,9.4,",,W",,,0.07,",,W",0,",,W",,,,,73,",,W",63,",,W",130,",,W",110,",,W",17,",,W",23.9,",,W",1,",,W",,,,,,,,,,,,
USW00053922,"FAYETTEVILLE SPRINGDALE NW AR REGL AIRPORT, AR US",36.28975,-94.31152,389.6,5/20/2021,10.29,",,W",,,0.08,",,W",0,",,W",,,,,73,",,W",66,",,W",140,",,W",140,",,W",18.1,",,W",25.9,",,W",1,",,W",,,,,,,,,,,,
USW00053922,"FAYETTEVILLE SPRINGDALE NW AR REGL AIRPORT, AR US",36.28975,-94.31152,389.6,5/21/2021,10.29,",,W",,,0.51,",,W",0,",,W",,,,,69,",,W",65,",,W",140,",,W",160,",,W",18.1,",,W",25.1,",,W",1,",,W",,,,,,,,,,,,
USW00053922,"FAYETTEVILLE SPRINGDALE NW AR REGL AIRPORT, AR US",36.28975,-94.31152,389.6,5/22/2021,7.61,",,W",,,0.09,",,W",0,",,W",,,,,80,",,W",64,",,W",160,",,W",160,",,W",23.9,",,W",32,",,W",1,",,W",,,,,,,,,,,,
USW00053922,"FAYETTEVILLE SPRINGDALE NW AR REGL AIRPORT, AR US",36.28975,-94.31152,389.6,5/23/2021,4.47,",,W",,,0,",,W",0,",,W",,,,,83,",,W",65,",,W",190,",,W",150,",,W",13,",,W",17,",,W",,,,,,,,,,,,,1,",,W"
USW00053922,"FAYETTEVILLE SPRINGDALE NW AR REGL AIRPORT, AR US",36.28975,-94.31152,389.6,5/24/2021,4.92,",,W",,,0,"T,,W",,,,,,,77,",,W",62,",,W",170,",,W",180,",,W",13,",,W",18.1,",,W",,,,,,,,,,,,,,
USW00053922,"FAYETTEVILLE SPRINGDALE NW AR REGL AIRPORT, AR US",36.28975,-94.31152,389.6,5/25/2021,6.93,",,W",,,0.36,",,W",,,,,,,73,",,W",65,",,W",190,",,W",190,",,W",15,",,W",19,",,W",1,",,W",,,,,,,,,,,,
USW00053922,"FAYETTEVILLE SPRINGDALE NW AR REGL AIRPORT, AR US",36.28975,-94.31152,389.6,5/26/2021,4.92,",,W",,,0,",,W",,,,,,,84,",,W",64,",,W",190,",,W",230,",,W",10.1,",,W",15,",,W",,,,,,,,,,,,,,
USW00053922,"FAYETTEVILLE SPRINGDALE NW AR REGL AIRPORT, AR US",36.28975,-94.31152,389.6,5/27/2021,9.4,",,W",,,1.06,",,W",0,",,W",,,,,83,",,W",64,",,W",150,",,W",290,",,W",30,",,W",42.9,",,W",1,",,W",,,1,",,W",,,,,,,,
USW00053922,"FAYETTEVILLE SPRINGDALE NW AR REGL AIRPORT, AR US",36.28975,-94.31152,389.6,5/28/2021,9.84,",,W",,,0.02,",,W",0,",,W",,,,,71,",,W",52,",,W",350,",,W",310,",,W",17,",,W",27.1,",,W",1,",,W",,,,,,,,,,,,
USW00053922,"FAYETTEVILLE SPRINGDALE NW AR REGL AIRPORT, AR US",36.28975,-94.31152,389.6,5/29/2021,10.07,",,W",,,0,",,W",0,",,W",,,,,65,",,W",51,",,W",40,",,W",80,",,W",15,",,W",25.1,",,W",,,,,,,,,,,,,,
USW00053922,"FAYETTEVILLE SPRINGDALE NW AR REGL AIRPORT, AR US",36.28975,-94.31152,389.6,5/30/2021,3.58,",,W",,,0,",,W",0,",,W",,,,,73,",,W",49,",,W",110,",,W",120,",,W",14.1,",,W",19,",,W",,,,,,,,,,,,,,
USW00053922,"FAYETTEVILLE SPRINGDALE NW AR REGL AIRPORT, AR US",36.28975,-94.31152,389.6,5/31/2021,6.49,",,W",,,0.38,",,W",0,",,W",,,,,69,",,W",51,",,W",160,",,W",160,",,W",16.1,",,W",21,",,W",1,",,W",,,,,,,,,,,,
USW00053922,"FAYETTEVILLE SPRINGDALE NW AR REGL AIRPORT, AR US",36.28975,-94.31152,389.6,6/1/2021,7.61,",,W",,,0.5,",,W",0,",,W",,,,,63,",,W",57,",,W",70,",,W",80,",,W",15,",,W",25.1,",,W",1,",,W",,,,,,,,,,,,
USW00053922,"FAYETTEVILLE SPRINGDALE NW AR REGL AIRPORT, AR US",36.28975,-94.31152,389.6,6/2/2021,4.47,",,W",,,0,"T,,W",0,",,W",,,,,69,",,W",56,",,W",340,",,W",20,",,W",10.1,",,W",15,",,W",1,",,W",,,,,,,,,,,,
USW00053922,"FAYETTEVILLE SPRINGDALE NW AR REGL AIRPORT, AR US",36.28975,-94.31152,389.6,6/3/2021,2.24,",,W",,,0,",,W",0,",,W",,,,,82,",,W",53,",,W",70,",,W",60,",,W",8.9,",,W",17,",,W",1,",,W",1,",,W",,,,,,,,,,
USW00053922,"FAYETTEVILLE SPRINGDALE NW AR REGL AIRPORT, AR US",36.28975,-94.31152,389.6,6/4/2021,2.68,",,W",,,0,",,W",0,",,W",,,,,84,",,W",56,",,W",190,",,W",190,",,W",8.9,",,W",13,",,W",1,",,W",,,,,,,,,,,,
USW00053922,"FAYETTEVILLE SPRINGDALE NW AR REGL AIRPORT, AR US",36.28975,-94.31152,389.6,6/5/2021,6.49,",,W",,,0,",,W",0,",,W",,,,,80,",,W",57,",,W",130,",,W",140,",,W",17,",,W",21.9,",,W",1,",,W",,,,,,,,,,,,
USW00053922,"FAYETTEVILLE SPRINGDALE NW AR REGL AIRPORT, AR US",36.28975,-94.31152,389.6,6/6/2021,6.93,",,W",,,0.23,",,W",0,",,W",,,,,81,",,W",66,",,W",130,",,W",120,",,W",21,",,W",29.1,",,W",1,",,W",,,1,",,W",,,,,,,,
USW00053922,"FAYETTEVILLE SPRINGDALE NW AR REGL AIRPORT, AR US",36.28975,-94.31152,389.6,6/7/2021,5.82,",,W",,,0.57,",,W",0,",,W",,,,,77,",,W",62,",,W",140,",,W",120,",,W",16.1,",,W",27.1,",,W",1,",,W",,,,,,,,,,,,
USW00053922,"FAYETTEVILLE SPRINGDALE NW AR REGL AIRPORT, AR US",36.28975,-94.31152,389.6,6/8/2021,3.8,",,W",,,0,",,W",0,",,W",,,,,86,",,W",68,",,W",190,",,W",200,",,W",12.1,",,W",17,",,W",1,",,W",,,,,,,,,,,,
USW00053922,"FAYETTEVILLE SPRINGDALE NW AR REGL AIRPORT, AR US",36.28975,-94.31152,389.6,6/9/2021,3.8,",,W",,,0.16,",,W",0,",,W",,,,,89,",,W",66,",,W",220,",,W",220,",,W",10.1,",,W",16.1,",,W",1,",,W",,,1,",,W",,,,,,,,
USW00053922,"FAYETTEVILLE SPRINGDALE NW AR REGL AIRPORT, AR US",36.28975,-94.31152,389.6,6/10/2021,2.91,",,W",,,0,",,W",0,",,W",,,,,91,",,W",71,",,W",230,",,W",230,",,W",8.1,",,W",13,",,W",1,",,W",1,",,W",,,,,,,,,,
USW00053922,"FAYETTEVILLE SPRINGDALE NW AR REGL AIRPORT, AR US",36.28975,-94.31152,389.6,6/11/2021,6.26,",,W",,,0,",,W",0,",,W",,,,,90,",,W",70,",,W",180,",,W",180,",,W",17,",,W",21.9,",,W",1,",,W",,,,,,,,,,,,
USW00053922,"FAYETTEVILLE SPRINGDALE NW AR REGL AIRPORT, AR US",36.28975,-94.31152,389.6,6/12/2021,5.14,",,W",,,0,",,W",0,",,W",,,,,94,",,W",73,",,W",170,",,W",50,",,W",12.1,",,W",19,",,W",,,,,,,,,,,,,,
USW00053922,"FAYETTEVILLE SPRINGDALE NW AR REGL AIRPORT, AR US",36.28975,-94.31152,389.6,6/13/2021,6.26,",,W",,,0,",,W",0,",,W",,,,,90,",,W",69,",,W",40,",,W",60,",,W",15,",,W",25.9,",,W",,,,,,,,,,,,,,
USW00053922,"FAYETTEVILLE SPRINGDALE NW AR REGL AIRPORT, AR US",36.28975,-94.31152,389.6,6/14/2021,2.91,",,W",,,0,",,W",0,",,W",,,,,92,",,W",61,",,W",130,",,W",140,",,W",8.9,",,W",12.1,",,W",,,,,,,,,,,,,,
USW00053922,"FAYETTEVILLE SPRINGDALE NW AR REGL AIRPORT, AR US",36.28975,-94.31152,389.6,6/15/2021,2.46,",,W",,,0,",,W",0,",,W",,,,,94,",,W",63,",,W",350,",,W",340,",,W",8.1,",,W",13,",,W",,,,,,,,,,,,,,
USW00053922,"FAYETTEVILLE SPRINGDALE NW AR REGL AIRPORT, AR US",36.28975,-94.31152,389.6,6/16/2021,3.13,",,W",,,0,",,W",0,",,W",,,,,93,",,W",69,",,W",180,",,W",320,",,W",8.9,",,W",14.1,",,W",,,,,,,,,,,,,,
USW00053922,"FAYETTEVILLE SPRINGDALE NW AR REGL AIRPORT, AR US",36.28975,-94.31152,389.6,6/17/2021,5.37,",,W",,,0,",,W",0,",,W",,,,,95,",,W",72,",,W",250,",,W",250,",,W",12.1,",,W",19,",,W",,,,,,,,,,,,,,
USW00053922,"FAYETTEVILLE SPRINGDALE NW AR REGL AIRPORT, AR US",36.28975,-94.31152,389.6,6/18/2021,7.61,",,W",,,0,",,W",0,",,W",,,,,93,",,W",71,",,W",190,",,W",200,",,W",14.1,",,W",19,",,W",,,,,,,,,,,,,,
USW00053922,"FAYETTEVILLE SPRINGDALE NW AR REGL AIRPORT, AR US",36.28975,-94.31152,389.6,6/19/2021,6.71,",,W",,,0,",,W",0,",,W",,,,,89,",,W",69,",,W",170,",,W",180,",,W",16.1,",,W",19.9,",,W",1,",,W",,,,,,,,,,,,
USW00053922,"FAYETTEVILLE SPRINGDALE NW AR REGL AIRPORT, AR US",36.28975,-94.31152,389.6,6/20/2021,10.96,",,W",,,0,",,W",0,",,W",,,,,91,",,W",68,",,W",190,",,W",200,",,W",21,",,W",30,",,W",,,,,,,,,,,,,,
USW00053922,"FAYETTEVILLE SPRINGDALE NW AR REGL AIRPORT, AR US",36.28975,-94.31152,389.6,6/21/2021,8.5,",,W",,,0.69,",,W",0,",,W",0,",,W",,,79,",,W",57,",,W",360,",,W",360,",,W",21.9,",,W",32,",,W",1,",,W",,,1,",,W",,,,,,,,
USW00053922,"FAYETTEVILLE SPRINGDALE NW AR REGL AIRPORT, AR US",36.28975,-94.31152,389.6,6/22/2021,4.47,",,W",,,0,",,W",0,",,W",0,",,W",,,81,",,W",53,",,W",190,",,W",180,",,W",15,",,W",21,",,W",,,,,,,,,,,,,,
USW00053922,"FAYETTEVILLE SPRINGDALE NW AR REGL AIRPORT, AR US",36.28975,-94.31152,389.6,6/23/2021,10.29,",,W",,,0,",,W",0,",,W",0,",,W",,,86,",,W",58,",,W",170,",,W",180,",,W",18.1,",,W",25.9,",,W",,,,,,,,,,,,,,
USW00053922,"FAYETTEVILLE SPRINGDALE NW AR REGL AIRPORT, AR US",36.28975,-94.31152,389.6,6/24/2021,12.75,",,W",,,0,",,W",0,",,W",,,,,91,",,W",72,",,W",180,",,W",180,",,W",23,",,W",29.1,",,W",,,,,,,,,,,,,,
USW00053922,"FAYETTEVILLE SPRINGDALE NW AR REGL AIRPORT, AR US",36.28975,-94.31152,389.6,6/25/2021,13.2,",,W",,,0,",,W",0,",,W",,,,,91,",,W",77,",,W",180,",,W",170,",,W",25.1,",,W",34,",,W",,,,,,,,,,,,,,
USW00053922,"FAYETTEVILLE SPRINGDALE NW AR REGL AIRPORT, AR US",36.28975,-94.31152,389.6,6/26/2021,10.07,",,W",,,0.11,",,W",0,",,W",,,,,84,",,W",72,",,W",260,",,W",240,",,W",23.9,",,W",40,",,W",1,",,W",,,,,,,,,,,1,",,W"
USW00053922,"FAYETTEVILLE SPRINGDALE NW AR REGL AIRPORT, AR US",36.28975,-94.31152,389.6,6/27/2021,7.16,",,W",,,0.42,",,W",0,",,W",,,,,85,",,W",68,",,W",170,",,W",330,",,W",23,",,W",31.1,",,W",1,",,W",,,1,",,W",,,,,,,,
USW00053922,"FAYETTEVILLE SPRINGDALE NW AR REGL AIRPORT, AR US",36.28975,-94.31152,389.6,6/28/2021,6.04,",,W",,,0.14,",,W",0,",,W",,,,,87,",,W",70,",,W",110,",,W",110,",,W",23.9,",,W",33.1,",,W",1,",,W",,,1,",,W",,,,,,,,
USW00053922,"FAYETTEVILLE SPRINGDALE NW AR REGL AIRPORT, AR US",36.28975,-94.31152,389.6,6/29/2021,4.25,",,W",,,0,"T,,W",0,",,W",,,,,88,",,W",69,",,W",170,",,W",190,",,W",15,",,W",19.9,",,W",1,",,W",,,,,,,,,,,,
USW00053922,"FAYETTEVILLE SPRINGDALE NW AR REGL AIRPORT, AR US",36.28975,-94.31152,389.6,6/30/2021,3.8,",,W",,,0.47,",,W",0,",,W",,,,,86,",,W",71,",,W",220,",,W",220,",,W",23.9,",,W",33.1,",,W",1,",,W",,,1,",,W",,,,,,,,
USW00053922,"FAYETTEVILLE SPRINGDALE NW AR REGL AIRPORT, AR US",36.28975,-94.31152,389.6,7/1/2021,5.82,",,W",,,0.46,",,W",0,",,W",,,,,82,",,W",71,",,W",240,",,W",250,",,W",16.1,",,W",21,",,W",1,",,W",,,1,",,W",,,,,,,,
USW00053922,"FAYETTEVILLE SPRINGDALE NW AR REGL AIRPORT, AR US",36.28975,-94.31152,389.6,7/2/2021,7.38,",,W",,,0,",,W",0,",,W",,,,,85,",,W",64,",,W",60,",,W",60,",,W",16.1,",,W",29.1,",,W",,,,,,,,,,,,,,
USW00053922,"FAYETTEVILLE SPRINGDALE NW AR REGL AIRPORT, AR US",36.28975,-94.31152,389.6,7/3/2021,2.46,",,W",,,0,",,W",0,",,W",,,,,86,",,W",60,",,W",10,",,W",80,",,W",10.1,",,W",14.1,",,W",1,",,W",,,,,,,,,,,,
USW00053922,"FAYETTEVILLE SPRINGDALE NW AR REGL AIRPORT, AR US",36.28975,-94.31152,389.6,7/4/2021,2.68,",,W",,,0,",,W",0,",,W",,,,,87,",,W",66,",,W",110,",,W",110,",,W",8.9,",,W",15,",,W",1,",,W",,,,,,,,,,,1,",,W"
USW00053922,"FAYETTEVILLE SPRINGDALE NW AR REGL AIRPORT, AR US",36.28975,-94.31152,389.6,7/5/2021,3.13,",,W",,,0,",,W",0,",,W",,,,,86,",,W",62,",,W",140,",,W",150,",,W",12.1,",,W",15,",,W",1,",,W",,,,,,,,,,,1,",,W"
USW00053922,"FAYETTEVILLE SPRINGDALE NW AR REGL AIRPORT, AR US",36.28975,-94.31152,389.6,7/6/2021,1.57,",,W",,,0,",,W",0,",,W",,,,,89,",,W",64,",,W",150,",,W",80,",,W",8.1,",,W",13,",,W",,,,,,,,,,,,,,
USW00053922,"FAYETTEVILLE SPRINGDALE NW AR REGL AIRPORT, AR US",36.28975,-94.31152,389.6,7/7/2021,3.36,",,W",,,0,",,W",0,",,W",,,,,92,",,W",68,",,W",320,",,W",320,",,W",10.1,",,W",15,",,W",,,,,,,,,,,,,,
USW00053922,"FAYETTEVILLE SPRINGDALE NW AR REGL AIRPORT, AR US",36.28975,-94.31152,389.6,7/8/2021,3.13,",,W",,,0,",,W",0,",,W",,,,,91,",,W",69,",,W",350,",,W",340,",,W",13,",,W",18.1,",,W",1,",,W",,,,,,,,,,,,
USW00053922,"FAYETTEVILLE SPRINGDALE NW AR REGL AIRPORT, AR US",36.28975,-94.31152,389.6,7/9/2021,6.49,",,W",,,0,",,W",0,",,W",,,,,91,",,W",71,",,W",210,",,W",230,",,W",16.1,",,W",23.9,",,W",,,,,,,,,,,,,,
USW00053922,"FAYETTEVILLE SPRINGDALE NW AR REGL AIRPORT, AR US",36.28975,-94.31152,389.6,7/10/2021,9.4,",,W",,,0.01,",,W",0,",,W",,,,,86,",,W",69,",,W",180,",,W",170,",,W",23,",,W",32,",,W",,,,,1,",,W",,,,,,,,
USW00053922,"FAYETTEVILLE SPRINGDALE NW AR REGL AIRPORT, AR US",36.28975,-94.31152,389.6,7/11/2021,6.71,",,W",,,0.02,",,W",0,",,W",,,,,81,",,W",66,",,W",300,",,W",320,",,W",15,",,W",23,",,W",,,,,,,,,,,,,,
USW00053922,"FAYETTEVILLE SPRINGDALE NW AR REGL AIRPORT, AR US",36.28975,-94.31152,389.6,7/12/2021,4.92,",,W",,,0,",,W",0,",,W",,,,,77,",,W",62,",,W",290,",,W",250,",,W",12.1,",,W",17,",,W",,,,,,,,,,,,,,
USW00053922,"FAYETTEVILLE SPRINGDALE NW AR REGL AIRPORT, AR US",36.28975,-94.31152,389.6,7/13/2021,4.47,",,W",,,0,",,W",0,",,W",,,,,89,",,W",58,",,W",200,",,W",190,",,W",12.1,",,W",16.1,",,W",1,",,W",1,",,W",,,,,,,,,,
USW00053922,"FAYETTEVILLE SPRINGDALE NW AR REGL AIRPORT, AR US",36.28975,-94.31152,389.6,7/14/2021,9.4,",,W",,,0,",,W",0,",,W",,,,,91,",,W",68,",,W",190,",,W",190,",,W",21,",,W",28,",,W",,,,,,,,,,,,,,
USW00053922,"FAYETTEVILLE SPRINGDALE NW AR REGL AIRPORT, AR US",36.28975,-94.31152,389.6,7/15/2021,10.51,",,W",,,0,",,W",0,",,W",,,,,90,",,W",71,",,W",190,",,W",210,",,W",21,",,W",30,",,W",,,,,,,,,,,,,,
USW00053922,"FAYETTEVILLE SPRINGDALE NW AR REGL AIRPORT, AR US",36.28975,-94.31152,389.6,7/16/2021,6.93,",,W",,,1.75,",,W",0,",,W",,,,,84,",,W",66,",,W",360,",,W",350,",,W",28,",,W",40,",,W",1,",,W",,,1,",,W",,,,,,,,
USW00053922,"FAYETTEVILLE SPRINGDALE NW AR REGL AIRPORT, AR US",36.28975,-94.31152,389.6,7/17/2021,7.38,",,W",,,2.34,",,W",0,",,W",,,,,90,",,W",69,",,W",30,",,W",200,",,W",18.1,",,W",25.9,",,W",1,",,W",,,1,",,W",,,,,,,,
USW00053922,"FAYETTEVILLE SPRINGDALE NW AR REGL AIRPORT, AR US",36.28975,-94.31152,389.6,7/18/2021,4.92,",,W",,,0.04,",,W",0,",,W",,,,,88,",,W",69,",,W",40,",,W",50,",,W",13,",,W",19,",,W",1,",,W",,,,,,,,,,,,
USW00053922,"FAYETTEVILLE SPRINGDALE NW AR REGL AIRPORT, AR US",36.28975,-94.31152,389.6,7/19/2021,6.71,",,W",,,0,",,W",0,",,W",,,,,87,",,W",69,",,W",20,",,W",50,",,W",18.1,",,W",25.9,",,W",1,",,W",,,,,,,,,,,,
USW00053922,"FAYETTEVILLE SPRINGDALE NW AR REGL AIRPORT, AR US",36.28975,-94.31152,389.6,7/20/2021,7.16,",,W",,,0,",,W",0,",,W",,,,,85,",,W",66,",,W",60,",,W",70,",,W",14.1,",,W",23,",,W",,,,,,,,,,,,,,
USW00053922,"FAYETTEVILLE SPRINGDALE NW AR REGL AIRPORT, AR US",36.28975,-94.31152,389.6,7/21/2021,2.68,",,W",,,0,",,W",0,",,W",,,,,87,",,W",63,",,W",70,",,W",90,",,W",10.1,",,W",18.1,",,W",1,",,W",,,,,,,,,,,1,",,W"
USW00053922,"FAYETTEVILLE SPRINGDALE NW AR REGL AIRPORT, AR US",36.28975,-94.31152,389.6,7/22/2021,3.58,",,W",,,0,",,W",0,",,W",,,,,88,",,W",69,",,W",190,",,W",180,",,W",10.1,",,W",14.1,",,W",1,",,W",,,,,,,,,,,1,",,W"
USW00053922,"FAYETTEVILLE SPRINGDALE NW AR REGL AIRPORT, AR US",36.28975,-94.31152,389.6,7/23/2021,5.14,",,W",,,0,",,W",0,",,W",,,,,90,",,W",71,",,W",200,",,W",180,",,W",13,",,W",17,",,W",1,",,W",,,,,,,,,,,,
USW00053922,"FAYETTEVILLE SPRINGDALE NW AR REGL AIRPORT, AR US",36.28975,-94.31152,389.6,7/24/2021,4.47,",,W",,,0,",,W",0,",,W",,,,,91,",,W",73,",,W",230,",,W",180,",,W",13,",,W",21,",,W",,,,,,,,,,,,,,
USW00053922,"FAYETTEVILLE SPRINGDALE NW AR REGL AIRPORT, AR US",36.28975,-94.31152,389.6,7/25/2021,3.8,",,W",,,0,",,W",0,",,W",,,,,92,",,W",75,",,W",170,",,W",160,",,W",13,",,W",17,",,W",,,,,1,",,W",,,,,,,,
USW00053922,"FAYETTEVILLE SPRINGDALE NW AR REGL AIRPORT, AR US",36.28975,-94.31152,389.6,7/26/2021,2.46,",,W",,,0,",,W",0,",,W",,,,,94,",,W",72,",,W",80,",,W",80,",,W",10.1,",,W",19,",,W",,,,,,,,,,,,,,
USW00053922,"FAYETTEVILLE SPRINGDALE NW AR REGL AIRPORT, AR US",36.28975,-94.31152,389.6,7/27/2021,2.46,",,W",,,0,",,W",0,",,W",,,,,96,",,W",72,",,W",160,",,W",40,",,W",10.1,",,W",13,",,W",1,",,W",,,,,,,,,,,,
USW00053922,"FAYETTEVILLE SPRINGDALE NW AR REGL AIRPORT, AR US",36.28975,-94.31152,389.6,7/28/2021,2.68,",,W",,,0,",,W",0,",,W",,,,,94,",,W",72,",,W",220,",,W",200,",,W",8.9,",,W",13,",,W",,,,,,,,,,,,,,
USW00053922,"FAYETTEVILLE SPRINGDALE NW AR REGL AIRPORT, AR US",36.28975,-94.31152,389.6,7/29/2021,3.58,",,W",,,0,",,W",0,",,W",,,,,94,",,W",71,",,W",240,",,W",240,",,W",10.1,",,W",14.1,",,W",1,",,W",,,,,,,,,,,1,",,W"
USW00053922,"FAYETTEVILLE SPRINGDALE NW AR REGL AIRPORT, AR US",36.28975,-94.31152,389.6,7/30/2021,3.36,",,W",,,0,",,W",0,",,W",,,,,95,",,W",68,",,W",200,",,W",190,",,W",12.1,",,W",15,",,W",1,",,W",,,,,,,,,,,,
USW00053922,"FAYETTEVILLE SPRINGDALE NW AR REGL AIRPORT, AR US",36.28975,-94.31152,389.6,7/31/2021,6.26,",,W",,,0,",,W",0,",,W",,,,,96,",,W",71,",,W",250,",,W",260,",,W",15,",,W",21.9,",,W",1,",,W",,,,,,,,,,,1,",,W"
USW00053922,"FAYETTEVILLE SPRINGDALE NW AR REGL AIRPORT, AR US",36.28975,-94.31152,389.6,8/1/2021,7.61,",,W",,,0.32,",,W",0,",,W",,,,,86,",,W",70,",,W",20,",,W",90,",,W",16.1,",,W",23,",,W",1,",,W",,,1,",,W",,,,,,,1,",,W"
USW00053922,"FAYETTEVILLE SPRINGDALE NW AR REGL AIRPORT, AR US",36.28975,-94.31152,389.6,8/2/2021,6.26,",,W",,,0,",,W",0,",,W",,,,,87,",,W",65,",,W",30,",,W",10,",,W",15,",,W",21.9,",,W",1,",,W",,,,,,,,,,,1,",,W"
USW00053922,"FAYETTEVILLE SPRINGDALE NW AR REGL AIRPORT, AR US",36.28975,-94.31152,389.6,8/3/2021,5.14,",,W",,,0,",,W",0,",,W",,,,,86,",,W",63,",,W",350,",,W",360,",,W",12.1,",,W",23,",,W",1,",,W",,,,,,,,,,,1,",,W"
USW00053922,"FAYETTEVILLE SPRINGDALE NW AR REGL AIRPORT, AR US",36.28975,-94.31152,389.6,8/4/2021,3.36,",,W",,,0,"T,,W",0,",,W",,,,,88,",,W",64,",,W",110,",,W",70,",,W",12.1,",,W",23.9,",,W",1,",,W",,,,,,,,,,,,
USW00053922,"FAYETTEVILLE SPRINGDALE NW AR REGL AIRPORT, AR US",36.28975,-94.31152,389.6,8/5/2021,4.7,",,W",,,0,",,W",0,",,W",,,,,83,",,W",66,",,W",220,",,W",220,",,W",14.1,",,W",19.9,",,W",1,",,W",,,,,,,,,,,1,",,W"
USW00053922,"FAYETTEVILLE SPRINGDALE NW AR REGL AIRPORT, AR US",36.28975,-94.31152,389.6,8/6/2021,6.04,",,W",,,0,",,W",0,",,W",,,,,88,",,W",64,",,W",180,",,W",220,",,W",15,",,W",19.9,",,W",1,",,W",,,,,,,,,,,,
USW00053922,"FAYETTEVILLE SPRINGDALE NW AR REGL AIRPORT, AR US",36.28975,-94.31152,389.6,8/7/2021,8.72,",,W",,,0,",,W",0,",,W",,,,,91,",,W",67,",,W",180,",,W",180,",,W",18.1,",,W",23.9,",,W",1,",,W",,,,,,,,,,,1,",,W"
USW00053922,"FAYETTEVILLE SPRINGDALE NW AR REGL AIRPORT, AR US",36.28975,-94.31152,389.6,8/8/2021,10.96,",,W",,,0,",,W",0,",,W",,,,,91,",,W",74,",,W",170,",,W",180,",,W",19.9,",,W",25.9,",,W",,,,,,,,,,,,,,
USW00053922,"FAYETTEVILLE SPRINGDALE NW AR REGL AIRPORT, AR US",36.28975,-94.31152,389.6,8/9/2021,11.63,",,W",,,0,",,W",0,",,W",,,,,92,",,W",76,",,W",190,",,W",180,",,W",21,",,W",27.1,",,W",,,,,,,,,,,,,,
USW00053922,"FAYETTEVILLE SPRINGDALE NW AR REGL AIRPORT, AR US",36.28975,-94.31152,389.6,8/10/2021,10.96,",,W",,,0,",,W",0,",,W",,,,,95,",,W",76,",,W",180,",,W",200,",,W",21,",,W",28,",,W",,,,,,,,,,,,,,
USW00053922,"FAYETTEVILLE SPRINGDALE NW AR REGL AIRPORT, AR US",36.28975,-94.31152,389.6,8/11/2021,10.74,",,W",,,0,",,W",0,",,W",,,,,96,",,W",75,",,W",200,",,W",170,",,W",19.9,",,W",30,",,W",,,,,,,,,,,,,,
USW00053922,"FAYETTEVILLE SPRINGDALE NW AR REGL AIRPORT, AR US",36.28975,-94.31152,389.6,8/12/2021,9.4,",,W",,,0,"T,,W",0,",,W",,,,,97,",,W",74,",,W",220,",,W",230,",,W",19.9,",,W",27.1,",,W",,,,,1,",,W",,,,,,,,
USW00053922,"FAYETTEVILLE SPRINGDALE NW AR REGL AIRPORT, AR US",36.28975,-94.31152,389.6,8/13/2021,5.59,",,W",,,1.52,",,W",0,",,W",,,,,95,",,W",69,",,W",170,",,W",160,",,W",23.9,",,W",38.9,",,W",1,",,W",,,1,",,W",,,,,,,,
USW00053922,"FAYETTEVILLE SPRINGDALE NW AR REGL AIRPORT, AR US",36.28975,-94.31152,389.6,8/14/2021,3.8,",,W",,,0,"T,,W",0,",,W",,,,,88,",,W",70,",,W",10,",,W",10,",,W",12.1,",,W",15,",,W",,,,,,,,,,,,,,
USW00053922,"FAYETTEVILLE SPRINGDALE NW AR REGL AIRPORT, AR US",36.28975,-94.31152,389.6,8/15/2021,4.25,",,W",,,0,",,W",0,",,W",,,,,88,",,W",68,",,W",80,",,W",110,",,W",12.1,",,W",16.1,",,W",,,,,,,,,,,,,,
USW00053922,"FAYETTEVILLE SPRINGDALE NW AR REGL AIRPORT, AR US",36.28975,-94.31152,389.6,8/16/2021,4.03,",,W",,,0,"T,,W",0,",,W",,,,,89,",,W",69,",,W",150,",,W",150,",,W",21,",,W",23.9,",,W",,,,,,,,,,,,,,
USW00053922,"FAYETTEVILLE SPRINGDALE NW AR REGL AIRPORT, AR US",36.28975,-94.31152,389.6,8/17/2021,4.7,",,W",,,0.46,",,W",0,",,W",,,,,83,",,W",69,",,W",140,",,W",150,",,W",21,",,W",25.9,",,W",1,",,W",,,,,,,,,,,,
USW00053922,"FAYETTEVILLE SPRINGDALE NW AR REGL AIRPORT, AR US",36.28975,-94.31152,389.6,8/18/2021,4.7,",,W",,,0.56,",,W",0,",,W",,,,,83,",,W",69,",,W",230,",,W",230,",,W",18.1,",,W",27.1,",,W",1,",,W",,,1,",,W",,,,,,,,
USW00053922,"FAYETTEVILLE SPRINGDALE NW AR REGL AIRPORT, AR US",36.28975,-94.31152,389.6,8/19/2021,5.82,",,W",,,0.01,",,W",0,",,W",,,,,88,",,W",69,",,W",170,",,W",170,",,W",16.1,",,W",19.9,",,W",1,",,W",,,,,,,,,,,,
USW00053922,"FAYETTEVILLE SPRINGDALE NW AR REGL AIRPORT, AR US",36.28975,-94.31152,389.6,8/20/2021,9.4,",,W",,,0,"T,,W",0,",,W",,,,,90,",,W",73,",,W",170,",,W",180,",,W",18.1,",,W",23.9,",,W",,,,,,,,,,,,,,
USW00053922,"FAYETTEVILLE SPRINGDALE NW AR REGL AIRPORT, AR US",36.28975,-94.31152,389.6,8/21/2021,5.37,",,W",,,0.12,",,W",0,",,W",,,,,85,",,W",71,",,W",350,",,W",360,",,W",23,",,W",31.1,",,W",1,",,W",,,1,",,W",,,,,,,,
USW00053922,"FAYETTEVILLE SPRINGDALE NW AR REGL AIRPORT, AR US",36.28975,-94.31152,389.6,8/22/2021,3.13,",,W",,,0,",,W",0,",,W",,,,,93,",,W",72,",,W",220,",,W",200,",,W",12.1,",,W",15,",,W",,,,,,,,,,,,,,
USW00053922,"FAYETTEVILLE SPRINGDALE NW AR REGL AIRPORT, AR US",36.28975,-94.31152,389.6,8/23/2021,5.82,",,W",,,0,",,W",0,",,W",,,,,93,",,W",72,",,W",170,",,W",180,",,W",14.1,",,W",19.9,",,W",,,,,,,,,,,,,,
USW00053922,"FAYETTEVILLE SPRINGDALE NW AR REGL AIRPORT, AR US",36.28975,-94.31152,389.6,8/24/2021,6.26,",,W",,,0,",,W",0,",,W",,,,,93,",,W",70,",,W",190,",,W",190,",,W",15,",,W",19.9,",,W",,,,,,,,,,,,,,
USW00053922,"FAYETTEVILLE SPRINGDALE NW AR REGL AIRPORT, AR US",36.28975,-94.31152,389.6,8/25/2021,3.13,",,W",,,0,",,W",0,",,W",,,,,95,",,W",68,",,W",150,",,W",90,",,W",10.1,",,W",17,",,W",,,,,,,,,,,,,,
USW00053922,"FAYETTEVILLE SPRINGDALE NW AR REGL AIRPORT, AR US",36.28975,-94.31152,389.6,8/26/2021,2.46,",,W",,,0,"T,,W",0,",,W",,,,,95,",,W",70,",,W",170,",,W",110,",,W",12.1,",,W",16.1,",,W",,,,,1,",,W",,,,,,,,
USW00053922,"FAYETTEVILLE SPRINGDALE NW AR REGL AIRPORT, AR US",36.28975,-94.31152,389.6,8/27/2021,5.82,",,W",,,0,",,W",0,",,W",,,,,93,",,W",70,",,W",180,",,W",160,",,W",14.1,",,W",19,",,W",,,,,,,,,,,,,,
USW00053922,"FAYETTEVILLE SPRINGDALE NW AR REGL AIRPORT, AR US",36.28975,-94.31152,389.6,8/28/2021,6.26,",,W",,,0,",,W",0,",,W",,,,,89,",,W",69,",,W",150,",,W",150,",,W",19.9,",,W",25.9,",,W",,,,,,,,,,,,,,
USW00053922,"FAYETTEVILLE SPRINGDALE NW AR REGL AIRPORT, AR US",36.28975,-94.31152,389.6,8/29/2021,4.25,",,W",,,0,",,W",0,",,W",,,,,88,",,W",70,",,W",100,",,W",110,",,W",18.1,",,W",25.9,",,W",,,,,,,,,,,,,,
USW00053922,"FAYETTEVILLE SPRINGDALE NW AR REGL AIRPORT, AR US",36.28975,-94.31152,389.6,8/30/2021,4.92,",,W",,,0,",,W",0,",,W",,,,,92,",,W",71,",,W",60,",,W",90,",,W",13,",,W",19,",,W",,,,,,,,,,,,,,
USW00053922,"FAYETTEVILLE SPRINGDALE NW AR REGL AIRPORT, AR US",36.28975,-94.31152,389.6,8/31/2021,2.68,",,W",,,0,",,W",0,",,W",,,,,92,",,W",65,",,W",260,",,W",270,",,W",14.1,",,W",19.9,",,W",,,,,,,,,,,,,,
USW00053922,"FAYETTEVILLE SPRINGDALE NW AR REGL AIRPORT, AR US",36.28975,-94.31152,389.6,9/1/2021,4.03,",,W",,,0,",,W",0,",,W",,,,,95,",,W",69,",,W",360,",,W",60,",,W",13,",,W",21,",,W",,,,,,,,,,,,,,
USW00053922,"FAYETTEVILLE SPRINGDALE NW AR REGL AIRPORT, AR US",36.28975,-94.31152,389.6,9/2/2021,8.28,",,W",,,0,",,W",0,",,W",,,,,91,",,W",71,",,W",140,",,W",140,",,W",15,",,W",19,",,W",,,,,,,,,,,,,,
USW00053922,"FAYETTEVILLE SPRINGDALE NW AR REGL AIRPORT, AR US",36.28975,-94.31152,389.6,9/3/2021,7.83,",,W",,,0,",,W",0,",,W",,,,,93,",,W",69,",,W",180,",,W",240,",,W",15,",,W",21,",,W",,,,,,,,,,,,,,
USW00053922,"FAYETTEVILLE SPRINGDALE NW AR REGL AIRPORT, AR US",36.28975,-94.31152,389.6,9/4/2021,8.72,",,W",,,0.6,",,W",0,",,W",,,,,94,",,W",74,",,W",340,",,W",340,",,W",23,",,W",35.1,",,W",1,",,W",,,1,",,W",,,,,,,,
USW00053922,"FAYETTEVILLE SPRINGDALE NW AR REGL AIRPORT, AR US",36.28975,-94.31152,389.6,9/5/2021,6.04,",,W",,,0,"T,,W",0,",,W",,,,,86,",,W",66,",,W",30,",,W",310,",,W",14.1,",,W",19.9,",,W",,,,,,,,,,,,,,
USW00053922,"FAYETTEVILLE SPRINGDALE NW AR REGL AIRPORT, AR US",36.28975,-94.31152,389.6,9/6/2021,2.68,",,W",,,0,",,W",0,",,W",,,,,90,",,W",60,",,W",250,",,W",130,",,W",8.9,",,W",13,",,W",,,,,,,,,,,,,,
USW00053922,"FAYETTEVILLE SPRINGDALE NW AR REGL AIRPORT, AR US",36.28975,-94.31152,389.6,9/7/2021,5.82,",,W",,,0,",,W",0,",,W",,,,,90,",,W",60,",,W",240,",,W",200,",,W",16.1,",,W",21.9,",,W",,,,,,,,,,,,,,
USW00053922,"FAYETTEVILLE SPRINGDALE NW AR REGL AIRPORT, AR US",36.28975,-94.31152,389.6,9/8/2021,9.62,",,W",,,0,",,W",0,",,W",,,,,86,",,W",60,",,W",350,",,W",10,",,W",23.9,",,W",32,",,W",,,,,,,,,,,,,,
USW00053922,"FAYETTEVILLE SPRINGDALE NW AR REGL AIRPORT, AR US",36.28975,-94.31152,389.6,9/9/2021,2.24,",,W",,,0,",,W",0,",,W",,,,,88,",,W",54,",,W",300,",,W",340,",,W",8.9,",,W",15,",,W",,,,,,,,,,,,,,
USW00053922,"FAYETTEVILLE SPRINGDALE NW AR REGL AIRPORT, AR US",36.28975,-94.31152,389.6,9/10/2021,6.71,",,W",,,0,",,W",0,",,W",,,,,90,",,W",60,",,W",220,",,W",230,",,W",16.1,",,W",23,",,W",,,,,,,,,,,,,,
USW00053922,"FAYETTEVILLE SPRINGDALE NW AR REGL AIRPORT, AR US",36.28975,-94.31152,389.6,9/11/2021,9.4,",,W",,,0,",,W",0,",,W",,,,,92,",,W",65,",,W",180,",,W",210,",,W",19.9,",,W",25.9,",,W",,,,,,,,,,,,,,
USW00053922,"FAYETTEVILLE SPRINGDALE NW AR REGL AIRPORT, AR US",36.28975,-94.31152,389.6,9/12/2021,7.61,",,W",,,0,",,W",0,",,W",,,,,88,",,W",64,",,W",190,",,W",180,",,W",15,",,W",25.1,",,W",,,,,,,,,,,,,,
USW00053922,"FAYETTEVILLE SPRINGDALE NW AR REGL AIRPORT, AR US",36.28975,-94.31152,389.6,9/13/2021,7.83,",,W",,,0,",,W",0,",,W",,,,,92,",,W",60,",,W",190,",,W",180,",,W",18.1,",,W",25.9,",,W",,,,,,,,,,,,,,
USW00053922,"FAYETTEVILLE SPRINGDALE NW AR REGL AIRPORT, AR US",36.28975,-94.31152,389.6,9/14/2021,5.82,",,W",,,0,",,W",0,",,W",,,,,89,",,W",67,",,W",230,",,W",230,",,W",15,",,W",21,",,W",1,",,W",,,,,,,,,,,,
USW00053922,"FAYETTEVILLE SPRINGDALE NW AR REGL AIRPORT, AR US",36.28975,-94.31152,389.6,9/15/2021,6.04,",,W",,,0,"T,,W",0,",,W",,,,,89,",,W",67,",,W",360,",,W",350,",,W",21.9,",,W",32,",,W",,,,,,,,,,,,,,
USW00053922,"FAYETTEVILLE SPRINGDALE NW AR REGL AIRPORT, AR US",36.28975,-94.31152,389.6,9/16/2021,4.92,",,W",,,0,",,W",0,",,W",,,,,91,",,W",66,",,W",70,",,W",90,",,W",14.1,",,W",19.9,",,W",,,,,,,,,,,,,,
USW00053922,"FAYETTEVILLE SPRINGDALE NW AR REGL AIRPORT, AR US",36.28975,-94.31152,389.6,9/17/2021,4.92,",,W",,,0,",,W",0,",,W",,,,,91,",,W",64,",,W",40,",,W",10,",,W",16.1,",,W",23.9,",,W",,,,,,,,,,,,,,
USW00053922,"FAYETTEVILLE SPRINGDALE NW AR REGL AIRPORT, AR US",36.28975,-94.31152,389.6,9/18/2021,5.82,",,W",,,0,"T,,W",0,",,W",,,,,92,",,W",64,",,W",50,",,W",60,",,W",23,",,W",32,",,W",,,,,,,,,,,,,,
USW00053922,"FAYETTEVILLE SPRINGDALE NW AR REGL AIRPORT, AR US",36.28975,-94.31152,389.6,9/19/2021,4.92,",,W",,,0,",,W",0,",,W",,,,,90,",,W",64,",,W",140,",,W",140,",,W",15,",,W",19.9,",,W",1,",,W",,,,,,,,,,,,
USW00053922,"FAYETTEVILLE SPRINGDALE NW AR REGL AIRPORT, AR US",36.28975,-94.31152,389.6,9/20/2021,10.51,",,W",,,0.2,",,W",0,",,W",,,,,93,",,W",67,",,W",30,",,W",30,",,W",23,",,W",32,",,W",1,",,W",,,1,",,W",,,,,,,,
USW00053922,"FAYETTEVILLE SPRINGDALE NW AR REGL AIRPORT, AR US",36.28975,-94.31152,389.6,9/21/2021,12.3,",,W",,,1.14,",,W",0,",,W",,,,,73,",,W",54,",,W",10,",,W",60,",,W",23.9,",,W",32,",,W",1,",,W",,,1,",,W",,,,,,,,
USW00053922,"FAYETTEVILLE SPRINGDALE NW AR REGL AIRPORT, AR US",36.28975,-94.31152,389.6,9/22/2021,7.61,",,W",,,0,",,W",0,",,W",,,,,75,",,W",49,",,W",350,",,W",330,",,W",21,",,W",30,",,W",,,,,,,,,,,,,,
USW00053922,"FAYETTEVILLE SPRINGDALE NW AR REGL AIRPORT, AR US",36.28975,-94.31152,389.6,9/23/2021,1.79,",,W",,,0,",,W",0,",,W",,,,,78,",,W",44,",,W",360,",,W",70,",,W",10.1,",,W",14.1,",,W",1,",,W",,,,,,,,,,,,
USW00053922,"FAYETTEVILLE SPRINGDALE NW AR REGL AIRPORT, AR US",36.28975,-94.31152,389.6,9/24/2021,5.37,",,W",,,0,",,W",0,",,W",,,,,79,",,W",50,",,W",210,",,W",230,",,W",14.1,",,W",21,",,W",,,,,,,,,,,,,,
USW00053922,"FAYETTEVILLE SPRINGDALE NW AR REGL AIRPORT, AR US",36.28975,-94.31152,389.6,9/25/2021,4.47,",,W",,,0,",,W",0,",,W",,,,,81,",,W",53,",,W",360,",,W",40,",,W",13,",,W",19,",,W",,,,,,,,,,,,,,
USW00053922,"FAYETTEVILLE SPRINGDALE NW AR REGL AIRPORT, AR US",36.28975,-94.31152,389.6,9/26/2021,7.16,",,W",,,0,",,W",0,",,W",,,,,88,",,W",54,",,W",230,",,W",200,",,W",18.1,",,W",27.1,",,W",,,,,,,,,,,,,,
USW00053922,"FAYETTEVILLE SPRINGDALE NW AR REGL AIRPORT, AR US",36.28975,-94.31152,389.6,9/27/2021,6.93,",,W",,,0,",,W",0,",,W",,,,,87,",,W",63,",,W",200,",,W",200,",,W",18.1,",,W",25.1,",,W",,,,,,,,,,,,,,
USW00053922,"FAYETTEVILLE SPRINGDALE NW AR REGL AIRPORT, AR US",36.28975,-94.31152,389.6,9/28/2021,4.47,",,W",,,0,",,W",0,",,W",,,,,88,",,W",57,",,W",180,",,W",120,",,W",12.1,",,W",16.1,",,W",,,,,,,,,,,,,,
USW00053922,"FAYETTEVILLE SPRINGDALE NW AR REGL AIRPORT, AR US",36.28975,-94.31152,389.6,9/29/2021,7.16,",,W",,,0,",,W",0,",,W",,,,,84,",,W",66,",,W",130,",,W",130,",,W",17,",,W",21.9,",,W",,,,,,,,,,,,,,
USW00053922,"FAYETTEVILLE SPRINGDALE NW AR REGL AIRPORT, AR US",36.28975,-94.31152,389.6,9/30/2021,4.47,",,W",,,1.59,",,W",0,",,W",,,,,86,",,W",64,",,W",280,",,W",280,",,W",19.9,",,W",27.1,",,W",1,",,W",,,1,",,W",,,,,,,,
USW00053922,"FAYETTEVILLE SPRINGDALE NW AR REGL AIRPORT, AR US",36.28975,-94.31152,389.6,10/1/2021,4.7,",,W",,,0.01,",,W",0,",,W",,,,,80,",,W",65,",,W",190,",,W",200,",,W",13,",,W",17,",,W",1,",,W",1,",,W",,,,,,,,,,
USW00053922,"FAYETTEVILLE SPRINGDALE NW AR REGL AIRPORT, AR US",36.28975,-94.31152,389.6,10/2/2021,6.49,",,W",,,1.09,",,W",0,",,W",,,,,79,",,W",62,",,W",220,",,W",210,",,W",25.9,",,W",40.9,",,W",1,",,W",,,1,",,W",,,,,,,,
USW00053922,"FAYETTEVILLE SPRINGDALE NW AR REGL AIRPORT, AR US",36.28975,-94.31152,389.6,10/3/2021,4.92,",,W",,,0,",,W",0,",,W",,,,,77,",,W",58,",,W",360,",,W",340,",,W",13,",,W",18.1,",,W",1,",,W",1,",,W",,,,,,,,,,
USW00053922,"FAYETTEVILLE SPRINGDALE NW AR REGL AIRPORT, AR US",36.28975,-94.31152,389.6,10/4/2021,4.47,",,W",,,0,",,W",0,",,W",,,,,80,",,W",53,",,W",360,",,W",10,",,W",16.1,",,W",21,",,W",1,",,W",1,",,W",,,,,,,,,,
USW00053922,"FAYETTEVILLE SPRINGDALE NW AR REGL AIRPORT, AR US",36.28975,-94.31152,389.6,10/5/2021,4.7,",,W",,,0,",,W",0,",,W",,,,,78,",,W",50,",,W",20,",,W",10,",,W",13,",,W",16.1,",,W",,,,,,,,,,,,,,
USW00053922,"FAYETTEVILLE SPRINGDALE NW AR REGL AIRPORT, AR US",36.28975,-94.31152,389.6,10/6/2021,3.58,",,W",,,0,",,W",0,",,W",,,,,75,",,W",57,",,W",20,",,W",100,",,W",12.1,",,W",16.1,",,W",1,",,W",,,,,,,,,,,,
USW00053922,"FAYETTEVILLE SPRINGDALE NW AR REGL AIRPORT, AR US",36.28975,-94.31152,389.6,10/7/2021,2.24,",,W",,,0,",,W",0,",,W",,,,,81,",,W",55,",,W",240,",,W",250,",,W",8.9,",,W",12.1,",,W",1,",,W",,,,,,,,,,,,
USW00053922,"FAYETTEVILLE SPRINGDALE NW AR REGL AIRPORT, AR US",36.28975,-94.31152,389.6,10/8/2021,8.5,",,W",,,0,",,W",0,",,W",,,,,89,",,W",59,",,W",190,",,W",210,",,W",21.9,",,W",33.1,",,W",,,,,,,,,,,,,,
USW00053922,"FAYETTEVILLE SPRINGDALE NW AR REGL AIRPORT, AR US",36.28975,-94.31152,389.6,10/9/2021,12.75,",,W",,,0,",,W",0,",,W",,,,,87,",,W",69,",,W",210,",,W",200,",,W",21.9,",,W",32,",,W",,,,,,,,,,,,,,
USW00053922,"FAYETTEVILLE SPRINGDALE NW AR REGL AIRPORT, AR US",36.28975,-94.31152,389.6,10/10/2021,14.76,",,W",,,0.07,",,W",0,",,W",,,,,83,",,W",67,",,W",150,",,W",170,",,W",25.1,",,W",33.1,",,W",,,,,1,",,W",,,,,,,,
USW00053922,"FAYETTEVILLE SPRINGDALE NW AR REGL AIRPORT, AR US",36.28975,-94.31152,389.6,10/11/2021,12.08,",,W",,,0.15,",,W",0,",,W",,,,,72,",,W",51,",,W",170,",,W",170,",,W",32,",,W",47,",,W",1,",,W",,,1,",,W",,,,,,,,
USW00053922,"FAYETTEVILLE SPRINGDALE NW AR REGL AIRPORT, AR US",36.28975,-94.31152,389.6,10/12/2021,7.61,",,W",,,0,",,W",0,",,W",,,,,80,",,W",46,",,W",150,",,W",120,",,W",19.9,",,W",27.1,",,W",1,",,W",,,,,,,,,,,,
USW00053922,"FAYETTEVILLE SPRINGDALE NW AR REGL AIRPORT, AR US",36.28975,-94.31152,389.6,10/13/2021,11.86,",,W",,,2.6,",,W",0,",,W",,,,,74,",,W",65,",,W",260,",,W",260,",,W",28,",,W",36.9,",,W",1,",,W",,,1,",,W",,,,,,,,
USW00053922,"FAYETTEVILLE SPRINGDALE NW AR REGL AIRPORT, AR US",36.28975,-94.31152,389.6,10/14/2021,3.58,",,W",,,0.52,",,W",0,",,W",,,,,71,",,W",62,",,W",130,",,W",130,",,W",18.1,",,W",23,",,W",1,",,W",1,",,W",,,,,,,,,,
USW00053922,"FAYETTEVILLE SPRINGDALE NW AR REGL AIRPORT, AR US",36.28975,-94.31152,389.6,10/15/2021,8.72,",,W",,,0.41,",,W",0,",,W",,,,,68,",,W",45,",,W",360,",,W",320,",,W",19.9,",,W",34,",,W",1,",,W",1,",,W",1,",,W",,,,,,,,
USW00053922,"FAYETTEVILLE SPRINGDALE NW AR REGL AIRPORT, AR US",36.28975,-94.31152,389.6,10/16/2021,5.82,",,W",,,0,",,W",0,",,W",,,,,66,",,W",43,",,W",340,",,W",330,",,W",16.1,",,W",21.9,",,W",,,,,,,,,,,,,,
USW00053922,"FAYETTEVILLE SPRINGDALE NW AR REGL AIRPORT, AR US",36.28975,-94.31152,389.6,10/17/2021,3.36,",,W",,,0,",,W",0,",,W",,,,,72,",,W",41,",,W",250,",,W",260,",,W",12.1,",,W",18.1,",,W",1,",,W",,,,,,,,,,,1,",,W"
USW00053922,"FAYETTEVILLE SPRINGDALE NW AR REGL AIRPORT, AR US",36.28975,-94.31152,389.6,10/18/2021,5.37,",,W",,,0,",,W",0,",,W",,,,,72,",,W",43,",,W",170,",,W",170,",,W",16.1,",,W",23.9,",,W",,,,,,,,,,,,,,
USW00053922,"FAYETTEVILLE SPRINGDALE NW AR REGL AIRPORT, AR US",36.28975,-94.31152,389.6,10/19/2021,8.95,",,W",,,0,",,W",0,",,W",,,,,75,",,W",47,",,W",150,",,W",150,",,W",18.1,",,W",23.9,",,W",,,,,,,,,,,,,,
USW00053922,"FAYETTEVILLE SPRINGDALE NW AR REGL AIRPORT, AR US",36.28975,-94.31152,389.6,10/20/2021,7.16,",,W",,,0,"T,,W",0,",,W",,,,,74,",,W",52,",,W",210,",,W",200,",,W",19.9,",,W",30,",,W",1,",,W",1,",,W",,,,,,,,,,
USW00053922,"FAYETTEVILLE SPRINGDALE NW AR REGL AIRPORT, AR US",36.28975,-94.31152,389.6,10/21/2021,5.37,",,W",,,0,",,W",0,",,W",,,,,66,",,W",45,",,W",300,",,W",300,",,W",15,",,W",21,",,W",,,,,,,,,,,,,,
USW00053922,"FAYETTEVILLE SPRINGDALE NW AR REGL AIRPORT, AR US",36.28975,-94.31152,389.6,10/22/2021,3.58,",,W",,,0,",,W",0,",,W",,,,,74,",,W",41,",,W",220,",,W",220,",,W",12.1,",,W",14.1,",,W",,,,,,,,,,,,,,
USW00053922,"FAYETTEVILLE SPRINGDALE NW AR REGL AIRPORT, AR US",36.28975,-94.31152,389.6,10/23/2021,12.08,",,W",,,0,",,W",0,",,W",,,,,79,",,W",58,",,W",200,",,W",200,",,W",21.9,",,W",33.1,",,W",,,,,,,,,,,,,,
USW00053922,"FAYETTEVILLE SPRINGDALE NW AR REGL AIRPORT, AR US",36.28975,-94.31152,389.6,10/24/2021,13.87,",,W",,,0.01,",,W",0,",,W",,,,,78,",,W",54,",,W",190,",,W",180,",,W",29.1,",,W",44.1,",,W",,,,,,,,,,,,,,
USW00053922,"FAYETTEVILLE SPRINGDALE NW AR REGL AIRPORT, AR US",36.28975,-94.31152,389.6,10/25/2021,5.82,",,W",,,0,",,W",0,",,W",,,,,66,",,W",49,",,W",90,",,W",20,",,W",10.1,",,W",16.1,",,W",,,,,,,,,,,,,,
USW00053922,"FAYETTEVILLE SPRINGDALE NW AR REGL AIRPORT, AR US",36.28975,-94.31152,389.6,10/26/2021,11.18,",,W",,,0,"T,,W",,,,,,,73,",,W",50,",,W",150,",,W",160,",,W",19.9,",,W",25.9,",,W",,,,,,,,,,,,,,
USW00053922,"FAYETTEVILLE SPRINGDALE NW AR REGL AIRPORT, AR US",36.28975,-94.31152,389.6,10/27/2021,8.5,",,W",,,1.83,",,W",0,",,W",,,,,65,",,W",53,",,W",50,",,W",60,",,W",21.9,",,W",29.1,",,W",1,",,W",,,1,",,W",,,,,,,,
USW00053922,"FAYETTEVILLE SPRINGDALE NW AR REGL AIRPORT, AR US",36.28975,-94.31152,389.6,10/28/2021,16.11,",,W",,,0.74,",,W",,,,,,,53,",,W",46,",,W",340,",,W",340,",,W",29.1,",,W",42.9,",,W",1,",,W",,,,,,,,,,,,
USW00053922,"FAYETTEVILLE SPRINGDALE NW AR REGL AIRPORT, AR US",36.28975,-94.31152,389.6,10/29/2021,12.75,",,W",,,0.02,",,W",,,,,,,50,",,W",45,",,W",340,",,W",340,",,W",25.9,",,W",36,",,W",1,",,W",,,,,,,,,,,,
USW00053922,"FAYETTEVILLE SPRINGDALE NW AR REGL AIRPORT, AR US",36.28975,-94.31152,389.6,10/30/2021,3.8,",,W",,,0,",,W",0,",,W",,,,,64,",,W",40,",,W",270,",,W",310,",,W",12.1,",,W",19,",,W",,,,,,,,,,,,,1,",,W"
USW00053922,"FAYETTEVILLE SPRINGDALE NW AR REGL AIRPORT, AR US",36.28975,-94.31152,389.6,10/31/2021,6.93,",,W",,,0,",,W",0,",,W",,,,,59,",,W",38,",,W",20,",,W",20,",,W",17,",,W",21.9,",,W",1,",,W",,,,,,,,,,,,
USW00053922,"FAYETTEVILLE SPRINGDALE NW AR REGL AIRPORT, AR US",36.28975,-94.31152,389.6,11/1/2021,7.61,",,W",,,0.15,",,W",0,",,W",,,,,49,",,W",39,",,W",50,",,W",30,",,W",13,",,W",19,",,W",1,",,W",,,1,",,W",,,,,,,,
USW00053922,"FAYETTEVILLE SPRINGDALE NW AR REGL AIRPORT, AR US",36.28975,-94.31152,389.6,11/2/2021,7.16,",,W",,,0.23,",,W",0,",,W",,,,,45,",,W",41,",,W",60,",,W",60,",,W",14.1,",,W",18.1,",,W",1,",,W",,,,,,,,,,,,
USW00053922,"FAYETTEVILLE SPRINGDALE NW AR REGL AIRPORT, AR US",36.28975,-94.31152,389.6,11/3/2021,5.14,",,W",,,0.14,",,W",0,",,W",,,,,51,",,W",41,",,W",100,",,W",90,",,W",15,",,W",21,",,W",,,,,,,,,,,,,,
USW00053922,"FAYETTEVILLE SPRINGDALE NW AR REGL AIRPORT, AR US",36.28975,-94.31152,389.6,11/4/2021,1.34,",,W",,,0,"T,,W",0,",,W",,,,,56,",,W",32,",,W",270,",,W",60,",,W",6,",,W",11,",,W",1,",,W",1,",,W",,,,,,,,,,
USW00053922,"FAYETTEVILLE SPRINGDALE NW AR REGL AIRPORT, AR US",36.28975,-94.31152,389.6,11/5/2021,2.46,",,W",,,0,",,W",0,",,W",,,,,58,",,W",32,",,W",170,",,W",130,",,W",8.9,",,W",12.1,",,W",1,",,W",,,,,,,,,,,,
USW00053922,"FAYETTEVILLE SPRINGDALE NW AR REGL AIRPORT, AR US",36.28975,-94.31152,389.6,11/6/2021,3.58,",,W",,,0,",,W",0,",,W",,,,,62,",,W",32,",,W",230,",,W",210,",,W",10.1,",,W",16.1,",,W",,,,,,,,,,,,,,
USW00053922,"FAYETTEVILLE SPRINGDALE NW AR REGL AIRPORT, AR US",36.28975,-94.31152,389.6,11/7/2021,6.49,",,W",,,0,",,W",0,",,W",,,,,69,",,W",35,",,W",190,",,W",220,",,W",16.1,",,W",23,",,W",,,,,,,,,,,,,,
USW00053922,"FAYETTEVILLE SPRINGDALE NW AR REGL AIRPORT, AR US",36.28975,-94.31152,389.6,11/8/2021,8.72,",,W",,,0,",,W",0,",,W",,,,,72,",,W",42,",,W",170,",,W",200,",,W",19.9,",,W",29.1,",,W",,,,,,,,,,,,,1,",,W"
USW00053922,"FAYETTEVILLE SPRINGDALE NW AR REGL AIRPORT, AR US",36.28975,-94.31152,389.6,11/9/2021,6.93,",,W",,,0,",,W",0,",,W",,,,,69,",,W",47,",,W",210,",,W",200,",,W",17,",,W",27.1,",,W",,,,,,,,,,,,,,
USW00053922,"FAYETTEVILLE SPRINGDALE NW AR REGL AIRPORT, AR US",36.28975,-94.31152,389.6,11/10/2021,11.41,",,W",,,0.54,",,W",0,",,W",,,,,70,",,W",53,",,W",260,",,W",240,",,W",28,",,W",44.1,",,W",1,",,W",,,1,",,W",,,,,,,,
USW00053922,"FAYETTEVILLE SPRINGDALE NW AR REGL AIRPORT, AR US",36.28975,-94.31152,389.6,11/11/2021,9.17,",,W",,,0.02,",,W",0,",,W",,,,,59,",,W",40,",,W",260,",,W",310,",,W",19.9,",,W",28,",,W",1,",,W",,,,,,,,,,,,
USW00053922,"FAYETTEVILLE SPRINGDALE NW AR REGL AIRPORT, AR US",36.28975,-94.31152,389.6,11/12/2021,10.51,",,W",,,0.19,",,W",0,",,W",,,,,51,",,W",33,",,W",310,",,W",300,",,W",21.9,",,W",32,",,W",1,",,W",,,,,,,,,,,,
USW00053922,"FAYETTEVILLE SPRINGDALE NW AR REGL AIRPORT, AR US",36.28975,-94.31152,389.6,11/13/2021,5.59,",,W",,,0,",,W",0,",,W",,,,,50,",,W",27,",,W",260,",,W",270,",,W",13,",,W",17,",,W",,,,,,,,,,,,,,
USW00053922,"FAYETTEVILLE SPRINGDALE NW AR REGL AIRPORT, AR US",36.28975,-94.31152,389.6,11/14/2021,5.82,",,W",,,0,",,W",0,",,W",,,,,59,",,W",37,",,W",350,",,W",350,",,W",17,",,W",23,",,W",,,,,,,,,,,,,,
USW00053922,"FAYETTEVILLE SPRINGDALE NW AR REGL AIRPORT, AR US",36.28975,-94.31152,389.6,11/15/2021,6.93,",,W",,,0,",,W",0,",,W",,,,,67,",,W",35,",,W",230,",,W",200,",,W",17,",,W",23.9,",,W",,,,,,,,,,,,,,
USW00053922,"FAYETTEVILLE SPRINGDALE NW AR REGL AIRPORT, AR US",36.28975,-94.31152,389.6,11/16/2021,13.65,",,W",,,0,"T,,W",0,",,W",,,,,75,",,W",43,",,W",180,",,W",180,",,W",25.9,",,W",36.9,",,W",,,,,,,,,,,,,,
USW00053922,"FAYETTEVILLE SPRINGDALE NW AR REGL AIRPORT, AR US",36.28975,-94.31152,389.6,11/17/2021,15.21,",,W",,,0,"T,,W",0,",,W",,,,,70,",,W",46,",,W",190,",,W",190,",,W",25.1,",,W",38,",,W",,,,,,,,,,,,,,
USW00053922,"FAYETTEVILLE SPRINGDALE NW AR REGL AIRPORT, AR US",36.28975,-94.31152,389.6,11/18/2021,7.16,",,W",,,0,",,W",0,",,W",,,,,54,",,W",29,",,W",10,",,W",10,",,W",17,",,W",23,",,W",,,,,,,,,,,,,,
USW00053922,"FAYETTEVILLE SPRINGDALE NW AR REGL AIRPORT, AR US",36.28975,-94.31152,389.6,11/19/2021,7.61,",,W",,,0,",,W",0,",,W",,,,,54,",,W",23,",,W",190,",,W",170,",,W",18.1,",,W",25.1,",,W",,,,,,,,,,,,,,
USW00053922,"FAYETTEVILLE SPRINGDALE NW AR REGL AIRPORT, AR US",36.28975,-94.31152,389.6,11/20/2021,8.28,",,W",,,0,",,W",0,",,W",,,,,61,",,W",39,",,W",170,",,W",200,",,W",18.1,",,W",23.9,",,W",,,,,,,,,,,,,,
USW00053922,"FAYETTEVILLE SPRINGDALE NW AR REGL AIRPORT, AR US",36.28975,-94.31152,389.6,11/21/2021,7.83,",,W",,,0,",,W",0,",,W",,,,,58,",,W",40,",,W",10,",,W",40,",,W",18.1,",,W",33.1,",,W",,,,,,,,,,,,,,
USW00053922,"FAYETTEVILLE SPRINGDALE NW AR REGL AIRPORT, AR US",36.28975,-94.31152,389.6,11/22/2021,3.58,",,W",,,0,",,W",0,",,W",,,,,56,",,W",32,",,W",180,",,W",260,",,W",8.1,",,W",11,",,W",,,,,,,,,,,,,,
USW00053922,"FAYETTEVILLE SPRINGDALE NW AR REGL AIRPORT, AR US",36.28975,-94.31152,389.6,11/23/2021,9.4,",,W",,,0,",,W",0,",,W",,,,,64,",,W",33,",,W",180,",,W",180,",,W",21.9,",,W",33.1,",,W",,,,,,,,,,,,,,
USW00053922,"FAYETTEVILLE SPRINGDALE NW AR REGL AIRPORT, AR US",36.28975,-94.31152,389.6,11/24/2021,17,",,W",,,0.03,",,W",0,",,W",,,,,64,",,W",50,",,W",190,",,W",190,",,W",31.1,",,W",46.1,",,W",1,",,W",,,,,,,,,,,,
USW00053922,"FAYETTEVILLE SPRINGDALE NW AR REGL AIRPORT, AR US",36.28975,-94.31152,389.6,11/25/2021,12.53,",,W",,,0.35,",,W",0,",,W",,,,,58,",,W",28,",,W",360,",,W",350,",,W",23,",,W",31.1,",,W",1,",,W",,,1,",,W",,,,,,,,
USW00053922,"FAYETTEVILLE SPRINGDALE NW AR REGL AIRPORT, AR US",36.28975,-94.31152,389.6,11/26/2021,7.16,",,W",,,0,",,W",0,",,W",,,,,53,",,W",24,",,W",190,",,W",180,",,W",17,",,W",23.9,",,W",,,,,,,,,,,,,,
USW00053922,"FAYETTEVILLE SPRINGDALE NW AR REGL AIRPORT, AR US",36.28975,-94.31152,389.6,11/27/2021,8.05,",,W",,,0,",,W",0,",,W",,,,,62,",,W",39,",,W",230,",,W",220,",,W",17,",,W",23.9,",,W",,,,,,,,,,,,,,
USW00053922,"FAYETTEVILLE SPRINGDALE NW AR REGL AIRPORT, AR US",36.28975,-94.31152,389.6,11/28/2021,5.82,",,W",,,0,",,W",0,",,W",,,,,58,",,W",35,",,W",10,",,W",350,",,W",13,",,W",17,",,W",,,,,,,,,,,,,,
USW00053922,"FAYETTEVILLE SPRINGDALE NW AR REGL AIRPORT, AR US",36.28975,-94.31152,389.6,11/29/2021,6.71,",,W",,,0,"T,,W",,,,,,,65,",,W",32,",,W",230,",,W",220,",,W",21,",,W",29.1,",,W",,,,,,,,,,,,,,
USW00053922,"FAYETTEVILLE SPRINGDALE NW AR REGL AIRPORT, AR US",36.28975,-94.31152,389.6,11/30/2021,2.91,",,W",,,0,",,W",0,",,W",,,,,73,",,W",36,",,W",70,",,W",60,",,W",10.1,",,W",19,",,W",,,,,,,,,,,,,,
USW00053922,"FAYETTEVILLE SPRINGDALE NW AR REGL AIRPORT, AR US",36.28975,-94.31152,389.6,12/1/2021,6.49,",,W",,,0,",,W",0,",,W",,,,,68,",,W",44,",,W",220,",,W",230,",,W",13,",,W",19,",,W",,,,,,,,,,,,,1,",,W"
USW00053922,"FAYETTEVILLE SPRINGDALE NW AR REGL AIRPORT, AR US",36.28975,-94.31152,389.6,12/2/2021,6.26,",,W",,,0,",,W",0,",,W",,,,,74,",,W",40,",,W",230,",,W",220,",,W",15,",,W",19.9,",,W",,,,,,,,,,,,,1,",,W"
USW00053922,"FAYETTEVILLE SPRINGDALE NW AR REGL AIRPORT, AR US",36.28975,-94.31152,389.6,12/3/2021,5.82,",,W",,,0,",,W",0,",,W",,,,,76,",,W",45,",,W",200,",,W",190,",,W",13,",,W",17,",,W",,,,,,,,,,,,,,
USW00053922,"FAYETTEVILLE SPRINGDALE NW AR REGL AIRPORT, AR US",36.28975,-94.31152,389.6,12/4/2021,7.83,",,W",,,0.02,",,W",0,",,W",,,,,62,",,W",51,",,W",110,",,W",60,",,W",15,",,W",23,",,W",,,,,,,,,,,,,,
USW00053922,"FAYETTEVILLE SPRINGDALE NW AR REGL AIRPORT, AR US",36.28975,-94.31152,389.6,12/5/2021,15.21,",,W",,,0.37,",,W",0,",,W",,,,,70,",,W",49,",,W",360,",,W",200,",,W",29.1,",,W",42.1,",,W",1,",,W",,,1,",,W",,,,,,,,
USW00053922,"FAYETTEVILLE SPRINGDALE NW AR REGL AIRPORT, AR US",36.28975,-94.31152,389.6,12/6/2021,11.41,",,W",,,0.09,",,W",0,",,W",,,,,49,",,W",28,",,W",360,",,W",350,",,W",23,",,W",31.1,",,W",,,,,,,,,,,,,,
USW00053922,"FAYETTEVILLE SPRINGDALE NW AR REGL AIRPORT, AR US",36.28975,-94.31152,389.6,12/7/2021,6.26,",,W",,,0,",,W",0,",,W",,,,,47,",,W",27,",,W",130,",,W",140,",,W",15,",,W",21,",,W",,,,,,,,,,,,,,
USW00053922,"FAYETTEVILLE SPRINGDALE NW AR REGL AIRPORT, AR US",36.28975,-94.31152,389.6,12/8/2021,4.92,",,W",,,0,",,W",0,",,W",,,,,56,",,W",28,",,W",170,",,W",180,",,W",16.1,",,W",21,",,W",,,,,,,,,,,,,,
USW00053922,"FAYETTEVILLE SPRINGDALE NW AR REGL AIRPORT, AR US",36.28975,-94.31152,389.6,12/9/2021,11.41,",,W",,,0,",,W",0,",,W",,,,,68,",,W",47,",,W",170,",,W",210,",,W",23.9,",,W",35.1,",,W",,,,,,,,,,,,,,
USW00053922,"FAYETTEVILLE SPRINGDALE NW AR REGL AIRPORT, AR US",36.28975,-94.31152,389.6,12/10/2021,14.76,",,W",,,0.01,",,W",0,",,W",,,,,72,",,W",43,",,W",210,",,W",220,",,W",28,",,W",42.9,",,W",1,",,W",,,1,",,W",,,,,,,,
USW00053922,"FAYETTEVILLE SPRINGDALE NW AR REGL AIRPORT, AR US",36.28975,-94.31152,389.6,12/11/2021,10.29,",,W",,,0,",,W",0,",,W",,,,,46,",,W",28,",,W",300,",,W",300,",,W",25.1,",,W",36.9,",,W",,,,,,,,,,,,,,
USW00053922,"FAYETTEVILLE SPRINGDALE NW AR REGL AIRPORT, AR US",36.28975,-94.31152,389.6,12/12/2021,8.28,",,W",,,0,",,W",0,",,W",,,,,54,",,W",22,",,W",180,",,W",190,",,W",19.9,",,W",25.1,",,W",,,,,,,,,,,,,,
USW00053922,"FAYETTEVILLE SPRINGDALE NW AR REGL AIRPORT, AR US",36.28975,-94.31152,389.6,12/13/2021,10.07,",,W",,,0,",,W",0,",,W",,,,,66,",,W",36,",,W",200,",,W",200,",,W",19.9,",,W",25.1,",,W",,,,,,,,,,,,,,
USW00053922,"FAYETTEVILLE SPRINGDALE NW AR REGL AIRPORT, AR US",36.28975,-94.31152,389.6,12/14/2021,12.97,",,W",,,0.04,",,W",0,",,W",,,,,66,",,W",51,",,W",180,",,W",180,",,W",21,",,W",31.1,",,W",1,",,W",,,,,,,,,,,,
USW00053922,"FAYETTEVILLE SPRINGDALE NW AR REGL AIRPORT, AR US",36.28975,-94.31152,389.6,12/15/2021,21.7,",,W",,,0,",,W",0,",,W",,,,,74,",,W",66,",,W",180,",,W",180,",,W",36.9,",,W",52.1,",,W",,,,,,,,,,,,,,
USW00053922,"FAYETTEVILLE SPRINGDALE NW AR REGL AIRPORT, AR US",36.28975,-94.31152,389.6,12/16/2021,7.83,",,W",,,0.65,",,W",0,",,W",,,,,70,",,W",42,",,W",190,",,W",200,",,W",21.9,",,W",32,",,W",1,",,W",,,,,,,,,,,,
USW00053922,"FAYETTEVILLE SPRINGDALE NW AR REGL AIRPORT, AR US",36.28975,-94.31152,389.6,12/17/2021,5.37,",,W",,,3.02,",,W",0,",,W",,,,,59,",,W",46,",,W",170,",,W",170,",,W",15,",,W",19,",,W",1,",,W",,,1,",,W",,,,,,,,
USW00053922,"FAYETTEVILLE SPRINGDALE NW AR REGL AIRPORT, AR US",36.28975,-94.31152,389.6,12/18/2021,13.2,",,W",,,0.27,",,W",0,",,W",,,,,53,",,W",32,",,W",360,",,W",360,",,W",23,",,W",30,",,W",1,",,W",,,,,,,,,,,,
USW00053922,"FAYETTEVILLE SPRINGDALE NW AR REGL AIRPORT, AR US",36.28975,-94.31152,389.6,12/19/2021,3.8,",,W",,,0,",,W",0,",,W",,,,,41,",,W",28,",,W",360,",,W",360,",,W",14.1,",,W",19.9,",,W",,,,,,,,,,,,,,
USW00053922,"FAYETTEVILLE SPRINGDALE NW AR REGL AIRPORT, AR US",36.28975,-94.31152,389.6,12/20/2021,3.8,",,W",,,0,",,W",0,",,W",,,,,44,",,W",22,",,W",200,",,W",220,",,W",8.9,",,W",13,",,W",,,,,,,,,,,,,,
USW00053922,"FAYETTEVILLE SPRINGDALE NW AR REGL AIRPORT, AR US",36.28975,-94.31152,389.6,12/21/2021,4.92,",,W",,,0,",,W",0,",,W",,,,,54,",,W",26,",,W",250,",,W",230,",,W",15,",,W",19.9,",,W",,,,,,,,,,,,,,
USW00053922,"FAYETTEVILLE SPRINGDALE NW AR REGL AIRPORT, AR US",36.28975,-94.31152,389.6,12/22/2021,5.82,",,W",,,0,",,W",0,",,W",,,,,58,",,W",27,",,W",190,",,W",170,",,W",16.1,",,W",23,",,W",,,,,,,,,,,,,,
USW00053922,"FAYETTEVILLE SPRINGDALE NW AR REGL AIRPORT, AR US",36.28975,-94.31152,389.6,12/23/2021,11.41,",,W",,,0,",,D",0,",,D",,,,,60,",,D",37,",,D",200,",,W",200,",,W",21,",,W",32,",,W",,,,,,,,,,,,,,
USW00053922,"FAYETTEVILLE SPRINGDALE NW AR REGL AIRPORT, AR US",36.28975,-94.31152,389.6,12/24/2021,18.34,",,W",,,0,",,D",0,",,D",,,,,73,",,D",58,",,D",190,",,W",190,",,W",29.1,",,W",44.1,",,W",,,,,,,,,,,,,,
USW00053922,"FAYETTEVILLE SPRINGDALE NW AR REGL AIRPORT, AR US",36.28975,-94.31152,389.6,12/25/2021,7.38,",,W",,,0,",,D",0,",,D",,,,,71,",,D",45,",,D",210,",,W",210,",,W",21,",,W",33.1,",,W",,,,,,,,,,,,,,
USW00053922,"FAYETTEVILLE SPRINGDALE NW AR REGL AIRPORT, AR US",36.28975,-94.31152,389.6,12/26/2021,10.74,",,W",,,0,",,D",0,",,D",,,,,75,",,D",42,",,D",190,",,W",170,",,W",25.1,",,W",36,",,W",,,,,,,,,,,,,,
USW00053922,"FAYETTEVILLE SPRINGDALE NW AR REGL AIRPORT, AR US",36.28975,-94.31152,389.6,12/27/2021,8.5,",,W",,,0,",,D",0,",,D",,,,,67,",,D",51,",,D",210,",,W",200,",,W",19.9,",,W",30,",,W",,,,,,,,,,,,,,
USW00053922,"FAYETTEVILLE SPRINGDALE NW AR REGL AIRPORT, AR US",36.28975,-94.31152,389.6,12/28/2021,8.95,",,W",,,0.33,",,D",0,",,D",,,,,68,",,D",43,",,D",270,",,W",270,",,W",25.1,",,W",33.1,",,W",1,",,W",,,1,",,W",,,,,,,,
USW00053922,"FAYETTEVILLE SPRINGDALE NW AR REGL AIRPORT, AR US",36.28975,-94.31152,389.6,12/29/2021,4.47,",,W",,,0.19,",,D",0,",,D",,,,,55,",,D",38,",,D",140,",,W",130,",,W",15,",,W",19,",,W",1,",,W",1,",,W",,,,,,,,,,
USW00053922,"FAYETTEVILLE SPRINGDALE NW AR REGL AIRPORT, AR US",36.28975,-94.31152,389.6,12/30/2021,7.61,",,W",,,0,",,D",0,",,D",,,,,61,",,D",37,",,D",220,",,W",230,",,W",16.1,",,W",23,",,W",1,",,W",1,",,W",,,,,,,,,,
USW00053922,"FAYETTEVILLE SPRINGDALE NW AR REGL AIRPORT, AR US",36.28975,-94.31152,389.6,12/31/2021,9.84,",,W",,,0.2,",,D",0,",,D",,,,,66,",,D",46,",,D",210,",,W",200,",,W",19.9,",,W",30,",,W",1,",,W",,,,,,,,,,,,
USW00053922,"FAYETTEVILLE SPRINGDALE NW AR REGL AIRPORT, AR US",36.28975,-94.31152,389.6,1/1/2022,10.29,",,W",,,0.72,",,D",,,,,,,57,",,D",16,",,D",350,",,W",320,",,W",21,",,W",28,",,W",1,",,W",,,,,,,,,,,,
