year,index_raw,r,r_depth,r_CV,r_depth_CV,index,filter,dem_resolution,suction_factor,filter_window,sigma,flow_algorithm,convergence_factor
2017,SWI1E+1.res1.gauss_0.5sigma,0.623312044887689,0.626431515593074,0.459893636742566,0.399437787187877,SWI,gauss,1,1,,0.5,"",
2018,SWI1E+1.res1.gauss_0.5sigma,0.413052805040905,0.416974197189264,0.166057782664515,0.0312410145434814,SWI,gauss,1,1,,0.5,"",
2019,SWI1E+1.res1.gauss_0.5sigma,0.269564101615571,0.382461649877865,-0.210554141009363,-0.0196651752306234,SWI,gauss,1,1,,0.5,"",
2020,SWI1E+1.res1.gauss_0.5sigma,0.425090647592318,0.425210485514051,0.272647663410945,0.23280661082651,SWI,gauss,1,1,,0.5,"",
2021,SWI1E+1.res1.gauss_0.5sigma,0.440879004730942,0.498313012833235,0.354407412696728,0.368400493484964,SWI,gauss,1,1,,0.5,"",
2017,SWI1E+1.res1.gauss_1.0sigma,0.599198189312854,0.602649767291621,0.425966067991278,0.36673363221945,SWI,gauss,1,1,,1,"",
2018,SWI1E+1.res1.gauss_1.0sigma,0.452369323648909,0.454787021600906,0.239851071006444,0.109447261725791,SWI,gauss,1,1,,1,"",
2019,SWI1E+1.res1.gauss_1.0sigma,0.228188502152104,0.359627963352261,-0.217074401642871,0.00957584144022935,SWI,gauss,1,1,,1,"",
2020,SWI1E+1.res1.gauss_1.0sigma,0.441552868531175,0.441687994318561,0.305845575253691,0.270324097738053,SWI,gauss,1,1,,1,"",
2021,SWI1E+1.res1.gauss_1.0sigma,0.417883518861391,0.479896572412395,0.310322836767297,0.334568532311133,SWI,gauss,1,1,,1,"",
2017,SWI1E+1.res1.gauss_1.5sigma,0.608765133682298,0.612339932218034,0.430350210380218,0.371346269222773,SWI,gauss,1,1,,1.5,"",
2018,SWI1E+1.res1.gauss_1.5sigma,0.45028987235345,0.452022186188817,0.249413733733991,0.116092229927133,SWI,gauss,1,1,,1.5,"",
2019,SWI1E+1.res1.gauss_1.5sigma,0.237761098178914,0.369979078799303,-0.213540656507109,0.00540162499656453,SWI,gauss,1,1,,1.5,"",
2020,SWI1E+1.res1.gauss_1.5sigma,0.484586351312314,0.484647400298384,0.367515329081609,0.337266941955749,SWI,gauss,1,1,,1.5,"",
2021,SWI1E+1.res1.gauss_1.5sigma,0.420598207589122,0.478791979317121,0.317412572204516,0.33380340096375,SWI,gauss,1,1,,1.5,"",
2017,SWI1E+1.res1.gauss_2.0sigma,0.595392445928468,0.600571309102778,0.407972990366582,0.348929252815741,SWI,gauss,1,1,,2,"",
2018,SWI1E+1.res1.gauss_2.0sigma,0.404236242239408,0.4074270531182,0.171136264284146,0.0340022251369255,SWI,gauss,1,1,,2,"",
2019,SWI1E+1.res1.gauss_2.0sigma,0.22359367569434,0.360364541658456,-0.270229101826423,-0.0391166377888383,SWI,gauss,1,1,,2,"",
2020,SWI1E+1.res1.gauss_2.0sigma,0.47261436424797,0.472965143393445,0.333452019939846,0.303603256069693,SWI,gauss,1,1,,2,"",
2021,SWI1E+1.res1.gauss_2.0sigma,0.3983347831382,0.457091173168732,0.276023133313209,0.29109336236889,SWI,gauss,1,1,,2,"",
2017,SWI1E+1.res1.gauss_2.5sigma,0.594193618184286,0.600114108973105,0.406110149096255,0.347815363707221,SWI,gauss,1,1,,2.5,"",
2018,SWI1E+1.res1.gauss_2.5sigma,0.40509884980975,0.409125394831626,0.166582691303603,0.0347683115634608,SWI,gauss,1,1,,2.5,"",
2019,SWI1E+1.res1.gauss_2.5sigma,0.22561381595493,0.360226185578948,-0.280438919588972,-0.0505215011471894,SWI,gauss,1,1,,2.5,"",
2020,SWI1E+1.res1.gauss_2.5sigma,0.464699646434908,0.465221858554848,0.316487132785215,0.287710115903791,SWI,gauss,1,1,,2.5,"",
2021,SWI1E+1.res1.gauss_2.5sigma,0.386035220622576,0.447741319929232,0.24736133830331,0.267778670589871,SWI,gauss,1,1,,2.5,"",
2017,SWI1E+1.res1.gauss_3.5sigma,0.545860237568785,0.552405762553932,0.350034539345065,0.285054240764408,SWI,gauss,1,1,,3.5,"",
2018,SWI1E+1.res1.gauss_3.5sigma,0.369477144134125,0.374445279954473,0.10599455626905,-0.0265949338295791,SWI,gauss,1,1,,3.5,"",
2019,SWI1E+1.res1.gauss_3.5sigma,0.166773537417004,0.327497963118152,-0.371482679854996,-0.0975812389209139,SWI,gauss,1,1,,3.5,"",
2020,SWI1E+1.res1.gauss_3.5sigma,0.461741138506547,0.463264020039964,0.287659158608534,0.261767703113328,SWI,gauss,1,1,,3.5,"",
2021,SWI1E+1.res1.gauss_3.5sigma,0.367020833749085,0.429297979719211,0.209529698939281,0.230799774095706,SWI,gauss,1,1,,3.5,"",
2017,SWI1E+1.res1.gauss_5.0sigma,0.503842164391482,0.5107671148361,0.288578360829882,0.220853663651137,SWI,gauss,1,1,,5,"",
2018,SWI1E+1.res1.gauss_5.0sigma,0.32049696377813,0.325661151889445,0.0241484106656314,-0.119235294623777,SWI,gauss,1,1,,5,"",
2019,SWI1E+1.res1.gauss_5.0sigma,0.127883303240005,0.311178516571825,-0.434059596513588,-0.125078422216308,SWI,gauss,1,1,,5,"",
2020,SWI1E+1.res1.gauss_5.0sigma,0.450794776497911,0.45345637435353,0.24973525240914,0.226813812952854,SWI,gauss,1,1,,5,"",
2021,SWI1E+1.res1.gauss_5.0sigma,0.399552782623863,0.449975710564856,0.266698029203867,0.271641202428821,SWI,gauss,1,1,,5,"",
2017,SWI1E+1.res1.NFNW,0.656379598462401,0.657615615750873,0.510918414616243,0.451853247712931,SWI,NFNW,1,1,,,"",
2018,SWI1E+1.res1.NFNW,0.473433538164987,0.475982719100916,0.290396849458138,0.161136892713585,SWI,NFNW,1,1,,,"",
2019,SWI1E+1.res1.NFNW,0.342134166609141,0.439033141282218,-0.0522372708744078,0.0861340023207894,SWI,NFNW,1,1,,,"",
2020,SWI1E+1.res1.NFNW,0.455171189337129,0.455206997844289,0.344482242062739,0.307821150753972,SWI,NFNW,1,1,,,"",
2021,SWI1E+1.res1.NFNW,0.423449014292705,0.491101925109193,0.320264672756254,0.351285244274139,SWI,NFNW,1,1,,,"",
2017,SWI1E+1.res1.SSC1,0.592679419917289,0.594966551400998,0.411763888582571,0.348850573498207,SWI,SSC,1,1,1,,"",
2018,SWI1E+1.res1.SSC1,0.428708651027419,0.430890200230312,0.193054924287361,0.0553384044608233,SWI,SSC,1,1,1,,"",
2019,SWI1E+1.res1.SSC1,0.238631955477143,0.367345553572247,-0.235139338873888,-0.0131467119010822,SWI,SSC,1,1,1,,"",
2020,SWI1E+1.res1.SSC1,0.424294657009614,0.424378497390548,0.274721043265327,0.236959851818724,SWI,SSC,1,1,1,,"",
2021,SWI1E+1.res1.SSC1,0.444521868313149,0.499059534266063,0.359596731350389,0.371753677444191,SWI,SSC,1,1,1,,"",
2017,SWI1E+1.res1.SSC10,0.497632130128133,0.504360479045501,0.285023023903154,0.215069022598255,SWI,SSC,1,1,10,,"",
2018,SWI1E+1.res1.SSC10,0.315391562366369,0.320714260041614,0.0135453875115152,-0.130369405553391,SWI,SSC,1,1,10,,"",
2019,SWI1E+1.res1.SSC10,0.121242009118902,0.308007873068911,-0.438761465699253,-0.125067155440263,SWI,SSC,1,1,10,,"",
2020,SWI1E+1.res1.SSC10,0.452349072563758,0.455657706832247,0.25229363306213,0.231306237651545,SWI,SSC,1,1,10,,"",
2021,SWI1E+1.res1.SSC10,0.400806867394814,0.450777892371287,0.272663218062963,0.276796867410449,SWI,SSC,1,1,10,,"",
2017,SWI1E+1.res1.SSC2,0.586194844194853,0.589370685542131,0.403930517206294,0.342440304678218,SWI,SSC,1,1,2,,"",
2018,SWI1E+1.res1.SSC2,0.442774095307561,0.445082040219297,0.221557158825367,0.0889541814800525,SWI,SSC,1,1,2,,"",
2019,SWI1E+1.res1.SSC2,0.227989253783283,0.36006811187467,-0.22833067427348,0.00101086372815938,SWI,SSC,1,1,2,,"",
2020,SWI1E+1.res1.SSC2,0.438210769430067,0.438311032993694,0.300242444043636,0.264023932533032,SWI,SSC,1,1,2,,"",
2021,SWI1E+1.res1.SSC2,0.426753193370467,0.48492877006187,0.328250668372934,0.345872837725717,SWI,SSC,1,1,2,,"",
2017,SWI1E+1.res1.SSC3,0.601750057077398,0.605360411265119,0.421099933126914,0.361223630864503,SWI,SSC,1,1,3,,"",
2018,SWI1E+1.res1.SSC3,0.442247524988587,0.443939403155635,0.235572524177411,0.100519486681201,SWI,SSC,1,1,3,,"",
2019,SWI1E+1.res1.SSC3,0.229937627737096,0.365691135740249,-0.231065645378372,-0.00443942563254293,SWI,SSC,1,1,3,,"",
2020,SWI1E+1.res1.SSC3,0.479972294993766,0.480025494226215,0.358845899952698,0.327312629777121,SWI,SSC,1,1,3,,"",
2021,SWI1E+1.res1.SSC3,0.424126325541699,0.479113026070387,0.323616106413854,0.334536882862113,SWI,SSC,1,1,3,,"",
2017,SWI1E+1.res1.SSC4,0.602040648538254,0.606811716010741,0.416343427031074,0.357196489576682,SWI,SSC,1,1,4,,"",
2018,SWI1E+1.res1.SSC4,0.404441346270168,0.407468548933849,0.172059780518771,0.0337301388666058,SWI,SSC,1,1,4,,"",
2019,SWI1E+1.res1.SSC4,0.225062058268839,0.362051831439785,-0.272824852673633,-0.0398706758564563,SWI,SSC,1,1,4,,"",
2020,SWI1E+1.res1.SSC4,0.471133433495146,0.471380894925379,0.332226143955176,0.301725407715101,SWI,SSC,1,1,4,,"",
2021,SWI1E+1.res1.SSC4,0.396676394690609,0.455032077148601,0.270444612356349,0.28456453116249,SWI,SSC,1,1,4,,"",
2017,SWI1E+1.res1.SSC5,0.593932849831912,0.599578499876301,0.408622524968259,0.349180561790505,SWI,SSC,1,1,5,,"",
2018,SWI1E+1.res1.SSC5,0.415969284050724,0.419808076096468,0.182589738784645,0.053091328323899,SWI,SSC,1,1,5,,"",
2019,SWI1E+1.res1.SSC5,0.227748036877224,0.361611160379294,-0.27002496579181,-0.0421755357246086,SWI,SSC,1,1,5,,"",
2020,SWI1E+1.res1.SSC5,0.471193896449568,0.471696989713944,0.327943018322028,0.299758428538197,SWI,SSC,1,1,5,,"",
2021,SWI1E+1.res1.SSC5,0.386577832972571,0.447747649349506,0.248334439350905,0.268193573291607,SWI,SSC,1,1,5,,"",
2017,SWI1E+1.res1.SSC7,0.542730718030633,0.548886906138955,0.348195197394605,0.281863982339075,SWI,SSC,1,1,7,,"",
2018,SWI1E+1.res1.SSC7,0.365972551157674,0.370775077530394,0.100798816272374,-0.0328103191350191,SWI,SSC,1,1,7,,"",
2019,SWI1E+1.res1.SSC7,0.156316798463657,0.322992083611684,-0.381049363320337,-0.0979141937679535,SWI,SSC,1,1,7,,"",
2020,SWI1E+1.res1.SSC7,0.465707296587182,0.467232308167028,0.293524970373087,0.267196181246781,SWI,SSC,1,1,7,,"",
2021,SWI1E+1.res1.SSC7,0.370654686951061,0.431485020997532,0.219605713980596,0.23821181955948,SWI,SSC,1,1,7,,"",
2017,SWI1E+1.res10.NFNW,0.304003796597876,0.318351383266513,-0.149524844894207,-0.192382423194783,SWI,NFNW,10,1,,,"",
2018,SWI1E+1.res10.NFNW,0.322660554700327,0.33235977661696,-0.0143450663331466,-0.144969779275977,SWI,NFNW,10,1,,,"",
2019,SWI1E+1.res10.NFNW,0.0702923422083834,0.296709957610953,-0.518879871167979,-0.0987413122750642,SWI,NFNW,10,1,,,"",
2020,SWI1E+1.res10.NFNW,0.310424975058668,0.312854424700181,-0.00723560000366498,-0.0498444939381399,SWI,NFNW,10,1,,,"",
2021,SWI1E+1.res10.NFNW,0.167645479069111,0.304351393270169,-0.169535719893412,0.00443709080127323,SWI,NFNW,10,1,,,"",
2017,SWI1E+1.res2.NFNW,0.493160032503255,0.503244421050932,0.276624469944176,0.218481566235699,SWI,NFNW,2,1,,,"",
2018,SWI1E+1.res2.NFNW,0.379395197164914,0.384563689314013,0.112797256278293,-0.0152483258255489,SWI,NFNW,2,1,,,"",
2019,SWI1E+1.res2.NFNW,0.0620125020230675,0.290122860271782,-0.562445504659626,-0.108558200445524,SWI,NFNW,2,1,,,"",
2020,SWI1E+1.res2.NFNW,0.398759897014203,0.399477487511385,0.156609393812051,0.115377418042691,SWI,NFNW,2,1,,,"",
2021,SWI1E+1.res2.NFNW,0.345404782078323,0.411666008830752,0.207314862408713,0.229649010164677,SWI,NFNW,2,1,,,"",
2017,SWI1E+1.res3.NFNW,0.404627559898575,0.415555856229158,0.138296560277082,0.0703375455025648,SWI,NFNW,3,1,,,"",
2018,SWI1E+1.res3.NFNW,0.314245714753612,0.321257910915133,0.00157900004366207,-0.143632063226796,SWI,NFNW,3,1,,,"",
2019,SWI1E+1.res3.NFNW,0.0194300754815684,0.28546379836712,-0.663408937675776,-0.10084327210278,SWI,NFNW,3,1,,,"",
2020,SWI1E+1.res3.NFNW,0.365405967129431,0.36709725471351,0.0898956070574563,0.0473606303571462,SWI,NFNW,3,1,,,"",
2021,SWI1E+1.res3.NFNW,0.267406706032341,0.353680195223273,0.0725715354190381,0.125522415601663,SWI,NFNW,3,1,,,"",
2017,SWI1E+1.res4.NFNW,0.321031395461552,0.337227166370763,-0.106774690361294,-0.143107984604409,SWI,NFNW,4,1,,,"",
2018,SWI1E+1.res4.NFNW,0.319121284095861,0.329024418182908,-0.011389790157328,-0.141167345619882,SWI,NFNW,4,1,,,"",
2019,SWI1E+1.res4.NFNW,0.0753405189717907,0.297891665451676,-0.545094805010946,-0.075241735667578,SWI,NFNW,4,1,,,"",
2020,SWI1E+1.res4.NFNW,0.320855662253023,0.323552212747231,0.00984296444247188,-0.0326248581488533,SWI,NFNW,4,1,,,"",
2021,SWI1E+1.res4.NFNW,0.214079404991804,0.322846397978576,-0.0463135508088,0.0639392526564201,SWI,NFNW,4,1,,,"",
2017,SWI1E+1.res5.NFNW,0.334623394695121,0.351777541866771,-0.0865601517257497,-0.120788285338616,SWI,NFNW,5,1,,,"",
2018,SWI1E+1.res5.NFNW,0.323344182232206,0.334276911556236,-0.0042459334824558,-0.129630974760913,SWI,NFNW,5,1,,,"",
2019,SWI1E+1.res5.NFNW,0.0609953610515699,0.294973557709682,-0.573882206744958,-0.0780579006934952,SWI,NFNW,5,1,,,"",
2020,SWI1E+1.res5.NFNW,0.309911851886812,0.312272539174371,-0.0133653305724511,-0.0565437201993867,SWI,NFNW,5,1,,,"",
2021,SWI1E+1.res5.NFNW,0.196245610341729,0.315950526810175,-0.0895060842851723,0.0472571640205943,SWI,NFNW,5,1,,,"",
2017,SWI1E+1.res7.NFNW,0.309601201649979,0.327548904178117,-0.154529092420197,-0.179136617953639,SWI,NFNW,7,1,,,"",
2018,SWI1E+1.res7.NFNW,0.306243581164924,0.317813261343084,-0.054360305488911,-0.181450401415319,SWI,NFNW,7,1,,,"",
2019,SWI1E+1.res7.NFNW,0.0742645249633512,0.299585091390676,-0.534267525675749,-0.0824825049837395,SWI,NFNW,7,1,,,"",
2020,SWI1E+1.res7.NFNW,0.307178186156801,0.31005964014006,-0.0222131935023199,-0.061949223003234,SWI,NFNW,7,1,,,"",
2021,SWI1E+1.res7.NFNW,0.19943994330724,0.318204856351677,-0.0982404092966204,0.0417096329522421,SWI,NFNW,7,1,,,"",
2017,SWI1E+16.res1.gauss_0.5sigma,0.367335997197135,0.367382573366126,0.168693906794667,0.0766781043958638,SWI,gauss,1,16,,0.5,"",
2018,SWI1E+16.res1.gauss_0.5sigma,0.251777892117823,0.25428288432688,-0.294823051782575,-0.47000223509758,SWI,gauss,1,16,,0.5,"",
2019,SWI1E+16.res1.gauss_0.5sigma,0.488277898561345,0.584245742137366,-0.0600339784885273,0.0774078221863492,SWI,gauss,1,16,,0.5,"",
2020,SWI1E+16.res1.gauss_0.5sigma,0.218301057466745,0.22393213540607,-0.164086584961483,-0.271535725865401,SWI,gauss,1,16,,0.5,"",
2021,SWI1E+16.res1.gauss_0.5sigma,0.180641369033178,0.308121796537925,-0.104989701317344,0.0442883347524098,SWI,gauss,1,16,,0.5,"",
2017,SWI1E+16.res1.gauss_1.0sigma,0.499639905573663,0.501434754854236,0.276371020479525,0.25437903249957,SWI,gauss,1,16,,1,"",
2018,SWI1E+16.res1.gauss_1.0sigma,0.200995081213908,0.201191769866631,-0.342011399787621,-0.534075283321818,SWI,gauss,1,16,,1,"",
2019,SWI1E+16.res1.gauss_1.0sigma,0.155212577769712,0.364991463261065,-0.390978104775722,0.0995425436216877,SWI,gauss,1,16,,1,"",
2020,SWI1E+16.res1.gauss_1.0sigma,0.273832018353288,0.283555926853454,-0.00722731390139943,-0.0431297727921092,SWI,gauss,1,16,,1,"",
2021,SWI1E+16.res1.gauss_1.0sigma,0.266193889083455,0.348961153674179,0.104725322578348,0.138911934504899,SWI,gauss,1,16,,1,"",
2017,SWI1E+16.res1.gauss_1.5sigma,0.565255534420541,0.569487874496873,0.300428861317375,0.283532619704971,SWI,gauss,1,16,,1.5,"",
2018,SWI1E+16.res1.gauss_1.5sigma,0.36106612638659,0.361512851238194,0.166706202802323,-0.0248908036989393,SWI,gauss,1,16,,1.5,"",
2019,SWI1E+16.res1.gauss_1.5sigma,0.408422578912736,0.556090827604859,0.195654275938503,0.335159952847167,SWI,gauss,1,16,,1.5,"",
2020,SWI1E+16.res1.gauss_1.5sigma,0.322165647667395,0.329495313672557,0.119563274053768,0.0834436401627477,SWI,gauss,1,16,,1.5,"",
2021,SWI1E+16.res1.gauss_1.5sigma,0.318399112030242,0.385197402167555,0.156569374530931,0.171578611918238,SWI,gauss,1,16,,1.5,"",
2017,SWI1E+16.res1.gauss_2.0sigma,0.647899064807184,0.651667045185279,0.371567514182393,0.351937108678255,SWI,gauss,1,16,,2,"",
2018,SWI1E+16.res1.gauss_2.0sigma,0.524121529695756,0.524636050725276,0.422980063312425,0.31952119147743,SWI,gauss,1,16,,2,"",
2019,SWI1E+16.res1.gauss_2.0sigma,0.555114457425206,0.662082819817911,0.45056616650394,0.513976990287139,SWI,gauss,1,16,,2,"",
2020,SWI1E+16.res1.gauss_2.0sigma,0.38792280102918,0.393678690890603,0.252877375061873,0.219370836263182,SWI,gauss,1,16,,2,"",
2021,SWI1E+16.res1.gauss_2.0sigma,0.373596372087164,0.428625865243813,0.226018366018406,0.226452281985648,SWI,gauss,1,16,,2,"",
2017,SWI1E+16.res1.gauss_2.5sigma,0.67871281680231,0.68226984453574,0.408688627456179,0.386715382511807,SWI,gauss,1,16,,2.5,"",
2018,SWI1E+16.res1.gauss_2.5sigma,0.535175539843596,0.535808293862294,0.42660067972462,0.338887524399476,SWI,gauss,1,16,,2.5,"",
2019,SWI1E+16.res1.gauss_2.5sigma,0.581511992255632,0.681246768831671,0.468298087622315,0.535427214991611,SWI,gauss,1,16,,2.5,"",
2020,SWI1E+16.res1.gauss_2.5sigma,0.441497836707526,0.447505980835799,0.354019358108378,0.326991027803813,SWI,gauss,1,16,,2.5,"",
2021,SWI1E+16.res1.gauss_2.5sigma,0.414223560835251,0.459773359013524,0.289564737714468,0.27706796014918,SWI,gauss,1,16,,2.5,"",
2017,SWI1E+16.res1.gauss_3.5sigma,0.717576900284206,0.721251742079344,0.463114948271157,0.439110606250081,SWI,gauss,1,16,,3.5,"",
2018,SWI1E+16.res1.gauss_3.5sigma,0.512098894875552,0.513138537717166,0.395245522188258,0.318881159272198,SWI,gauss,1,16,,3.5,"",
2019,SWI1E+16.res1.gauss_3.5sigma,0.576069281113801,0.676957700401159,0.42835814942266,0.50627679681323,SWI,gauss,1,16,,3.5,"",
2020,SWI1E+16.res1.gauss_3.5sigma,0.503958151567603,0.512217618682621,0.44159762064158,0.422140689744493,SWI,gauss,1,16,,3.5,"",
2021,SWI1E+16.res1.gauss_3.5sigma,0.439611385836669,0.482155779530053,0.339159512847973,0.322346671895063,SWI,gauss,1,16,,3.5,"",
2017,SWI1E+16.res1.gauss_5.0sigma,0.740624958024512,0.743790653965382,0.520138056310225,0.488909950543176,SWI,gauss,1,16,,5,"",
2018,SWI1E+16.res1.gauss_5.0sigma,0.545664901270439,0.546600808034484,0.412898417039105,0.337058637122131,SWI,gauss,1,16,,5,"",
2019,SWI1E+16.res1.gauss_5.0sigma,0.583984911842164,0.677358061732502,0.487640725288152,0.536873628915219,SWI,gauss,1,16,,5,"",
2020,SWI1E+16.res1.gauss_5.0sigma,0.526684822931297,0.53325338031989,0.465402511497511,0.442896176858111,SWI,gauss,1,16,,5,"",
2021,SWI1E+16.res1.gauss_5.0sigma,0.488394307536831,0.519092932030181,0.422834732889493,0.401960830887467,SWI,gauss,1,16,,5,"",
2017,SWI1E+16.res1.NFNW,0.404205886930652,0.404345384689474,0.205756937058656,0.147348394399172,SWI,NFNW,1,16,,,"",
2018,SWI1E+16.res1.NFNW,0.266751659423799,0.268573314522654,-0.25011719959885,-0.413843096576632,SWI,NFNW,1,16,,,"",
2019,SWI1E+16.res1.NFNW,0.343224500554516,0.473869494335928,-0.206425580263455,0.0204645168226452,SWI,NFNW,1,16,,,"",
2020,SWI1E+16.res1.NFNW,0.2424673129284,0.248109176581372,-0.0740102181465788,-0.157652814410455,SWI,NFNW,1,16,,,"",
2021,SWI1E+16.res1.NFNW,0.273993102138911,0.348841622342221,0.065374913077291,0.106630017924698,SWI,NFNW,1,16,,,"",
2017,SWI1E+16.res1.SSC1,0.54121002089477,0.541765452593419,0.365879498929201,0.334648600032539,SWI,SSC,1,16,1,,"",
2018,SWI1E+16.res1.SSC1,0.249330983588223,0.251491798391887,-0.169860859508777,-0.354034374021868,SWI,SSC,1,16,1,,"",
2019,SWI1E+16.res1.SSC1,0.303639985825236,0.433095625345348,-0.0902708650452212,0.0952251621356434,SWI,SSC,1,16,1,,"",
2020,SWI1E+16.res1.SSC1,0.197627251908042,0.206430267879494,-0.327506378550686,-0.397629205717015,SWI,SSC,1,16,1,,"",
2021,SWI1E+16.res1.SSC1,0.291401423142029,0.370302459894937,0.11317267432938,0.154503679811848,SWI,SSC,1,16,1,,"",
2017,SWI1E+16.res1.SSC10,0.739509520281225,0.743336908287989,0.528241468172909,0.4953673231565,SWI,SSC,1,16,10,,"",
2018,SWI1E+16.res1.SSC10,0.498590137421061,0.499815429600664,0.378033674677598,0.292106953628797,SWI,SSC,1,16,10,,"",
2019,SWI1E+16.res1.SSC10,0.573677665728157,0.673912989258217,0.466644419162835,0.522976425644772,SWI,SSC,1,16,10,,"",
2020,SWI1E+16.res1.SSC10,0.528057257727217,0.535756552788611,0.457859508383657,0.433856446998228,SWI,SSC,1,16,10,,"",
2021,SWI1E+16.res1.SSC10,0.487239279485356,0.519885144848562,0.424852313199332,0.411317551959849,SWI,SSC,1,16,10,,"",
2017,SWI1E+16.res1.SSC2,0.44885616342595,0.451829272706477,0.230534559221769,0.204145266585815,SWI,SSC,1,16,2,,"",
2018,SWI1E+16.res1.SSC2,0.164470677422553,0.164923693880779,-0.463920384319779,-0.626045960710776,SWI,SSC,1,16,2,,"",
2019,SWI1E+16.res1.SSC2,0.0649019944974988,0.319520694122611,-0.720674003536459,0.0423607114011791,SWI,SSC,1,16,2,,"",
2020,SWI1E+16.res1.SSC2,0.25742716274719,0.266078842283784,-0.0717265231061276,-0.11926327209184,SWI,SSC,1,16,2,,"",
2021,SWI1E+16.res1.SSC2,0.236394777508877,0.327315028458169,0.0621905430963499,0.105653330981833,SWI,SSC,1,16,2,,"",
2017,SWI1E+16.res1.SSC3,0.552816246162015,0.557550124908349,0.298662420776482,0.27871336650868,SWI,SSC,1,16,3,,"",
2018,SWI1E+16.res1.SSC3,0.397970374789765,0.398778254958808,0.230879198854002,0.0479095331214786,SWI,SSC,1,16,3,,"",
2019,SWI1E+16.res1.SSC3,0.498798065775937,0.636804173651864,0.265917594883073,0.381891320140406,SWI,SSC,1,16,3,,"",
2020,SWI1E+16.res1.SSC3,0.312093203722739,0.319014603460626,0.0833104754498899,0.0441161468614057,SWI,SSC,1,16,3,,"",
2021,SWI1E+16.res1.SSC3,0.310113165744715,0.37852582525554,0.145850374700909,0.162343475090525,SWI,SSC,1,16,3,,"",
2017,SWI1E+16.res1.SSC4,0.660515030803124,0.666169866440282,0.39078962774532,0.372062976558157,SWI,SSC,1,16,4,,"",
2018,SWI1E+16.res1.SSC4,0.51392240662107,0.515029180911043,0.418160219514642,0.314951283053853,SWI,SSC,1,16,4,,"",
2019,SWI1E+16.res1.SSC4,0.569032056653223,0.68313468199211,0.436563658866039,0.516481798047272,SWI,SSC,1,16,4,,"",
2020,SWI1E+16.res1.SSC4,0.398087034577154,0.405419384008362,0.272218194259297,0.244181899761384,SWI,SSC,1,16,4,,"",
2021,SWI1E+16.res1.SSC4,0.387567619823815,0.437752503309432,0.252093465726285,0.24366268000206,SWI,SSC,1,16,4,,"",
2017,SWI1E+16.res1.SSC5,0.694011056070875,0.697895398410669,0.432947209055599,0.410299197261858,SWI,SSC,1,16,5,,"",
2018,SWI1E+16.res1.SSC5,0.51291023190826,0.513865831717577,0.405375769749666,0.318998618614211,SWI,SSC,1,16,5,,"",
2019,SWI1E+16.res1.SSC5,0.586065612967458,0.687912705327745,0.446867721020731,0.540642558049178,SWI,SSC,1,16,5,,"",
2020,SWI1E+16.res1.SSC5,0.474187202888387,0.481377520369251,0.405257974768768,0.385544450343314,SWI,SSC,1,16,5,,"",
2021,SWI1E+16.res1.SSC5,0.437406947990951,0.47684370922683,0.330236042525382,0.306599889246484,SWI,SSC,1,16,5,,"",
2017,SWI1E+16.res1.SSC7,0.732106295065417,0.735758753531013,0.498519907128873,0.472928789993719,SWI,SSC,1,16,7,,"",
2018,SWI1E+16.res1.SSC7,0.524660617349431,0.526045533488141,0.405121900561625,0.333383527638291,SWI,SSC,1,16,7,,"",
2019,SWI1E+16.res1.SSC7,0.610794399600808,0.708418281466863,0.483079650655322,0.564156808453451,SWI,SSC,1,16,7,,"",
2020,SWI1E+16.res1.SSC7,0.529871615398526,0.539675193773693,0.46744273803499,0.451556445757554,SWI,SSC,1,16,7,,"",
2021,SWI1E+16.res1.SSC7,0.448030437835023,0.489216106590109,0.356504456110058,0.337426551889503,SWI,SSC,1,16,7,,"",
2017,SWI1E+16.res10.NFNW,0.667385711928092,0.667979572709227,0.492599137249622,0.436562281748808,SWI,NFNW,10,16,,,"",
2018,SWI1E+16.res10.NFNW,0.511576661860145,0.51425866359889,0.299193505599857,0.202351061082231,SWI,NFNW,10,16,,,"",
2019,SWI1E+16.res10.NFNW,0.584073633231535,0.659188668898439,0.375102857451247,0.414074547846003,SWI,NFNW,10,16,,,"",
2020,SWI1E+16.res10.NFNW,0.49947402121512,0.501909133153035,0.422294331077696,0.391452430354675,SWI,NFNW,10,16,,,"",
2021,SWI1E+16.res10.NFNW,0.374804013183785,0.451415648720957,0.253901840165003,0.294892967887272,SWI,NFNW,10,16,,,"",
2017,SWI1E+16.res2.NFNW,0.674447445352561,0.674726167009658,0.424592908664987,0.398342856500581,SWI,NFNW,2,16,,,"",
2018,SWI1E+16.res2.NFNW,0.368812707646821,0.369617455007281,0.217371073768701,0.0570507799046666,SWI,NFNW,2,16,,,"",
2019,SWI1E+16.res2.NFNW,0.386745087643294,0.498018588573418,0.228459456338288,0.287828837364278,SWI,NFNW,2,16,,,"",
2020,SWI1E+16.res2.NFNW,0.300672185476119,0.30536206861996,-0.0144783083462249,-0.0745027361855954,SWI,NFNW,2,16,,,"",
2021,SWI1E+16.res2.NFNW,0.384794357579039,0.445525504918325,0.268990708010779,0.279709034956881,SWI,NFNW,2,16,,,"",
2017,SWI1E+16.res3.NFNW,0.765333833834328,0.766760051117724,0.611064148234094,0.571429683790667,SWI,NFNW,3,16,,,"",
2018,SWI1E+16.res3.NFNW,0.58411494288086,0.584222696211623,0.46966539854379,0.385668178657716,SWI,NFNW,3,16,,,"",
2019,SWI1E+16.res3.NFNW,0.608020286947252,0.691872119686665,0.505124128434934,0.526151884767513,SWI,NFNW,3,16,,,"",
2020,SWI1E+16.res3.NFNW,0.390751233961905,0.397286183812048,0.250034891650372,0.214729793914347,SWI,NFNW,3,16,,,"",
2021,SWI1E+16.res3.NFNW,0.400903408535333,0.464563633966435,0.314181212718533,0.326721311580999,SWI,NFNW,3,16,,,"",
2017,SWI1E+16.res4.NFNW,0.757927299510365,0.758178298071282,0.585490146332639,0.539444643299311,SWI,NFNW,4,16,,,"",
2018,SWI1E+16.res4.NFNW,0.578292290032058,0.578335597443681,0.503581852251557,0.405010623124203,SWI,NFNW,4,16,,,"",
2019,SWI1E+16.res4.NFNW,0.46498411090656,0.556955370570705,0.299468688511759,0.360122907231259,SWI,NFNW,4,16,,,"",
2020,SWI1E+16.res4.NFNW,0.447968243852702,0.450668179491847,0.367684985394787,0.337090351859055,SWI,NFNW,4,16,,,"",
2021,SWI1E+16.res4.NFNW,0.41999937588646,0.478688679013008,0.312902506469177,0.320936847067031,SWI,NFNW,4,16,,,"",
2017,SWI1E+16.res5.NFNW,0.794367735590097,0.795781938141641,0.677655318304383,0.635511023173527,SWI,NFNW,5,16,,,"",
2018,SWI1E+16.res5.NFNW,0.631975276915942,0.632502522387055,0.532838012033192,0.453461479938499,SWI,NFNW,5,16,,,"",
2019,SWI1E+16.res5.NFNW,0.608145132617286,0.694966156060075,0.463076018583389,0.498964632560315,SWI,NFNW,5,16,,,"",
2020,SWI1E+16.res5.NFNW,0.486225336772629,0.49534798826427,0.420077654143246,0.393066895001949,SWI,NFNW,5,16,,,"",
2021,SWI1E+16.res5.NFNW,0.418965088050281,0.47682444598259,0.33063180678841,0.341501293778889,SWI,NFNW,5,16,,,"",
2017,SWI1E+16.res7.NFNW,0.772171418402209,0.77227077603158,0.658423831557053,0.611530942228094,SWI,NFNW,7,16,,,"",
2018,SWI1E+16.res7.NFNW,0.654612503166486,0.654612646806858,0.556697380178403,0.466005351947084,SWI,NFNW,7,16,,,"",
2019,SWI1E+16.res7.NFNW,0.641848960484052,0.715252976855464,0.506079159305459,0.526644863201252,SWI,NFNW,7,16,,,"",
2020,SWI1E+16.res7.NFNW,0.505897809687514,0.511913760362261,0.442491949983028,0.410655286598852,SWI,NFNW,7,16,,,"",
2021,SWI1E+16.res7.NFNW,0.453791377689883,0.506354680015172,0.385953746339415,0.399596993468876,SWI,NFNW,7,16,,,"",
2017,SWI1E+2.res1.gauss_0.5sigma,0.653692765753454,0.654816041228353,0.498860856817599,0.43728257246238,SWI,gauss,1,2,,0.5,"",
2018,SWI1E+2.res1.gauss_0.5sigma,0.495975576753895,0.497891493736959,0.327316104401125,0.196103395441833,SWI,gauss,1,2,,0.5,"",
2019,SWI1E+2.res1.gauss_0.5sigma,0.403851590625477,0.490308449747224,-0.0371073307412802,0.0883387791554084,SWI,gauss,1,2,,0.5,"",
2020,SWI1E+2.res1.gauss_0.5sigma,0.428549938982118,0.428779172688586,0.340333035321592,0.293475576581962,SWI,gauss,1,2,,0.5,"",
2021,SWI1E+2.res1.gauss_0.5sigma,0.435016237614466,0.496408344425917,0.339892298457828,0.358808334442167,SWI,gauss,1,2,,0.5,"",
2017,SWI1E+2.res1.gauss_1.0sigma,0.633916785169881,0.635682085063408,0.472946146507394,0.411651118295996,SWI,gauss,1,2,,1,"",
2018,SWI1E+2.res1.gauss_1.0sigma,0.546684742116549,0.547729172870661,0.413077821061379,0.294811963452313,SWI,gauss,1,2,,1,"",
2019,SWI1E+2.res1.gauss_1.0sigma,0.364315977658725,0.462040719715451,0.00555933026906299,0.138745341879819,SWI,gauss,1,2,,1,"",
2020,SWI1E+2.res1.gauss_1.0sigma,0.454962517940375,0.455025064735733,0.375001463319168,0.340518790379217,SWI,gauss,1,2,,1,"",
2021,SWI1E+2.res1.gauss_1.0sigma,0.435283765741524,0.493879033687784,0.338363810855819,0.357275070382574,SWI,gauss,1,2,,1,"",
2017,SWI1E+2.res1.gauss_1.5sigma,0.651830005256902,0.653252306122384,0.489003853119734,0.428095403551298,SWI,gauss,1,2,,1.5,"",
2018,SWI1E+2.res1.gauss_1.5sigma,0.557858191469021,0.558002100641138,0.439195177213149,0.323699379467476,SWI,gauss,1,2,,1.5,"",
2019,SWI1E+2.res1.gauss_1.5sigma,0.3879943517169,0.491644497222041,0.0220652511017416,0.164699844353375,SWI,gauss,1,2,,1.5,"",
2020,SWI1E+2.res1.gauss_1.5sigma,0.520031964580977,0.52029315820369,0.468946642553475,0.443435766156226,SWI,gauss,1,2,,1.5,"",
2021,SWI1E+2.res1.gauss_1.5sigma,0.458074188248337,0.511171470075721,0.377030703811627,0.387645318418546,SWI,gauss,1,2,,1.5,"",
2017,SWI1E+2.res1.gauss_2.0sigma,0.660926972701417,0.661998546369098,0.501103056146325,0.440056622760373,SWI,gauss,1,2,,2,"",
2018,SWI1E+2.res1.gauss_2.0sigma,0.554283934955242,0.554308433611573,0.436683043652242,0.320737150914715,SWI,gauss,1,2,,2,"",
2019,SWI1E+2.res1.gauss_2.0sigma,0.411167761208189,0.518187636140928,0.0324257690102752,0.18069743360044,SWI,gauss,1,2,,2,"",
2020,SWI1E+2.res1.gauss_2.0sigma,0.54026931352213,0.54103872753865,0.49981283168711,0.476685469714097,SWI,gauss,1,2,,2,"",
2021,SWI1E+2.res1.gauss_2.0sigma,0.471236014825408,0.519967470920638,0.399105345292416,0.403280691343278,SWI,gauss,1,2,,2,"",
2017,SWI1E+2.res1.gauss_2.5sigma,0.677335240546363,0.678126406046754,0.524140326390355,0.464313508325889,SWI,gauss,1,2,,2.5,"",
2018,SWI1E+2.res1.gauss_2.5sigma,0.558883565423717,0.559003627920701,0.443413665465324,0.329689613678716,SWI,gauss,1,2,,2.5,"",
2019,SWI1E+2.res1.gauss_2.5sigma,0.442988624306565,0.545873039297389,0.0906385524500422,0.225998455274206,SWI,gauss,1,2,,2.5,"",
2020,SWI1E+2.res1.gauss_2.5sigma,0.530214739249931,0.531749940919326,0.486292723086757,0.461492125046139,SWI,gauss,1,2,,2.5,"",
2021,SWI1E+2.res1.gauss_2.5sigma,0.456686214089468,0.50632760417558,0.377393908389568,0.381632041310869,SWI,gauss,1,2,,2.5,"",
2017,SWI1E+2.res1.gauss_3.5sigma,0.683172772791375,0.683957216036063,0.525377228849777,0.467460031754914,SWI,gauss,1,2,,3.5,"",
2018,SWI1E+2.res1.gauss_3.5sigma,0.509127889761571,0.512361191977029,0.329471011011683,0.226930025123191,SWI,gauss,1,2,,3.5,"",
2019,SWI1E+2.res1.gauss_3.5sigma,0.500457962929031,0.581789502217567,0.204309807093327,0.276202630229399,SWI,gauss,1,2,,3.5,"",
2020,SWI1E+2.res1.gauss_3.5sigma,0.430513224609221,0.43304312412285,0.34743674473635,0.308155066233988,SWI,gauss,1,2,,3.5,"",
2021,SWI1E+2.res1.gauss_3.5sigma,0.390074285365525,0.452751972684137,0.257030731345577,0.279125054930795,SWI,gauss,1,2,,3.5,"",
2017,SWI1E+2.res1.gauss_5.0sigma,0.6277827008687,0.629370514796331,0.434297954470046,0.373723586472678,SWI,gauss,1,2,,5,"",
2018,SWI1E+2.res1.gauss_5.0sigma,0.426683028007541,0.429329825495046,0.198956671768976,0.0813532055169727,SWI,gauss,1,2,,5,"",
2019,SWI1E+2.res1.gauss_5.0sigma,0.429323593549204,0.525722271959786,0.0303358040486004,0.159125552901668,SWI,gauss,1,2,,5,"",
2020,SWI1E+2.res1.gauss_5.0sigma,0.464339391964123,0.465458378412035,0.393731188160964,0.355622442866691,SWI,gauss,1,2,,5,"",
2021,SWI1E+2.res1.gauss_5.0sigma,0.429797321607634,0.476658962207435,0.32764639351621,0.326012370442517,SWI,gauss,1,2,,5,"",
2017,SWI1E+2.res1.NFNW,0.67168055799802,0.672386280640948,0.525585640839866,0.4628944078047,SWI,NFNW,1,2,,,"",
2018,SWI1E+2.res1.NFNW,0.516129173550347,0.519541145371361,0.365775845854781,0.234773240519391,SWI,NFNW,1,2,,,"",
2019,SWI1E+2.res1.NFNW,0.428688975420125,0.505986792218505,0.0286998341635989,0.122328782844682,SWI,NFNW,1,2,,,"",
2020,SWI1E+2.res1.NFNW,0.460935192003967,0.461068788631907,0.378839130487379,0.337804465003618,SWI,NFNW,1,2,,,"",
2021,SWI1E+2.res1.NFNW,0.414600564795261,0.483844488024486,0.310153246761147,0.341321291679979,SWI,NFNW,1,2,,,"",
2017,SWI1E+2.res1.SSC1,0.619766999404228,0.620883012779543,0.448327430406713,0.384938550111218,SWI,SSC,1,2,1,,"",
2018,SWI1E+2.res1.SSC1,0.488569445415701,0.4897246121715,0.298665882601077,0.165241419548043,SWI,SSC,1,2,1,,"",
2019,SWI1E+2.res1.SSC1,0.34695473108824,0.448342534498484,-0.0932054030116735,0.0604720293607052,SWI,SSC,1,2,1,,"",
2020,SWI1E+2.res1.SSC1,0.407502536724644,0.407746888184396,0.298907550386638,0.253214432801787,SWI,SSC,1,2,1,,"",
2021,SWI1E+2.res1.SSC1,0.434582686584466,0.491075696572718,0.342065148739839,0.355687535724104,SWI,SSC,1,2,1,,"",
2017,SWI1E+2.res1.SSC10,0.613730258713263,0.615433404073191,0.409240312638143,0.347149056238689,SWI,SSC,1,2,10,,"",
2018,SWI1E+2.res1.SSC10,0.406916114639296,0.409006844905973,0.171359301118555,0.0443219285255251,SWI,SSC,1,2,10,,"",
2019,SWI1E+2.res1.SSC10,0.412645683142447,0.514816346423846,-0.0151775074514099,0.130138960594574,SWI,SSC,1,2,10,,"",
2020,SWI1E+2.res1.SSC10,0.482423454720152,0.483212817498891,0.41331923656724,0.375814602760942,SWI,SSC,1,2,10,,"",
2021,SWI1E+2.res1.SSC10,0.446167462542963,0.489307164850297,0.358284220076573,0.352709726891655,SWI,SSC,1,2,10,,"",
2017,SWI1E+2.res1.SSC2,0.6274021975871,0.629111518325574,0.463095676130214,0.39967787522891,SWI,SSC,1,2,2,,"",
2018,SWI1E+2.res1.SSC2,0.537138849016766,0.538241141363438,0.399468772305218,0.27820169358534,SWI,SSC,1,2,2,,"",
2019,SWI1E+2.res1.SSC2,0.363505360378996,0.462042342703898,-0.00792435425161859,0.129134622467765,SWI,SSC,1,2,2,,"",
2020,SWI1E+2.res1.SSC2,0.449954267163834,0.450009279476805,0.371618262501938,0.335901110378212,SWI,SSC,1,2,2,,"",
2021,SWI1E+2.res1.SSC2,0.440471296789584,0.498016911104903,0.348354503303547,0.365413754562028,SWI,SSC,1,2,2,,"",
2017,SWI1E+2.res1.SSC3,0.642494863834432,0.644100986782127,0.476500707612944,0.413668021266009,SWI,SSC,1,2,3,,"",
2018,SWI1E+2.res1.SSC3,0.537032886126339,0.537304247538302,0.407173000057751,0.284741780425682,SWI,SSC,1,2,3,,"",
2019,SWI1E+2.res1.SSC3,0.368118132301687,0.474536432929352,-0.0161457677569483,0.134994049187036,SWI,SSC,1,2,3,,"",
2020,SWI1E+2.res1.SSC3,0.513418955650656,0.513507554298083,0.459725212654399,0.434910244582591,SWI,SSC,1,2,3,,"",
2021,SWI1E+2.res1.SSC3,0.453025783534849,0.50590674321058,0.36917561797601,0.378868782485786,SWI,SSC,1,2,3,,"",
2017,SWI1E+2.res1.SSC4,0.672005994602687,0.672865611888026,0.514122291923578,0.452952387022262,SWI,SSC,1,2,4,,"",
2018,SWI1E+2.res1.SSC4,0.547773789694239,0.547809589331934,0.433081847125074,0.313436635166544,SWI,SSC,1,2,4,,"",
2019,SWI1E+2.res1.SSC4,0.401401267991425,0.509829111646754,0.0159634126292096,0.168648563592684,SWI,SSC,1,2,4,,"",
2020,SWI1E+2.res1.SSC4,0.531598900728572,0.532378885681132,0.488441374362316,0.465419779367756,SWI,SSC,1,2,4,,"",
2021,SWI1E+2.res1.SSC4,0.471619475545639,0.519847891052119,0.39945672317488,0.402553175825138,SWI,SSC,1,2,4,,"",
2017,SWI1E+2.res1.SSC5,0.685957602687485,0.686603408300173,0.535102834822251,0.476494861063274,SWI,SSC,1,2,5,,"",
2018,SWI1E+2.res1.SSC5,0.564083193161142,0.564150945449116,0.451223383680316,0.339858274773654,SWI,SSC,1,2,5,,"",
2019,SWI1E+2.res1.SSC5,0.4389122996934,0.543868325042696,0.094268360487154,0.231211294735796,SWI,SSC,1,2,5,,"",
2020,SWI1E+2.res1.SSC5,0.53582986229594,0.537946543699185,0.488375822186025,0.464009214670112,SWI,SSC,1,2,5,,"",
2021,SWI1E+2.res1.SSC5,0.454387312944593,0.504022353561932,0.373052788585147,0.377235273129178,SWI,SSC,1,2,5,,"",
2017,SWI1E+2.res1.SSC7,0.681919122381288,0.682605682282027,0.518755864433002,0.461346051171021,SWI,SSC,1,2,7,,"",
2018,SWI1E+2.res1.SSC7,0.500207114035227,0.502162400330348,0.312766824416102,0.207327744318462,SWI,SSC,1,2,7,,"",
2019,SWI1E+2.res1.SSC7,0.472023031354073,0.565337768297161,0.156756442548832,0.259065530578323,SWI,SSC,1,2,7,,"",
2020,SWI1E+2.res1.SSC7,0.462775676362356,0.46585924939228,0.397453289596735,0.361238264139682,SWI,SSC,1,2,7,,"",
2021,SWI1E+2.res1.SSC7,0.40594218643329,0.464266599839112,0.288909464811459,0.30379213624409,SWI,SSC,1,2,7,,"",
2017,SWI1E+2.res10.NFNW,0.341148700352289,0.35535835120582,-0.0474491177194518,-0.097615250784746,SWI,NFNW,10,2,,,"",
2018,SWI1E+2.res10.NFNW,0.353880645323573,0.363657670165669,0.0647201019461674,-0.0560884747413551,SWI,NFNW,10,2,,,"",
2019,SWI1E+2.res10.NFNW,0.0465474622857911,0.290651680372415,-0.598103723359417,-0.0943117338793649,SWI,NFNW,10,2,,,"",
2020,SWI1E+2.res10.NFNW,0.324319626882359,0.326155220002201,0.0302606243452848,-0.0160571473055875,SWI,NFNW,10,2,,,"",
2021,SWI1E+2.res10.NFNW,0.196437104019644,0.31475264682864,-0.0869647338513654,0.0449898092915378,SWI,NFNW,10,2,,,"",
2017,SWI1E+2.res2.NFNW,0.575540093830978,0.579468205644493,0.384879735281118,0.3207613672396,SWI,NFNW,2,2,,,"",
2018,SWI1E+2.res2.NFNW,0.407244083722394,0.410952245528839,0.154915618964481,0.0176269057356202,SWI,NFNW,2,2,,,"",
2019,SWI1E+2.res2.NFNW,0.22235119130306,0.354810826983412,-0.259912884188141,-0.0278874115345938,SWI,NFNW,2,2,,,"",
2020,SWI1E+2.res2.NFNW,0.439608146889854,0.440002205094703,0.287657812740618,0.253126008724424,SWI,NFNW,2,2,,,"",
2021,SWI1E+2.res2.NFNW,0.389159744875727,0.456394733294666,0.268518766336704,0.297930726705395,SWI,NFNW,2,2,,,"",
2017,SWI1E+2.res3.NFNW,0.532532389732271,0.537582480530526,0.339362336388481,0.27121519600598,SWI,NFNW,3,2,,,"",
2018,SWI1E+2.res3.NFNW,0.357287191572126,0.360645388931737,0.091798177204877,-0.053301692532258,SWI,NFNW,3,2,,,"",
2019,SWI1E+2.res3.NFNW,0.129287414162555,0.313379988576701,-0.416930829064098,-0.102146381096629,SWI,NFNW,3,2,,,"",
2020,SWI1E+2.res3.NFNW,0.46328431477579,0.464455271159845,0.284494189279829,0.256525103306891,SWI,NFNW,3,2,,,"",
2021,SWI1E+2.res3.NFNW,0.363131731160835,0.423905700888625,0.217666132406184,0.23154358043209,SWI,NFNW,3,2,,,"",
2017,SWI1E+2.res4.NFNW,0.491163954482946,0.500111037133112,0.292092939921216,0.223977118023467,SWI,NFNW,4,2,,,"",
2018,SWI1E+2.res4.NFNW,0.350714774895377,0.356920433175998,0.0790044351399065,-0.0572695842587098,SWI,NFNW,4,2,,,"",
2019,SWI1E+2.res4.NFNW,0.0603285606615124,0.289859850474832,-0.555912440944527,-0.116529180378156,SWI,NFNW,4,2,,,"",
2020,SWI1E+2.res4.NFNW,0.414742199722172,0.417359871680067,0.194388114071679,0.164246779130512,SWI,NFNW,4,2,,,"",
2021,SWI1E+2.res4.NFNW,0.337878840169733,0.40290150246539,0.191901703615704,0.21079424830952,SWI,NFNW,4,2,,,"",
2017,SWI1E+2.res5.NFNW,0.471269981473226,0.481925177593168,0.261620367659855,0.195451232965608,SWI,NFNW,5,2,,,"",
2018,SWI1E+2.res5.NFNW,0.354717797145188,0.362022511336596,0.0803000301396159,-0.0511636829757054,SWI,NFNW,5,2,,,"",
2019,SWI1E+2.res5.NFNW,0.0464513892118454,0.287400511248625,-0.598586724729048,-0.118861244556206,SWI,NFNW,5,2,,,"",
2020,SWI1E+2.res5.NFNW,0.381965253426305,0.384029669716677,0.128920745085895,0.0930099032400695,SWI,NFNW,5,2,,,"",
2021,SWI1E+2.res5.NFNW,0.30327339088884,0.378509418419388,0.131886527454889,0.166848226899048,SWI,NFNW,5,2,,,"",
2017,SWI1E+2.res7.NFNW,0.403533231828918,0.41709729248807,0.140294132631858,0.080373615628296,SWI,NFNW,7,2,,,"",
2018,SWI1E+2.res7.NFNW,0.344165082413568,0.353233147100123,0.0500988078890939,-0.0791006337109064,SWI,NFNW,7,2,,,"",
2019,SWI1E+2.res7.NFNW,0.00748121367001444,0.284638590775118,-0.648886214207058,-0.114067639179719,SWI,NFNW,7,2,,,"",
2020,SWI1E+2.res7.NFNW,0.357371473103122,0.359583758122633,0.0931222386820079,0.0528739132335833,SWI,NFNW,7,2,,,"",
2021,SWI1E+2.res7.NFNW,0.274425015112634,0.357751154931732,0.0821684102584994,0.132253014828829,SWI,NFNW,7,2,,,"",
2017,SWI1E+32.res1.gauss_0.5sigma,0.426255450993019,0.426816438333591,0.242930942496007,0.180078176850414,SWI,gauss,1,32,,0.5,"",
2018,SWI1E+32.res1.gauss_0.5sigma,0.235763991273413,0.236173685599539,-0.255718976656034,-0.430719454155559,SWI,gauss,1,32,,0.5,"",
2019,SWI1E+32.res1.gauss_0.5sigma,0.335536723374556,0.485039354613975,-0.134197751825516,0.0930387853722563,SWI,gauss,1,32,,0.5,"",
2020,SWI1E+32.res1.gauss_0.5sigma,0.222026982390836,0.236130162682706,-0.108588195254711,-0.18723845015003,SWI,gauss,1,32,,0.5,"",
2021,SWI1E+32.res1.gauss_0.5sigma,0.154933919159777,0.299868375344447,-0.153327458607189,0.0367924744477015,SWI,gauss,1,32,,0.5,"",
2017,SWI1E+32.res1.gauss_1.0sigma,0.513126240343151,0.516244246496017,0.280052959342472,0.260951557789299,SWI,gauss,1,32,,1,"",
2018,SWI1E+32.res1.gauss_1.0sigma,0.236518303953255,0.236542648102087,-0.181068165427368,-0.388936357730931,SWI,gauss,1,32,,1,"",
2019,SWI1E+32.res1.gauss_1.0sigma,0.205676727602281,0.406419317900059,-0.160270544566967,0.184745067623287,SWI,gauss,1,32,,1,"",
2020,SWI1E+32.res1.gauss_1.0sigma,0.289982144762066,0.301106437864452,0.051400249346332,0.0237966246993877,SWI,gauss,1,32,,1,"",
2021,SWI1E+32.res1.gauss_1.0sigma,0.266193889083455,0.348961153674179,0.104725322578348,0.138911934504899,SWI,gauss,1,32,,1,"",
2017,SWI1E+32.res1.gauss_1.5sigma,0.567232255748979,0.571607309220399,0.302297875701657,0.285556724516059,SWI,gauss,1,32,,1.5,"",
2018,SWI1E+32.res1.gauss_1.5sigma,0.364721570085532,0.365244524319292,0.176458598997602,-0.0130640305567593,SWI,gauss,1,32,,1.5,"",
2019,SWI1E+32.res1.gauss_1.5sigma,0.41356379663593,0.561668009059885,0.21434543525728,0.34962902711203,SWI,gauss,1,32,,1.5,"",
2020,SWI1E+32.res1.gauss_1.5sigma,0.323988736472852,0.331455161707901,0.124864478731146,0.0891226141498909,SWI,gauss,1,32,,1.5,"",
2021,SWI1E+32.res1.gauss_1.5sigma,0.318399112030242,0.385197402167555,0.156569374530931,0.171578611918238,SWI,gauss,1,32,,1.5,"",
2017,SWI1E+32.res1.gauss_2.0sigma,0.647899064807184,0.651667045185279,0.371567514182393,0.351937108678255,SWI,gauss,1,32,,2,"",
2018,SWI1E+32.res1.gauss_2.0sigma,0.524121529695756,0.524636050725276,0.422980063312425,0.31952119147743,SWI,gauss,1,32,,2,"",
2019,SWI1E+32.res1.gauss_2.0sigma,0.555114457425206,0.662082819817911,0.45056616650394,0.513976990287139,SWI,gauss,1,32,,2,"",
2020,SWI1E+32.res1.gauss_2.0sigma,0.38792280102918,0.393678690890603,0.252877375061873,0.219370836263182,SWI,gauss,1,32,,2,"",
2021,SWI1E+32.res1.gauss_2.0sigma,0.373596372087164,0.428625865243813,0.226018366018406,0.226452281985648,SWI,gauss,1,32,,2,"",
2017,SWI1E+32.res1.gauss_2.5sigma,0.67871281680231,0.68226984453574,0.408688627456179,0.386715382511807,SWI,gauss,1,32,,2.5,"",
2018,SWI1E+32.res1.gauss_2.5sigma,0.535175539843596,0.535808293862294,0.42660067972462,0.338887524399476,SWI,gauss,1,32,,2.5,"",
2019,SWI1E+32.res1.gauss_2.5sigma,0.581511992255632,0.681246768831671,0.468298087622315,0.535427214991611,SWI,gauss,1,32,,2.5,"",
2020,SWI1E+32.res1.gauss_2.5sigma,0.441497836707526,0.447505980835799,0.354019358108378,0.326991027803813,SWI,gauss,1,32,,2.5,"",
2021,SWI1E+32.res1.gauss_2.5sigma,0.407094574677453,0.454800467596172,0.277104815972302,0.26701175126761,SWI,gauss,1,32,,2.5,"",
2017,SWI1E+32.res1.gauss_3.5sigma,0.717576900284206,0.721251742079344,0.463114948271157,0.439110606250081,SWI,gauss,1,32,,3.5,"",
2018,SWI1E+32.res1.gauss_3.5sigma,0.512098894875552,0.513138537717166,0.395245522188258,0.318881159272198,SWI,gauss,1,32,,3.5,"",
2019,SWI1E+32.res1.gauss_3.5sigma,0.576069281113801,0.676957700401159,0.42835814942266,0.50627679681323,SWI,gauss,1,32,,3.5,"",
2020,SWI1E+32.res1.gauss_3.5sigma,0.503958151567603,0.512217618682621,0.44159762064158,0.422140689744493,SWI,gauss,1,32,,3.5,"",
2021,SWI1E+32.res1.gauss_3.5sigma,0.43920776688745,0.481875665950425,0.338403426480302,0.321729597591236,SWI,gauss,1,32,,3.5,"",
2017,SWI1E+32.res1.gauss_5.0sigma,0.740624958024512,0.743790653965382,0.520138056310225,0.488909950543176,SWI,gauss,1,32,,5,"",
2018,SWI1E+32.res1.gauss_5.0sigma,0.545664901270439,0.546600808034484,0.412898417039105,0.337058637122131,SWI,gauss,1,32,,5,"",
2019,SWI1E+32.res1.gauss_5.0sigma,0.583984911842164,0.677358061732502,0.487640725288152,0.536873628915219,SWI,gauss,1,32,,5,"",
2020,SWI1E+32.res1.gauss_5.0sigma,0.526684822931297,0.53325338031989,0.465402511497511,0.442896176858111,SWI,gauss,1,32,,5,"",
2021,SWI1E+32.res1.gauss_5.0sigma,0.488394307536831,0.519092932030181,0.422834732889493,0.401960830887467,SWI,gauss,1,32,,5,"",
2017,SWI1E+32.res1.NFNW,0.106800550134161,0.115059762911788,-0.605975872172662,-0.662072759533534,SWI,NFNW,1,32,,,"",
2018,SWI1E+32.res1.NFNW,0.027660809278651,0.0524774765776754,-0.77006832279409,-0.782851430375556,SWI,NFNW,1,32,,,"",
2019,SWI1E+32.res1.NFNW,0.110607692728285,0.285304731448893,-0.380419634652717,-0.0175795062967116,SWI,NFNW,1,32,,,"",
2020,SWI1E+32.res1.NFNW,0.153834011953515,0.165461531498593,-0.44952111777264,-0.56746374745901,SWI,NFNW,1,32,,,"",
2021,SWI1E+32.res1.NFNW,0.202242259767319,0.309648023635312,-0.199786016003208,-0.0315288082544567,SWI,NFNW,1,32,,,"",
2017,SWI1E+32.res1.SSC1,0.535727344704457,0.535918125600092,0.35803464979955,0.327233093278309,SWI,SSC,1,32,1,,"",
2018,SWI1E+32.res1.SSC1,0.235551571134908,0.237468012267188,-0.158033624513826,-0.348062698933351,SWI,SSC,1,32,1,,"",
2019,SWI1E+32.res1.SSC1,0.22741388274932,0.383966169817302,-0.129171412148799,0.105740562041841,SWI,SSC,1,32,1,,"",
2020,SWI1E+32.res1.SSC1,0.212270052158163,0.221254408259078,-0.25707062963741,-0.323204693655844,SWI,SSC,1,32,1,,"",
2021,SWI1E+32.res1.SSC1,0.237382550089014,0.337308640427268,0.0423692284403794,0.111816895628346,SWI,SSC,1,32,1,,"",
2017,SWI1E+32.res1.SSC10,0.739509520281225,0.743336908287989,0.528241468172909,0.4953673231565,SWI,SSC,1,32,10,,"",
2018,SWI1E+32.res1.SSC10,0.498590137421061,0.499815429600664,0.378033674677598,0.292106953628797,SWI,SSC,1,32,10,,"",
2019,SWI1E+32.res1.SSC10,0.573677665728157,0.673912989258217,0.466644419162835,0.522976425644772,SWI,SSC,1,32,10,,"",
2020,SWI1E+32.res1.SSC10,0.528057257727217,0.535756552788611,0.457859508383657,0.433856446998228,SWI,SSC,1,32,10,,"",
2021,SWI1E+32.res1.SSC10,0.487239279485356,0.519885144848562,0.424852313199332,0.411317551959849,SWI,SSC,1,32,10,,"",
2017,SWI1E+32.res1.SSC2,0.47408461552421,0.478631512616171,0.248320571046968,0.228466500728865,SWI,SSC,1,32,2,,"",
2018,SWI1E+32.res1.SSC2,0.211304489743985,0.211364112302394,-0.239615756637378,-0.445294068296789,SWI,SSC,1,32,2,,"",
2019,SWI1E+32.res1.SSC2,0.129612384139044,0.363194982950169,-0.413046268262397,0.138336732757531,SWI,SSC,1,32,2,,"",
2020,SWI1E+32.res1.SSC2,0.279146191591965,0.289613922426214,0.0170727039402398,-0.0134792591764104,SWI,SSC,1,32,2,,"",
2021,SWI1E+32.res1.SSC2,0.236394777508877,0.327315028458169,0.0621905430963499,0.105653330981833,SWI,SSC,1,32,2,,"",
2017,SWI1E+32.res1.SSC3,0.55519352084729,0.560107328652186,0.301086959118155,0.28132052516538,SWI,SSC,1,32,3,,"",
2018,SWI1E+32.res1.SSC3,0.401875510932215,0.402797785119092,0.24037571617513,0.05953616647313,SWI,SSC,1,32,3,,"",
2019,SWI1E+32.res1.SSC3,0.503938459647373,0.642855873274335,0.286839623186116,0.399831822376353,SWI,SSC,1,32,3,,"",
2020,SWI1E+32.res1.SSC3,0.314363860422048,0.321448427697482,0.0908604327862524,0.0522535666587112,SWI,SSC,1,32,3,,"",
2021,SWI1E+32.res1.SSC3,0.310113165744715,0.37852582525554,0.145850374700909,0.162343475090525,SWI,SSC,1,32,3,,"",
2017,SWI1E+32.res1.SSC4,0.660515030803124,0.666169866440282,0.39078962774532,0.372062976558157,SWI,SSC,1,32,4,,"",
2018,SWI1E+32.res1.SSC4,0.51392240662107,0.515029180911043,0.418160219514642,0.314951283053853,SWI,SSC,1,32,4,,"",
2019,SWI1E+32.res1.SSC4,0.569032056653223,0.68313468199211,0.436563658866039,0.516481798047272,SWI,SSC,1,32,4,,"",
2020,SWI1E+32.res1.SSC4,0.398087034577154,0.405419384008362,0.272218194259297,0.244181899761384,SWI,SSC,1,32,4,,"",
2021,SWI1E+32.res1.SSC4,0.381225540622505,0.433366134858368,0.242673532535731,0.236111013447188,SWI,SSC,1,32,4,,"",
2017,SWI1E+32.res1.SSC5,0.694011056070875,0.697895398410669,0.432947209055599,0.410299197261858,SWI,SSC,1,32,5,,"",
2018,SWI1E+32.res1.SSC5,0.51291023190826,0.513865831717577,0.405375769749666,0.318998618614211,SWI,SSC,1,32,5,,"",
2019,SWI1E+32.res1.SSC5,0.586065612967458,0.687912705327745,0.446867721020731,0.540642558049178,SWI,SSC,1,32,5,,"",
2020,SWI1E+32.res1.SSC5,0.474187202888387,0.481377520369251,0.405257974768768,0.385544450343314,SWI,SSC,1,32,5,,"",
2021,SWI1E+32.res1.SSC5,0.421904950547317,0.465921037885665,0.299721862053066,0.281537209276597,SWI,SSC,1,32,5,,"",
2017,SWI1E+32.res1.SSC7,0.732106295065417,0.735758753531013,0.498519907128873,0.472928789993719,SWI,SSC,1,32,7,,"",
2018,SWI1E+32.res1.SSC7,0.524660617349431,0.526045533488141,0.405121900561625,0.333383527638291,SWI,SSC,1,32,7,,"",
2019,SWI1E+32.res1.SSC7,0.610794399600808,0.708418281466863,0.483079650655322,0.564156808453451,SWI,SSC,1,32,7,,"",
2020,SWI1E+32.res1.SSC7,0.529871615398526,0.539675193773693,0.46744273803499,0.451556445757554,SWI,SSC,1,32,7,,"",
2021,SWI1E+32.res1.SSC7,0.449279945858871,0.490078346717762,0.358908504600865,0.339386997889825,SWI,SSC,1,32,7,,"",
2017,SWI1E+32.res10.NFNW,0.710484818194553,0.710485576862326,0.566154678148682,0.509944430683994,SWI,NFNW,10,32,,,"",
2018,SWI1E+32.res10.NFNW,0.59400890840307,0.594603373261754,0.492692424181075,0.376031416977866,SWI,NFNW,10,32,,,"",
2019,SWI1E+32.res10.NFNW,0.584073633231535,0.659188668898439,0.375102857451247,0.414074547846003,SWI,NFNW,10,32,,,"",
2020,SWI1E+32.res10.NFNW,0.501208387381015,0.50352071692584,0.425628234748961,0.39490832263363,SWI,NFNW,10,32,,,"",
2021,SWI1E+32.res10.NFNW,0.440480884831867,0.503285572289271,0.356392612280786,0.383869716671588,SWI,NFNW,10,32,,,"",
2017,SWI1E+32.res2.NFNW,0.68661337109471,0.687112506662905,0.432928181041758,0.408970597427148,SWI,NFNW,2,32,,,"",
2018,SWI1E+32.res2.NFNW,0.387656640635808,0.388124179557442,0.254071004704221,0.106634254401919,SWI,NFNW,2,32,,,"",
2019,SWI1E+32.res2.NFNW,0.411355250090502,0.52197658617544,0.312289858232467,0.360463407580969,SWI,NFNW,2,32,,,"",
2020,SWI1E+32.res2.NFNW,0.310949982961477,0.316197682070521,0.021640544147833,-0.0331605045590231,SWI,NFNW,2,32,,,"",
2021,SWI1E+32.res2.NFNW,0.384794357579039,0.445525504918325,0.268990708010779,0.279709034956881,SWI,NFNW,2,32,,,"",
2017,SWI1E+32.res3.NFNW,0.767740187682016,0.769255366480158,0.614036172571359,0.574971048087714,SWI,NFNW,3,32,,,"",
2018,SWI1E+32.res3.NFNW,0.585172154048051,0.585497904126198,0.469972447970385,0.387347647692264,SWI,NFNW,3,32,,,"",
2019,SWI1E+32.res3.NFNW,0.61325712476705,0.702269692594365,0.520969197084773,0.552291560456624,SWI,NFNW,3,32,,,"",
2020,SWI1E+32.res3.NFNW,0.401836902538729,0.409395750283164,0.275425954836148,0.243546917685012,SWI,NFNW,3,32,,,"",
2021,SWI1E+32.res3.NFNW,0.40021960559614,0.463139704196925,0.313617328274901,0.324373751512539,SWI,NFNW,3,32,,,"",
2017,SWI1E+32.res4.NFNW,0.752293081834102,0.752886556154474,0.57671201209967,0.532879041919823,SWI,NFNW,4,32,,,"",
2018,SWI1E+32.res4.NFNW,0.583475652669367,0.583485705093542,0.50724831940876,0.410988895127017,SWI,NFNW,4,32,,,"",
2019,SWI1E+32.res4.NFNW,0.478594267412878,0.57126810294622,0.329001323322151,0.387519197412812,SWI,NFNW,4,32,,,"",
2020,SWI1E+32.res4.NFNW,0.453863832374371,0.456897131978326,0.376759111351976,0.347236955043268,SWI,NFNW,4,32,,,"",
2021,SWI1E+32.res4.NFNW,0.408887654799115,0.467920773989652,0.296208471633416,0.302151612412852,SWI,NFNW,4,32,,,"",
2017,SWI1E+32.res5.NFNW,0.782013501914878,0.783685677073701,0.658938172376249,0.617244635766877,SWI,NFNW,5,32,,,"",
2018,SWI1E+32.res5.NFNW,0.627087633246144,0.627817249085279,0.526746167033381,0.446847088917942,SWI,NFNW,5,32,,,"",
2019,SWI1E+32.res5.NFNW,0.608145132617286,0.694966156060075,0.463076018583389,0.498964632560315,SWI,NFNW,5,32,,,"",
2020,SWI1E+32.res5.NFNW,0.486225336772629,0.49534798826427,0.420077654143246,0.393066895001949,SWI,NFNW,5,32,,,"",
2021,SWI1E+32.res5.NFNW,0.392186337977755,0.456107093291975,0.295491204019571,0.308027880535683,SWI,NFNW,5,32,,,"",
2017,SWI1E+32.res7.NFNW,0.764988285641081,0.765429183866603,0.645274656048869,0.599854609348505,SWI,NFNW,7,32,,,"",
2018,SWI1E+32.res7.NFNW,0.648912509334231,0.649136223440508,0.541265235610824,0.454353974076578,SWI,NFNW,7,32,,,"",
2019,SWI1E+32.res7.NFNW,0.641848960484052,0.715252976855464,0.506079159305459,0.526644863201252,SWI,NFNW,7,32,,,"",
2020,SWI1E+32.res7.NFNW,0.505897809687514,0.511913760362261,0.442491949983028,0.410655286598852,SWI,NFNW,7,32,,,"",
2021,SWI1E+32.res7.NFNW,0.440194914707444,0.492263338093903,0.367757791819268,0.377632459976197,SWI,NFNW,7,32,,,"",
2017,SWI1E+4.res1.gauss_0.5sigma,0.661802161583248,0.661924499927016,0.500374032037706,0.445960826361304,SWI,gauss,1,4,,0.5,"",
2018,SWI1E+4.res1.gauss_0.5sigma,0.503018118473537,0.507856561206834,0.370165218470724,0.238861071956211,SWI,gauss,1,4,,0.5,"",
2019,SWI1E+4.res1.gauss_0.5sigma,0.565290795210575,0.616224577691477,0.197280615076105,0.225290059154028,SWI,gauss,1,4,,0.5,"",
2020,SWI1E+4.res1.gauss_0.5sigma,0.386996194900543,0.389143908059057,0.279100204639722,0.224184310276402,SWI,gauss,1,4,,0.5,"",
2021,SWI1E+4.res1.gauss_0.5sigma,0.405417693284685,0.473184100560189,0.28828423232475,0.311163845866328,SWI,gauss,1,4,,0.5,"",
2017,SWI1E+4.res1.gauss_1.0sigma,0.638306457922708,0.638928512349471,0.476597572557348,0.417248687889113,SWI,gauss,1,4,,1,"",
2018,SWI1E+4.res1.gauss_1.0sigma,0.529133029091612,0.535596088630189,0.39731357601425,0.279701658218873,SWI,gauss,1,4,,1,"",
2019,SWI1E+4.res1.gauss_1.0sigma,0.493044877878685,0.548246652763921,0.193897049559036,0.227487069758292,SWI,gauss,1,4,,1,"",
2020,SWI1E+4.res1.gauss_1.0sigma,0.371579141958633,0.372524887377103,0.238976149821272,0.185537345100854,SWI,gauss,1,4,,1,"",
2021,SWI1E+4.res1.gauss_1.0sigma,0.408407485305601,0.472759670603512,0.292401538382535,0.316384872753957,SWI,gauss,1,4,,1,"",
2017,SWI1E+4.res1.gauss_1.5sigma,0.664378464429565,0.664470471361487,0.490091320249671,0.43427069573682,SWI,gauss,1,4,,1.5,"",
2018,SWI1E+4.res1.gauss_1.5sigma,0.525765768807295,0.528879848001641,0.421560570630283,0.298663521920503,SWI,gauss,1,4,,1.5,"",
2019,SWI1E+4.res1.gauss_1.5sigma,0.517299922734698,0.582548709418294,0.23563647196832,0.276053736769295,SWI,gauss,1,4,,1.5,"",
2020,SWI1E+4.res1.gauss_1.5sigma,0.401374192345823,0.402931832478065,0.294991437988396,0.252976679043661,SWI,gauss,1,4,,1.5,"",
2021,SWI1E+4.res1.gauss_1.5sigma,0.43704151561423,0.492421888929067,0.341600525207265,0.350802689167466,SWI,gauss,1,4,,1.5,"",
2017,SWI1E+4.res1.gauss_2.0sigma,0.691610746149747,0.691660507481947,0.50790844609626,0.457244801512773,SWI,gauss,1,4,,2,"",
2018,SWI1E+4.res1.gauss_2.0sigma,0.522166444693633,0.524043990113326,0.426178873409598,0.303455012515103,SWI,gauss,1,4,,2,"",
2019,SWI1E+4.res1.gauss_2.0sigma,0.537207826079069,0.609689846516078,0.285466826127565,0.325081244012786,SWI,gauss,1,4,,2,"",
2020,SWI1E+4.res1.gauss_2.0sigma,0.37816799596377,0.380788040188578,0.229074253763749,0.184255230116964,SWI,gauss,1,4,,2,"",
2021,SWI1E+4.res1.gauss_2.0sigma,0.450686771210936,0.500137807761392,0.365819386839216,0.365039102038038,SWI,gauss,1,4,,2,"",
2017,SWI1E+4.res1.gauss_2.5sigma,0.721116653363391,0.721567846910083,0.531900332130586,0.487844781864827,SWI,gauss,1,4,,2.5,"",
2018,SWI1E+4.res1.gauss_2.5sigma,0.541533314338047,0.542114761919593,0.450322974240304,0.33779983118474,SWI,gauss,1,4,,2.5,"",
2019,SWI1E+4.res1.gauss_2.5sigma,0.562005006953919,0.641957016387762,0.379651211780226,0.416812052196574,SWI,gauss,1,4,,2.5,"",
2020,SWI1E+4.res1.gauss_2.5sigma,0.434434406606261,0.438870490259402,0.342094343695707,0.311741634293575,SWI,gauss,1,4,,2.5,"",
2021,SWI1E+4.res1.gauss_2.5sigma,0.46179569706622,0.5066993841869,0.385082776155492,0.3779996407617,SWI,gauss,1,4,,2.5,"",
2017,SWI1E+4.res1.gauss_3.5sigma,0.753695327570359,0.754644223333758,0.563606092654809,0.523549368744625,SWI,gauss,1,4,,3.5,"",
2018,SWI1E+4.res1.gauss_3.5sigma,0.56944337046698,0.569443863626038,0.476903843692891,0.380437382937594,SWI,gauss,1,4,,3.5,"",
2019,SWI1E+4.res1.gauss_3.5sigma,0.578390208714162,0.664249989714288,0.43477533249801,0.47698213854734,SWI,gauss,1,4,,3.5,"",
2020,SWI1E+4.res1.gauss_3.5sigma,0.506999184871645,0.513395119203898,0.450110272161287,0.42763524664116,SWI,gauss,1,4,,3.5,"",
2021,SWI1E+4.res1.gauss_3.5sigma,0.468934451964257,0.512081112393619,0.397936343299891,0.388838520992997,SWI,gauss,1,4,,3.5,"",
2017,SWI1E+4.res1.gauss_5.0sigma,0.735170165721218,0.73561048336443,0.563846543881217,0.514379812554018,SWI,gauss,1,4,,5,"",
2018,SWI1E+4.res1.gauss_5.0sigma,0.526992459279401,0.527068237997811,0.412143204602972,0.294195613395035,SWI,gauss,1,4,,5,"",
2019,SWI1E+4.res1.gauss_5.0sigma,0.590844939018749,0.677603271692858,0.474092399132051,0.512184309224114,SWI,gauss,1,4,,5,"",
2020,SWI1E+4.res1.gauss_5.0sigma,0.523551998940088,0.529456655899879,0.465935677523316,0.440441435441026,SWI,gauss,1,4,,5,"",
2021,SWI1E+4.res1.gauss_5.0sigma,0.497953842601522,0.536644746229075,0.439127888608728,0.433116498905003,SWI,gauss,1,4,,5,"",
2017,SWI1E+4.res1.NFNW,0.667669533078649,0.66772527257246,0.510614399153307,0.453222855821588,SWI,NFNW,1,4,,,"",
2018,SWI1E+4.res1.NFNW,0.515008847223349,0.51865359825405,0.378221594906076,0.242019323395899,SWI,NFNW,1,4,,,"",
2019,SWI1E+4.res1.NFNW,0.522730337055397,0.584984978278238,0.159702628229946,0.211115423995711,SWI,NFNW,1,4,,,"",
2020,SWI1E+4.res1.NFNW,0.41832028636492,0.419563338389918,0.324270674872839,0.272984197856336,SWI,NFNW,1,4,,,"",
2021,SWI1E+4.res1.NFNW,0.398411255469069,0.467353914257706,0.28134759149171,0.307979370226094,SWI,NFNW,1,4,,,"",
2017,SWI1E+4.res1.SSC1,0.653137557415442,0.65381040754411,0.502855523065357,0.447992070310183,SWI,SSC,1,4,1,,"",
2018,SWI1E+4.res1.SSC1,0.517184589761817,0.521912838312232,0.362537444051312,0.243298924299627,SWI,SSC,1,4,1,,"",
2019,SWI1E+4.res1.SSC1,0.502662226596096,0.561397019353075,0.147705457819086,0.193895141278811,SWI,SSC,1,4,1,,"",
2020,SWI1E+4.res1.SSC1,0.31293416553532,0.315172703828179,0.0987991952306103,0.0310321850178603,SWI,SSC,1,4,1,,"",
2021,SWI1E+4.res1.SSC1,0.403587780917935,0.470835666137865,0.292322250762826,0.320099033802186,SWI,SSC,1,4,1,,"",
2017,SWI1E+4.res1.SSC10,0.73562576185252,0.736186877737685,0.568022687778638,0.516717808754511,SWI,SSC,1,4,10,,"",
2018,SWI1E+4.res1.SSC10,0.515302966168539,0.515315868433685,0.398845275826483,0.274575795549226,SWI,SSC,1,4,10,,"",
2019,SWI1E+4.res1.SSC10,0.594750165338917,0.684335854066316,0.485321137292089,0.525556096162143,SWI,SSC,1,4,10,,"",
2020,SWI1E+4.res1.SSC10,0.527506701378123,0.533782175982505,0.465314657903895,0.437587794881057,SWI,SSC,1,4,10,,"",
2021,SWI1E+4.res1.SSC10,0.50910329185079,0.54609812768194,0.457863810362097,0.453014994734143,SWI,SSC,1,4,10,,"",
2017,SWI1E+4.res1.SSC2,0.626831134805374,0.627317698140291,0.459075838928597,0.398501998514728,SWI,SSC,1,4,2,,"",
2018,SWI1E+4.res1.SSC2,0.50380183290392,0.509970373416665,0.356474809254347,0.234241880498421,SWI,SSC,1,4,2,,"",
2019,SWI1E+4.res1.SSC2,0.476170893023131,0.533965729607396,0.157491051313313,0.197897529698505,SWI,SSC,1,4,2,,"",
2020,SWI1E+4.res1.SSC2,0.401658211680932,0.402534041987602,0.299695253112762,0.253396596804143,SWI,SSC,1,4,2,,"",
2021,SWI1E+4.res1.SSC2,0.416151088636748,0.478178749268174,0.305752392615187,0.325817859704505,SWI,SSC,1,4,2,,"",
2017,SWI1E+4.res1.SSC3,0.65782501245826,0.65795888376968,0.4829092761549,0.422810943220517,SWI,SSC,1,4,3,,"",
2018,SWI1E+4.res1.SSC3,0.494590802185759,0.497793498502203,0.375995399172983,0.241932209781225,SWI,SSC,1,4,3,,"",
2019,SWI1E+4.res1.SSC3,0.480142940433929,0.550473453615561,0.172953622657979,0.226925421558586,SWI,SSC,1,4,3,,"",
2020,SWI1E+4.res1.SSC3,0.409801390420178,0.410832682556553,0.312576494012423,0.27247282528411,SWI,SSC,1,4,3,,"",
2021,SWI1E+4.res1.SSC3,0.441035779933867,0.496565498626777,0.348244338181251,0.357739334207174,SWI,SSC,1,4,3,,"",
2017,SWI1E+4.res1.SSC4,0.701798226550224,0.701947655190965,0.522663405315125,0.470744112370852,SWI,SSC,1,4,4,,"",
2018,SWI1E+4.res1.SSC4,0.518070891670236,0.519731320581865,0.421433859394088,0.296215376686847,SWI,SSC,1,4,4,,"",
2019,SWI1E+4.res1.SSC4,0.515206172456669,0.592699535896304,0.260621974936567,0.308026503447401,SWI,SSC,1,4,4,,"",
2020,SWI1E+4.res1.SSC4,0.386433850302258,0.389142634023617,0.244877378847563,0.203737016150577,SWI,SSC,1,4,4,,"",
2021,SWI1E+4.res1.SSC4,0.45643333874713,0.504534247782415,0.375275075981262,0.372050137456798,SWI,SSC,1,4,4,,"",
2017,SWI1E+4.res1.SSC5,0.747522390691214,0.748334122970219,0.571019153108832,0.528539631244582,SWI,SSC,1,4,5,,"",
2018,SWI1E+4.res1.SSC5,0.551927952429662,0.552028482222208,0.461154954785217,0.354585350332369,SWI,SSC,1,4,5,,"",
2019,SWI1E+4.res1.SSC5,0.553165813915977,0.64035265115449,0.389277317873556,0.435427394623258,SWI,SSC,1,4,5,,"",
2020,SWI1E+4.res1.SSC5,0.467172275937433,0.473541275541378,0.394112473116101,0.371405652404218,SWI,SSC,1,4,5,,"",
2021,SWI1E+4.res1.SSC5,0.467959552421396,0.511405933722168,0.397073046335277,0.387555930908912,SWI,SSC,1,4,5,,"",
2017,SWI1E+4.res1.SSC7,0.763923056801294,0.765042877800139,0.584861568893944,0.544884429475221,SWI,SSC,1,4,7,,"",
2018,SWI1E+4.res1.SSC7,0.561641813208382,0.5616912121068,0.464541071031979,0.368133807076562,SWI,SSC,1,4,7,,"",
2019,SWI1E+4.res1.SSC7,0.594995451659464,0.684623301654519,0.464664737468327,0.51488364613936,SWI,SSC,1,4,7,,"",
2020,SWI1E+4.res1.SSC7,0.530155135236894,0.538796716699553,0.474776035592432,0.455101356417132,SWI,SSC,1,4,7,,"",
2021,SWI1E+4.res1.SSC7,0.476188176950575,0.518361973079171,0.410097230550135,0.400231084900119,SWI,SSC,1,4,7,,"",
2017,SWI1E+4.res10.NFNW,0.418731776425596,0.426354157212174,0.186824057688298,0.110633388903228,SWI,NFNW,10,4,,,"",
2018,SWI1E+4.res10.NFNW,0.285601037586888,0.292566524280878,-0.0544190113131059,-0.204117347243792,SWI,NFNW,10,4,,,"",
2019,SWI1E+4.res10.NFNW,0.0227574825457302,0.285228559541746,-0.622205543783772,-0.132851780608038,SWI,NFNW,10,4,,,"",
2020,SWI1E+4.res10.NFNW,0.390404583987613,0.394425875502453,0.138729534247503,0.112096980396283,SWI,NFNW,10,4,,,"",
2021,SWI1E+4.res10.NFNW,0.319411540687813,0.389975961051526,0.139118309130438,0.171513114248551,SWI,NFNW,10,4,,,"",
2017,SWI1E+4.res2.NFNW,0.643227477203755,0.644207008972351,0.485054792023035,0.422823461111711,SWI,NFNW,2,4,,,"",
2018,SWI1E+4.res2.NFNW,0.558644697329172,0.559473403771171,0.441297075061083,0.322631136193581,SWI,NFNW,2,4,,,"",
2019,SWI1E+4.res2.NFNW,0.419806629647224,0.509838018576816,0.0909447135327673,0.197173439754825,SWI,NFNW,2,4,,,"",
2020,SWI1E+4.res2.NFNW,0.46282206482351,0.463338705297329,0.397380489036582,0.364003346153366,SWI,NFNW,2,4,,,"",
2021,SWI1E+4.res2.NFNW,0.434786845361965,0.494761573079812,0.341606480378236,0.361602780204118,SWI,NFNW,2,4,,,"",
2017,SWI1E+4.res3.NFNW,0.650494344715662,0.652531902993915,0.481799192912218,0.421824313147905,SWI,NFNW,3,4,,,"",
2018,SWI1E+4.res3.NFNW,0.490974390462369,0.491798828819141,0.328839243632729,0.200485501502033,SWI,NFNW,3,4,,,"",
2019,SWI1E+4.res3.NFNW,0.363515360275491,0.473081308488953,-0.0625543896797466,0.0985482298747493,SWI,NFNW,3,4,,,"",
2020,SWI1E+4.res3.NFNW,0.521246666679727,0.521536656638036,0.463301191675848,0.432797307180136,SWI,NFNW,3,4,,,"",
2021,SWI1E+4.res3.NFNW,0.390783723555271,0.454180098085523,0.267493861367892,0.287974585603184,SWI,NFNW,3,4,,,"",
2017,SWI1E+4.res4.NFNW,0.558299886868258,0.562288502698334,0.361399789363237,0.291984426821645,SWI,NFNW,4,4,,,"",
2018,SWI1E+4.res4.NFNW,0.403737410080902,0.405284373785737,0.175561835263696,0.0338284894539732,SWI,NFNW,4,4,,,"",
2019,SWI1E+4.res4.NFNW,0.205662900332943,0.355892410612193,-0.271168425605461,-0.0533119400780285,SWI,NFNW,4,4,,,"",
2020,SWI1E+4.res4.NFNW,0.529626527499913,0.530156239850134,0.428895376861472,0.404412966920638,SWI,NFNW,4,4,,,"",
2021,SWI1E+4.res4.NFNW,0.388040121280618,0.446328731020089,0.260467570016089,0.273343685165999,SWI,NFNW,4,4,,,"",
2017,SWI1E+4.res5.NFNW,0.544375268414675,0.54884951669676,0.347897096063406,0.277615162486936,SWI,NFNW,5,4,,,"",
2018,SWI1E+4.res5.NFNW,0.371890878582957,0.374810872877912,0.111398478502403,-0.0293711939759506,SWI,NFNW,5,4,,,"",
2019,SWI1E+4.res5.NFNW,0.176717780189011,0.336826724998886,-0.346325394916758,-0.0898408145184183,SWI,NFNW,5,4,,,"",
2020,SWI1E+4.res5.NFNW,0.491367730279586,0.492213457129778,0.325634187136546,0.299618195524629,SWI,NFNW,5,4,,,"",
2021,SWI1E+4.res5.NFNW,0.37201025940461,0.43220616867228,0.223964547843131,0.241076353836963,SWI,NFNW,5,4,,,"",
2017,SWI1E+4.res7.NFNW,0.481396453095276,0.489637395670983,0.270832166326675,0.203331654188614,SWI,NFNW,7,4,,,"",
2018,SWI1E+4.res7.NFNW,0.305775309624519,0.311943708355237,-0.0123808142214904,-0.155685076107592,SWI,NFNW,7,4,,,"",
2019,SWI1E+4.res7.NFNW,0.0967714101050723,0.297968802399711,-0.483006767318806,-0.131580814414037,SWI,NFNW,7,4,,,"",
2020,SWI1E+4.res7.NFNW,0.437896815221937,0.442386422851595,0.21966982981136,0.200986693672316,SWI,NFNW,7,4,,,"",
2021,SWI1E+4.res7.NFNW,0.374713894512471,0.431808916852532,0.229012582984594,0.243648305840224,SWI,NFNW,7,4,,,"",
2017,SWI1E+64.res1.gauss_0.5sigma,0.184491936611054,0.186477740173526,-0.276285136291054,-0.387434967925191,SWI,gauss,1,64,,0.5,"",
2018,SWI1E+64.res1.gauss_0.5sigma,0.136212699672486,0.138294809987798,-0.474317048527436,-0.615570049761323,SWI,gauss,1,64,,0.5,"",
2019,SWI1E+64.res1.gauss_0.5sigma,0.0351033723261558,0.30323542944353,-0.702419705159098,0.0148462612675968,SWI,gauss,1,64,,0.5,"",
2020,SWI1E+64.res1.gauss_0.5sigma,0.223118514196877,0.237355935043118,-0.104471126027946,-0.181677396346656,SWI,gauss,1,64,,0.5,"",
2021,SWI1E+64.res1.gauss_0.5sigma,0.137181216475932,0.289823782926208,-0.21750647443561,0.00665566843367132,SWI,gauss,1,64,,0.5,"",
2017,SWI1E+64.res1.gauss_1.0sigma,0.513126240343151,0.516244246496017,0.280052959342472,0.260951557789299,SWI,gauss,1,64,,1,"",
2018,SWI1E+64.res1.gauss_1.0sigma,0.236518303953255,0.236542648102087,-0.181068165427368,-0.388936357730931,SWI,gauss,1,64,,1,"",
2019,SWI1E+64.res1.gauss_1.0sigma,0.205676727602281,0.406419317900059,-0.160270544566967,0.184745067623287,SWI,gauss,1,64,,1,"",
2020,SWI1E+64.res1.gauss_1.0sigma,0.289982144762066,0.301106437864452,0.051400249346332,0.0237966246993877,SWI,gauss,1,64,,1,"",
2021,SWI1E+64.res1.gauss_1.0sigma,0.266193889083455,0.348961153674179,0.104725322578348,0.138911934504899,SWI,gauss,1,64,,1,"",
2017,SWI1E+64.res1.gauss_1.5sigma,0.567232255748979,0.571607309220399,0.302297875701657,0.285556724516059,SWI,gauss,1,64,,1.5,"",
2018,SWI1E+64.res1.gauss_1.5sigma,0.364721570085532,0.365244524319292,0.176458598997602,-0.0130640305567593,SWI,gauss,1,64,,1.5,"",
2019,SWI1E+64.res1.gauss_1.5sigma,0.41356379663593,0.561668009059885,0.21434543525728,0.34962902711203,SWI,gauss,1,64,,1.5,"",
2020,SWI1E+64.res1.gauss_1.5sigma,0.323988736472852,0.331455161707901,0.124864478731146,0.0891226141498909,SWI,gauss,1,64,,1.5,"",
2021,SWI1E+64.res1.gauss_1.5sigma,0.318399112030242,0.385197402167555,0.156569374530931,0.171578611918238,SWI,gauss,1,64,,1.5,"",
2017,SWI1E+64.res1.gauss_2.0sigma,0.647899064807184,0.651667045185279,0.371567514182393,0.351937108678255,SWI,gauss,1,64,,2,"",
2018,SWI1E+64.res1.gauss_2.0sigma,0.524121529695756,0.524636050725276,0.422980063312425,0.31952119147743,SWI,gauss,1,64,,2,"",
2019,SWI1E+64.res1.gauss_2.0sigma,0.555114457425206,0.662082819817911,0.45056616650394,0.513976990287139,SWI,gauss,1,64,,2,"",
2020,SWI1E+64.res1.gauss_2.0sigma,0.38792280102918,0.393678690890603,0.252877375061873,0.219370836263182,SWI,gauss,1,64,,2,"",
2021,SWI1E+64.res1.gauss_2.0sigma,0.373596372087164,0.428625865243813,0.226018366018406,0.226452281985648,SWI,gauss,1,64,,2,"",
2017,SWI1E+64.res1.gauss_2.5sigma,0.67871281680231,0.68226984453574,0.408688627456179,0.386715382511807,SWI,gauss,1,64,,2.5,"",
2018,SWI1E+64.res1.gauss_2.5sigma,0.535175539843596,0.535808293862294,0.42660067972462,0.338887524399476,SWI,gauss,1,64,,2.5,"",
2019,SWI1E+64.res1.gauss_2.5sigma,0.581511992255632,0.681246768831671,0.468298087622315,0.535427214991611,SWI,gauss,1,64,,2.5,"",
2020,SWI1E+64.res1.gauss_2.5sigma,0.441497836707526,0.447505980835799,0.354019358108378,0.326991027803813,SWI,gauss,1,64,,2.5,"",
2021,SWI1E+64.res1.gauss_2.5sigma,0.407094574677453,0.454800467596172,0.277104815972302,0.26701175126761,SWI,gauss,1,64,,2.5,"",
2017,SWI1E+64.res1.gauss_3.5sigma,0.717576900284206,0.721251742079344,0.463114948271157,0.439110606250081,SWI,gauss,1,64,,3.5,"",
2018,SWI1E+64.res1.gauss_3.5sigma,0.512098894875552,0.513138537717166,0.395245522188258,0.318881159272198,SWI,gauss,1,64,,3.5,"",
2019,SWI1E+64.res1.gauss_3.5sigma,0.576069281113801,0.676957700401159,0.42835814942266,0.50627679681323,SWI,gauss,1,64,,3.5,"",
2020,SWI1E+64.res1.gauss_3.5sigma,0.503958151567603,0.512217618682621,0.44159762064158,0.422140689744493,SWI,gauss,1,64,,3.5,"",
2021,SWI1E+64.res1.gauss_3.5sigma,0.43920776688745,0.481875665950425,0.338403426480302,0.321729597591236,SWI,gauss,1,64,,3.5,"",
2017,SWI1E+64.res1.gauss_5.0sigma,0.740624958024512,0.743790653965382,0.520138056310225,0.488909950543176,SWI,gauss,1,64,,5,"",
2018,SWI1E+64.res1.gauss_5.0sigma,0.545664901270439,0.546600808034484,0.412898417039105,0.337058637122131,SWI,gauss,1,64,,5,"",
2019,SWI1E+64.res1.gauss_5.0sigma,0.583984911842164,0.677358061732502,0.487640725288152,0.536873628915219,SWI,gauss,1,64,,5,"",
2020,SWI1E+64.res1.gauss_5.0sigma,0.526684822931297,0.53325338031989,0.465402511497511,0.442896176858111,SWI,gauss,1,64,,5,"",
2021,SWI1E+64.res1.gauss_5.0sigma,0.488394307536831,0.519092932030181,0.422834732889493,0.401960830887467,SWI,gauss,1,64,,5,"",
2017,SWI1E+64.res1.NFNW,0.13071562163248,0.135151881949057,-0.512404361745415,-0.597986508487402,SWI,NFNW,1,64,,,"",
2018,SWI1E+64.res1.NFNW,0.0416137073435294,0.0580454186673247,-0.748114150635547,-0.778324894171402,SWI,NFNW,1,64,,,"",
2019,SWI1E+64.res1.NFNW,0.0667130594055818,0.286269764557695,-0.545302822644245,-0.00534434752108538,SWI,NFNW,1,64,,,"",
2020,SWI1E+64.res1.NFNW,0.170323206055432,0.182938170731739,-0.353119543186147,-0.466876158895359,SWI,NFNW,1,64,,,"",
2021,SWI1E+64.res1.NFNW,0.202554112131917,0.310029974970247,-0.201971750759768,-0.0322687968418254,SWI,NFNW,1,64,,,"",
2017,SWI1E+64.res1.SSC1,0.534848957342348,0.534999417532908,0.356056504888077,0.324990442356684,SWI,SSC,1,64,1,,"",
2018,SWI1E+64.res1.SSC1,0.235551571134908,0.237468012267188,-0.158033624513826,-0.348062698933351,SWI,SSC,1,64,1,,"",
2019,SWI1E+64.res1.SSC1,0.22741388274932,0.383966169817302,-0.129171412148799,0.105740562041841,SWI,SSC,1,64,1,,"",
2020,SWI1E+64.res1.SSC1,0.212270052158163,0.221254408259078,-0.25707062963741,-0.323204693655844,SWI,SSC,1,64,1,,"",
2021,SWI1E+64.res1.SSC1,0.237382550089014,0.337308640427268,0.0423692284403794,0.111816895628346,SWI,SSC,1,64,1,,"",
2017,SWI1E+64.res1.SSC10,0.739509520281225,0.743336908287989,0.528241468172909,0.4953673231565,SWI,SSC,1,64,10,,"",
2018,SWI1E+64.res1.SSC10,0.498590137421061,0.499815429600664,0.378033674677598,0.292106953628797,SWI,SSC,1,64,10,,"",
2019,SWI1E+64.res1.SSC10,0.573677665728157,0.673912989258217,0.466644419162835,0.522976425644772,SWI,SSC,1,64,10,,"",
2020,SWI1E+64.res1.SSC10,0.528057257727217,0.535756552788611,0.457859508383657,0.433856446998228,SWI,SSC,1,64,10,,"",
2021,SWI1E+64.res1.SSC10,0.487239279485356,0.519885144848562,0.424852313199332,0.411317551959849,SWI,SSC,1,64,10,,"",
2017,SWI1E+64.res1.SSC2,0.47408461552421,0.478631512616171,0.248320571046968,0.228466500728865,SWI,SSC,1,64,2,,"",
2018,SWI1E+64.res1.SSC2,0.211304489743985,0.211364112302394,-0.239615756637378,-0.445294068296789,SWI,SSC,1,64,2,,"",
2019,SWI1E+64.res1.SSC2,0.129612384139044,0.363194982950169,-0.413046268262397,0.138336732757531,SWI,SSC,1,64,2,,"",
2020,SWI1E+64.res1.SSC2,0.279146191591965,0.289613922426214,0.0170727039402398,-0.0134792591764104,SWI,SSC,1,64,2,,"",
2021,SWI1E+64.res1.SSC2,0.236394777508877,0.327315028458169,0.0621905430963499,0.105653330981833,SWI,SSC,1,64,2,,"",
2017,SWI1E+64.res1.SSC3,0.55519352084729,0.560107328652186,0.301086959118155,0.28132052516538,SWI,SSC,1,64,3,,"",
2018,SWI1E+64.res1.SSC3,0.401875510932215,0.402797785119092,0.24037571617513,0.05953616647313,SWI,SSC,1,64,3,,"",
2019,SWI1E+64.res1.SSC3,0.503938459647373,0.642855873274335,0.286839623186116,0.399831822376353,SWI,SSC,1,64,3,,"",
2020,SWI1E+64.res1.SSC3,0.314363860422048,0.321448427697482,0.0908604327862524,0.0522535666587112,SWI,SSC,1,64,3,,"",
2021,SWI1E+64.res1.SSC3,0.310113165744715,0.37852582525554,0.145850374700909,0.162343475090525,SWI,SSC,1,64,3,,"",
2017,SWI1E+64.res1.SSC4,0.660515030803124,0.666169866440282,0.39078962774532,0.372062976558157,SWI,SSC,1,64,4,,"",
2018,SWI1E+64.res1.SSC4,0.51392240662107,0.515029180911043,0.418160219514642,0.314951283053853,SWI,SSC,1,64,4,,"",
2019,SWI1E+64.res1.SSC4,0.569032056653223,0.68313468199211,0.436563658866039,0.516481798047272,SWI,SSC,1,64,4,,"",
2020,SWI1E+64.res1.SSC4,0.398087034577154,0.405419384008362,0.272218194259297,0.244181899761384,SWI,SSC,1,64,4,,"",
2021,SWI1E+64.res1.SSC4,0.381225540622505,0.433366134858368,0.242673532535731,0.236111013447188,SWI,SSC,1,64,4,,"",
2017,SWI1E+64.res1.SSC5,0.694011056070875,0.697895398410669,0.432947209055599,0.410299197261858,SWI,SSC,1,64,5,,"",
2018,SWI1E+64.res1.SSC5,0.51291023190826,0.513865831717577,0.405375769749666,0.318998618614211,SWI,SSC,1,64,5,,"",
2019,SWI1E+64.res1.SSC5,0.586065612967458,0.687912705327745,0.446867721020731,0.540642558049178,SWI,SSC,1,64,5,,"",
2020,SWI1E+64.res1.SSC5,0.474187202888387,0.481377520369251,0.405257974768768,0.385544450343314,SWI,SSC,1,64,5,,"",
2021,SWI1E+64.res1.SSC5,0.421904950547317,0.465921037885665,0.299721862053066,0.281537209276597,SWI,SSC,1,64,5,,"",
2017,SWI1E+64.res1.SSC7,0.732106295065417,0.735758753531013,0.498519907128873,0.472928789993719,SWI,SSC,1,64,7,,"",
2018,SWI1E+64.res1.SSC7,0.524660617349431,0.526045533488141,0.405121900561625,0.333383527638291,SWI,SSC,1,64,7,,"",
2019,SWI1E+64.res1.SSC7,0.610794399600808,0.708418281466863,0.483079650655322,0.564156808453451,SWI,SSC,1,64,7,,"",
2020,SWI1E+64.res1.SSC7,0.529871615398526,0.539675193773693,0.46744273803499,0.451556445757554,SWI,SSC,1,64,7,,"",
2021,SWI1E+64.res1.SSC7,0.449279945858871,0.490078346717762,0.358908504600865,0.339386997889825,SWI,SSC,1,64,7,,"",
2017,SWI1E+64.res10.NFNW,0.708849665981027,0.709283306744249,0.556419620741902,0.502458507498636,SWI,NFNW,10,64,,,"",
2018,SWI1E+64.res10.NFNW,0.606416362911648,0.606577914904857,0.51919844282945,0.40581020185829,SWI,NFNW,10,64,,,"",
2019,SWI1E+64.res10.NFNW,0.584073633231535,0.659188668898439,0.375102857451247,0.414074547846003,SWI,NFNW,10,64,,,"",
2020,SWI1E+64.res10.NFNW,0.501208387381015,0.50352071692584,0.425628234748961,0.39490832263363,SWI,NFNW,10,64,,,"",
2021,SWI1E+64.res10.NFNW,0.418841724420543,0.47929635968267,0.324893343956196,0.344424534307393,SWI,NFNW,10,64,,,"",
2017,SWI1E+64.res2.NFNW,0.691814699158869,0.692459176983618,0.437912340484852,0.414798643071418,SWI,NFNW,2,64,,,"",
2018,SWI1E+64.res2.NFNW,0.396773198309788,0.397091660511294,0.269313967850878,0.126406380988395,SWI,NFNW,2,64,,,"",
2019,SWI1E+64.res2.NFNW,0.42377921753649,0.534620652272155,0.343904970716266,0.393483355472801,SWI,NFNW,2,64,,,"",
2020,SWI1E+64.res2.NFNW,0.31596336258855,0.321513063285703,0.0401765634283899,-0.0124158153703323,SWI,NFNW,2,64,,,"",
2021,SWI1E+64.res2.NFNW,0.384794357579039,0.445525504918325,0.268990708010779,0.279709034956881,SWI,NFNW,2,64,,,"",
2017,SWI1E+64.res3.NFNW,0.776234146017963,0.778149899878837,0.62508917673068,0.588230323418725,SWI,NFNW,3,64,,,"",
2018,SWI1E+64.res3.NFNW,0.596669829618652,0.597207691736072,0.477552846443086,0.399596348172728,SWI,NFNW,3,64,,,"",
2019,SWI1E+64.res3.NFNW,0.627943829514516,0.718782933556648,0.56085112217907,0.59652620016714,SWI,NFNW,3,64,,,"",
2020,SWI1E+64.res3.NFNW,0.409931393114109,0.418142676928597,0.291348881061776,0.262019376066629,SWI,NFNW,3,64,,,"",
2021,SWI1E+64.res3.NFNW,0.40021960559614,0.463139704196925,0.313617328274901,0.324373751512539,SWI,NFNW,3,64,,,"",
2017,SWI1E+64.res4.NFNW,0.752293081834102,0.752886556154474,0.57671201209967,0.532879041919823,SWI,NFNW,4,64,,,"",
2018,SWI1E+64.res4.NFNW,0.583475652669367,0.583485705093542,0.50724831940876,0.410988895127017,SWI,NFNW,4,64,,,"",
2019,SWI1E+64.res4.NFNW,0.478594267412878,0.57126810294622,0.329001323322151,0.387519197412812,SWI,NFNW,4,64,,,"",
2020,SWI1E+64.res4.NFNW,0.453863832374371,0.456897131978326,0.376759111351976,0.347236955043268,SWI,NFNW,4,64,,,"",
2021,SWI1E+64.res4.NFNW,0.408887654799115,0.467920773989652,0.296208471633416,0.302151612412852,SWI,NFNW,4,64,,,"",
2017,SWI1E+64.res5.NFNW,0.782013501914878,0.783685677073701,0.658938172376249,0.617244635766877,SWI,NFNW,5,64,,,"",
2018,SWI1E+64.res5.NFNW,0.627087633246144,0.627817249085279,0.526746167033381,0.446847088917942,SWI,NFNW,5,64,,,"",
2019,SWI1E+64.res5.NFNW,0.608145132617286,0.694966156060075,0.463076018583389,0.498964632560315,SWI,NFNW,5,64,,,"",
2020,SWI1E+64.res5.NFNW,0.486225336772629,0.49534798826427,0.420077654143246,0.393066895001949,SWI,NFNW,5,64,,,"",
2021,SWI1E+64.res5.NFNW,0.392186337977755,0.456107093291975,0.295491204019571,0.308027880535683,SWI,NFNW,5,64,,,"",
2017,SWI1E+64.res7.NFNW,0.764988285641081,0.765429183866603,0.645274656048869,0.599854609348505,SWI,NFNW,7,64,,,"",
2018,SWI1E+64.res7.NFNW,0.648912509334231,0.649136223440508,0.541265235610824,0.454353974076578,SWI,NFNW,7,64,,,"",
2019,SWI1E+64.res7.NFNW,0.641848960484052,0.715252976855464,0.506079159305459,0.526644863201252,SWI,NFNW,7,64,,,"",
2020,SWI1E+64.res7.NFNW,0.505897809687514,0.511913760362261,0.442491949983028,0.410655286598852,SWI,NFNW,7,64,,,"",
2021,SWI1E+64.res7.NFNW,0.437481565814319,0.4904373422051,0.364112708972192,0.374865688241052,SWI,NFNW,7,64,,,"",
2017,SWI1E+8.res1.gauss_0.5sigma,0.586504062784016,0.587071363939405,0.385871256684349,0.350231005621339,SWI,gauss,1,8,,0.5,"",
2018,SWI1E+8.res1.gauss_0.5sigma,0.432379272366011,0.434195395354358,0.276758334404929,0.104842759427913,SWI,gauss,1,8,,0.5,"",
2019,SWI1E+8.res1.gauss_0.5sigma,0.655169434922044,0.718883641522395,0.217664321653408,0.262877847108931,SWI,gauss,1,8,,0.5,"",
2020,SWI1E+8.res1.gauss_0.5sigma,0.280310463287516,0.286234678494761,-0.00219895952025954,-0.0585314022325786,SWI,gauss,1,8,,0.5,"",
2021,SWI1E+8.res1.gauss_0.5sigma,0.338749285010496,0.408679482561202,0.185679431348816,0.20471718968914,SWI,gauss,1,8,,0.5,"",
2017,SWI1E+8.res1.gauss_1.0sigma,0.534366221467132,0.535281228714557,0.308196660784799,0.274855826819221,SWI,gauss,1,8,,1,"",
2018,SWI1E+8.res1.gauss_1.0sigma,0.319043627556245,0.319883208666901,-0.0222134519706682,-0.212741137265835,SWI,gauss,1,8,,1,"",
2019,SWI1E+8.res1.gauss_1.0sigma,0.428935780057304,0.535407427197524,-0.0573943532443451,0.096702707358089,SWI,gauss,1,8,,1,"",
2020,SWI1E+8.res1.gauss_1.0sigma,0.263901386340559,0.270021041639354,-0.0715629214986598,-0.135786393478975,SWI,gauss,1,8,,1,"",
2021,SWI1E+8.res1.gauss_1.0sigma,0.356275433480355,0.412074455647665,0.207644181342917,0.211138689478697,SWI,gauss,1,8,,1,"",
2017,SWI1E+8.res1.gauss_1.5sigma,0.597709343861412,0.600304194046168,0.329095693458754,0.306633737113525,SWI,gauss,1,8,,1.5,"",
2018,SWI1E+8.res1.gauss_1.5sigma,0.362074667378654,0.362123553964941,0.151778297897396,-0.0451340459229955,SWI,gauss,1,8,,1.5,"",
2019,SWI1E+8.res1.gauss_1.5sigma,0.472869405491312,0.586075760475631,0.127190683208916,0.261203612576505,SWI,gauss,1,8,,1.5,"",
2020,SWI1E+8.res1.gauss_1.5sigma,0.321419682365423,0.326771263810288,0.0995913153686991,0.0520127218199033,SWI,gauss,1,8,,1.5,"",
2021,SWI1E+8.res1.gauss_1.5sigma,0.397291210268775,0.444675931603616,0.264972777214637,0.257437636341477,SWI,gauss,1,8,,1.5,"",
2017,SWI1E+8.res1.gauss_2.0sigma,0.662817966500107,0.665994612907158,0.385586547409295,0.364109006284047,SWI,gauss,1,8,,2,"",
2018,SWI1E+8.res1.gauss_2.0sigma,0.503870795305928,0.503972118626437,0.397055785588284,0.293740657084279,SWI,gauss,1,8,,2,"",
2019,SWI1E+8.res1.gauss_2.0sigma,0.535584723314929,0.636646720019211,0.424005203261446,0.484121418400492,SWI,gauss,1,8,,2,"",
2020,SWI1E+8.res1.gauss_2.0sigma,0.387615412448196,0.39245919417021,0.249935996036019,0.213819024534671,SWI,gauss,1,8,,2,"",
2021,SWI1E+8.res1.gauss_2.0sigma,0.421244677694952,0.464186165780682,0.303224525876553,0.288130865561685,SWI,gauss,1,8,,2,"",
2017,SWI1E+8.res1.gauss_2.5sigma,0.680287359108811,0.683688250569186,0.410258572398847,0.387917940334809,SWI,gauss,1,8,,2.5,"",
2018,SWI1E+8.res1.gauss_2.5sigma,0.535735395706522,0.536267265152246,0.427734693423917,0.339742859361207,SWI,gauss,1,8,,2.5,"",
2019,SWI1E+8.res1.gauss_2.5sigma,0.579152942130024,0.678196887376344,0.460478158787466,0.526586886141963,SWI,gauss,1,8,,2.5,"",
2020,SWI1E+8.res1.gauss_2.5sigma,0.441182268848545,0.447073423418758,0.353385465538784,0.326263497993174,SWI,gauss,1,8,,2.5,"",
2021,SWI1E+8.res1.gauss_2.5sigma,0.435584225289804,0.475197225204655,0.333328321042908,0.312783024399962,SWI,gauss,1,8,,2.5,"",
2017,SWI1E+8.res1.gauss_3.5sigma,0.717576900284206,0.721251742079344,0.463114948271157,0.439110606250081,SWI,gauss,1,8,,3.5,"",
2018,SWI1E+8.res1.gauss_3.5sigma,0.512098894875552,0.513138537717166,0.395245522188258,0.318881159272198,SWI,gauss,1,8,,3.5,"",
2019,SWI1E+8.res1.gauss_3.5sigma,0.576069281113801,0.676957700401159,0.42835814942266,0.50627679681323,SWI,gauss,1,8,,3.5,"",
2020,SWI1E+8.res1.gauss_3.5sigma,0.503958151567603,0.512217618682621,0.44159762064158,0.422140689744493,SWI,gauss,1,8,,3.5,"",
2021,SWI1E+8.res1.gauss_3.5sigma,0.451824586111859,0.490563589465852,0.364495627068346,0.342691320961759,SWI,gauss,1,8,,3.5,"",
2017,SWI1E+8.res1.gauss_5.0sigma,0.740624958024512,0.743790653965382,0.520138056310225,0.488909950543176,SWI,gauss,1,8,,5,"",
2018,SWI1E+8.res1.gauss_5.0sigma,0.545664901270439,0.546600808034484,0.412898417039105,0.337058637122131,SWI,gauss,1,8,,5,"",
2019,SWI1E+8.res1.gauss_5.0sigma,0.583984911842164,0.677358061732502,0.487640725288152,0.536873628915219,SWI,gauss,1,8,,5,"",
2020,SWI1E+8.res1.gauss_5.0sigma,0.526684822931297,0.53325338031989,0.465402511497511,0.442896176858111,SWI,gauss,1,8,,5,"",
2021,SWI1E+8.res1.gauss_5.0sigma,0.488394307536831,0.519092932030181,0.422834732889493,0.401960830887467,SWI,gauss,1,8,,5,"",
2017,SWI1E+8.res1.NFNW,0.566571778894988,0.567996618393261,0.35452689836708,0.317517634551248,SWI,NFNW,1,8,,,"",
2018,SWI1E+8.res1.NFNW,0.381150843071139,0.382584324734026,0.144099229887615,-0.0399512131534959,SWI,NFNW,1,8,,,"",
2019,SWI1E+8.res1.NFNW,0.499421403676934,0.587732838709849,-0.0537215561059912,0.0815724262794741,SWI,NFNW,1,8,,,"",
2020,SWI1E+8.res1.NFNW,0.259867868196121,0.265127238686782,-0.05840601994371,-0.126795102009623,SWI,NFNW,1,8,,,"",
2021,SWI1E+8.res1.NFNW,0.347086297792086,0.408774529083538,0.191932433782269,0.200910845733846,SWI,NFNW,1,8,,,"",
2017,SWI1E+8.res1.SSC1,0.546202189720899,0.546341965484052,0.36830425038542,0.32271719834859,SWI,SSC,1,8,1,,"",
2018,SWI1E+8.res1.SSC1,0.388528161201015,0.393275668578974,0.158486746102483,0.0134910350778136,SWI,SSC,1,8,1,,"",
2019,SWI1E+8.res1.SSC1,0.51076572494948,0.573607319945703,0.092705043050391,0.150337610600369,SWI,SSC,1,8,1,,"",
2020,SWI1E+8.res1.SSC1,0.203586813096433,0.207750250607013,-0.350834152056633,-0.428192710321108,SWI,SSC,1,8,1,,"",
2021,SWI1E+8.res1.SSC1,0.314187974388467,0.38896924107622,0.147249465189693,0.181384977560819,SWI,SSC,1,8,1,,"",
2017,SWI1E+8.res1.SSC10,0.739509520281225,0.743336908287989,0.528241468172909,0.4953673231565,SWI,SSC,1,8,10,,"",
2018,SWI1E+8.res1.SSC10,0.498590137421061,0.499815429600664,0.378033674677598,0.292106953628797,SWI,SSC,1,8,10,,"",
2019,SWI1E+8.res1.SSC10,0.573677665728157,0.673912989258217,0.466644419162835,0.522976425644772,SWI,SSC,1,8,10,,"",
2020,SWI1E+8.res1.SSC10,0.528057257727217,0.535756552788611,0.457859508383657,0.433856446998228,SWI,SSC,1,8,10,,"",
2021,SWI1E+8.res1.SSC10,0.488951145982746,0.521158760054279,0.4273368633824,0.413383897288213,SWI,SSC,1,8,10,,"",
2017,SWI1E+8.res1.SSC2,0.522327059834679,0.523657184758553,0.287322242631135,0.252528246100752,SWI,SSC,1,8,2,,"",
2018,SWI1E+8.res1.SSC2,0.252481891161472,0.253431084267355,-0.245688098085258,-0.439555812984894,SWI,SSC,1,8,2,,"",
2019,SWI1E+8.res1.SSC2,0.337141578859506,0.467495539624366,-0.207578118721683,0.0233240756364146,SWI,SSC,1,8,2,,"",
2020,SWI1E+8.res1.SSC2,0.24982194817443,0.255346026994616,-0.129281617926072,-0.200730911031294,SWI,SSC,1,8,2,,"",
2021,SWI1E+8.res1.SSC2,0.358031487929522,0.41265791311502,0.213100472408341,0.214041406024092,SWI,SSC,1,8,2,,"",
2017,SWI1E+8.res1.SSC3,0.597044236224732,0.59980911469359,0.334168679441529,0.307621248310934,SWI,SSC,1,8,3,,"",
2018,SWI1E+8.res1.SSC3,0.373795190457441,0.373896335991835,0.180764979714293,-0.014510495443495,SWI,SSC,1,8,3,,"",
2019,SWI1E+8.res1.SSC3,0.490567908571933,0.597741464568681,0.112800856435482,0.243194490238434,SWI,SSC,1,8,3,,"",
2020,SWI1E+8.res1.SSC3,0.314838455170101,0.319150534453061,0.0619892363217707,0.00703241804732189,SWI,SSC,1,8,3,,"",
2021,SWI1E+8.res1.SSC3,0.397725279382537,0.445269608931491,0.265555168793685,0.257079222115615,SWI,SSC,1,8,3,,"",
2017,SWI1E+8.res1.SSC4,0.679052484107467,0.683678099713791,0.409226494653558,0.388033874780714,SWI,SSC,1,8,4,,"",
2018,SWI1E+8.res1.SSC4,0.494841327538604,0.495141266352507,0.394358402840026,0.290650798187888,SWI,SSC,1,8,4,,"",
2019,SWI1E+8.res1.SSC4,0.546853345495677,0.652879186548519,0.395612607820011,0.472255729346337,SWI,SSC,1,8,4,,"",
2020,SWI1E+8.res1.SSC4,0.397440589603806,0.40342270960311,0.268749252168515,0.238107142937299,SWI,SSC,1,8,4,,"",
2021,SWI1E+8.res1.SSC4,0.431642441370735,0.472076786878902,0.324217043311072,0.3034596732621,SWI,SSC,1,8,4,,"",
2017,SWI1E+8.res1.SSC5,0.700963735171682,0.704635931459249,0.43978991892821,0.416775856504961,SWI,SSC,1,8,5,,"",
2018,SWI1E+8.res1.SSC5,0.519414948767207,0.520216306794891,0.412220161218825,0.327766727650077,SWI,SSC,1,8,5,,"",
2019,SWI1E+8.res1.SSC5,0.585963386023377,0.686703815680048,0.447475710213666,0.538042844318075,SWI,SSC,1,8,5,,"",
2020,SWI1E+8.res1.SSC5,0.476081777533607,0.483123188023561,0.407716201491983,0.388155896291779,SWI,SSC,1,8,5,,"",
2021,SWI1E+8.res1.SSC5,0.453445918348979,0.489278456625233,0.366029117913875,0.33783558937987,SWI,SSC,1,8,5,,"",
2017,SWI1E+8.res1.SSC7,0.736221297914464,0.739812148549314,0.502647066144562,0.477057299775461,SWI,SSC,1,8,7,,"",
2018,SWI1E+8.res1.SSC7,0.527223287076881,0.528548208448401,0.406346433011383,0.3363129740667,SWI,SSC,1,8,7,,"",
2019,SWI1E+8.res1.SSC7,0.610794399600808,0.708418281466863,0.483079650655322,0.564156808453451,SWI,SSC,1,8,7,,"",
2020,SWI1E+8.res1.SSC7,0.529871615398526,0.539675193773693,0.46744273803499,0.451556445757554,SWI,SSC,1,8,7,,"",
2021,SWI1E+8.res1.SSC7,0.460382441128081,0.498448002139319,0.380373135039138,0.357973541159138,SWI,SSC,1,8,7,,"",
2017,SWI1E+8.res10.NFNW,0.499548126653318,0.503262793130659,0.286155625526544,0.209679387240217,SWI,NFNW,10,8,,,"",
2018,SWI1E+8.res10.NFNW,0.352544724239108,0.357460706993145,0.0817120355928009,-0.0484957771944633,SWI,NFNW,10,8,,,"",
2019,SWI1E+8.res10.NFNW,0.232573851327437,0.36501864279604,-0.257960081698844,-0.0456212432884003,SWI,NFNW,10,8,,,"",
2020,SWI1E+8.res10.NFNW,0.499189639319,0.500971555080746,0.371624685010178,0.351985206127682,SWI,NFNW,10,8,,,"",
2021,SWI1E+8.res10.NFNW,0.360051472465414,0.423038488169364,0.184519794560301,0.207964237435795,SWI,NFNW,10,8,,,"",
2017,SWI1E+8.res2.NFNW,0.690655369331763,0.690662156197289,0.51170195176561,0.461247791224746,SWI,NFNW,2,8,,,"",
2018,SWI1E+8.res2.NFNW,0.510343452185352,0.514490177560109,0.412646168293241,0.29280785416577,SWI,NFNW,2,8,,,"",
2019,SWI1E+8.res2.NFNW,0.553534051024439,0.612262849292217,0.321436983849798,0.324995490251782,SWI,NFNW,2,8,,,"",
2020,SWI1E+8.res2.NFNW,0.340960107043165,0.344028376129607,0.13174207497181,0.0745828347725077,SWI,NFNW,2,8,,,"",
2021,SWI1E+8.res2.NFNW,0.399173172150334,0.463623482885082,0.291966882028468,0.311391979005837,SWI,NFNW,2,8,,,"",
2017,SWI1E+8.res3.NFNW,0.766599267661857,0.766599268094849,0.641407677016321,0.591697359085122,SWI,NFNW,3,8,,,"",
2018,SWI1E+8.res3.NFNW,0.626692477952433,0.62699449097512,0.540669705023209,0.446395328725531,SWI,NFNW,3,8,,,"",
2019,SWI1E+8.res3.NFNW,0.589134429632078,0.660874174240481,0.401643647369483,0.428396393761931,SWI,NFNW,3,8,,,"",
2020,SWI1E+8.res3.NFNW,0.440491802275987,0.444265644035971,0.357794625270132,0.325390264045049,SWI,NFNW,3,8,,,"",
2021,SWI1E+8.res3.NFNW,0.439971592927201,0.498332391133593,0.361555334572737,0.377622257648755,SWI,NFNW,3,8,,,"",
2017,SWI1E+8.res4.NFNW,0.731423925550032,0.731717961848915,0.592619002351851,0.536897826186239,SWI,NFNW,4,8,,,"",
2018,SWI1E+8.res4.NFNW,0.632218732775559,0.632464654304557,0.5721857580001,0.475569679128365,SWI,NFNW,4,8,,,"",
2019,SWI1E+8.res4.NFNW,0.510263064563027,0.595225337133217,0.245260227176981,0.322425933112079,SWI,NFNW,4,8,,,"",
2020,SWI1E+8.res4.NFNW,0.39744495072233,0.398984227360231,0.283658820920613,0.242339983525363,SWI,NFNW,4,8,,,"",
2021,SWI1E+8.res4.NFNW,0.446136642035515,0.501147803618062,0.356458742218813,0.367978258163909,SWI,NFNW,4,8,,,"",
2017,SWI1E+8.res5.NFNW,0.745209278291307,0.745497535574529,0.618486960801164,0.566725084143233,SWI,NFNW,5,8,,,"",
2018,SWI1E+8.res5.NFNW,0.604790388846099,0.605104859116948,0.50778215125031,0.406305407686962,SWI,NFNW,5,8,,,"",
2019,SWI1E+8.res5.NFNW,0.542400765145957,0.634654963198238,0.297156145571317,0.371942548732011,SWI,NFNW,5,8,,,"",
2020,SWI1E+8.res5.NFNW,0.440305409477094,0.445326005211859,0.362453604115815,0.326664339191227,SWI,NFNW,5,8,,,"",
2021,SWI1E+8.res5.NFNW,0.434475147433168,0.494723414357817,0.348722217440003,0.368790219435032,SWI,NFNW,5,8,,,"",
2017,SWI1E+8.res7.NFNW,0.660028855052236,0.661767776298325,0.494841723959855,0.43889247138617,SWI,NFNW,7,8,,,"",
2018,SWI1E+8.res7.NFNW,0.499424454027192,0.501160037589377,0.311389386960996,0.197881192568369,SWI,NFNW,7,8,,,"",
2019,SWI1E+8.res7.NFNW,0.486664926238794,0.572709016221967,0.139526049951592,0.235081800795613,SWI,NFNW,7,8,,,"",
2020,SWI1E+8.res7.NFNW,0.543048418941044,0.544603286248685,0.486767586585987,0.45496969380914,SWI,NFNW,7,8,,,"",
2021,SWI1E+8.res7.NFNW,0.427577470369596,0.478438563954675,0.333685593333245,0.339268146884234,SWI,NFNW,7,8,,,"",
2017,TWI.Braun.res1.gauss_0.5sigma,0.0977922513512593,0.120742934538636,-0.646667896252526,-0.583741490348853,TWI,gauss,1,,,0.5,Braun,
2018,TWI.Braun.res1.gauss_0.5sigma,0.0771421660888721,0.0921271340468133,-0.447691165509841,-0.49961127323685,TWI,gauss,1,,,0.5,Braun,
2019,TWI.Braun.res1.gauss_0.5sigma,0.160774933444534,0.323932497063583,-0.255618436763652,0.017723179644796,TWI,gauss,1,,,0.5,Braun,
2020,TWI.Braun.res1.gauss_0.5sigma,0.152313139242766,0.158458424635052,-0.15671290206192,-0.247513087294604,TWI,gauss,1,,,0.5,Braun,
2021,TWI.Braun.res1.gauss_0.5sigma,0.118385917100731,0.302925216899964,-0.172717178059612,0.0720755699532578,TWI,gauss,1,,,0.5,Braun,
2017,TWI.Braun.res1.gauss_1.0sigma,0.506785011263645,0.506930961648272,0.254327753780658,0.224845047290498,TWI,gauss,1,,,1,Braun,
2018,TWI.Braun.res1.gauss_1.0sigma,0.106919582436015,0.11004074756726,-0.647485265350834,-0.726362441157008,TWI,gauss,1,,,1,Braun,
2019,TWI.Braun.res1.gauss_1.0sigma,0.0244272341186421,0.292833508229115,-0.824798476429807,0.0059830380235369,TWI,gauss,1,,,1,Braun,
2020,TWI.Braun.res1.gauss_1.0sigma,0.228066291303014,0.250372483793451,-0.134840588187142,-0.161154090694827,TWI,gauss,1,,,1,Braun,
2021,TWI.Braun.res1.gauss_1.0sigma,0.133258033915294,0.288924092171967,-0.152081128497154,0.0455462231511781,TWI,gauss,1,,,1,Braun,
2017,TWI.Braun.res1.gauss_1.5sigma,0.451684102708687,0.452360913386813,0.218702506636538,0.189886531767985,TWI,gauss,1,,,1.5,Braun,
2018,TWI.Braun.res1.gauss_1.5sigma,0.201809980211951,0.202358170221499,-0.293916601033193,-0.496055596864715,TWI,gauss,1,,,1.5,Braun,
2019,TWI.Braun.res1.gauss_1.5sigma,0.165551386182681,0.378046509029684,-0.345053518315356,0.110184389751216,TWI,gauss,1,,,1.5,Braun,
2020,TWI.Braun.res1.gauss_1.5sigma,0.25585520179081,0.26089883403948,-0.0484633608721383,-0.109981425789548,TWI,gauss,1,,,1.5,Braun,
2021,TWI.Braun.res1.gauss_1.5sigma,0.116091532303031,0.27994795895734,-0.176931353577369,0.0265833596242796,TWI,gauss,1,,,1.5,Braun,
2017,TWI.Braun.res1.gauss_2.0sigma,0.500582972825524,0.502174905158087,0.268631816953568,0.240048226732502,TWI,gauss,1,,,2,Braun,
2018,TWI.Braun.res1.gauss_2.0sigma,0.268070501909947,0.268599584953715,-0.15550894192338,-0.36550889421169,TWI,gauss,1,,,2,Braun,
2019,TWI.Braun.res1.gauss_2.0sigma,0.316803782025367,0.466041115915998,-0.258102665196186,0.0210158612625755,TWI,gauss,1,,,2,Braun,
2020,TWI.Braun.res1.gauss_2.0sigma,0.257421492830216,0.261245956148844,-0.0641032350338331,-0.137980750892863,TWI,gauss,1,,,2,Braun,
2021,TWI.Braun.res1.gauss_2.0sigma,0.135630224607512,0.28568005521991,-0.118982458789593,0.0272125537483446,TWI,gauss,1,,,2,Braun,
2017,TWI.Braun.res1.gauss_2.5sigma,0.537063866192983,0.538836066195399,0.296615548404279,0.267624478284051,TWI,gauss,1,,,2.5,Braun,
2018,TWI.Braun.res1.gauss_2.5sigma,0.336935913258086,0.337138716193352,0.045019769190878,-0.159324003156351,TWI,gauss,1,,,2.5,Braun,
2019,TWI.Braun.res1.gauss_2.5sigma,0.408365051391694,0.531341530427207,-0.20410205615614,0.0197610169273966,TWI,gauss,1,,,2.5,Braun,
2020,TWI.Braun.res1.gauss_2.5sigma,0.327132554023926,0.331216636423965,0.163814974501417,0.114295993187635,TWI,gauss,1,,,2.5,Braun,
2021,TWI.Braun.res1.gauss_2.5sigma,0.18130227115168,0.304363313009573,-0.0246425576009147,0.0530857724021115,TWI,gauss,1,,,2.5,Braun,
2017,TWI.Braun.res1.gauss_3.5sigma,0.561512283177682,0.562749233689233,0.310623176518586,0.280572762058088,TWI,gauss,1,,,3.5,Braun,
2018,TWI.Braun.res1.gauss_3.5sigma,0.433136184499258,0.434249832890967,0.288359995499406,0.12787851127625,TWI,gauss,1,,,3.5,Braun,
2019,TWI.Braun.res1.gauss_3.5sigma,0.444409239103593,0.570527979226368,-0.132907470211466,0.0919028285456078,TWI,gauss,1,,,3.5,Braun,
2020,TWI.Braun.res1.gauss_3.5sigma,0.51421522052322,0.518254030767225,0.415161482820482,0.386765600571254,TWI,gauss,1,,,3.5,Braun,
2021,TWI.Braun.res1.gauss_3.5sigma,0.332281636502332,0.390870276024694,0.168577265780526,0.171950817301285,TWI,gauss,1,,,3.5,Braun,
2017,TWI.Braun.res1.gauss_5.0sigma,0.575089042689863,0.575662295875665,0.310659760464704,0.278668006755703,TWI,gauss,1,,,5,Braun,
2018,TWI.Braun.res1.gauss_5.0sigma,0.469493655485147,0.471132652586064,0.353513888562566,0.215932138131615,TWI,gauss,1,,,5,Braun,
2019,TWI.Braun.res1.gauss_5.0sigma,0.447054571532608,0.5673140129782,-0.0956527020362902,0.102173032013975,TWI,gauss,1,,,5,Braun,
2020,TWI.Braun.res1.gauss_5.0sigma,0.577451254082648,0.579224069201864,0.462596258596232,0.437915077443328,TWI,gauss,1,,,5,Braun,
2021,TWI.Braun.res1.gauss_5.0sigma,0.457123868371023,0.484710947148065,0.339000966904322,0.316807615784733,TWI,gauss,1,,,5,Braun,
2017,TWI.Braun.res1.NFNW,0.0575354648379422,0.0946007266688152,-0.715663026781992,-0.637447004874114,TWI,NFNW,1,,,,Braun,
2018,TWI.Braun.res1.NFNW,0.0227346289396154,0.0554337685140243,-0.472284075559093,-0.530072003681813,TWI,NFNW,1,,,,Braun,
2019,TWI.Braun.res1.NFNW,0.114944775928479,0.305004382186692,-0.282501443443201,0.0232955642783374,TWI,NFNW,1,,,,Braun,
2020,TWI.Braun.res1.NFNW,0.071398207504884,0.0739308188174134,-0.416694601437065,-0.462638774652277,TWI,NFNW,1,,,,Braun,
2021,TWI.Braun.res1.NFNW,0.132906111766543,0.304871951284044,-0.127776103826053,0.0749027862467216,TWI,NFNW,1,,,,Braun,
2017,TWI.Braun.res1.SSC1,0.0535685913993008,0.0966356626399591,-0.834713014725484,-0.740936827030932,TWI,SSC,1,,1,,Braun,
2018,TWI.Braun.res1.SSC1,0.0432810270649875,0.064051121995436,-0.682003399893212,-0.641768068606885,TWI,SSC,1,,1,,Braun,
2019,TWI.Braun.res1.SSC1,0.115792329933793,0.310542868438524,-0.437111821949863,-0.0145888184494049,TWI,SSC,1,,1,,Braun,
2020,TWI.Braun.res1.SSC1,0.0771425668484689,0.0782672137811043,-0.452320102259962,-0.463695006190185,TWI,SSC,1,,1,,Braun,
2021,TWI.Braun.res1.SSC1,0.019286917217259,0.269245788975579,-0.574291953996985,0.0138395347329498,TWI,SSC,1,,1,,Braun,
2017,TWI.Braun.res1.SSC10,0.599299100656149,0.599669224501843,0.332295237354376,0.295114277033819,TWI,SSC,1,,10,,Braun,
2018,TWI.Braun.res1.SSC10,0.439104572114778,0.439886691638393,0.312852037155752,0.159894003407249,TWI,SSC,1,,10,,Braun,
2019,TWI.Braun.res1.SSC10,0.437561063196571,0.554875126072646,-0.109624261379375,0.0985603485136659,TWI,SSC,1,,10,,Braun,
2020,TWI.Braun.res1.SSC10,0.584316217719579,0.585033131692141,0.495200125337232,0.47118582876217,TWI,SSC,1,,10,,Braun,
2021,TWI.Braun.res1.SSC10,0.448367229395711,0.483916578961302,0.281954573266369,0.271248151045131,TWI,SSC,1,,10,,Braun,
2017,TWI.Braun.res1.SSC2,0.461013302072879,0.46106152828375,0.210133715346723,0.171733367982571,TWI,SSC,1,,2,,Braun,
2018,TWI.Braun.res1.SSC2,0.103242911376278,0.106979505312064,-0.647031708813128,-0.724469095742106,TWI,SSC,1,,2,,Braun,
2019,TWI.Braun.res1.SSC2,0.0374137969958333,0.290143593353601,-0.83297063693711,-0.0110108223172436,TWI,SSC,1,,2,,Braun,
2020,TWI.Braun.res1.SSC2,0.223882979605936,0.238033897537139,-0.166125447791304,-0.209983320969214,TWI,SSC,1,,2,,Braun,
2021,TWI.Braun.res1.SSC2,0.0966524173287624,0.276588089400242,-0.300893711899326,0.0152815209400018,TWI,SSC,1,,2,,Braun,
2017,TWI.Braun.res1.SSC3,0.45200820286292,0.453604672718713,0.223539132845807,0.188337455314765,TWI,SSC,1,,3,,Braun,
2018,TWI.Braun.res1.SSC3,0.222537358472302,0.22289941805155,-0.232718752094539,-0.445986032977696,TWI,SSC,1,,3,,Braun,
2019,TWI.Braun.res1.SSC3,0.206273736814081,0.401029868734895,-0.301961389457802,0.0874198166760462,TWI,SSC,1,,3,,Braun,
2020,TWI.Braun.res1.SSC3,0.229520367823196,0.233452456076803,-0.208488301117421,-0.298472926304084,TWI,SSC,1,,3,,Braun,
2021,TWI.Braun.res1.SSC3,0.11925879556232,0.280634632635868,-0.166444748993132,0.0302489381392506,TWI,SSC,1,,3,,Braun,
2017,TWI.Braun.res1.SSC4,0.522684337632653,0.52620980106295,0.289238003746907,0.261289338412118,TWI,SSC,1,,4,,Braun,
2018,TWI.Braun.res1.SSC4,0.318860429653381,0.318862941325342,0.0296561168292808,-0.185821109114164,TWI,SSC,1,,4,,Braun,
2019,TWI.Braun.res1.SSC4,0.344189845107161,0.495453924589436,-0.230850342047281,0.0495690816085519,TWI,SSC,1,,4,,Braun,
2020,TWI.Braun.res1.SSC4,0.273233638293861,0.278181451086941,-0.0158514364103474,-0.0812219249857503,TWI,SSC,1,,4,,Braun,
2021,TWI.Braun.res1.SSC4,0.128095981684048,0.283121895534797,-0.151621099907931,0.016943130125606,TWI,SSC,1,,4,,Braun,
2017,TWI.Braun.res1.SSC5,0.56760740310398,0.570312439592786,0.325309952992388,0.297238321982598,TWI,SSC,1,,5,,Braun,
2018,TWI.Braun.res1.SSC5,0.39383650503639,0.394013515692633,0.213305859614688,0.0336454640468813,TWI,SSC,1,,5,,Braun,
2019,TWI.Braun.res1.SSC5,0.44594309621838,0.571357593942409,-0.153957242133803,0.0776636994295295,TWI,SSC,1,,5,,Braun,
2020,TWI.Braun.res1.SSC5,0.442366019820729,0.449037881461711,0.352759733409566,0.324048717110668,TWI,SSC,1,,5,,Braun,
2021,TWI.Braun.res1.SSC5,0.201841969243883,0.312798168309909,0.00188257535518874,0.0575200019439699,TWI,SSC,1,,5,,Braun,
2017,TWI.Braun.res1.SSC7,0.595319262615987,0.596628467149324,0.337089653566148,0.305653944323795,TWI,SSC,1,,7,,Braun,
2018,TWI.Braun.res1.SSC7,0.489154920613192,0.491152858516223,0.375321935799297,0.250210799908546,TWI,SSC,1,,7,,Braun,
2019,TWI.Braun.res1.SSC7,0.487029336000444,0.604206616060839,-0.00623067995243615,0.188596384733883,TWI,SSC,1,,7,,Braun,
2020,TWI.Braun.res1.SSC7,0.565621524227504,0.569517643387686,0.471842612813096,0.444397902931567,TWI,SSC,1,,7,,Braun,
2021,TWI.Braun.res1.SSC7,0.420965534824215,0.455372596616571,0.305279939787039,0.278362104519584,TWI,SSC,1,,7,,Braun,
2017,TWI.Braun.res10.NFNW,0.716256039784894,0.716549464787766,0.559077676944881,0.502040673608123,TWI,NFNW,10,,,,Braun,
2018,TWI.Braun.res10.NFNW,0.619599449697705,0.619603377158717,0.542870236810965,0.432565447297752,TWI,NFNW,10,,,,Braun,
2019,TWI.Braun.res10.NFNW,0.55685627817775,0.633400470026902,0.305446393493379,0.349186082674336,TWI,NFNW,10,,,,Braun,
2020,TWI.Braun.res10.NFNW,0.476490739341169,0.478991290830766,0.385111786458777,0.343648728099818,TWI,NFNW,10,,,,Braun,
2021,TWI.Braun.res10.NFNW,0.378990436138221,0.448922428056755,0.259733227358904,0.2873077176013,TWI,NFNW,10,,,,Braun,
2017,TWI.Braun.res2.NFNW,0.607848316214435,0.608796731762103,0.405840311698572,0.377229999497573,TWI,NFNW,2,,,,Braun,
2018,TWI.Braun.res2.NFNW,0.236399942760642,0.236479572998953,-0.0640336254429287,-0.28563301503806,TWI,NFNW,2,,,,Braun,
2019,TWI.Braun.res2.NFNW,0.141611208644148,0.360151050101032,-0.304059287963382,0.144937111713617,TWI,NFNW,2,,,,Braun,
2020,TWI.Braun.res2.NFNW,0.249602370952164,0.265795956173434,-0.105539151523137,-0.138496669836333,TWI,NFNW,2,,,,Braun,
2021,TWI.Braun.res2.NFNW,0.147433666186678,0.299137563802274,-0.126516742674921,0.0641621418787007,TWI,NFNW,2,,,,Braun,
2017,TWI.Braun.res3.NFNW,0.643234723753925,0.645887727023147,0.45384289374373,0.411379821284468,TWI,NFNW,3,,,,Braun,
2018,TWI.Braun.res3.NFNW,0.367089160428945,0.367261413540735,0.131821524299373,-0.0588495563065181,TWI,NFNW,3,,,,Braun,
2019,TWI.Braun.res3.NFNW,0.428295482106745,0.545432787627158,-0.0957759462673362,0.0840204307120564,TWI,NFNW,3,,,,Braun,
2020,TWI.Braun.res3.NFNW,0.279179145831346,0.285636955819635,-0.0268255775431985,-0.0986036888253043,TWI,NFNW,3,,,,Braun,
2021,TWI.Braun.res3.NFNW,0.270706504632023,0.358423181234108,0.12659653800024,0.14308076202552,TWI,NFNW,3,,,,Braun,
2017,TWI.Braun.res4.NFNW,0.727329228245499,0.72903981012678,0.494346616610672,0.460628885266623,TWI,NFNW,4,,,,Braun,
2018,TWI.Braun.res4.NFNW,0.524462498134915,0.524479318559987,0.42449033387819,0.327843403306358,TWI,NFNW,4,,,,Braun,
2019,TWI.Braun.res4.NFNW,0.480783453463148,0.580299508322734,0.250554147097856,0.36238514998011,TWI,NFNW,4,,,,Braun,
2020,TWI.Braun.res4.NFNW,0.527704740152923,0.531696695415819,0.478860025926345,0.461325782855396,TWI,NFNW,4,,,,Braun,
2021,TWI.Braun.res4.NFNW,0.47444952160292,0.503988914895914,0.405410718385414,0.366615206669769,TWI,NFNW,4,,,,Braun,
2017,TWI.Braun.res5.NFNW,0.809439838386653,0.812630624047156,0.71845056977217,0.687309543092208,TWI,NFNW,5,,,,Braun,
2018,TWI.Braun.res5.NFNW,0.525175860654237,0.52708431456611,0.422275233357422,0.333904170853159,TWI,NFNW,5,,,,Braun,
2019,TWI.Braun.res5.NFNW,0.571545733103628,0.679107639033674,0.281767822084686,0.400773172298679,TWI,NFNW,5,,,,Braun,
2020,TWI.Braun.res5.NFNW,0.561685999043513,0.5781265141725,0.474489415741401,0.464718151349557,TWI,NFNW,5,,,,Braun,
2021,TWI.Braun.res5.NFNW,0.45868288643973,0.500584479594038,0.398174662546766,0.392829340033844,TWI,NFNW,5,,,,Braun,
2017,TWI.Braun.res7.NFNW,0.751486230735595,0.752259839658092,0.602635223516527,0.55954401080772,TWI,NFNW,7,,,,Braun,
2018,TWI.Braun.res7.NFNW,0.642486483680346,0.64335487294173,0.526742323962257,0.441874495664487,TWI,NFNW,7,,,,Braun,
2019,TWI.Braun.res7.NFNW,0.601318073377122,0.690498647052324,0.395221132628421,0.455036503994649,TWI,NFNW,7,,,,Braun,
2020,TWI.Braun.res7.NFNW,0.509364018482069,0.516703787939256,0.445749868512678,0.407575894179437,TWI,NFNW,7,,,,Braun,
2021,TWI.Braun.res7.NFNW,0.444125932465083,0.489139542883348,0.37251073429581,0.369460333865571,TWI,NFNW,7,,,,Braun,
2017,TWI.DEMON.res1.gauss_0.5,0.303881653017295,0.306364568729183,-0.128447748919701,-0.19245101242881,TWI,gauss,1,,,0.5,DEMON,
2018,TWI.DEMON.res1.gauss_0.5,0.0939722086365182,0.095489974852675,-0.680650545813887,-0.644795039910782,TWI,gauss,1,,,0.5,DEMON,
2019,TWI.DEMON.res1.gauss_0.5,0.166535953872975,0.291937563845234,-0.309518770879903,-0.0722480767874245,TWI,gauss,1,,,0.5,DEMON,
2020,TWI.DEMON.res1.gauss_0.5,0.0430590016035418,0.0671431016492658,-0.610187817656596,-0.533983092335652,TWI,gauss,1,,,0.5,DEMON,
2021,TWI.DEMON.res1.gauss_0.5,0.0937284962877297,0.286667290037079,-0.199782775195081,0.0349859461111734,TWI,gauss,1,,,0.5,DEMON,
2017,TWI.DEMON.res1.gauss_1.0,0.238525451660398,0.247145219951441,-0.19139530453595,-0.279348985880767,TWI,gauss,1,,,1,DEMON,
2018,TWI.DEMON.res1.gauss_1.0,0.0716614912033404,0.0840569191699336,-0.819371731167948,-0.823855396952691,TWI,gauss,1,,,1,DEMON,
2019,TWI.DEMON.res1.gauss_1.0,0.0846033154439144,0.286389755493665,-0.531482725368455,-0.0571812765577298,TWI,gauss,1,,,1,DEMON,
2020,TWI.DEMON.res1.gauss_1.0,0.130604891097276,0.135090489956976,-0.404463650437655,-0.434643736365492,TWI,gauss,1,,,1,DEMON,
2021,TWI.DEMON.res1.gauss_1.0,0.0933707751386851,0.272705053355966,-0.244140471241312,0.0222579039539117,TWI,gauss,1,,,1,DEMON,
2017,TWI.DEMON.res1.gauss_1.5,0.403637906554667,0.403705169908118,0.140033214084372,0.089286148322492,TWI,gauss,1,,,1.5,DEMON,
2018,TWI.DEMON.res1.gauss_1.5,0.172146753402322,0.17218483658246,-0.34696188654185,-0.544423649258751,TWI,gauss,1,,,1.5,DEMON,
2019,TWI.DEMON.res1.gauss_1.5,0.00549599692825236,0.304590588134974,-0.831213200069622,0.0193685845206389,TWI,gauss,1,,,1.5,DEMON,
2020,TWI.DEMON.res1.gauss_1.5,0.229396284546907,0.244260821058462,-0.125419510003895,-0.184522622573447,TWI,gauss,1,,,1.5,DEMON,
2021,TWI.DEMON.res1.gauss_1.5,0.148715399902223,0.292129157044879,-0.0777034819549562,0.0643795756896839,TWI,gauss,1,,,1.5,DEMON,
2017,TWI.DEMON.res1.gauss_2.0,0.403483253631615,0.404276194673375,0.148854221331163,0.124893930197488,TWI,gauss,1,,,2,DEMON,
2018,TWI.DEMON.res1.gauss_2.0,0.292008512525482,0.293233571246222,0.0212064012128912,-0.189757635311236,TWI,gauss,1,,,2,DEMON,
2019,TWI.DEMON.res1.gauss_2.0,0.252047881220588,0.465042979554815,-0.0818473556165125,0.230800977604158,TWI,gauss,1,,,2,DEMON,
2020,TWI.DEMON.res1.gauss_2.0,0.268872147173684,0.273443982130836,0.0268491945129659,-0.0118774884244873,TWI,gauss,1,,,2,DEMON,
2021,TWI.DEMON.res1.gauss_2.0,0.180259277613389,0.316775171992538,0.0231680772869784,0.124671098258958,TWI,gauss,1,,,2,DEMON,
2017,TWI.DEMON.res1.gauss_2.5,0.616597572423587,0.622583453657751,0.414598281291881,0.39004439705273,TWI,gauss,1,,,2.5,DEMON,
2018,TWI.DEMON.res1.gauss_2.5,0.36668502146945,0.366844411556492,0.164676422383452,-0.0262005803010642,TWI,gauss,1,,,2.5,DEMON,
2019,TWI.DEMON.res1.gauss_2.5,0.454523987695868,0.599721405403637,0.131518725633354,0.286640249162085,TWI,gauss,1,,,2.5,DEMON,
2020,TWI.DEMON.res1.gauss_2.5,0.261113723778521,0.271462717923584,-0.0991923286385923,-0.150336403601043,TWI,gauss,1,,,2.5,DEMON,
2021,TWI.DEMON.res1.gauss_2.5,0.305324033498829,0.380188135530674,0.18979111085557,0.204067268458402,TWI,gauss,1,,,2.5,DEMON,
2017,TWI.DEMON.res1.gauss_3.5,0.666837380519493,0.673226802592583,0.436338027632485,0.414646402856808,TWI,gauss,1,,,3.5,DEMON,
2018,TWI.DEMON.res1.gauss_3.5,0.4420730020052,0.443298217161456,0.318667181092315,0.16824598709523,TWI,gauss,1,,,3.5,DEMON,
2019,TWI.DEMON.res1.gauss_3.5,0.524450408506274,0.651861015320172,0.200311724505766,0.35067239228728,TWI,gauss,1,,,3.5,DEMON,
2020,TWI.DEMON.res1.gauss_3.5,0.3959347368346,0.409263289482724,0.288853850403326,0.262863341854119,TWI,gauss,1,,,3.5,DEMON,
2021,TWI.DEMON.res1.gauss_3.5,0.393387430357211,0.444322961020565,0.291664965135643,0.283236543949758,TWI,gauss,1,,,3.5,DEMON,
2017,TWI.DEMON.res1.gauss_5.0,0.721453490575012,0.742680347442759,0.590615554433626,0.573709979723396,TWI,gauss,1,,,5,DEMON,
2018,TWI.DEMON.res1.gauss_5.0,0.370713115006399,0.379598466981887,0.259222424184288,0.129876211716015,TWI,gauss,1,,,5,DEMON,
2019,TWI.DEMON.res1.gauss_5.0,0.323098695144316,0.511458924363825,-0.109238100905276,0.215458129069582,TWI,gauss,1,,,5,DEMON,
2020,TWI.DEMON.res1.gauss_5.0,0.545925288538442,0.593811627237259,0.393932913388638,0.38375808101491,TWI,gauss,1,,,5,DEMON,
2021,TWI.DEMON.res1.gauss_5.0,0.382396551056638,0.433903084400982,0.263180841033208,0.297689491454192,TWI,gauss,1,,,5,DEMON,
2017,TWI.DEMON.res1.NFNW,0.096408780886543,0.111032440073308,-0.663563264846983,-0.635004940915204,TWI,NFNW,1,,,,DEMON,
2018,TWI.DEMON.res1.NFNW,0.0493305781099412,0.0643583681850849,-0.760034088409221,-0.695529741115969,TWI,NFNW,1,,,,DEMON,
2019,TWI.DEMON.res1.NFNW,0.265673666838347,0.3484587044361,-0.0723797400240076,0.0100592530263343,TWI,NFNW,1,,,,DEMON,
2020,TWI.DEMON.res1.NFNW,0.133490722872244,0.154745673577164,-0.294605293893067,-0.336428648937902,TWI,NFNW,1,,,,DEMON,
2021,TWI.DEMON.res1.NFNW,0.130863392297344,0.309951327760075,-0.0857890333298504,0.106839216762151,TWI,NFNW,1,,,,DEMON,
2017,TWI.DEMON.res1.SSC1,0.1759827411221,0.198422619473123,-0.353373515421547,-0.32956862293604,TWI,SSC,1,,1,,DEMON,
2018,TWI.DEMON.res1.SSC1,0.00423792865366107,0.0502752754651902,-0.707286776487762,-0.649595399123291,TWI,SSC,1,,1,,DEMON,
2019,TWI.DEMON.res1.SSC1,0.0297193799960504,0.286809875915459,-0.708414124882954,-0.0375017656055957,TWI,SSC,1,,1,,DEMON,
2020,TWI.DEMON.res1.SSC1,0.0562434557202718,0.0581344148278621,-0.530007989457184,-0.521013906072589,TWI,SSC,1,,1,,DEMON,
2021,TWI.DEMON.res1.SSC1,0.0606428794632538,0.271893465015088,-0.408683578555267,0.0194770582175146,TWI,SSC,1,,1,,DEMON,
2017,TWI.DEMON.res1.SSC10,0.745662102889934,0.762211306897595,0.658183466262615,0.625439158410188,TWI,SSC,1,,10,,DEMON,
2018,TWI.DEMON.res1.SSC10,0.38864889166105,0.396541470143202,0.274331408568726,0.134078244108618,TWI,SSC,1,,10,,DEMON,
2019,TWI.DEMON.res1.SSC10,0.331289328891008,0.512487809187609,-0.144472411164826,0.181904780477254,TWI,SSC,1,,10,,DEMON,
2020,TWI.DEMON.res1.SSC10,0.542435331589165,0.586127626112024,0.378296639820204,0.363155164567383,TWI,SSC,1,,10,,DEMON,
2021,TWI.DEMON.res1.SSC10,0.431690232158372,0.471757327532952,0.32366406043636,0.350566142699494,TWI,SSC,1,,10,,DEMON,
2017,TWI.DEMON.res1.SSC2,0.260097673546473,0.266172244926242,-0.109803362618986,-0.209175811558382,TWI,SSC,1,,2,,DEMON,
2018,TWI.DEMON.res1.SSC2,0.0799938972765343,0.0899870016296598,-0.77623441752004,-0.809787995626708,TWI,SSC,1,,2,,DEMON,
2019,TWI.DEMON.res1.SSC2,0.0728232225102855,0.284641216519213,-0.663342950354717,-0.0948101039513675,TWI,SSC,1,,2,,DEMON,
2020,TWI.DEMON.res1.SSC2,0.152570385289406,0.156863646852973,-0.365108743118128,-0.423191522207,TWI,SSC,1,,2,,DEMON,
2021,TWI.DEMON.res1.SSC2,0.0214938306859049,0.265192470970622,-0.610411954797855,-0.00893126692238267,TWI,SSC,1,,2,,DEMON,
2017,TWI.DEMON.res1.SSC3,0.404475815341214,0.404757988682167,0.137709779000861,0.0780650366439497,TWI,SSC,1,,3,,DEMON,
2018,TWI.DEMON.res1.SSC3,0.21095159407717,0.21097521912739,-0.152766820943793,-0.365534071442024,TWI,SSC,1,,3,,DEMON,
2019,TWI.DEMON.res1.SSC3,0.0162551615922668,0.307083495176193,-0.781997227140086,0.0128775926935366,TWI,SSC,1,,3,,DEMON,
2020,TWI.DEMON.res1.SSC3,0.191035585739491,0.200299769367725,-0.343413436762224,-0.419141611997934,TWI,SSC,1,,3,,DEMON,
2021,TWI.DEMON.res1.SSC3,0.126334130271853,0.285404980560856,-0.153914952278848,0.0436349069896384,TWI,SSC,1,,3,,DEMON,
2017,TWI.DEMON.res1.SSC4,0.375036974990161,0.37574712308564,0.100583697181185,0.0735434863766125,TWI,SSC,1,,4,,DEMON,
2018,TWI.DEMON.res1.SSC4,0.310530698964036,0.314757588270953,0.104049400682444,-0.0975250480172588,TWI,SSC,1,,4,,DEMON,
2019,TWI.DEMON.res1.SSC4,0.183623419260813,0.425286854971789,-0.230507028780289,0.212752082005698,TWI,SSC,1,,4,,DEMON,
2020,TWI.DEMON.res1.SSC4,0.27107721960575,0.276848090821063,0.0180379434075796,-0.0190450163944571,TWI,SSC,1,,4,,DEMON,
2021,TWI.DEMON.res1.SSC4,0.158264978596506,0.30869330755822,-0.0282377314961189,0.107055453521718,TWI,SSC,1,,4,,DEMON,
2017,TWI.DEMON.res1.SSC5,0.624745653347881,0.630315970474779,0.447811376070617,0.417441524861784,TWI,SSC,1,,5,,DEMON,
2018,TWI.DEMON.res1.SSC5,0.34902690222946,0.349042884139811,0.133450281631909,-0.0630836404442017,TWI,SSC,1,,5,,DEMON,
2019,TWI.DEMON.res1.SSC5,0.438012631908155,0.56749886222448,0.0490718131185828,0.191928290612496,TWI,SSC,1,,5,,DEMON,
2020,TWI.DEMON.res1.SSC5,0.301373559699259,0.314351501283873,0.0708583743349451,0.0390272275840022,TWI,SSC,1,,5,,DEMON,
2021,TWI.DEMON.res1.SSC5,0.255615628654841,0.343572699890375,0.0858182148593827,0.123367454652542,TWI,SSC,1,,5,,DEMON,
2017,TWI.DEMON.res1.SSC7,0.752717771015743,0.756348070806998,0.539051790699095,0.503115337152964,TWI,SSC,1,,7,,DEMON,
2018,TWI.DEMON.res1.SSC7,0.392031299348859,0.392437866900825,0.270448368712214,0.192990167928861,TWI,SSC,1,,7,,DEMON,
2019,TWI.DEMON.res1.SSC7,0.484928283176621,0.576772216006453,0.429584888331963,0.518103109720177,TWI,SSC,1,,7,,DEMON,
2020,TWI.DEMON.res1.SSC7,0.403221179804499,0.407065878065509,0.296445451000343,0.2690475456061,TWI,SSC,1,,7,,DEMON,
2021,TWI.DEMON.res1.SSC7,0.516511287452392,0.545735364844625,0.441815113524202,0.397161064402758,TWI,SSC,1,,7,,DEMON,
2017,TWI.DEMON.res10.NFNW,0.731848162272508,0.73207006869659,0.57790405756487,0.52301602924824,TWI,NFNW,10,,,,DEMON,
2018,TWI.DEMON.res10.NFNW,0.640232315835695,0.64037140244483,0.565226354280622,0.465215032578403,TWI,NFNW,10,,,,DEMON,
2019,TWI.DEMON.res10.NFNW,0.573424104019018,0.647594698785881,0.337556222279571,0.374373899434644,TWI,NFNW,10,,,,DEMON,
2020,TWI.DEMON.res10.NFNW,0.481607273608786,0.484931796747545,0.391639859772128,0.350716797303124,TWI,NFNW,10,,,,DEMON,
2021,TWI.DEMON.res10.NFNW,0.436704043761318,0.488691812855289,0.349245354973638,0.358045017199078,TWI,NFNW,10,,,,DEMON,
2017,TWI.DEMON.res2.NFNW,0.471766842003596,0.472171978886662,0.10987842196693,0.0803709677128761,TWI,NFNW,2,,,,DEMON,
2018,TWI.DEMON.res2.NFNW,0.140753121863129,0.141441461546166,-0.550755786911105,-0.657877159546204,TWI,NFNW,2,,,,DEMON,
2019,TWI.DEMON.res2.NFNW,0.0651938042581742,0.326913961332211,-0.614503520317957,0.09356694304726,TWI,NFNW,2,,,,DEMON,
2020,TWI.DEMON.res2.NFNW,0.272774191399207,0.284503786327054,-0.0188141667302169,-0.044284450031643,TWI,NFNW,2,,,,DEMON,
2021,TWI.DEMON.res2.NFNW,0.182054099261721,0.329235174403404,0.00824775337114269,0.15051796922579,TWI,NFNW,2,,,,DEMON,
2017,TWI.DEMON.res3.NFNW,0.607172995389224,0.622422221626482,0.177080571073305,0.174265815764671,TWI,NFNW,3,,,,DEMON,
2018,TWI.DEMON.res3.NFNW,0.282321092226892,0.282354978619723,0.0336750548409617,-0.206979884046773,TWI,NFNW,3,,,,DEMON,
2019,TWI.DEMON.res3.NFNW,0.343258875222549,0.494444461127527,-0.0781571887520876,0.225634586901584,TWI,NFNW,3,,,,DEMON,
2020,TWI.DEMON.res3.NFNW,0.344211801344512,0.35678103966965,0.169831338543973,0.130804737107536,TWI,NFNW,3,,,,DEMON,
2021,TWI.DEMON.res3.NFNW,0.278394985264898,0.374214733046548,0.128084471466334,0.142855413759162,TWI,NFNW,3,,,,DEMON,
2017,TWI.DEMON.res4.NFNW,0.609039468182089,0.612319675765745,0.327646613706976,0.307828143144623,TWI,NFNW,4,,,,DEMON,
2018,TWI.DEMON.res4.NFNW,0.434094253721516,0.434408508941628,0.338544816513878,0.203967920994315,TWI,NFNW,4,,,,DEMON,
2019,TWI.DEMON.res4.NFNW,0.440865374191594,0.572350419318185,0.148087135353617,0.32945712511311,TWI,NFNW,4,,,,DEMON,
2020,TWI.DEMON.res4.NFNW,0.381538083376886,0.387205691943148,0.255106340311947,0.22149001609466,TWI,NFNW,4,,,,DEMON,
2021,TWI.DEMON.res4.NFNW,0.387510967479237,0.437612733094788,0.21432649081587,0.214341903609857,TWI,NFNW,4,,,,DEMON,
2017,TWI.DEMON.res5.NFNW,0.667189344244457,0.672077061999577,0.383041164424524,0.36519478123015,TWI,NFNW,5,,,,DEMON,
2018,TWI.DEMON.res5.NFNW,0.483940551697566,0.486259107293188,0.383497399653833,0.282955258886249,TWI,NFNW,5,,,,DEMON,
2019,TWI.DEMON.res5.NFNW,0.501890786147664,0.631200458404192,0.341000975889598,0.458603972381058,TWI,NFNW,5,,,,DEMON,
2020,TWI.DEMON.res5.NFNW,0.460679225617702,0.469841636663275,0.385819693171814,0.358577781529734,TWI,NFNW,5,,,,DEMON,
2021,TWI.DEMON.res5.NFNW,0.381680309579151,0.432811186682165,0.243521453972182,0.236977575323801,TWI,NFNW,5,,,,DEMON,
2017,TWI.DEMON.res7.NFNW,0.743607971709514,0.747374380675889,0.545653650358826,0.517812865770604,TWI,NFNW,7,,,,DEMON,
2018,TWI.DEMON.res7.NFNW,0.509360893468878,0.510067505625289,0.403816837456374,0.319828029370499,TWI,NFNW,7,,,,DEMON,
2019,TWI.DEMON.res7.NFNW,0.630692687764726,0.738331737907413,0.501816686049764,0.580974422557187,TWI,NFNW,7,,,,DEMON,
2020,TWI.DEMON.res7.NFNW,0.477655216159033,0.495254061827953,0.408711700572498,0.383339200956087,TWI,NFNW,7,,,,DEMON,
2021,TWI.DEMON.res7.NFNW,0.474810190158533,0.510988830607872,0.412925325655687,0.402933948503803,TWI,NFNW,7,,,,DEMON,
2017,TWI.Dinf.res1.gauss_0.5sigma,0.225267976121847,0.231063789130363,-0.216749586167751,-0.316028052780629,TWI,gauss,1,,,0.5,Dinf,
2018,TWI.Dinf.res1.gauss_0.5sigma,0.0694744621279194,0.0779809923446448,-0.73680204535114,-0.697629578331856,TWI,gauss,1,,,0.5,Dinf,
2019,TWI.Dinf.res1.gauss_0.5sigma,0.0392282389852111,0.287073486732272,-0.73407196454839,-0.028313736714974,TWI,gauss,1,,,0.5,Dinf,
2020,TWI.Dinf.res1.gauss_0.5sigma,0.131649847247606,0.1488228482411,-0.510638972193097,-0.582700997295938,TWI,gauss,1,,,0.5,Dinf,
2021,TWI.Dinf.res1.gauss_0.5sigma,0.0379539452366009,0.267975195236857,-0.494215105794597,-0.0244751442017378,TWI,gauss,1,,,0.5,Dinf,
2017,TWI.Dinf.res1.gauss_1.0sigma,0.41459197507168,0.416768843261743,0.1176008723912,0.0903204382416254,TWI,gauss,1,,,1,Dinf,
2018,TWI.Dinf.res1.gauss_1.0sigma,0.055468022364862,0.0674735846889241,-0.759843959206454,-0.780066551265964,TWI,gauss,1,,,1,Dinf,
2019,TWI.Dinf.res1.gauss_1.0sigma,0.0272034291849234,0.289933799652248,-0.80193393024925,-0.003257051025994,TWI,gauss,1,,,1,Dinf,
2020,TWI.Dinf.res1.gauss_1.0sigma,0.260529582030682,0.271077669965027,-0.0287559441357535,-0.055317651912083,TWI,gauss,1,,,1,Dinf,
2021,TWI.Dinf.res1.gauss_1.0sigma,0.150162814184695,0.304176428133281,-0.0779342010740981,0.0889650375206234,TWI,gauss,1,,,1,Dinf,
2017,TWI.Dinf.res1.gauss_1.5sigma,0.465836606657176,0.465837647998947,0.187945270888929,0.157491913073776,TWI,gauss,1,,,1.5,Dinf,
2018,TWI.Dinf.res1.gauss_1.5sigma,0.0711876644158415,0.0815540094301448,-0.701404350338929,-0.791853415141381,TWI,gauss,1,,,1.5,Dinf,
2019,TWI.Dinf.res1.gauss_1.5sigma,0.051577809633741,0.304373504876333,-0.490952142167485,-0.0810331183919536,TWI,gauss,1,,,1.5,Dinf,
2020,TWI.Dinf.res1.gauss_1.5sigma,0.221409934259683,0.224648560181549,-0.271597799808781,-0.360384299014288,TWI,gauss,1,,,1.5,Dinf,
2021,TWI.Dinf.res1.gauss_1.5sigma,0.158632125964289,0.303186020010426,-0.0762826208833965,0.0681836396586609,TWI,gauss,1,,,1.5,Dinf,
2017,TWI.Dinf.res1.gauss_2.0sigma,0.551985831372808,0.553470303149688,0.285097363688378,0.259573045741354,TWI,gauss,1,,,2,Dinf,
2018,TWI.Dinf.res1.gauss_2.0sigma,0.199213678678441,0.20096300646818,-0.473733021870608,-0.635122640357953,TWI,gauss,1,,,2,Dinf,
2019,TWI.Dinf.res1.gauss_2.0sigma,0.212039010100795,0.382022228545788,-0.4504691917254,-0.083505142117763,TWI,gauss,1,,,2,Dinf,
2020,TWI.Dinf.res1.gauss_2.0sigma,0.255568025587737,0.258488943403389,-0.11655257409936,-0.19673511855693,TWI,gauss,1,,,2,Dinf,
2021,TWI.Dinf.res1.gauss_2.0sigma,0.177419083923224,0.308787662191337,-0.0450722338430562,0.0583226001167008,TWI,gauss,1,,,2,Dinf,
2017,TWI.Dinf.res1.gauss_2.5sigma,0.561074788990908,0.562416233283231,0.297496381467842,0.269019118995859,TWI,gauss,1,,,2.5,Dinf,
2018,TWI.Dinf.res1.gauss_2.5sigma,0.251661767574578,0.253649623348608,-0.252344992708337,-0.44734353208734,TWI,gauss,1,,,2.5,Dinf,
2019,TWI.Dinf.res1.gauss_2.5sigma,0.288577702267366,0.423875905917316,-0.408900558968716,-0.121714081980628,TWI,gauss,1,,,2.5,Dinf,
2020,TWI.Dinf.res1.gauss_2.5sigma,0.277415034602693,0.279440138424319,-0.0191796489674002,-0.0962098058416099,TWI,gauss,1,,,2.5,Dinf,
2021,TWI.Dinf.res1.gauss_2.5sigma,0.217143130118659,0.326930931549126,0.024605859135519,0.0795093616495016,TWI,gauss,1,,,2.5,Dinf,
2017,TWI.Dinf.res1.gauss_3.5sigma,0.532711470212472,0.533168355356785,0.276903498966345,0.246081001670258,TWI,gauss,1,,,3.5,Dinf,
2018,TWI.Dinf.res1.gauss_3.5sigma,0.336492933949054,0.337170051053172,0.0261705540895096,-0.167637799660392,TWI,gauss,1,,,3.5,Dinf,
2019,TWI.Dinf.res1.gauss_3.5sigma,0.363864159920114,0.479429758585627,-0.356730905634674,-0.113972737602012,TWI,gauss,1,,,3.5,Dinf,
2020,TWI.Dinf.res1.gauss_3.5sigma,0.385146432152119,0.38596532948104,0.269231517590238,0.225656907971315,TWI,gauss,1,,,3.5,Dinf,
2021,TWI.Dinf.res1.gauss_3.5sigma,0.371277960818682,0.419056523032081,0.202258226933881,0.199991121763899,TWI,gauss,1,,,3.5,Dinf,
2017,TWI.Dinf.res1.gauss_5.0sigma,0.543327030601053,0.543573202343923,0.282869453410352,0.250571362124503,TWI,gauss,1,,,5,Dinf,
2018,TWI.Dinf.res1.gauss_5.0sigma,0.42915018605557,0.429538589785303,0.276559422007613,0.109406371053406,TWI,gauss,1,,,5,Dinf,
2019,TWI.Dinf.res1.gauss_5.0sigma,0.390634860936647,0.512688598817817,-0.199396173431988,0.010381800438026,TWI,gauss,1,,,5,Dinf,
2020,TWI.Dinf.res1.gauss_5.0sigma,0.54205880764407,0.542617459151693,0.415470959795898,0.390940108453327,TWI,gauss,1,,,5,Dinf,
2021,TWI.Dinf.res1.gauss_5.0sigma,0.427183688707238,0.461085494294001,0.274471639438781,0.263415240264219,TWI,gauss,1,,,5,Dinf,
2017,TWI.Dinf.res1.NFNW,0.184358668758128,0.190871104819236,-0.344707452753545,-0.393359929567126,TWI,NFNW,1,,,,Dinf,
2018,TWI.Dinf.res1.NFNW,0.116945159517208,0.121816634062711,-0.39059285129644,-0.499795809955853,TWI,NFNW,1,,,,Dinf,
2019,TWI.Dinf.res1.NFNW,0.0537395033828209,0.297196350394467,-0.608472110289709,9.23632361431191e-05,TWI,NFNW,1,,,,Dinf,
2020,TWI.Dinf.res1.NFNW,0.319715538237942,0.320520352362084,0.0801979064053058,0.0402695786399312,TWI,NFNW,1,,,,Dinf,
2021,TWI.Dinf.res1.NFNW,0.175941956247527,0.317902771042052,-0.0535480662877472,0.0784721722550714,TWI,NFNW,1,,,,Dinf,
2017,TWI.Dinf.res1.SSC1,0.0379557910078159,0.0783845005270594,-0.8886983926966,-0.780019533304735,TWI,SSC,1,,1,,Dinf,
2018,TWI.Dinf.res1.SSC1,0.113963157082701,0.120908953289954,-0.477716204357225,-0.51090448566128,TWI,SSC,1,,1,,Dinf,
2019,TWI.Dinf.res1.SSC1,0.152218343718561,0.333100267042126,-0.366995958332407,-0.0127840989474405,TWI,SSC,1,,1,,Dinf,
2020,TWI.Dinf.res1.SSC1,0.063591638501815,0.0642628311872412,-0.515543257551923,-0.488024296102545,TWI,SSC,1,,1,,Dinf,
2021,TWI.Dinf.res1.SSC1,0.0817936299043611,0.285335087358747,-0.337444180025816,0.0290440295472177,TWI,SSC,1,,1,,Dinf,
2017,TWI.Dinf.res1.SSC10,0.576961810854281,0.577191409453998,0.305919160347513,0.270011110264999,TWI,SSC,1,,10,,Dinf,
2018,TWI.Dinf.res1.SSC10,0.399735417136828,0.399844675229674,0.246602989995896,0.0697802401659263,TWI,SSC,1,,10,,Dinf,
2019,TWI.Dinf.res1.SSC10,0.39269430074809,0.51072767454398,-0.190586217649817,0.0279471802926065,TWI,SSC,1,,10,,Dinf,
2020,TWI.Dinf.res1.SSC10,0.573796126691241,0.573958145261527,0.466523637429434,0.442324337344272,TWI,SSC,1,,10,,Dinf,
2021,TWI.Dinf.res1.SSC10,0.418129266282416,0.460870729541719,0.220054049968206,0.216801696096456,TWI,SSC,1,,10,,Dinf,
2017,TWI.Dinf.res1.SSC2,0.411147373351323,0.411178500381394,0.110848612710504,0.0831081961757929,TWI,SSC,1,,2,,Dinf,
2018,TWI.Dinf.res1.SSC2,0.0759283783579748,0.0824586270312173,-0.753794685593728,-0.78687944025125,TWI,SSC,1,,2,,Dinf,
2019,TWI.Dinf.res1.SSC2,0.00973184077748814,0.296772240330127,-0.905598559851711,0.0171788994697883,TWI,SSC,1,,2,,Dinf,
2020,TWI.Dinf.res1.SSC2,0.265158567934074,0.274940377200926,-0.0145804925560791,-0.0430662109719829,TWI,SSC,1,,2,,Dinf,
2021,TWI.Dinf.res1.SSC2,0.0921271680850112,0.27984969096287,-0.337023761185734,0.0287500443304127,TWI,SSC,1,,2,,Dinf,
2017,TWI.Dinf.res1.SSC3,0.542783007410001,0.546556072517261,0.269856179638107,0.246403994298513,TWI,SSC,1,,3,,Dinf,
2018,TWI.Dinf.res1.SSC3,0.226942932871112,0.226975200773742,-0.193924685173822,-0.417496412123281,TWI,SSC,1,,3,,Dinf,
2019,TWI.Dinf.res1.SSC3,0.199231712190982,0.400888310578992,-0.291397903033451,0.14904693287005,TWI,SSC,1,,3,,Dinf,
2020,TWI.Dinf.res1.SSC3,0.244371457497414,0.250024344117861,-0.172370261080811,-0.240259453661078,TWI,SSC,1,,3,,Dinf,
2021,TWI.Dinf.res1.SSC3,0.141221499359645,0.293912286813632,-0.131208417217469,0.048283475416826,TWI,SSC,1,,3,,Dinf,
2017,TWI.Dinf.res1.SSC4,0.594131080762232,0.599493622744265,0.319161103393938,0.298082555539254,TWI,SSC,1,,4,,Dinf,
2018,TWI.Dinf.res1.SSC4,0.28297415819621,0.283077442319703,-0.0563483411821653,-0.28955389129056,TWI,SSC,1,,4,,Dinf,
2019,TWI.Dinf.res1.SSC4,0.289164607886267,0.447040010813978,-0.335118103223324,0.0290184892809376,TWI,SSC,1,,4,,Dinf,
2020,TWI.Dinf.res1.SSC4,0.281850178752985,0.286672131551602,-0.0296275118785909,-0.0954424323887724,TWI,SSC,1,,4,,Dinf,
2021,TWI.Dinf.res1.SSC4,0.165550639809291,0.303429388469297,-0.0861542041314345,0.0402358018861727,TWI,SSC,1,,4,,Dinf,
2017,TWI.Dinf.res1.SSC5,0.602419479133101,0.605066706106364,0.336813231501155,0.309644458816683,TWI,SSC,1,,5,,Dinf,
2018,TWI.Dinf.res1.SSC5,0.29387346979306,0.294393348281711,-0.076238463785788,-0.302376843871253,TWI,SSC,1,,5,,Dinf,
2019,TWI.Dinf.res1.SSC5,0.349939276488287,0.477617754537527,-0.401961774994871,-0.102000650690688,TWI,SSC,1,,5,,Dinf,
2020,TWI.Dinf.res1.SSC5,0.34795509204566,0.352032676782556,0.188115677736698,0.138978480702772,TWI,SSC,1,,5,,Dinf,
2021,TWI.Dinf.res1.SSC5,0.238700435206153,0.33889957358347,0.053035885481451,0.0900219497462259,TWI,SSC,1,,5,,Dinf,
2017,TWI.Dinf.res1.SSC7,0.588750845477739,0.589570596439025,0.315826400071401,0.283560100968285,TWI,SSC,1,,7,,Dinf,
2018,TWI.Dinf.res1.SSC7,0.389414126204901,0.389596180142123,0.212981995743847,0.039134171321052,TWI,SSC,1,,7,,Dinf,
2019,TWI.Dinf.res1.SSC7,0.421787866120863,0.52586959904922,-0.231401825177348,-0.0018704696158382,TWI,SSC,1,,7,,Dinf,
2020,TWI.Dinf.res1.SSC7,0.440983049884378,0.442038799030894,0.348605108504739,0.308403083168025,TWI,SSC,1,,7,,Dinf,
2021,TWI.Dinf.res1.SSC7,0.4326385537627,0.466433675268289,0.324475354409433,0.295640576584078,TWI,SSC,1,,7,,Dinf,
2017,TWI.Dinf.res10.NFNW,0.74585085503978,0.745932582423027,0.607068956522759,0.549184877608901,TWI,NFNW,10,,,,Dinf,
2018,TWI.Dinf.res10.NFNW,0.607280249612109,0.607798636483781,0.515855718847147,0.408385541002598,TWI,NFNW,10,,,,Dinf,
2019,TWI.Dinf.res10.NFNW,0.561964834345605,0.63354985250157,0.300682363146069,0.335429774137118,TWI,NFNW,10,,,,Dinf,
2020,TWI.Dinf.res10.NFNW,0.455559783370895,0.458570005735579,0.367552736580872,0.321387254984805,TWI,NFNW,10,,,,Dinf,
2021,TWI.Dinf.res10.NFNW,0.412209315462654,0.476530158902688,0.319270270088304,0.343696992752123,TWI,NFNW,10,,,,Dinf,
2017,TWI.Dinf.res2.NFNW,0.579024675569153,0.583235346621257,0.339052958346895,0.315823265819264,TWI,NFNW,2,,,,Dinf,
2018,TWI.Dinf.res2.NFNW,0.0910054444596964,0.0955947414067354,-0.702433801670221,-0.721216599666442,TWI,NFNW,2,,,,Dinf,
2019,TWI.Dinf.res2.NFNW,0.00564949994055401,0.294753919991352,-0.911869709299069,0.0236060927150507,TWI,NFNW,2,,,,Dinf,
2020,TWI.Dinf.res2.NFNW,0.269012210874423,0.279782202682461,-0.0751704559567861,-0.104829816339106,TWI,NFNW,2,,,,Dinf,
2021,TWI.Dinf.res2.NFNW,0.158718568154672,0.303239141567128,-0.101959398951719,0.0592214604595048,TWI,NFNW,2,,,,Dinf,
2017,TWI.Dinf.res3.NFNW,0.600261811713227,0.600843040852116,0.422275060084101,0.369747270631952,TWI,NFNW,3,,,,Dinf,
2018,TWI.Dinf.res3.NFNW,0.424177721576225,0.424701530571806,0.231687075013019,0.068930013411972,TWI,NFNW,3,,,,Dinf,
2019,TWI.Dinf.res3.NFNW,0.468214747070215,0.561779537642416,0.0166079677781481,0.110479071681025,TWI,NFNW,3,,,,Dinf,
2020,TWI.Dinf.res3.NFNW,0.262967437685798,0.267496714357287,-0.0836917246019889,-0.153021621125581,TWI,NFNW,3,,,,Dinf,
2021,TWI.Dinf.res3.NFNW,0.286793930282862,0.377272857289889,0.174320156926644,0.212443373189421,TWI,NFNW,3,,,,Dinf,
2017,TWI.Dinf.res4.NFNW,0.680697095171265,0.680714601581105,0.459575457121474,0.403012255805641,TWI,NFNW,4,,,,Dinf,
2018,TWI.Dinf.res4.NFNW,0.42816572846544,0.431193136953087,0.275302211682803,0.153507639365383,TWI,NFNW,4,,,,Dinf,
2019,TWI.Dinf.res4.NFNW,0.359670786770209,0.455848992593572,-0.11713058589239,0.0563583420932622,TWI,NFNW,4,,,,Dinf,
2020,TWI.Dinf.res4.NFNW,0.38805241401193,0.38833407181186,0.269577350239639,0.21863217453204,TWI,NFNW,4,,,,Dinf,
2021,TWI.Dinf.res4.NFNW,0.484077583181777,0.520383040006233,0.387187231880517,0.363655203679747,TWI,NFNW,4,,,,Dinf,
2017,TWI.Dinf.res5.NFNW,0.745843842993688,0.747315313035471,0.578694312220606,0.535004858607458,TWI,NFNW,5,,,,Dinf,
2018,TWI.Dinf.res5.NFNW,0.50300603688596,0.503147932484694,0.397416023978955,0.293596000466642,TWI,NFNW,5,,,,Dinf,
2019,TWI.Dinf.res5.NFNW,0.543476260381515,0.637083235022962,0.121706666813887,0.2244997698919,TWI,NFNW,5,,,,Dinf,
2020,TWI.Dinf.res5.NFNW,0.4642966501625,0.472699054325167,0.392758206581317,0.361575703612255,TWI,NFNW,5,,,,Dinf,
2021,TWI.Dinf.res5.NFNW,0.436861926049486,0.486451833903409,0.365635960861492,0.366998410598032,TWI,NFNW,5,,,,Dinf,
2017,TWI.Dinf.res7.NFNW,0.755282826725018,0.75578111428817,0.619269071429763,0.57169377531275,TWI,NFNW,7,,,,Dinf,
2018,TWI.Dinf.res7.NFNW,0.58718191315498,0.587227404270322,0.479694400377329,0.382315828833781,TWI,NFNW,7,,,,Dinf,
2019,TWI.Dinf.res7.NFNW,0.596939637108836,0.687566383769718,0.370809142832833,0.43176220852968,TWI,NFNW,7,,,,Dinf,
2020,TWI.Dinf.res7.NFNW,0.472236697439227,0.481102157106613,0.401897274280083,0.36078433707239,TWI,NFNW,7,,,,Dinf,
2021,TWI.Dinf.res7.NFNW,0.452253416152626,0.504291863437192,0.384727248311807,0.395054651527263,TWI,NFNW,7,,,,Dinf,
2017,TWI.FD8.res1.gauss_0.5sigma,0.4739096238869,0.488526535570621,0.085762322326251,0.0652971229571852,TWI,gauss,1,,,0.5,FD8,
2018,TWI.FD8.res1.gauss_0.5sigma,0.171633445483018,0.172223618547998,-0.504767131848474,-0.666700795103953,TWI,gauss,1,,,0.5,FD8,
2019,TWI.FD8.res1.gauss_0.5sigma,0.0604565790797007,0.332070813823151,-0.456555261554258,-0.0377420222283284,TWI,gauss,1,,,0.5,FD8,
2020,TWI.FD8.res1.gauss_0.5sigma,0.174809374159694,0.230777760983596,-0.191428321980193,-0.170514911170362,TWI,gauss,1,,,0.5,FD8,
2021,TWI.FD8.res1.gauss_0.5sigma,0.078976670835307,0.273093441001489,-0.369495789663207,0.0355413832244833,TWI,gauss,1,,,0.5,FD8,
2017,TWI.FD8.res1.gauss_1.0sigma,0.0422459073146746,0.0850204382694985,-0.814589369249597,-0.709620327963555,TWI,gauss,1,,,1,FD8,
2018,TWI.FD8.res1.gauss_1.0sigma,0.114658929659401,0.125654236487359,-0.701487528281962,-0.80282183342786,TWI,gauss,1,,,1,FD8,
2019,TWI.FD8.res1.gauss_1.0sigma,0.0753240610416781,0.293446732050531,-0.495090950828758,-0.0459460406834298,TWI,gauss,1,,,1,FD8,
2020,TWI.FD8.res1.gauss_1.0sigma,0.0744650892747177,0.0754416300258087,-0.591498945239848,-0.487464873692801,TWI,gauss,1,,,1,FD8,
2021,TWI.FD8.res1.gauss_1.0sigma,0.0167189971929392,0.26603318305123,-0.632227285245055,-0.0396318719484902,TWI,gauss,1,,,1,FD8,
2017,TWI.FD8.res1.gauss_1.5sigma,0.142570809427528,0.160201550549403,-0.572676020098081,-0.578938148289649,TWI,gauss,1,,,1.5,FD8,
2018,TWI.FD8.res1.gauss_1.5sigma,0.0691962972574214,0.0862828919805242,-0.631424681544895,-0.721196733093384,TWI,gauss,1,,,1.5,FD8,
2019,TWI.FD8.res1.gauss_1.5sigma,0.0505314505813129,0.294447469941261,-0.6726846389852,-0.0515731077850511,TWI,gauss,1,,,1.5,FD8,
2020,TWI.FD8.res1.gauss_1.5sigma,0.0287372806359094,0.0287396968267775,-0.818030769032616,-0.745765410107022,TWI,gauss,1,,,1.5,FD8,
2021,TWI.FD8.res1.gauss_1.5sigma,0.0417294160052351,0.267996398000894,-0.555263346900692,-0.0451349155557066,TWI,gauss,1,,,1.5,FD8,
2017,TWI.FD8.res1.gauss_2.0sigma,0.345365597878933,0.345681164754114,0.0911755147400706,0.0482570845628124,TWI,gauss,1,,,2,FD8,
2018,TWI.FD8.res1.gauss_2.0sigma,0.144337205790327,0.144416957509842,-0.603478034386679,-0.756098191369574,TWI,gauss,1,,,2,FD8,
2019,TWI.FD8.res1.gauss_2.0sigma,0.0921412552289564,0.362983873050533,-0.546659734088805,0.0314511373959515,TWI,gauss,1,,,2,FD8,
2020,TWI.FD8.res1.gauss_2.0sigma,0.200965736442404,0.206382040080554,-0.392664318474633,-0.543606552403031,TWI,gauss,1,,,2,FD8,
2021,TWI.FD8.res1.gauss_2.0sigma,0.219383786858259,0.330347709108406,0.0743642476515298,0.144686402416613,TWI,gauss,1,,,2,FD8,
2017,TWI.FD8.res1.gauss_2.5sigma,0.552725436611557,0.559484122638438,0.327528872813686,0.299726957339626,TWI,gauss,1,,,2.5,FD8,
2018,TWI.FD8.res1.gauss_2.5sigma,0.239182893262145,0.239550836764366,-0.426333067983025,-0.616958297693524,TWI,gauss,1,,,2.5,FD8,
2019,TWI.FD8.res1.gauss_2.5sigma,0.364182062068805,0.557820922464282,-0.371150907783318,0.0386106048174557,TWI,gauss,1,,,2.5,FD8,
2020,TWI.FD8.res1.gauss_2.5sigma,0.162987122329215,0.176533972195649,-0.440343445193396,-0.494598607414905,TWI,gauss,1,,,2.5,FD8,
2021,TWI.FD8.res1.gauss_2.5sigma,0.382911613186948,0.428222394816105,0.29297059809081,0.29484117773063,TWI,gauss,1,,,2.5,FD8,
2017,TWI.FD8.res1.gauss_3.5sigma,0.669872478320532,0.674501178013973,0.538862869195015,0.507392935880542,TWI,gauss,1,,,3.5,FD8,
2018,TWI.FD8.res1.gauss_3.5sigma,0.398896997138079,0.401027197468547,0.190720960955777,0.0220798272076959,TWI,gauss,1,,,3.5,FD8,
2019,TWI.FD8.res1.gauss_3.5sigma,0.541150795808484,0.692271300476837,-0.20576071713062,0.173831887778744,TWI,gauss,1,,,3.5,FD8,
2020,TWI.FD8.res1.gauss_3.5sigma,0.32050997624671,0.33947893668233,0.130483360280484,0.10153580905462,TWI,gauss,1,,,3.5,FD8,
2021,TWI.FD8.res1.gauss_3.5sigma,0.429097315224268,0.473618381178186,0.363631151526075,0.3688960114883,TWI,gauss,1,,,3.5,FD8,
2017,TWI.FD8.res1.gauss_5.0sigma,0.697439031427052,0.715634133130412,0.602982891012287,0.578331235495219,TWI,gauss,1,,,5,FD8,
2018,TWI.FD8.res1.gauss_5.0sigma,0.446124785802905,0.458757764630678,0.305626418588947,0.20030644708963,TWI,gauss,1,,,5,FD8,
2019,TWI.FD8.res1.gauss_5.0sigma,0.143934878057246,0.383333650535385,-0.550628157377347,0.135144475443114,TWI,gauss,1,,,5,FD8,
2020,TWI.FD8.res1.gauss_5.0sigma,0.361721265442775,0.396245422015248,0.237120547145326,0.242690165610148,TWI,gauss,1,,,5,FD8,
2021,TWI.FD8.res1.gauss_5.0sigma,0.405897707011872,0.445595136831945,0.290959472377233,0.310525564865373,TWI,gauss,1,,,5,FD8,
2017,TWI.FD8.res1.NFNW,0.0405680503997973,0.0796057508494998,-0.772816241341598,-0.697463125017429,TWI,NFNW,1,,,,FD8,
2018,TWI.FD8.res1.NFNW,0.0174140942955451,0.0519418052959885,-0.725508222744523,-0.684605320981081,TWI,NFNW,1,,,,FD8,
2019,TWI.FD8.res1.NFNW,0.275723662802945,0.377673760451847,4.25145429121109e-05,0.115784892784873,TWI,NFNW,1,,,,FD8,
2020,TWI.FD8.res1.NFNW,0.185991624731322,0.190412135915892,-0.140016371817448,-0.168539914198412,TWI,NFNW,1,,,,FD8,
2021,TWI.FD8.res1.NFNW,0.0524957055322438,0.278736529366716,-0.352891810277061,0.0657217709564449,TWI,NFNW,1,,,,FD8,
2017,TWI.FD8.res1.SSC1,0.0346184226849313,0.0746218952054224,-0.799418224028408,-0.720375969838798,TWI,SSC,1,,1,,FD8,
2018,TWI.FD8.res1.SSC1,0.0601609182058408,0.0709985311065584,-0.604989970867277,-0.692359684666101,TWI,SSC,1,,1,,FD8,
2019,TWI.FD8.res1.SSC1,0.0633122231989678,0.28472760576219,-0.586248019986855,-0.0323865606980187,TWI,SSC,1,,1,,FD8,
2020,TWI.FD8.res1.SSC1,0.189059030376837,0.189701479615432,-0.27027172468625,-0.325976046210826,TWI,SSC,1,,1,,FD8,
2021,TWI.FD8.res1.SSC1,0.165157041870854,0.281728219712244,-0.108221423894709,0.0186175891894684,TWI,SSC,1,,1,,FD8,
2017,TWI.FD8.res1.SSC10,0.702523259803907,0.712218948002457,0.596987703374338,0.556379025557339,TWI,SSC,1,,10,,FD8,
2018,TWI.FD8.res1.SSC10,0.416531651276956,0.421690713895022,0.261305024362633,0.123065350381189,TWI,SSC,1,,10,,FD8,
2019,TWI.FD8.res1.SSC10,0.156083879469969,0.372277294805923,-0.428096619833039,0.134389342985772,TWI,SSC,1,,10,,FD8,
2020,TWI.FD8.res1.SSC10,0.352194453731963,0.374019474278075,0.216812304637958,0.196466332547988,TWI,SSC,1,,10,,FD8,
2021,TWI.FD8.res1.SSC10,0.450838254160882,0.482612151342548,0.357775718400624,0.367189901743087,TWI,SSC,1,,10,,FD8,
2017,TWI.FD8.res1.SSC2,0.222343887037689,0.246542933775286,-0.235044004554996,-0.277748766186271,TWI,SSC,1,,2,,FD8,
2018,TWI.FD8.res1.SSC2,0.127977573644122,0.142090236222667,-0.425379082001787,-0.618606590262563,TWI,SSC,1,,2,,FD8,
2019,TWI.FD8.res1.SSC2,0.0922136035855016,0.292975770799239,-0.468101133040978,-0.00506910829714263,TWI,SSC,1,,2,,FD8,
2020,TWI.FD8.res1.SSC2,0.0933107162141178,0.0933218434036548,-0.604018507021313,-0.611588943891022,TWI,SSC,1,,2,,FD8,
2021,TWI.FD8.res1.SSC2,0.0619924823460114,0.268613592810814,-0.37190363270325,-0.016064909053682,TWI,SSC,1,,2,,FD8,
2017,TWI.FD8.res1.SSC3,0.282521176241015,0.28264962331074,-0.183793911754735,-0.254737747080899,TWI,SSC,1,,3,,FD8,
2018,TWI.FD8.res1.SSC3,0.0614061352138206,0.0889044756868064,-0.523073532970258,-0.631495779870341,TWI,SSC,1,,3,,FD8,
2019,TWI.FD8.res1.SSC3,0.0997542010911205,0.28658191942569,-0.392268869425882,0.00355041846793456,TWI,SSC,1,,3,,FD8,
2020,TWI.FD8.res1.SSC3,0.0726118810169967,0.0747731318832121,-0.676587532446958,-0.493832321283773,TWI,SSC,1,,3,,FD8,
2021,TWI.FD8.res1.SSC3,0.00747447831306708,0.265172245620031,-0.652164237542751,-0.00787453698214187,TWI,SSC,1,,3,,FD8,
2017,TWI.FD8.res1.SSC4,0.385193604473974,0.385323755941871,0.107018110730883,0.0608225202901324,TWI,SSC,1,,4,,FD8,
2018,TWI.FD8.res1.SSC4,0.140867038548622,0.140905454562798,-0.642927619604649,-0.78583064392005,TWI,SSC,1,,4,,FD8,
2019,TWI.FD8.res1.SSC4,0.169369069276329,0.419016077881224,-0.463925023449229,0.0324317763922687,TWI,SSC,1,,4,,FD8,
2020,TWI.FD8.res1.SSC4,0.248673190223171,0.255883414133355,-0.075687228367718,-0.139919553998733,TWI,SSC,1,,4,,FD8,
2021,TWI.FD8.res1.SSC4,0.158255800538247,0.306099357069152,-0.061296452089262,0.087807027483815,TWI,SSC,1,,4,,FD8,
2017,TWI.FD8.res1.SSC5,0.575493220899409,0.587250508718117,0.348143247183578,0.320446072236604,TWI,SSC,1,,5,,FD8,
2018,TWI.FD8.res1.SSC5,0.215251753333733,0.21616636276584,-0.455532430547151,-0.666903884296198,TWI,SSC,1,,5,,FD8,
2019,TWI.FD8.res1.SSC5,0.321120640730346,0.534147550622512,-0.323722312361395,0.103706679459757,TWI,SSC,1,,5,,FD8,
2020,TWI.FD8.res1.SSC5,0.236808009519669,0.25724532771591,-0.0828393742885357,-0.129365162303181,TWI,SSC,1,,5,,FD8,
2021,TWI.FD8.res1.SSC5,0.319475328766422,0.377639895373544,0.187551360157178,0.183848416006473,TWI,SSC,1,,5,,FD8,
2017,TWI.FD8.res1.SSC7,0.772667177799736,0.777936476995412,0.675529716844166,0.601731925754405,TWI,SSC,1,,7,,FD8,
2018,TWI.FD8.res1.SSC7,0.42090818412154,0.426397868982128,0.282005473250953,0.169221822509253,TWI,SSC,1,,7,,FD8,
2019,TWI.FD8.res1.SSC7,0.43421445860284,0.506363152364177,0.332123940137756,0.361672235495806,TWI,SSC,1,,7,,FD8,
2020,TWI.FD8.res1.SSC7,0.366666814900197,0.367727802060454,0.245060948609139,0.204724618803797,TWI,SSC,1,,7,,FD8,
2021,TWI.FD8.res1.SSC7,0.534666190978529,0.591801429448105,0.478253873691659,0.501211811421385,TWI,SSC,1,,7,,FD8,
2017,TWI.FD8.res10.NFNW,0.743884673371601,0.74474292748005,0.597936511163622,0.551973419274879,TWI,NFNW,10,,,,FD8,
2018,TWI.FD8.res10.NFNW,0.673722987363762,0.673745767587562,0.599483090118362,0.515723733866297,TWI,NFNW,10,,,,FD8,
2019,TWI.FD8.res10.NFNW,0.631159007881001,0.702309709018889,0.454335548860114,0.473403523612939,TWI,NFNW,10,,,,FD8,
2020,TWI.FD8.res10.NFNW,0.447803188841929,0.454288441586391,0.338661835268044,0.303506062461074,TWI,NFNW,10,,,,FD8,
2021,TWI.FD8.res10.NFNW,0.417837117820879,0.476702332141989,0.317798571233135,0.332276732430928,TWI,NFNW,10,,,,FD8,
2017,TWI.FD8.res2.NFNW,0.452394126058272,0.458382140071539,0.0507721418609821,0.0113506226017888,TWI,NFNW,2,,,,FD8,
2018,TWI.FD8.res2.NFNW,0.169337056193246,0.174974848829568,-0.438927064748742,-0.564412122839319,TWI,NFNW,2,,,,FD8,
2019,TWI.FD8.res2.NFNW,0.185898480392038,0.347938048131711,-0.0356523505152017,0.135074137741116,TWI,NFNW,2,,,,FD8,
2020,TWI.FD8.res2.NFNW,0.258533288491664,0.26131738872845,-0.0814618960843777,-0.142352101822397,TWI,NFNW,2,,,,FD8,
2021,TWI.FD8.res2.NFNW,0.200907612594101,0.345135292326235,0.0598778550839599,0.189995567810268,TWI,NFNW,2,,,,FD8,
2017,TWI.FD8.res3.NFNW,0.566373553656113,0.576774424735669,0.156094793281371,0.143050975825461,TWI,NFNW,3,,,,FD8,
2018,TWI.FD8.res3.NFNW,0.203600440094986,0.204208413915326,-0.114412375160167,-0.304245565958995,TWI,NFNW,3,,,,FD8,
2019,TWI.FD8.res3.NFNW,0.154218349306446,0.348113357476235,-0.0934059785495231,0.146072863467085,TWI,NFNW,3,,,,FD8,
2020,TWI.FD8.res3.NFNW,0.311885525450798,0.3233255050862,0.0637023148978787,0.0102898182439938,TWI,NFNW,3,,,,FD8,
2021,TWI.FD8.res3.NFNW,0.293272764970463,0.380684623462758,0.181786917964001,0.188791370714867,TWI,NFNW,3,,,,FD8,
2017,TWI.FD8.res4.NFNW,0.480074224666167,0.486525707293125,0.259622756014194,0.239816888198793,TWI,NFNW,4,,,,FD8,
2018,TWI.FD8.res4.NFNW,0.219589947511073,0.220502049517046,-0.220614578021649,-0.446464715228814,TWI,NFNW,4,,,,FD8,
2019,TWI.FD8.res4.NFNW,0.149090323866887,0.388700652950597,-0.399308062595827,0.0995522182049254,TWI,NFNW,4,,,,FD8,
2020,TWI.FD8.res4.NFNW,0.25196907767888,0.263931800057748,-0.0996702681186676,-0.133381783113563,TWI,NFNW,4,,,,FD8,
2021,TWI.FD8.res4.NFNW,0.241761117834048,0.329470799320186,0.0816582072028662,0.113156703753387,TWI,NFNW,4,,,,FD8,
2017,TWI.FD8.res5.NFNW,0.645273252135691,0.653518969166831,0.368494463415552,0.356039329213435,TWI,NFNW,5,,,,FD8,
2018,TWI.FD8.res5.NFNW,0.401652384433144,0.404149694691539,0.256285443577475,0.104392440272077,TWI,NFNW,5,,,,FD8,
2019,TWI.FD8.res5.NFNW,0.484312131305506,0.636660306595979,-0.104857221348493,0.287454959317959,TWI,NFNW,5,,,,FD8,
2020,TWI.FD8.res5.NFNW,0.342196954110247,0.354023693737123,0.159297284844752,0.131913690388467,TWI,NFNW,5,,,,FD8,
2021,TWI.FD8.res5.NFNW,0.334486082595229,0.391282128679597,0.186524446028017,0.169388949155733,TWI,NFNW,5,,,,FD8,
2017,TWI.FD8.res7.NFNW,0.786534909269661,0.793096064437704,0.614450643404793,0.604517980771444,TWI,NFNW,7,,,,FD8,
2018,TWI.FD8.res7.NFNW,0.626674923939802,0.628369458525273,0.466664497160634,0.421114434549798,TWI,NFNW,7,,,,FD8,
2019,TWI.FD8.res7.NFNW,0.66968844572322,0.76974378868197,0.636776324694694,0.689792330174477,TWI,NFNW,7,,,,FD8,
2020,TWI.FD8.res7.NFNW,0.442077134680552,0.467576649087592,0.351451007473583,0.353006422683953,TWI,NFNW,7,,,,FD8,
2021,TWI.FD8.res7.NFNW,0.438848761993193,0.48156529419555,0.36055523482369,0.347794532496805,TWI,NFNW,7,,,,FD8,
2017,TWI.KRA.res1.gauss_0.5,0.331834425997904,0.331851327229854,-0.0169153311694065,-0.107605466042588,TWI,gauss,1,,,0.5,KRA,
2018,TWI.KRA.res1.gauss_0.5,0.0170538526080992,0.050456574885464,-0.789677990254274,-0.704038375983602,TWI,gauss,1,,,0.5,KRA,
2019,TWI.KRA.res1.gauss_0.5,0.15640681133067,0.295180036391206,-0.298815939270357,-0.0319533054620446,TWI,gauss,1,,,0.5,KRA,
2020,TWI.KRA.res1.gauss_0.5,0.00330522271420532,0.00341412671474848,-0.524019250068008,-0.49452786011035,TWI,gauss,1,,,0.5,KRA,
2021,TWI.KRA.res1.gauss_0.5,0.0846769831185114,0.279940635926582,-0.258569714856297,0.0100069675496299,TWI,gauss,1,,,0.5,KRA,
2017,TWI.KRA.res1.gauss_1.0,0.26049333127362,0.270092101188366,-0.129415547954834,-0.207893815716038,TWI,gauss,1,,,1,KRA,
2018,TWI.KRA.res1.gauss_1.0,0.098593719611492,0.108568717954729,-0.734670699527154,-0.806875037943122,TWI,gauss,1,,,1,KRA,
2019,TWI.KRA.res1.gauss_1.0,0.0282506764123475,0.284756609960678,-0.747022188551115,-0.0588142632753347,TWI,gauss,1,,,1,KRA,
2020,TWI.KRA.res1.gauss_1.0,0.14384386562627,0.148689744054987,-0.343869945861515,-0.390545724263428,TWI,gauss,1,,,1,KRA,
2021,TWI.KRA.res1.gauss_1.0,0.0989842116306218,0.274852734044673,-0.218317107253677,0.0282551127119129,TWI,gauss,1,,,1,KRA,
2017,TWI.KRA.res1.gauss_1.5,0.381630721170352,0.381687430810022,0.0878448473182532,0.0315976284530412,TWI,gauss,1,,,1.5,KRA,
2018,TWI.KRA.res1.gauss_1.5,0.1430954928718,0.143262898058551,-0.480774838944341,-0.646321164890678,TWI,gauss,1,,,1.5,KRA,
2019,TWI.KRA.res1.gauss_1.5,0.0498411955130469,0.293700541833233,-0.77770034527841,-0.0423288171663455,TWI,gauss,1,,,1.5,KRA,
2020,TWI.KRA.res1.gauss_1.5,0.245510540421384,0.260989665409452,-0.0778470206652673,-0.133648858002531,TWI,gauss,1,,,1.5,KRA,
2021,TWI.KRA.res1.gauss_1.5,0.165842070823503,0.298010316751665,-0.0363969797369308,0.0755318664133692,TWI,gauss,1,,,1.5,KRA,
2017,TWI.KRA.res1.gauss_2.0,0.392662297231116,0.393383384814307,0.1415160159673,0.117036744710102,TWI,gauss,1,,,2,KRA,
2018,TWI.KRA.res1.gauss_2.0,0.303111430685351,0.305116048336773,0.0518607829599633,-0.15217174146531,TWI,gauss,1,,,2,KRA,
2019,TWI.KRA.res1.gauss_2.0,0.249953028566202,0.468726007346087,-0.066033136777158,0.244695702452797,TWI,gauss,1,,,2,KRA,
2020,TWI.KRA.res1.gauss_2.0,0.260255754609109,0.26514376934531,-0.0153288682757902,-0.0558464337969226,TWI,gauss,1,,,2,KRA,
2021,TWI.KRA.res1.gauss_2.0,0.175261536410049,0.313875034148819,0.0149737804157952,0.120651664735266,TWI,gauss,1,,,2,KRA,
2017,TWI.KRA.res1.gauss_2.5,0.603334173107496,0.608539676379247,0.408126215446368,0.379487430115113,TWI,gauss,1,,,2.5,KRA,
2018,TWI.KRA.res1.gauss_2.5,0.348488811247448,0.348489741919676,0.124822957448153,-0.0712518418298132,TWI,gauss,1,,,2.5,KRA,
2019,TWI.KRA.res1.gauss_2.5,0.433772445800072,0.576696180967211,0.0891717072419575,0.248493528596183,TWI,gauss,1,,,2.5,KRA,
2020,TWI.KRA.res1.gauss_2.5,0.25788239494468,0.267035827628626,-0.103674503666039,-0.159620796707786,TWI,gauss,1,,,2.5,KRA,
2021,TWI.KRA.res1.gauss_2.5,0.287736384254482,0.367766173738807,0.169471932197424,0.187446664068564,TWI,gauss,1,,,2.5,KRA,
2017,TWI.KRA.res1.gauss_3.5,0.670073887458036,0.675540838096704,0.440006585131009,0.416822879987407,TWI,gauss,1,,,3.5,KRA,
2018,TWI.KRA.res1.gauss_3.5,0.460198624910668,0.461151298607138,0.346715681112687,0.208415524671182,TWI,gauss,1,,,3.5,KRA,
2019,TWI.KRA.res1.gauss_3.5,0.542932575780056,0.662409682573567,0.297693856850558,0.404345340748715,TWI,gauss,1,,,3.5,KRA,
2020,TWI.KRA.res1.gauss_3.5,0.419163560253548,0.431117585212841,0.32615906010564,0.303108302062419,TWI,gauss,1,,,3.5,KRA,
2021,TWI.KRA.res1.gauss_3.5,0.391961405273629,0.446204248827774,0.290684189414645,0.287100025286393,TWI,gauss,1,,,3.5,KRA,
2017,TWI.KRA.res1.gauss_5.0,0.719565334070897,0.74150180234222,0.586956307483201,0.569431316189905,TWI,gauss,1,,,5,KRA,
2018,TWI.KRA.res1.gauss_5.0,0.358567447181258,0.366984973165547,0.245024636681936,0.0987835199375473,TWI,gauss,1,,,5,KRA,
2019,TWI.KRA.res1.gauss_5.0,0.314586949122796,0.504858390545971,-0.218405637413598,0.174626806233418,TWI,gauss,1,,,5,KRA,
2020,TWI.KRA.res1.gauss_5.0,0.546515340566971,0.594062898447082,0.394964486146438,0.385369924323642,TWI,gauss,1,,,5,KRA,
2021,TWI.KRA.res1.gauss_5.0,0.377353688752195,0.430374011689917,0.259067479563915,0.294009700596238,TWI,gauss,1,,,5,KRA,
2017,TWI.KRA.res1.NFNW,0.159982955090899,0.170794803862936,-0.447030227283043,-0.518245458212803,TWI,NFNW,1,,,,KRA,
2018,TWI.KRA.res1.NFNW,0.108536938736535,0.124582377240172,-0.459854106023436,-0.536260269548041,TWI,NFNW,1,,,,KRA,
2019,TWI.KRA.res1.NFNW,0.288487305005685,0.384526066905746,-0.0765717822416186,0.040600591499091,TWI,NFNW,1,,,,KRA,
2020,TWI.KRA.res1.NFNW,0.0160520176104216,0.0182276001577275,-0.663426637940384,-0.590675806294765,TWI,NFNW,1,,,,KRA,
2021,TWI.KRA.res1.NFNW,0.190750509028242,0.334899863009231,-0.0145821246611764,0.127558503832985,TWI,NFNW,1,,,,KRA,
2017,TWI.KRA.res1.SSC1,0.147784667235659,0.181641166860386,-0.53346948394662,-0.479680870291496,TWI,SSC,1,,1,,KRA,
2018,TWI.KRA.res1.SSC1,0.0931051151891204,0.101289478528011,-0.567576314607234,-0.625527288445695,TWI,SSC,1,,1,,KRA,
2019,TWI.KRA.res1.SSC1,0.00155292545736255,0.285768441221181,-0.706584944250908,-0.0618158559168685,TWI,SSC,1,,1,,KRA,
2020,TWI.KRA.res1.SSC1,0.0377578439234468,0.0385786683078339,-0.593116124577126,-0.532941240412136,TWI,SSC,1,,1,,KRA,
2021,TWI.KRA.res1.SSC1,0.0672528281750463,0.270480263547637,-0.392066723555975,0.0177659996645521,TWI,SSC,1,,1,,KRA,
2017,TWI.KRA.res1.SSC10,0.743414311870967,0.759006251671629,0.652086211866952,0.617081573796555,TWI,SSC,1,,10,,KRA,
2018,TWI.KRA.res1.SSC10,0.388804128799849,0.395956882537736,0.273144218750657,0.132133900618831,TWI,SSC,1,,10,,KRA,
2019,TWI.KRA.res1.SSC10,0.334557682581725,0.512579964467647,-0.115039781640019,0.189233273840003,TWI,SSC,1,,10,,KRA,
2020,TWI.KRA.res1.SSC10,0.542220079132754,0.582862202885891,0.379273734053628,0.360887977218506,TWI,SSC,1,,10,,KRA,
2021,TWI.KRA.res1.SSC10,0.430584589080563,0.471945389923039,0.322282547673811,0.350548349973699,TWI,SSC,1,,10,,KRA,
2017,TWI.KRA.res1.SSC2,0.274844189626041,0.278731740861317,-0.0808362312310686,-0.17683331653472,TWI,SSC,1,,2,,KRA,
2018,TWI.KRA.res1.SSC2,0.0843297572658952,0.092251124610076,-0.740518120219867,-0.80287987989219,TWI,SSC,1,,2,,KRA,
2019,TWI.KRA.res1.SSC2,0.0488980221029927,0.286816530149316,-0.758990807363957,-0.0731588378044128,TWI,SSC,1,,2,,KRA,
2020,TWI.KRA.res1.SSC2,0.166050005517604,0.172626376531961,-0.287281959058438,-0.354677420539275,TWI,SSC,1,,2,,KRA,
2021,TWI.KRA.res1.SSC2,0.0206980309465637,0.265181349222216,-0.617370852016202,-0.0131137169020686,TWI,SSC,1,,2,,KRA,
2017,TWI.KRA.res1.SSC3,0.371212673904516,0.371225072189085,0.0737244284133487,0.00578005859432666,TWI,SSC,1,,3,,KRA,
2018,TWI.KRA.res1.SSC3,0.234825808987393,0.235013751432937,-0.0980815935734262,-0.306906014235839,TWI,SSC,1,,3,,KRA,
2019,TWI.KRA.res1.SSC3,0.00847188575553406,0.303488760592846,-0.765644332349415,-0.0219540662609345,TWI,SSC,1,,3,,KRA,
2020,TWI.KRA.res1.SSC3,0.210961062526213,0.219917490478724,-0.251916429064564,-0.345458211669013,TWI,SSC,1,,3,,KRA,
2021,TWI.KRA.res1.SSC3,0.124909036121139,0.284813256702731,-0.16273925542443,0.0399750715367981,TWI,SSC,1,,3,,KRA,
2017,TWI.KRA.res1.SSC4,0.378832356123226,0.37953753929188,0.102159255601062,0.0744272470601579,TWI,SSC,1,,4,,KRA,
2018,TWI.KRA.res1.SSC4,0.321250950030396,0.326229414500587,0.120088155072436,-0.0755296843024832,TWI,SSC,1,,4,,KRA,
2019,TWI.KRA.res1.SSC4,0.187208294711398,0.429764994837695,-0.204393253480155,0.227955330525373,TWI,SSC,1,,4,,KRA,
2020,TWI.KRA.res1.SSC4,0.266944178661555,0.272514672081773,-0.014290805981175,-0.0566256536342471,TWI,SSC,1,,4,,KRA,
2021,TWI.KRA.res1.SSC4,0.164926095803267,0.311437762434004,-0.0143741828458908,0.111576203461378,TWI,SSC,1,,4,,KRA,
2017,TWI.KRA.res1.SSC5,0.632140057397081,0.63744040980159,0.453488767215564,0.424680099642094,TWI,SSC,1,,5,,KRA,
2018,TWI.KRA.res1.SSC5,0.377643895884073,0.377973949331105,0.19707315102947,0.0157689658009246,TWI,SSC,1,,5,,KRA,
2019,TWI.KRA.res1.SSC5,0.482340534646597,0.592846545942738,0.239764938429728,0.28437396813444,TWI,SSC,1,,5,,KRA,
2020,TWI.KRA.res1.SSC5,0.326275739175714,0.339835244680406,0.116219232538752,0.0858046728706669,TWI,SSC,1,,5,,KRA,
2021,TWI.KRA.res1.SSC5,0.244103909951742,0.338672610071037,0.0643403314714941,0.113463205108038,TWI,SSC,1,,5,,KRA,
2017,TWI.KRA.res1.SSC7,0.750667194864601,0.754145380270019,0.53694325780348,0.500127114318447,TWI,SSC,1,,7,,KRA,
2018,TWI.KRA.res1.SSC7,0.392368696844732,0.392714633839914,0.270605751042346,0.187277094191154,TWI,SSC,1,,7,,KRA,
2019,TWI.KRA.res1.SSC7,0.481342663811273,0.574262988188679,0.414042570417504,0.508322837475169,TWI,SSC,1,,7,,KRA,
2020,TWI.KRA.res1.SSC7,0.400372118405639,0.404038366368638,0.294219332365762,0.265006256543233,TWI,SSC,1,,7,,KRA,
2021,TWI.KRA.res1.SSC7,0.523654670445413,0.552055344254847,0.451652447378856,0.40805403837448,TWI,SSC,1,,7,,KRA,
2017,TWI.KRA.res10.NFNW,0.728028515753153,0.728150089826227,0.575500702629601,0.521209584423165,TWI,NFNW,10,,,,KRA,
2018,TWI.KRA.res10.NFNW,0.637968851634619,0.63822030277678,0.557026754089635,0.459418379023602,TWI,NFNW,10,,,,KRA,
2019,TWI.KRA.res10.NFNW,0.578089223847402,0.647455886028321,0.353847643953818,0.383987460170904,TWI,NFNW,10,,,,KRA,
2020,TWI.KRA.res10.NFNW,0.490100949801206,0.492940089904046,0.398760035301434,0.362174401295838,TWI,NFNW,10,,,,KRA,
2021,TWI.KRA.res10.NFNW,0.445428423838538,0.495997603183378,0.359491913938558,0.368236240330371,TWI,NFNW,10,,,,KRA,
2017,TWI.KRA.res2.NFNW,0.452915374406837,0.453471762203657,0.0888782916622699,0.0574114320111302,TWI,NFNW,2,,,,KRA,
2018,TWI.KRA.res2.NFNW,0.103700549724437,0.106062786825168,-0.697674031834795,-0.72913224541194,TWI,NFNW,2,,,,KRA,
2019,TWI.KRA.res2.NFNW,0.0059384086706898,0.29836925051061,-0.83558472500176,0.020567496599937,TWI,NFNW,2,,,,KRA,
2020,TWI.KRA.res2.NFNW,0.291177703866831,0.303264605371209,0.049518106204868,0.0216983450413685,TWI,NFNW,2,,,,KRA,
2021,TWI.KRA.res2.NFNW,0.183220743365022,0.328633386275466,0.0129786514628166,0.148388060710499,TWI,NFNW,2,,,,KRA,
2017,TWI.KRA.res3.NFNW,0.608702095899597,0.623206766096947,0.181187117479577,0.176417959351843,TWI,NFNW,3,,,,KRA,
2018,TWI.KRA.res3.NFNW,0.285881044088029,0.285923253933282,0.0183007335898486,-0.232510990019917,TWI,NFNW,3,,,,KRA,
2019,TWI.KRA.res3.NFNW,0.356607673053838,0.505976691594519,-0.116298871057118,0.215622244415482,TWI,NFNW,3,,,,KRA,
2020,TWI.KRA.res3.NFNW,0.327883529036732,0.339255642300889,0.122188546620217,0.0765595752208425,TWI,NFNW,3,,,,KRA,
2021,TWI.KRA.res3.NFNW,0.256678375553447,0.362175886326464,0.0634354562342417,0.105518809714115,TWI,NFNW,3,,,,KRA,
2017,TWI.KRA.res4.NFNW,0.603648651727323,0.606924722184987,0.331946127876841,0.309992440108903,TWI,NFNW,4,,,,KRA,
2018,TWI.KRA.res4.NFNW,0.411315164392917,0.411587678296609,0.307895868956288,0.153093365359073,TWI,NFNW,4,,,,KRA,
2019,TWI.KRA.res4.NFNW,0.424606223311172,0.557588587623236,0.0820995447773478,0.277081201242214,TWI,NFNW,4,,,,KRA,
2020,TWI.KRA.res4.NFNW,0.411514880472296,0.416853478905724,0.31229223427207,0.28313465049355,TWI,NFNW,4,,,,KRA,
2021,TWI.KRA.res4.NFNW,0.39048971367633,0.438201019458139,0.228610767034106,0.22428834189308,TWI,NFNW,4,,,,KRA,
2017,TWI.KRA.res5.NFNW,0.667581446736344,0.672783689424373,0.387521683139944,0.369825206990885,TWI,NFNW,5,,,,KRA,
2018,TWI.KRA.res5.NFNW,0.46911319040093,0.471226821517721,0.369649186597892,0.256378418202298,TWI,NFNW,5,,,,KRA,
2019,TWI.KRA.res5.NFNW,0.496076299050566,0.622904515870369,0.310802451537023,0.429826947250334,TWI,NFNW,5,,,,KRA,
2020,TWI.KRA.res5.NFNW,0.486524906274763,0.496881759074979,0.41719458880316,0.392580555243493,TWI,NFNW,5,,,,KRA,
2021,TWI.KRA.res5.NFNW,0.385418222130921,0.434670813255029,0.249640631893131,0.240969136390485,TWI,NFNW,5,,,,KRA,
2017,TWI.KRA.res7.NFNW,0.738226846990207,0.741682048537198,0.543254014398025,0.510721430125866,TWI,NFNW,7,,,,KRA,
2018,TWI.KRA.res7.NFNW,0.481155599311947,0.481828719211974,0.385570979285005,0.270353324489163,TWI,NFNW,7,,,,KRA,
2019,TWI.KRA.res7.NFNW,0.609818941369943,0.72204643602493,0.351062403032734,0.483897283080826,TWI,NFNW,7,,,,KRA,
2020,TWI.KRA.res7.NFNW,0.492848917331723,0.508130483898473,0.426763013513655,0.394581746814134,TWI,NFNW,7,,,,KRA,
2021,TWI.KRA.res7.NFNW,0.446815000517582,0.491462524822544,0.370001355210797,0.364889160058122,TWI,NFNW,7,,,,KRA,
2017,TWI.MFD0.5.res1.gauss_0.5sigma,0.246186342512616,0.246317296141822,-0.121807122096755,-0.214114939862316,TWI,gauss,1,,,0.5,MFD,0.5
2018,TWI.MFD0.5.res1.gauss_0.5sigma,0.207032157513541,0.207032761951124,-0.22672760478039,-0.404838412339331,TWI,gauss,1,,,0.5,MFD,0.5
2019,TWI.MFD0.5.res1.gauss_0.5sigma,0.110803177863881,0.351906123611775,-0.440206093601051,0.0597638970528634,TWI,gauss,1,,,0.5,MFD,0.5
2020,TWI.MFD0.5.res1.gauss_0.5sigma,0.190742625266738,0.209817317843648,-0.241016383917955,-0.321385637799539,TWI,gauss,1,,,0.5,MFD,0.5
2021,TWI.MFD0.5.res1.gauss_0.5sigma,0.156269413386488,0.291284312543044,-0.17115636119175,0.0131720739237921,TWI,gauss,1,,,0.5,MFD,0.5
2017,TWI.MFD0.5.res1.gauss_1.0sigma,0.607444081646993,0.610758991666623,0.357983260985403,0.341799578751077,TWI,gauss,1,,,1,MFD,0.5
2018,TWI.MFD0.5.res1.gauss_1.0sigma,0.332595066159907,0.332797846065539,0.122884913935511,-0.0799820698625278,TWI,gauss,1,,,1,MFD,0.5
2019,TWI.MFD0.5.res1.gauss_1.0sigma,0.333771799309619,0.497461438634254,0.0156623325614193,0.235714977196796,TWI,gauss,1,,,1,MFD,0.5
2020,TWI.MFD0.5.res1.gauss_1.0sigma,0.280663974674644,0.293496832722525,-0.00976163056373484,-0.0353786371659312,TWI,gauss,1,,,1,MFD,0.5
2021,TWI.MFD0.5.res1.gauss_1.0sigma,0.307290626515528,0.376904058944429,0.164307870114182,0.176427754009218,TWI,gauss,1,,,1,MFD,0.5
2017,TWI.MFD0.5.res1.gauss_1.5sigma,0.656912450105133,0.660396820110809,0.396630522440622,0.377014825939346,TWI,gauss,1,,,1.5,MFD,0.5
2018,TWI.MFD0.5.res1.gauss_1.5sigma,0.447908417007821,0.448122259417635,0.345604775849154,0.206303544324942,TWI,gauss,1,,,1.5,MFD,0.5
2019,TWI.MFD0.5.res1.gauss_1.5sigma,0.510397818942535,0.631782477501946,0.298401232876131,0.390753946445738,TWI,gauss,1,,,1.5,MFD,0.5
2020,TWI.MFD0.5.res1.gauss_1.5sigma,0.358716336103318,0.369060185114526,0.211985214196887,0.178557243009636,TWI,gauss,1,,,1.5,MFD,0.5
2021,TWI.MFD0.5.res1.gauss_1.5sigma,0.353868079466732,0.413893149237446,0.222472006467736,0.223675990901667,TWI,gauss,1,,,1.5,MFD,0.5
2017,TWI.MFD0.5.res1.gauss_2.0sigma,0.718445099142248,0.72083828201895,0.489905642345901,0.461954467344494,TWI,gauss,1,,,2,MFD,0.5
2018,TWI.MFD0.5.res1.gauss_2.0sigma,0.605731483331906,0.605965828423605,0.505000936844881,0.418346800103504,TWI,gauss,1,,,2,MFD,0.5
2019,TWI.MFD0.5.res1.gauss_2.0sigma,0.572488723416756,0.667979807743865,0.421543824134944,0.479005635066403,TWI,gauss,1,,,2,MFD,0.5
2020,TWI.MFD0.5.res1.gauss_2.0sigma,0.462172170167433,0.469873949340117,0.393574984131652,0.368561574799624,TWI,gauss,1,,,2,MFD,0.5
2021,TWI.MFD0.5.res1.gauss_2.0sigma,0.390082331096096,0.445252407711991,0.274218934694627,0.270783310219458,TWI,gauss,1,,,2,MFD,0.5
2017,TWI.MFD0.5.res1.gauss_2.5sigma,0.731652038464072,0.734424390356403,0.506848908013146,0.478315092086441,TWI,gauss,1,,,2.5,MFD,0.5
2018,TWI.MFD0.5.res1.gauss_2.5sigma,0.600526347079617,0.601198231692288,0.489590373432121,0.411254907547435,TWI,gauss,1,,,2.5,MFD,0.5
2019,TWI.MFD0.5.res1.gauss_2.5sigma,0.577614160981718,0.674950521365267,0.404384040729384,0.477756965918218,TWI,gauss,1,,,2.5,MFD,0.5
2020,TWI.MFD0.5.res1.gauss_2.5sigma,0.50668987208116,0.515362329683318,0.452794265970582,0.431967851206173,TWI,gauss,1,,,2.5,MFD,0.5
2021,TWI.MFD0.5.res1.gauss_2.5sigma,0.415196919687412,0.464461264156662,0.309747479746121,0.299967867812228,TWI,gauss,1,,,2.5,MFD,0.5
2017,TWI.MFD0.5.res1.gauss_3.5sigma,0.747367472131449,0.750168441090471,0.524945803264566,0.495035007104372,TWI,gauss,1,,,3.5,MFD,0.5
2018,TWI.MFD0.5.res1.gauss_3.5sigma,0.57395835916156,0.574893090414613,0.449604474128088,0.375947341698005,TWI,gauss,1,,,3.5,MFD,0.5
2019,TWI.MFD0.5.res1.gauss_3.5sigma,0.568590409453063,0.666886762804172,0.360845443666843,0.44413888021979,TWI,gauss,1,,,3.5,MFD,0.5
2020,TWI.MFD0.5.res1.gauss_3.5sigma,0.533558972439658,0.543407609676756,0.477788046355645,0.45501331065881,TWI,gauss,1,,,3.5,MFD,0.5
2021,TWI.MFD0.5.res1.gauss_3.5sigma,0.43965758714296,0.485305908835819,0.347282950856156,0.337024828091384,TWI,gauss,1,,,3.5,MFD,0.5
2017,TWI.MFD0.5.res1.gauss_5.0sigma,0.743514633433198,0.745465402765924,0.547348767941081,0.507935847122934,TWI,gauss,1,,,5,MFD,0.5
2018,TWI.MFD0.5.res1.gauss_5.0sigma,0.597481732562988,0.598224030599064,0.476530314859973,0.390304950780455,TWI,gauss,1,,,5,MFD,0.5
2019,TWI.MFD0.5.res1.gauss_5.0sigma,0.571447582422152,0.662681321212213,0.393979087783838,0.45671096207997,TWI,gauss,1,,,5,MFD,0.5
2020,TWI.MFD0.5.res1.gauss_5.0sigma,0.544948981588346,0.550771584463998,0.491199265745305,0.461155504036653,TWI,gauss,1,,,5,MFD,0.5
2021,TWI.MFD0.5.res1.gauss_5.0sigma,0.468135117632817,0.508901355626082,0.394051617341461,0.385438524302621,TWI,gauss,1,,,5,MFD,0.5
2017,TWI.MFD0.5.res1.NFNW,0.198744137195393,0.198746769611334,-0.259594232792906,-0.354376943724573,TWI,NFNW,1,,,,MFD,0.5
2018,TWI.MFD0.5.res1.NFNW,0.187793404079442,0.188088189221731,-0.320569029592401,-0.479495835306709,TWI,NFNW,1,,,,MFD,0.5
2019,TWI.MFD0.5.res1.NFNW,0.122251130810641,0.389277261241561,-0.4480356739281,0.0434938647194847,TWI,NFNW,1,,,,MFD,0.5
2020,TWI.MFD0.5.res1.NFNW,0.136813058739863,0.154903367698127,-0.535947619563712,-0.634854367928684,TWI,NFNW,1,,,,MFD,0.5
2021,TWI.MFD0.5.res1.NFNW,0.161843848582802,0.289915421983926,-0.232506691953042,-0.0350059542599164,TWI,NFNW,1,,,,MFD,0.5
2017,TWI.MFD0.5.res1.SSC1,0.622390985385803,0.622793718327153,0.432680065819718,0.412049118618174,TWI,SSC,1,,1,,MFD,0.5
2018,TWI.MFD0.5.res1.SSC1,0.405473162120299,0.405473164465569,0.257331516939156,0.0966750444224599,TWI,SSC,1,,1,,MFD,0.5
2019,TWI.MFD0.5.res1.SSC1,0.357970364340501,0.494990081282587,0.0712702326397757,0.223758053764642,TWI,SSC,1,,1,,MFD,0.5
2020,TWI.MFD0.5.res1.SSC1,0.226637579798737,0.239035808114723,-0.23785264555795,-0.279338747788893,TWI,SSC,1,,1,,MFD,0.5
2021,TWI.MFD0.5.res1.SSC1,0.265704562509639,0.351975156414697,0.0983010905187774,0.137862727789384,TWI,SSC,1,,1,,MFD,0.5
2017,TWI.MFD0.5.res1.SSC10,0.749012461779679,0.75139073366128,0.555468820584532,0.516384971836797,TWI,SSC,1,,10,,MFD,0.5
2018,TWI.MFD0.5.res1.SSC10,0.572115126158699,0.573350578334645,0.447593293627892,0.361432704199212,TWI,SSC,1,,10,,MFD,0.5
2019,TWI.MFD0.5.res1.SSC10,0.577994623291905,0.673688997452355,0.419143802049507,0.483581628879806,TWI,SSC,1,,10,,MFD,0.5
2020,TWI.MFD0.5.res1.SSC10,0.550882466601476,0.558097780393519,0.493183278637182,0.462364977155107,TWI,SSC,1,,10,,MFD,0.5
2021,TWI.MFD0.5.res1.SSC10,0.46768729285927,0.510130224069993,0.396831540065912,0.392831060610305,TWI,SSC,1,,10,,MFD,0.5
2017,TWI.MFD0.5.res1.SSC2,0.589198543104003,0.593832189779731,0.336834604086576,0.32042061455943,TWI,SSC,1,,2,,MFD,0.5
2018,TWI.MFD0.5.res1.SSC2,0.324778331976417,0.325293623201214,0.125212525467081,-0.0810149030642608,TWI,SSC,1,,2,,MFD,0.5
2019,TWI.MFD0.5.res1.SSC2,0.312172142442901,0.488590391166389,0.0928892938927728,0.290297326860475,TWI,SSC,1,,2,,MFD,0.5
2020,TWI.MFD0.5.res1.SSC2,0.28872170245421,0.300768905191118,0.0230106665295383,-0.00634885806715347,TWI,SSC,1,,2,,MFD,0.5
2021,TWI.MFD0.5.res1.SSC2,0.296347505574892,0.367408457196026,0.147575862238631,0.161849853595946,TWI,SSC,1,,2,,MFD,0.5
2017,TWI.MFD0.5.res1.SSC3,0.657581642023941,0.662310839154565,0.40404409465233,0.38265373489662,TWI,SSC,1,,3,,MFD,0.5
2018,TWI.MFD0.5.res1.SSC3,0.468652312458895,0.469139806238584,0.375807230958341,0.245153189107594,TWI,SSC,1,,3,,MFD,0.5
2019,TWI.MFD0.5.res1.SSC3,0.555625698965536,0.675727375373989,0.348789590059946,0.444544940925315,TWI,SSC,1,,3,,MFD,0.5
2020,TWI.MFD0.5.res1.SSC3,0.376628462519324,0.386950107939696,0.246366616447601,0.215216776077112,TWI,SSC,1,,3,,MFD,0.5
2021,TWI.MFD0.5.res1.SSC3,0.361271288073397,0.418410220859921,0.233851148869974,0.23005353054023,TWI,SSC,1,,3,,MFD,0.5
2017,TWI.MFD0.5.res1.SSC4,0.727587686348369,0.73116181464679,0.502013327095316,0.474590643815838,TWI,SSC,1,,4,,MFD,0.5
2018,TWI.MFD0.5.res1.SSC4,0.594733580415862,0.595273656898822,0.491968014178038,0.408041403813197,TWI,SSC,1,,4,,MFD,0.5
2019,TWI.MFD0.5.res1.SSC4,0.576855091840696,0.677395735266832,0.434651526043767,0.499740208855223,TWI,SSC,1,,4,,MFD,0.5
2020,TWI.MFD0.5.res1.SSC4,0.482936388823619,0.49144024779489,0.421513544641905,0.403142608934525,TWI,SSC,1,,4,,MFD,0.5
2021,TWI.MFD0.5.res1.SSC4,0.398068837933061,0.450570190468514,0.288391809661853,0.279357774266527,TWI,SSC,1,,4,,MFD,0.5
2017,TWI.MFD0.5.res1.SSC5,0.740580835130904,0.744782750130599,0.51505126911467,0.490538310617792,TWI,SSC,1,,5,,MFD,0.5
2018,TWI.MFD0.5.res1.SSC5,0.576598719710996,0.57810152890666,0.459465872119439,0.386238700506555,TWI,SSC,1,,5,,MFD,0.5
2019,TWI.MFD0.5.res1.SSC5,0.572299279004032,0.677041205531483,0.376623627691989,0.475153923260992,TWI,SSC,1,,5,,MFD,0.5
2020,TWI.MFD0.5.res1.SSC5,0.529742371619167,0.541656941857109,0.47577644916405,0.462400651813142,TWI,SSC,1,,5,,MFD,0.5
2021,TWI.MFD0.5.res1.SSC5,0.425238845535972,0.470599592975757,0.324748376480589,0.308033676258317,TWI,SSC,1,,5,,MFD,0.5
2017,TWI.MFD0.5.res1.SSC7,0.756500075493958,0.759710172642577,0.547030668738283,0.518107956055652,TWI,SSC,1,,7,,MFD,0.5
2018,TWI.MFD0.5.res1.SSC7,0.560241268231161,0.561708267613157,0.436385435272072,0.365097573153361,TWI,SSC,1,,7,,MFD,0.5
2019,TWI.MFD0.5.res1.SSC7,0.57744489035901,0.678786246864089,0.356196856545899,0.457834215089068,TWI,SSC,1,,7,,MFD,0.5
2020,TWI.MFD0.5.res1.SSC7,0.541802854077361,0.55349369223401,0.481980112242206,0.463162963919512,TWI,SSC,1,,7,,MFD,0.5
2021,TWI.MFD0.5.res1.SSC7,0.458055975508369,0.498570887870415,0.379774849127759,0.363055774386519,TWI,SSC,1,,7,,MFD,0.5
2017,TWI.MFD0.5.res10.NFNW,0.713415036043921,0.713507945657672,0.558851873240122,0.499796905813514,TWI,NFNW,10,,,,MFD,0.5
2018,TWI.MFD0.5.res10.NFNW,0.599547362582691,0.59957471839466,0.510077589451052,0.39356151474887,TWI,NFNW,10,,,,MFD,0.5
2019,TWI.MFD0.5.res10.NFNW,0.507672048166548,0.58947082714706,0.219931725478281,0.294599864198371,TWI,NFNW,10,,,,MFD,0.5
2020,TWI.MFD0.5.res10.NFNW,0.535120953472316,0.536061311163378,0.456494114917005,0.422774733869436,TWI,NFNW,10,,,,MFD,0.5
2021,TWI.MFD0.5.res10.NFNW,0.422820272731087,0.481514158985514,0.323003449901408,0.340140277723657,TWI,NFNW,10,,,,MFD,0.5
2017,TWI.MFD0.5.res2.NFNW,0.726294720244012,0.727832506306722,0.498211908567677,0.472169284856013,TWI,NFNW,2,,,,MFD,0.5
2018,TWI.MFD0.5.res2.NFNW,0.431696555431514,0.431711885749946,0.331234420106704,0.189883363592966,TWI,NFNW,2,,,,MFD,0.5
2019,TWI.MFD0.5.res2.NFNW,0.444680474998987,0.560559317320042,0.30866906571411,0.375491815009954,TWI,NFNW,2,,,,MFD,0.5
2020,TWI.MFD0.5.res2.NFNW,0.328346863786423,0.33582569060941,0.097556036880225,0.0487466221641652,TWI,NFNW,2,,,,MFD,0.5
2021,TWI.MFD0.5.res2.NFNW,0.392238138246626,0.451997411954392,0.292461480298942,0.299138187562649,TWI,NFNW,2,,,,MFD,0.5
2017,TWI.MFD0.5.res3.NFNW,0.774096951732576,0.775190946356337,0.631757564351751,0.586189957032589,TWI,NFNW,3,,,,MFD,0.5
2018,TWI.MFD0.5.res3.NFNW,0.595054351036382,0.595141217886788,0.494769329894665,0.405012997391237,TWI,NFNW,3,,,,MFD,0.5
2019,TWI.MFD0.5.res3.NFNW,0.578111083831914,0.667059950866717,0.421569889241417,0.46451699426048,TWI,NFNW,3,,,,MFD,0.5
2020,TWI.MFD0.5.res3.NFNW,0.424417318324566,0.430822137643521,0.331004138472706,0.299086453234179,TWI,NFNW,3,,,,MFD,0.5
2021,TWI.MFD0.5.res3.NFNW,0.410243205222598,0.471014977119097,0.330126148872834,0.337349434816098,TWI,NFNW,3,,,,MFD,0.5
2017,TWI.MFD0.5.res4.NFNW,0.76392306467192,0.764028649539582,0.606620373599637,0.556370921447773,TWI,NFNW,4,,,,MFD,0.5
2018,TWI.MFD0.5.res4.NFNW,0.60081104414884,0.60092330758565,0.525256455273771,0.430853440508783,TWI,NFNW,4,,,,MFD,0.5
2019,TWI.MFD0.5.res4.NFNW,0.482707225124124,0.567882940101376,0.28041686166609,0.338292878649341,TWI,NFNW,4,,,,MFD,0.5
2020,TWI.MFD0.5.res4.NFNW,0.48434280212559,0.487537138398497,0.420600978595591,0.391522277355266,TWI,NFNW,4,,,,MFD,0.5
2021,TWI.MFD0.5.res4.NFNW,0.410962361644546,0.471496719487811,0.308723496058004,0.316098391080968,TWI,NFNW,4,,,,MFD,0.5
2017,TWI.MFD0.5.res5.NFNW,0.776799244881553,0.777173923798713,0.648379554616835,0.600651614641081,TWI,NFNW,5,,,,MFD,0.5
2018,TWI.MFD0.5.res5.NFNW,0.63824085649135,0.63835661146631,0.554390510973442,0.467772846791614,TWI,NFNW,5,,,,MFD,0.5
2019,TWI.MFD0.5.res5.NFNW,0.550923166672826,0.635446659250584,0.336900284922435,0.386319735721902,TWI,NFNW,5,,,,MFD,0.5
2020,TWI.MFD0.5.res5.NFNW,0.500409453273757,0.50643502934762,0.436379720296743,0.404408517460142,TWI,NFNW,5,,,,MFD,0.5
2021,TWI.MFD0.5.res5.NFNW,0.395848357686722,0.460654397451451,0.302528057403735,0.317966961226018,TWI,NFNW,5,,,,MFD,0.5
2017,TWI.MFD0.5.res7.NFNW,0.757805806381949,0.757925821232252,0.626108419703597,0.577745634811563,TWI,NFNW,7,,,,MFD,0.5
2018,TWI.MFD0.5.res7.NFNW,0.637846919795125,0.638025443823032,0.536548521369299,0.441667164268435,TWI,NFNW,7,,,,MFD,0.5
2019,TWI.MFD0.5.res7.NFNW,0.600257486549688,0.678491552070645,0.402820296933292,0.444042721059786,TWI,NFNW,7,,,,MFD,0.5
2020,TWI.MFD0.5.res7.NFNW,0.529474225967343,0.533847487770119,0.474018897246199,0.436419948517107,TWI,NFNW,7,,,,MFD,0.5
2021,TWI.MFD0.5.res7.NFNW,0.459946747940373,0.509579983469504,0.393173726837569,0.402110950742865,TWI,NFNW,7,,,,MFD,0.5
2017,TWI.MFD1.0.res1.gauss_0.5sigma,0.234852508815262,0.234861687679345,-0.146994810250049,-0.250881793429444,TWI,gauss,1,,,0.5,MFD,1
2018,TWI.MFD1.0.res1.gauss_0.5sigma,0.190913971465458,0.190935189881986,-0.258607704273766,-0.443022572501459,TWI,gauss,1,,,0.5,MFD,1
2019,TWI.MFD1.0.res1.gauss_0.5sigma,0.023898658100768,0.308049375256255,-0.71062624498492,0.030257196389468,TWI,gauss,1,,,0.5,MFD,1
2020,TWI.MFD1.0.res1.gauss_0.5sigma,0.19040067707717,0.20996660425736,-0.242369751778933,-0.332186058418484,TWI,gauss,1,,,0.5,MFD,1
2021,TWI.MFD1.0.res1.gauss_0.5sigma,0.114092792583984,0.279161800991869,-0.263340241084269,-0.000701392071356996,TWI,gauss,1,,,0.5,MFD,1
2017,TWI.MFD1.0.res1.gauss_1.0sigma,0.579805181089234,0.582479429429459,0.337139532844622,0.32048508064363,TWI,gauss,1,,,1,MFD,1
2018,TWI.MFD1.0.res1.gauss_1.0sigma,0.290750068871837,0.290857864723848,-0.0160092480331474,-0.229118249324354,TWI,gauss,1,,,1,MFD,1
2019,TWI.MFD1.0.res1.gauss_1.0sigma,0.303916907050256,0.479321105092873,-0.0284752284475628,0.223482809777152,TWI,gauss,1,,,1,MFD,1
2020,TWI.MFD1.0.res1.gauss_1.0sigma,0.272933002475912,0.285666208729655,-0.0249225617111138,-0.0483928450350325,TWI,gauss,1,,,1,MFD,1
2021,TWI.MFD1.0.res1.gauss_1.0sigma,0.277565582538909,0.357725143994005,0.129474731039674,0.154304786733887,TWI,gauss,1,,,1,MFD,1
2017,TWI.MFD1.0.res1.gauss_1.5sigma,0.613787401787931,0.617720240870573,0.346556335850788,0.328768161013351,TWI,gauss,1,,,1.5,MFD,1
2018,TWI.MFD1.0.res1.gauss_1.5sigma,0.376491239676437,0.376638432230266,0.216774355043664,0.0313795841653807,TWI,gauss,1,,,1.5,MFD,1
2019,TWI.MFD1.0.res1.gauss_1.5sigma,0.441571374406052,0.57992043080568,0.178384604875054,0.318785359305964,TWI,gauss,1,,,1.5,MFD,1
2020,TWI.MFD1.0.res1.gauss_1.5sigma,0.316372310486429,0.325247577505077,0.0978552857653207,0.060917963413484,TWI,gauss,1,,,1.5,MFD,1
2021,TWI.MFD1.0.res1.gauss_1.5sigma,0.332165301057916,0.396337234014824,0.186940112697903,0.194327811463737,TWI,gauss,1,,,1.5,MFD,1
2017,TWI.MFD1.0.res1.gauss_2.0sigma,0.686366666113767,0.689528308659594,0.4245609268605,0.401777173867464,TWI,gauss,1,,,2,MFD,1
2018,TWI.MFD1.0.res1.gauss_2.0sigma,0.54076703596518,0.540972622097829,0.438345679472997,0.339570359362191,TWI,gauss,1,,,2,MFD,1
2019,TWI.MFD1.0.res1.gauss_2.0sigma,0.543835427877762,0.6478300713392,0.412844179565841,0.470607768029349,TWI,gauss,1,,,2,MFD,1
2020,TWI.MFD1.0.res1.gauss_2.0sigma,0.407440098384727,0.414367012630074,0.297387732665745,0.266231740008033,TWI,gauss,1,,,2,MFD,1
2021,TWI.MFD1.0.res1.gauss_2.0sigma,0.384975537631484,0.439128324064937,0.257045509817069,0.25395217213625,TWI,gauss,1,,,2,MFD,1
2017,TWI.MFD1.0.res1.gauss_2.5sigma,0.705987116005351,0.70900844590071,0.452266171302265,0.426619874853711,TWI,gauss,1,,,2.5,MFD,1
2018,TWI.MFD1.0.res1.gauss_2.5sigma,0.543101430322866,0.543514716970056,0.434149319317378,0.346284362275476,TWI,gauss,1,,,2.5,MFD,1
2019,TWI.MFD1.0.res1.gauss_2.5sigma,0.554518299114959,0.655518539415465,0.383742692840999,0.456783787105577,TWI,gauss,1,,,2.5,MFD,1
2020,TWI.MFD1.0.res1.gauss_2.5sigma,0.46599356030095,0.4729762519726,0.397062243560695,0.372429692139363,TWI,gauss,1,,,2.5,MFD,1
2021,TWI.MFD1.0.res1.gauss_2.5sigma,0.420782108693607,0.466951362402399,0.309550312306828,0.297573510273423,TWI,gauss,1,,,2.5,MFD,1
2017,TWI.MFD1.0.res1.gauss_3.5sigma,0.727223033596364,0.730184767169001,0.483226582030758,0.454960907562393,TWI,gauss,1,,,3.5,MFD,1
2018,TWI.MFD1.0.res1.gauss_3.5sigma,0.512316094150886,0.51313461932562,0.399554644816844,0.315871631089721,TWI,gauss,1,,,3.5,MFD,1
2019,TWI.MFD1.0.res1.gauss_3.5sigma,0.542227145196456,0.646242027195177,0.262679324118845,0.378322255359023,TWI,gauss,1,,,3.5,MFD,1
2020,TWI.MFD1.0.res1.gauss_3.5sigma,0.519967732302187,0.528386622397204,0.46078794946264,0.438454584966775,TWI,gauss,1,,,3.5,MFD,1
2021,TWI.MFD1.0.res1.gauss_3.5sigma,0.45200917648705,0.492915812758099,0.363324637817848,0.347261653378905,TWI,gauss,1,,,3.5,MFD,1
2017,TWI.MFD1.0.res1.gauss_5.0sigma,0.742427108538595,0.744323310005238,0.528298582911041,0.491032804199568,TWI,gauss,1,,,5,MFD,1
2018,TWI.MFD1.0.res1.gauss_5.0sigma,0.559193874068978,0.55984778005724,0.435325337006008,0.350591646507779,TWI,gauss,1,,,5,MFD,1
2019,TWI.MFD1.0.res1.gauss_5.0sigma,0.548659879480481,0.643909153800945,0.341183463059201,0.414220174055904,TWI,gauss,1,,,5,MFD,1
2020,TWI.MFD1.0.res1.gauss_5.0sigma,0.54635657392202,0.552158478937085,0.489609673552227,0.461155759741171,TWI,gauss,1,,,5,MFD,1
2021,TWI.MFD1.0.res1.gauss_5.0sigma,0.481443632852756,0.516694425432762,0.412318767477861,0.397846187650255,TWI,gauss,1,,,5,MFD,1
2017,TWI.MFD1.0.res1.NFNW,0.181397078678461,0.181480241323107,-0.329258261969438,-0.439430731715246,TWI,NFNW,1,,,,MFD,1
2018,TWI.MFD1.0.res1.NFNW,0.151375086046897,0.151376723272222,-0.422723656777798,-0.569166202646653,TWI,NFNW,1,,,,MFD,1
2019,TWI.MFD1.0.res1.NFNW,0.0197250061496931,0.306144137543435,-0.587662229427757,0.0143348630128339,TWI,NFNW,1,,,,MFD,1
2020,TWI.MFD1.0.res1.NFNW,0.127787322470062,0.147071088326068,-0.563870346613735,-0.660193661714406,TWI,NFNW,1,,,,MFD,1
2021,TWI.MFD1.0.res1.NFNW,0.168846789392883,0.290999038540317,-0.224199063275645,-0.0367497006526123,TWI,NFNW,1,,,,MFD,1
2017,TWI.MFD1.0.res1.SSC1,0.609633536756662,0.609736165687857,0.425940757295463,0.404473503727377,TWI,SSC,1,,1,,MFD,1
2018,TWI.MFD1.0.res1.SSC1,0.325719495275153,0.32620438060729,0.0771027807381785,-0.102570547087421,TWI,SSC,1,,1,,MFD,1
2019,TWI.MFD1.0.res1.SSC1,0.318329953384371,0.45727631742018,-0.0194115654161842,0.163796803159325,TWI,SSC,1,,1,,MFD,1
2020,TWI.MFD1.0.res1.SSC1,0.20777766910097,0.219973659630794,-0.307123053698206,-0.352684356434366,TWI,SSC,1,,1,,MFD,1
2021,TWI.MFD1.0.res1.SSC1,0.237205767194089,0.33745479909516,0.0585566674117896,0.117693962292678,TWI,SSC,1,,1,,MFD,1
2017,TWI.MFD1.0.res1.SSC10,0.743101143328138,0.745367144401191,0.536184880534484,0.497450959561841,TWI,SSC,1,,10,,MFD,1
2018,TWI.MFD1.0.res1.SSC10,0.524248008632018,0.525257337159528,0.406288902911173,0.313006792586352,TWI,SSC,1,,10,,MFD,1
2019,TWI.MFD1.0.res1.SSC10,0.543344185404922,0.644499041250953,0.319182058657493,0.404361464656847,TWI,SSC,1,,10,,MFD,1
2020,TWI.MFD1.0.res1.SSC10,0.549478158473079,0.556322677627675,0.487012416737242,0.455953446552645,TWI,SSC,1,,10,,MFD,1
2021,TWI.MFD1.0.res1.SSC10,0.479544058585083,0.517059710153489,0.413049384513848,0.404908403074001,TWI,SSC,1,,10,,MFD,1
2017,TWI.MFD1.0.res1.SSC2,0.554539551646627,0.559185344322601,0.310990572404726,0.294670885760425,TWI,SSC,1,,2,,MFD,1
2018,TWI.MFD1.0.res1.SSC2,0.27783591377107,0.278147411285438,-0.0284178826358707,-0.246052364087102,TWI,SSC,1,,2,,MFD,1
2019,TWI.MFD1.0.res1.SSC2,0.266466282921629,0.458421310053605,-0.0305047085354095,0.242035590812924,TWI,SSC,1,,2,,MFD,1
2020,TWI.MFD1.0.res1.SSC2,0.274587324578784,0.286704199088316,-0.0174238649884913,-0.0447698296011102,TWI,SSC,1,,2,,MFD,1
2021,TWI.MFD1.0.res1.SSC2,0.260875869678163,0.343923183133118,0.10441729541304,0.131585823474387,TWI,SSC,1,,2,,MFD,1
2017,TWI.MFD1.0.res1.SSC3,0.616604489984996,0.621828218783643,0.354529557791758,0.334761893074954,TWI,SSC,1,,3,,MFD,1
2018,TWI.MFD1.0.res1.SSC3,0.41100230253167,0.411423809213698,0.283284094793843,0.112322020990733,TWI,SSC,1,,3,,MFD,1
2019,TWI.MFD1.0.res1.SSC3,0.511491937131187,0.643780795222869,0.282919661809299,0.395266449319832,TWI,SSC,1,,3,,MFD,1
2020,TWI.MFD1.0.res1.SSC3,0.326294196952142,0.335179316408049,0.114586038359869,0.0771898103963345,TWI,SSC,1,,3,,MFD,1
2021,TWI.MFD1.0.res1.SSC3,0.335586465438265,0.39838172248554,0.194393865795286,0.198571674935005,TWI,SSC,1,,3,,MFD,1
2017,TWI.MFD1.0.res1.SSC4,0.701096020775628,0.706185980983872,0.447043065129632,0.425457886784545,TWI,SSC,1,,4,,MFD,1
2018,TWI.MFD1.0.res1.SSC4,0.526580557509537,0.527250147970864,0.426774346548814,0.330610935144025,TWI,SSC,1,,4,,MFD,1
2019,TWI.MFD1.0.res1.SSC4,0.549369206595853,0.661228610155001,0.407918744247325,0.481387005312446,TWI,SSC,1,,4,,MFD,1
2020,TWI.MFD1.0.res1.SSC4,0.426977684775962,0.435621445014896,0.332940507383665,0.309466625710122,TWI,SSC,1,,4,,MFD,1
2021,TWI.MFD1.0.res1.SSC4,0.3940420128833,0.445137704033968,0.277059889823741,0.266751671281961,TWI,SSC,1,,4,,MFD,1
2017,TWI.MFD1.0.res1.SSC5,0.713173427519574,0.717348353446737,0.462891083413272,0.438991136194202,TWI,SSC,1,,5,,MFD,1
2018,TWI.MFD1.0.res1.SSC5,0.509053979872261,0.510023487350501,0.40310312715225,0.31544651834191,TWI,SSC,1,,5,,MFD,1
2019,TWI.MFD1.0.res1.SSC5,0.552167341966201,0.659828439830262,0.314474946541052,0.433152414610129,TWI,SSC,1,,5,,MFD,1
2020,TWI.MFD1.0.res1.SSC5,0.500357358513705,0.509687718091895,0.440742149441313,0.424076859980285,TWI,SSC,1,,5,,MFD,1
2021,TWI.MFD1.0.res1.SSC5,0.435044568653593,0.47658481345155,0.332506211747568,0.31217810697453,TWI,SSC,1,,5,,MFD,1
2017,TWI.MFD1.0.res1.SSC7,0.741228303595229,0.744410922523154,0.516987231025618,0.487633268170104,TWI,SSC,1,,7,,MFD,1
2018,TWI.MFD1.0.res1.SSC7,0.517821851354574,0.519092345780298,0.402667867860216,0.324585145374983,TWI,SSC,1,,7,,MFD,1
2019,TWI.MFD1.0.res1.SSC7,0.568482562415729,0.671747013706597,0.305081799881029,0.428507270837282,TWI,SSC,1,,7,,MFD,1
2020,TWI.MFD1.0.res1.SSC7,0.537308043036423,0.547331562216183,0.474787055736831,0.455546378014225,TWI,SSC,1,,7,,MFD,1
2021,TWI.MFD1.0.res1.SSC7,0.468051224272018,0.505521014538731,0.393646026166316,0.373383318593167,TWI,SSC,1,,7,,MFD,1
2017,TWI.MFD1.0.res10.NFNW,0.723138255011982,0.723279651247047,0.572433270208199,0.514593889453176,TWI,NFNW,10,,,,MFD,1
2018,TWI.MFD1.0.res10.NFNW,0.620313502323733,0.620410472171469,0.538922150960422,0.430613234683894,TWI,NFNW,10,,,,MFD,1
2019,TWI.MFD1.0.res10.NFNW,0.532401759594049,0.613966316202806,0.266579688466457,0.333219917530848,TWI,NFNW,10,,,,MFD,1
2020,TWI.MFD1.0.res10.NFNW,0.541522035430671,0.543133861699391,0.464370871142438,0.43006059357244,TWI,NFNW,10,,,,MFD,1
2021,TWI.MFD1.0.res10.NFNW,0.423796354061962,0.48105494703061,0.327428144040526,0.341542905543343,TWI,NFNW,10,,,,MFD,1
2017,TWI.MFD1.0.res2.NFNW,0.719621225314,0.720911211243099,0.477143038454359,0.45371269661832,TWI,NFNW,2,,,,MFD,1
2018,TWI.MFD1.0.res2.NFNW,0.414198937423505,0.414279598726235,0.305973967852047,0.162446994083082,TWI,NFNW,2,,,,MFD,1
2019,TWI.MFD1.0.res2.NFNW,0.456380673478771,0.570306053962029,0.371428614335394,0.423344737696659,TWI,NFNW,2,,,,MFD,1
2020,TWI.MFD1.0.res2.NFNW,0.31850384493126,0.325951277113287,0.0632782048627561,0.0149978965273189,TWI,NFNW,2,,,,MFD,1
2021,TWI.MFD1.0.res2.NFNW,0.383654489056054,0.445579711692518,0.277280454542727,0.286372757958748,TWI,NFNW,2,,,,MFD,1
2017,TWI.MFD1.0.res3.NFNW,0.770641556170283,0.772203572347223,0.615608378712712,0.57361993410319,TWI,NFNW,3,,,,MFD,1
2018,TWI.MFD1.0.res3.NFNW,0.577564774654121,0.577680244937807,0.472651030087704,0.383235033923502,TWI,NFNW,3,,,,MFD,1
2019,TWI.MFD1.0.res3.NFNW,0.581610212052425,0.672664729045743,0.454040356591754,0.493566499598507,TWI,NFNW,3,,,,MFD,1
2020,TWI.MFD1.0.res3.NFNW,0.411353463127575,0.418308907780853,0.301972707626674,0.269567733340212,TWI,NFNW,3,,,,MFD,1
2021,TWI.MFD1.0.res3.NFNW,0.409809007985584,0.470272703890789,0.329602832960268,0.335745578927656,TWI,NFNW,3,,,,MFD,1
2017,TWI.MFD1.0.res4.NFNW,0.75875759743529,0.75909262010087,0.589541859212943,0.541639195036292,TWI,NFNW,4,,,,MFD,1
2018,TWI.MFD1.0.res4.NFNW,0.574604956380806,0.574652426804305,0.495589397108971,0.39656120320883,TWI,NFNW,4,,,,MFD,1
2019,TWI.MFD1.0.res4.NFNW,0.467665481651441,0.558451063234466,0.275239565378697,0.338628769558185,TWI,NFNW,4,,,,MFD,1
2020,TWI.MFD1.0.res4.NFNW,0.469705900943825,0.473019149552238,0.402275151247074,0.372790822270643,TWI,NFNW,4,,,,MFD,1
2021,TWI.MFD1.0.res4.NFNW,0.415923968552318,0.474499235607746,0.314898976177446,0.31883566380238,TWI,NFNW,4,,,,MFD,1
2017,TWI.MFD1.0.res5.NFNW,0.779081766864069,0.780044853523073,0.646756860977145,0.601896157543794,TWI,NFNW,5,,,,MFD,1
2018,TWI.MFD1.0.res5.NFNW,0.61998043752452,0.620335733434947,0.527274259444568,0.440604161804921,TWI,NFNW,5,,,,MFD,1
2019,TWI.MFD1.0.res5.NFNW,0.562481203211566,0.650815977132116,0.368032866479468,0.415663857289314,TWI,NFNW,5,,,,MFD,1
2020,TWI.MFD1.0.res5.NFNW,0.498802498311713,0.506242265818588,0.436009942841046,0.405316356740537,TWI,NFNW,5,,,,MFD,1
2021,TWI.MFD1.0.res5.NFNW,0.403008271133646,0.465691872720054,0.315581541927832,0.328562745387077,TWI,NFNW,5,,,,MFD,1
2017,TWI.MFD1.0.res7.NFNW,0.767007202099874,0.767098642520771,0.640664318472297,0.593663613057113,TWI,NFNW,7,,,,MFD,1
2018,TWI.MFD1.0.res7.NFNW,0.645171746726588,0.645366090927892,0.540291813746362,0.450923581173008,TWI,NFNW,7,,,,MFD,1
2019,TWI.MFD1.0.res7.NFNW,0.607905674630749,0.686383067623481,0.419489539594069,0.456912916433277,TWI,NFNW,7,,,,MFD,1
2020,TWI.MFD1.0.res7.NFNW,0.525937555498678,0.531528995847559,0.468927304377886,0.430758773275833,TWI,NFNW,7,,,,MFD,1
2021,TWI.MFD1.0.res7.NFNW,0.457651595963701,0.50674829412949,0.391131825762203,0.398804456142112,TWI,NFNW,7,,,,MFD,1
2017,TWI.MFD1.1.res1.gauss_0.5sigma,0.234763309380329,0.234788292198432,-0.148793683493389,-0.254187867331417,TWI,gauss,1,,,0.5,MFD,1.1
2018,TWI.MFD1.1.res1.gauss_0.5sigma,0.188548484138999,0.188584099941052,-0.262968815306689,-0.448840818577652,TWI,gauss,1,,,0.5,MFD,1.1
2019,TWI.MFD1.1.res1.gauss_0.5sigma,0.0107352023996274,0.302885439998585,-0.736092077048043,0.0230065420064107,TWI,gauss,1,,,0.5,MFD,1.1
2020,TWI.MFD1.1.res1.gauss_0.5sigma,0.190494038461929,0.210170046020476,-0.241291175325869,-0.3316831301462,TWI,gauss,1,,,0.5,MFD,1.1
2021,TWI.MFD1.1.res1.gauss_0.5sigma,0.107248521965753,0.277568176390302,-0.277471736456999,-0.00118026655329355,TWI,gauss,1,,,0.5,MFD,1.1
2017,TWI.MFD1.1.res1.gauss_1.0sigma,0.575481546481053,0.578045637617102,0.334385142537515,0.317563028979342,TWI,gauss,1,,,1,MFD,1.1
2018,TWI.MFD1.1.res1.gauss_1.0sigma,0.282980875132755,0.283070539820834,-0.0433930361973339,-0.25685449914705,TWI,gauss,1,,,1,MFD,1.1
2019,TWI.MFD1.1.res1.gauss_1.0sigma,0.295278049000482,0.473425684764544,-0.0428484523675873,0.218775546032537,TWI,gauss,1,,,1,MFD,1.1
2020,TWI.MFD1.1.res1.gauss_1.0sigma,0.27204824939643,0.28478346226081,-0.0258030390712724,-0.0491009682363038,TWI,gauss,1,,,1,MFD,1.1
2021,TWI.MFD1.1.res1.gauss_1.0sigma,0.271550429101316,0.354046754391086,0.123004450624055,0.150429574053387,TWI,gauss,1,,,1,MFD,1.1
2017,TWI.MFD1.1.res1.gauss_1.5sigma,0.6070146868815,0.610944286384,0.340153145212467,0.322451265635064,TWI,gauss,1,,,1.5,MFD,1.1
2018,TWI.MFD1.1.res1.gauss_1.5sigma,0.366322354096003,0.366457171019368,0.192625785072057,0.000725126482078039,TWI,gauss,1,,,1.5,MFD,1.1
2019,TWI.MFD1.1.res1.gauss_1.5sigma,0.430305348081175,0.571492696148991,0.15885852887239,0.308057459246355,TWI,gauss,1,,,1.5,MFD,1.1
2020,TWI.MFD1.1.res1.gauss_1.5sigma,0.311689078337425,0.320360041806724,0.0841149174367525,0.0466047624923376,TWI,gauss,1,,,1.5,MFD,1.1
2021,TWI.MFD1.1.res1.gauss_1.5sigma,0.327102137034102,0.392548887263892,0.179964340631041,0.188917571692017,TWI,gauss,1,,,1.5,MFD,1.1
2017,TWI.MFD1.1.res1.gauss_2.0sigma,0.680136119431847,0.683387160972295,0.414423006899745,0.392259398619891,TWI,gauss,1,,,2,MFD,1.1
2018,TWI.MFD1.1.res1.gauss_2.0sigma,0.528718580569874,0.52890589277187,0.426892496816638,0.324841113756817,TWI,gauss,1,,,2,MFD,1.1
2019,TWI.MFD1.1.res1.gauss_2.0sigma,0.536858402267345,0.64249031064793,0.405382292708891,0.463626097190917,TWI,gauss,1,,,2,MFD,1.1
2020,TWI.MFD1.1.res1.gauss_2.0sigma,0.398078847400466,0.404843456823588,0.278695697612079,0.246221836937704,TWI,gauss,1,,,2,MFD,1.1
2021,TWI.MFD1.1.res1.gauss_2.0sigma,0.382476466306918,0.436859512349466,0.25201497579824,0.249354238733033,TWI,gauss,1,,,2,MFD,1.1
2017,TWI.MFD1.1.res1.gauss_2.5sigma,0.700489393657359,0.703540986677499,0.442413525566904,0.417222215829236,TWI,gauss,1,,,2.5,MFD,1.1
2018,TWI.MFD1.1.res1.gauss_2.5sigma,0.531684373942251,0.532038740112658,0.424058868854914,0.333414981904258,TWI,gauss,1,,,2.5,MFD,1.1
2019,TWI.MFD1.1.res1.gauss_2.5sigma,0.548308771922694,0.650145176346897,0.372653890823655,0.446517403648104,TWI,gauss,1,,,2.5,MFD,1.1
2020,TWI.MFD1.1.res1.gauss_2.5sigma,0.457312497743529,0.464022274411612,0.384253559065593,0.358485332030919,TWI,gauss,1,,,2.5,MFD,1.1
2021,TWI.MFD1.1.res1.gauss_2.5sigma,0.420151010844486,0.466066199554367,0.307023449136962,0.294856037369391,TWI,gauss,1,,,2.5,MFD,1.1
2017,TWI.MFD1.1.res1.gauss_3.5sigma,0.722120361585652,0.725074615589396,0.473950867442463,0.445903022853489,TWI,gauss,1,,,3.5,MFD,1.1
2018,TWI.MFD1.1.res1.gauss_3.5sigma,0.500124775155812,0.500875025966421,0.390136045752505,0.302679366380709,TWI,gauss,1,,,3.5,MFD,1.1
2019,TWI.MFD1.1.res1.gauss_3.5sigma,0.534718927506903,0.639770778922216,0.226359525603123,0.354059227571139,TWI,gauss,1,,,3.5,MFD,1.1
2020,TWI.MFD1.1.res1.gauss_3.5sigma,0.515662478989718,0.523750515991549,0.455849523134338,0.433151917000587,TWI,gauss,1,,,3.5,MFD,1.1
2021,TWI.MFD1.1.res1.gauss_3.5sigma,0.453101978089535,0.493321838889928,0.364001271225289,0.346931715893935,TWI,gauss,1,,,3.5,MFD,1.1
2017,TWI.MFD1.1.res1.gauss_5.0sigma,0.74049216001482,0.742411141733356,0.521955843550701,0.485178011612132,TWI,gauss,1,,,5,MFD,1.1
2018,TWI.MFD1.1.res1.gauss_5.0sigma,0.550774534748821,0.551425415539849,0.427758266966936,0.342251679365596,TWI,gauss,1,,,5,MFD,1.1
2019,TWI.MFD1.1.res1.gauss_5.0sigma,0.542379758435723,0.638830749575474,0.322985868506314,0.400990777753359,TWI,gauss,1,,,5,MFD,1.1
2020,TWI.MFD1.1.res1.gauss_5.0sigma,0.54629552952502,0.552032211250245,0.488855701094437,0.460620816471456,TWI,gauss,1,,,5,MFD,1.1
2021,TWI.MFD1.1.res1.gauss_5.0sigma,0.483252624060388,0.517686722420513,0.414123388245579,0.398640012453277,TWI,gauss,1,,,5,MFD,1.1
2017,TWI.MFD1.1.res1.NFNW,0.178265443624829,0.178403155124995,-0.344482138435312,-0.457317324475846,TWI,NFNW,1,,,,MFD,1.1
2018,TWI.MFD1.1.res1.NFNW,0.1448609790008,0.144869267806724,-0.442934371011314,-0.585857791488357,TWI,NFNW,1,,,,MFD,1.1
2019,TWI.MFD1.1.res1.NFNW,0.0455030338418918,0.296699340367621,-0.565954141195101,0.00522051702916559,TWI,NFNW,1,,,,MFD,1.1
2020,TWI.MFD1.1.res1.NFNW,0.125538892685781,0.14500776418338,-0.569750973562466,-0.663664725920194,TWI,NFNW,1,,,,MFD,1.1
2021,TWI.MFD1.1.res1.NFNW,0.170068010883445,0.291223624679893,-0.22219064814964,-0.0366099694037291,TWI,NFNW,1,,,,MFD,1.1
2017,TWI.MFD1.1.res1.SSC1,0.606761555384391,0.606815818806921,0.423559355628979,0.401790582071582,TWI,SSC,1,,1,,MFD,1.1
2018,TWI.MFD1.1.res1.SSC1,0.312934504814474,0.313599952163302,0.0414922796491015,-0.140610569648412,TWI,SSC,1,,1,,MFD,1.1
2019,TWI.MFD1.1.res1.SSC1,0.310604582501869,0.450204214961202,-0.0355731772078048,0.153605900849454,TWI,SSC,1,,1,,MFD,1.1
2020,TWI.MFD1.1.res1.SSC1,0.204087813789216,0.216150358484398,-0.320147891872297,-0.366230863992825,TWI,SSC,1,,1,,MFD,1.1
2021,TWI.MFD1.1.res1.SSC1,0.231214609259664,0.334630045437553,0.0495000080170579,0.11374031705886,TWI,SSC,1,,1,,MFD,1.1
2017,TWI.MFD1.1.res1.SSC10,0.741384346625012,0.743683123760006,0.530958199625878,0.492558217957543,TWI,SSC,1,,10,,MFD,1.1
2018,TWI.MFD1.1.res1.SSC10,0.515119225849886,0.516117091350505,0.398785848367918,0.303397346045606,TWI,SSC,1,,10,,MFD,1.1
2019,TWI.MFD1.1.res1.SSC10,0.535735146440557,0.638337078550442,0.294356104985002,0.386967403905936,TWI,SSC,1,,10,,MFD,1.1
2020,TWI.MFD1.1.res1.SSC10,0.54943663466182,0.556223805532025,0.48615105928615,0.455173458636323,TWI,SSC,1,,10,,MFD,1.1
2021,TWI.MFD1.1.res1.SSC10,0.48103395001708,0.517867638452452,0.41459559396228,0.405678997928171,TWI,SSC,1,,10,,MFD,1.1
2017,TWI.MFD1.1.res1.SSC2,0.549491452611428,0.554099021265267,0.307548744777708,0.291104061656926,TWI,SSC,1,,2,,MFD,1.1
2018,TWI.MFD1.1.res1.SSC2,0.270073009085345,0.270342078677075,-0.0551856400042784,-0.272771910305001,TWI,SSC,1,,2,,MFD,1.1
2019,TWI.MFD1.1.res1.SSC2,0.25575812063411,0.45089246500703,-0.0563023166075768,0.23324554714392,TWI,SSC,1,,2,,MFD,1.1
2020,TWI.MFD1.1.res1.SSC2,0.273130150455369,0.285209355804449,-0.0212837398948212,-0.0487319011578507,TWI,SSC,1,,2,,MFD,1.1
2021,TWI.MFD1.1.res1.SSC2,0.253532991868878,0.339471868032004,0.0960347176547958,0.126202948584771,TWI,SSC,1,,2,,MFD,1.1
2017,TWI.MFD1.1.res1.SSC3,0.610045085343529,0.615308985660506,0.347943215836902,0.328288610232446,TWI,SSC,1,,3,,MFD,1.1
2018,TWI.MFD1.1.res1.SSC3,0.403284468504248,0.403707007969618,0.267491151147869,0.090735559518097,TWI,SSC,1,,3,,MFD,1.1
2019,TWI.MFD1.1.res1.SSC3,0.503426105904368,0.637973303238607,0.272021101086611,0.387332174706563,TWI,SSC,1,,3,,MFD,1.1
2020,TWI.MFD1.1.res1.SSC3,0.319976198243668,0.328681134849604,0.0955019909499121,0.0572398757579031,TWI,SSC,1,,3,,MFD,1.1
2021,TWI.MFD1.1.res1.SSC3,0.329804992956703,0.394074139487,0.186546814666461,0.192508331524497,TWI,SSC,1,,3,,MFD,1.1
2017,TWI.MFD1.1.res1.SSC4,0.695413245310831,0.700708546268066,0.437646526868489,0.416708501724189,TWI,SSC,1,,4,,MFD,1.1
2018,TWI.MFD1.1.res1.SSC4,0.513858348334388,0.514503566302256,0.415506169960057,0.315511777830301,TWI,SSC,1,,4,,MFD,1.1
2019,TWI.MFD1.1.res1.SSC4,0.542582384520499,0.656362664398369,0.395948994021879,0.471455566094688,TWI,SSC,1,,4,,MFD,1.1
2020,TWI.MFD1.1.res1.SSC4,0.416701571852995,0.425273097198384,0.314231177689132,0.289331942625294,TWI,SSC,1,,4,,MFD,1.1
2021,TWI.MFD1.1.res1.SSC4,0.391508617652069,0.442816336917907,0.272598614384604,0.262473394194917,TWI,SSC,1,,4,,MFD,1.1
2017,TWI.MFD1.1.res1.SSC5,0.707881684406124,0.712013058063083,0.453964885040456,0.430107765371763,TWI,SSC,1,,5,,MFD,1.1
2018,TWI.MFD1.1.res1.SSC5,0.498141246597606,0.498990308438731,0.394047192612848,0.302681707074972,TWI,SSC,1,,5,,MFD,1.1
2019,TWI.MFD1.1.res1.SSC5,0.546724305959469,0.654803460018454,0.294313243045668,0.4183391753368,TWI,SSC,1,,5,,MFD,1.1
2020,TWI.MFD1.1.res1.SSC5,0.493820023055537,0.502714046897525,0.432776702548009,0.41516795885351,TWI,SSC,1,,5,,MFD,1.1
2021,TWI.MFD1.1.res1.SSC5,0.434987815543768,0.476220029904685,0.331029374622686,0.310336183534407,TWI,SSC,1,,5,,MFD,1.1
2017,TWI.MFD1.1.res1.SSC7,0.737931759390639,0.741085972873313,0.5104715628055,0.481087137782389,TWI,SSC,1,,7,,MFD,1.1
2018,TWI.MFD1.1.res1.SSC7,0.511011364998225,0.512217761681498,0.397566023343576,0.317554269268962,TWI,SSC,1,,7,,MFD,1.1
2019,TWI.MFD1.1.res1.SSC7,0.565126938034406,0.668637710672003,0.287448406624283,0.416800475842454,TWI,SSC,1,,7,,MFD,1.1
2020,TWI.MFD1.1.res1.SSC7,0.535400704160059,0.545070190920044,0.472767405465215,0.453190879814764,TWI,SSC,1,,7,,MFD,1.1
2021,TWI.MFD1.1.res1.SSC7,0.469039978744171,0.506039354946175,0.394572565392797,0.373562389797825,TWI,SSC,1,,7,,MFD,1.1
2017,TWI.MFD1.1.res10.NFNW,0.724770230316369,0.724926083562381,0.574743129220553,0.517178397654143,TWI,NFNW,10,,,,MFD,1.1
2018,TWI.MFD1.1.res10.NFNW,0.623192226525703,0.623308978912923,0.542565154982977,0.435587142012868,TWI,NFNW,10,,,,MFD,1.1
2019,TWI.MFD1.1.res10.NFNW,0.536608063020942,0.618243982401186,0.274553771814995,0.339908363308087,TWI,NFNW,10,,,,MFD,1.1
2020,TWI.MFD1.1.res10.NFNW,0.542010857199323,0.5437765452754,0.464981300429474,0.430571275193348,TWI,NFNW,10,,,,MFD,1.1
2021,TWI.MFD1.1.res10.NFNW,0.42371455616216,0.480899404096645,0.327630414180222,0.341531789216491,TWI,NFNW,10,,,,MFD,1.1
2017,TWI.MFD1.1.res2.NFNW,0.718269111219515,0.719500488533469,0.473764885177736,0.450673085070926,TWI,NFNW,2,,,,MFD,1.1
2018,TWI.MFD1.1.res2.NFNW,0.410065507312553,0.410168166566232,0.29979989230801,0.155097249697919,TWI,NFNW,2,,,,MFD,1.1
2019,TWI.MFD1.1.res2.NFNW,0.457135034106296,0.570823474172468,0.378469707593629,0.428649976426553,TWI,NFNW,2,,,,MFD,1.1
2020,TWI.MFD1.1.res2.NFNW,0.316974281752363,0.324425452282271,0.058867750449449,0.0106285632429457,TWI,NFNW,2,,,,MFD,1.1
2021,TWI.MFD1.1.res2.NFNW,0.381509562957894,0.444104276782682,0.274077225571445,0.283976713984287,TWI,NFNW,2,,,,MFD,1.1
2017,TWI.MFD1.1.res3.NFNW,0.770115835622806,0.771745020198451,0.612624084208193,0.571210392316474,TWI,NFNW,3,,,,MFD,1.1
2018,TWI.MFD1.1.res3.NFNW,0.574723818589688,0.574839685557587,0.469117850089369,0.379915703746623,TWI,NFNW,3,,,,MFD,1.1
2019,TWI.MFD1.1.res3.NFNW,0.581907535565117,0.673326032714721,0.459360754542607,0.498501601117442,TWI,NFNW,3,,,,MFD,1.1
2020,TWI.MFD1.1.res3.NFNW,0.408297511193116,0.415312148985837,0.294981944290416,0.262230122380941,TWI,NFNW,3,,,,MFD,1.1
2021,TWI.MFD1.1.res3.NFNW,0.409632848670686,0.47005060141165,0.329315287036405,0.335186186513576,TWI,NFNW,3,,,,MFD,1.1
2017,TWI.MFD1.1.res4.NFNW,0.757126026362544,0.757498439497732,0.585439520299591,0.537894149078866,TWI,NFNW,4,,,,MFD,1.1
2018,TWI.MFD1.1.res4.NFNW,0.570288997620632,0.570332786925036,0.490698695908315,0.390851602575381,TWI,NFNW,4,,,,MFD,1.1
2019,TWI.MFD1.1.res4.NFNW,0.463483634231593,0.555324623262096,0.272497437787127,0.337360865800895,TWI,NFNW,4,,,,MFD,1.1
2020,TWI.MFD1.1.res4.NFNW,0.466924427531166,0.470195034038237,0.398505051779564,0.368842003467706,TWI,NFNW,4,,,,MFD,1.1
2021,TWI.MFD1.1.res4.NFNW,0.416619956332058,0.474809714829559,0.315363165395106,0.318622624307038,TWI,NFNW,4,,,,MFD,1.1
2017,TWI.MFD1.1.res5.NFNW,0.779246466511987,0.780332308597887,0.645885535034053,0.60159203945733,TWI,NFNW,5,,,,MFD,1.1
2018,TWI.MFD1.1.res5.NFNW,0.616498526359057,0.616897860723351,0.522504813374804,0.435876052311828,TWI,NFNW,5,,,,MFD,1.1
2019,TWI.MFD1.1.res5.NFNW,0.56385499854716,0.652899747978472,0.372410339700597,0.420000407413576,TWI,NFNW,5,,,,MFD,1.1
2020,TWI.MFD1.1.res5.NFNW,0.498058701742898,0.505727697643212,0.435397430645422,0.405004004285934,TWI,NFNW,5,,,,MFD,1.1
2021,TWI.MFD1.1.res5.NFNW,0.404209544687517,0.466482767094318,0.317726230965573,0.330201266031706,TWI,NFNW,5,,,,MFD,1.1
2017,TWI.MFD1.1.res7.NFNW,0.768920372505707,0.769009719269013,0.643649083373563,0.596927685043217,TWI,NFNW,7,,,,MFD,1.1
2018,TWI.MFD1.1.res7.NFNW,0.646236150297931,0.646425266395829,0.540627972627865,0.452172479632366,TWI,NFNW,7,,,,MFD,1.1
2019,TWI.MFD1.1.res7.NFNW,0.609279098318063,0.687670911466017,0.42276751116996,0.459336063618644,TWI,NFNW,7,,,,MFD,1.1
2020,TWI.MFD1.1.res7.NFNW,0.524929551318685,0.53072215416342,0.46776744681946,0.429590700872684,TWI,NFNW,7,,,,MFD,1.1
2021,TWI.MFD1.1.res7.NFNW,0.457263342216773,0.50638149434297,0.390792699283489,0.398427149623911,TWI,NFNW,7,,,,MFD,1.1
2017,TWI.MFD10.res1.gauss_0.5sigma,0.338579167039354,0.338586713005096,-0.114885207257431,-0.181726415012591,TWI,gauss,1,,,0.5,MFD,10
2018,TWI.MFD10.res1.gauss_0.5sigma,0.21324877277486,0.213260243026233,-0.148691610085084,-0.391852375471533,TWI,gauss,1,,,0.5,MFD,10
2019,TWI.MFD10.res1.gauss_0.5sigma,0.0722638290089842,0.319376478763001,-0.605425730497434,0.017483525746576,TWI,gauss,1,,,0.5,MFD,10
2020,TWI.MFD10.res1.gauss_0.5sigma,0.12277193724216,0.146349810348986,-0.399316790049855,-0.389968794429998,TWI,gauss,1,,,0.5,MFD,10
2021,TWI.MFD10.res1.gauss_0.5sigma,0.0076352559181119,0.26536023297106,-0.498656336300783,0.0115704744785392,TWI,gauss,1,,,0.5,MFD,10
2017,TWI.MFD10.res1.gauss_1.0sigma,0.496029690622068,0.499977138071566,0.232838343792354,0.209685655064995,TWI,gauss,1,,,1,MFD,10
2018,TWI.MFD10.res1.gauss_1.0sigma,0.178506775030785,0.18011985434419,-0.348136061592512,-0.558848236017986,TWI,gauss,1,,,1,MFD,10
2019,TWI.MFD10.res1.gauss_1.0sigma,0.105434244882966,0.330262283784107,-0.507721078551637,0.0864679634063031,TWI,gauss,1,,,1,MFD,10
2020,TWI.MFD10.res1.gauss_1.0sigma,0.263747987389127,0.275556676819667,-0.0400684817499573,-0.0714546331402392,TWI,gauss,1,,,1,MFD,10
2021,TWI.MFD10.res1.gauss_1.0sigma,0.163830084411261,0.312010611225257,-0.0740924004976051,0.0861224473320014,TWI,gauss,1,,,1,MFD,10
2017,TWI.MFD10.res1.gauss_1.5sigma,0.425122047872128,0.426262105493271,0.181731742372905,0.15459700249119,TWI,gauss,1,,,1.5,MFD,10
2018,TWI.MFD10.res1.gauss_1.5sigma,0.153368971056209,0.154341093156147,-0.534578006796597,-0.680528004930877,TWI,gauss,1,,,1.5,MFD,10
2019,TWI.MFD10.res1.gauss_1.5sigma,0.114734509260219,0.353857513236658,-0.562967051875829,0.110780854104712,TWI,gauss,1,,,1.5,MFD,10
2020,TWI.MFD10.res1.gauss_1.5sigma,0.279218559718298,0.283356692077038,0.0343446675906327,-0.017644428937895,TWI,gauss,1,,,1.5,MFD,10
2021,TWI.MFD10.res1.gauss_1.5sigma,0.153693468706852,0.293025910249143,-0.0456664431295761,0.0596415011125954,TWI,gauss,1,,,1.5,MFD,10
2017,TWI.MFD10.res1.gauss_2.0sigma,0.505961242788965,0.509305381229314,0.241888142223811,0.222402917572266,TWI,gauss,1,,,2,MFD,10
2018,TWI.MFD10.res1.gauss_2.0sigma,0.2724187814075,0.272468961357709,-0.165523212559007,-0.386472815490936,TWI,gauss,1,,,2,MFD,10
2019,TWI.MFD10.res1.gauss_2.0sigma,0.329767779283514,0.502857710102627,-0.161660266108446,0.175575044931094,TWI,gauss,1,,,2,MFD,10
2020,TWI.MFD10.res1.gauss_2.0sigma,0.291524841382901,0.296299540711349,0.0540829652570477,0.00926942489846357,TWI,gauss,1,,,2,MFD,10
2021,TWI.MFD10.res1.gauss_2.0sigma,0.175584809932137,0.302971221392988,-0.0155680332565264,0.0648425325716455,TWI,gauss,1,,,2,MFD,10
2017,TWI.MFD10.res1.gauss_2.5sigma,0.544257133849718,0.546709102477637,0.276522932959991,0.256127856549295,TWI,gauss,1,,,2.5,MFD,10
2018,TWI.MFD10.res1.gauss_2.5sigma,0.293013703856903,0.293153562835536,-0.0639618596947398,-0.298337081056205,TWI,gauss,1,,,2.5,MFD,10
2019,TWI.MFD10.res1.gauss_2.5sigma,0.343572893437424,0.486563847697493,-0.292648038955978,0.032029372424374,TWI,gauss,1,,,2.5,MFD,10
2020,TWI.MFD10.res1.gauss_2.5sigma,0.304019625247828,0.306954985319067,0.0788221655796872,0.0253112104241846,TWI,gauss,1,,,2.5,MFD,10
2021,TWI.MFD10.res1.gauss_2.5sigma,0.261082175275567,0.347147889256959,0.0862033655630625,0.114483903216249,TWI,gauss,1,,,2.5,MFD,10
2017,TWI.MFD10.res1.gauss_3.5sigma,0.558021355755038,0.558745594557169,0.297093055784145,0.267719207238497,TWI,gauss,1,,,3.5,MFD,10
2018,TWI.MFD10.res1.gauss_3.5sigma,0.328908997376958,0.329620887354543,0.0176831410087841,-0.17768337930121,TWI,gauss,1,,,3.5,MFD,10
2019,TWI.MFD10.res1.gauss_3.5sigma,0.353289409326444,0.470140302710872,-0.320677918692877,-0.0813660448972845,TWI,gauss,1,,,3.5,MFD,10
2020,TWI.MFD10.res1.gauss_3.5sigma,0.367942171196647,0.368799954957509,0.233650627965266,0.1851980895143,TWI,gauss,1,,,3.5,MFD,10
2021,TWI.MFD10.res1.gauss_3.5sigma,0.403292786031997,0.443506700813864,0.257092081106267,0.243604448628025,TWI,gauss,1,,,3.5,MFD,10
2017,TWI.MFD10.res1.gauss_5.0sigma,0.624910739729848,0.625293741771262,0.34745082462598,0.311374300764811,TWI,gauss,1,,,5,MFD,10
2018,TWI.MFD10.res1.gauss_5.0sigma,0.383480430802939,0.38348373332514,0.230204799154419,0.0574986508273437,TWI,gauss,1,,,5,MFD,10
2019,TWI.MFD10.res1.gauss_5.0sigma,0.357938574838023,0.478190823798308,-0.253296640299409,0.0105845857737566,TWI,gauss,1,,,5,MFD,10
2020,TWI.MFD10.res1.gauss_5.0sigma,0.527344165288594,0.527677038710357,0.45098062972254,0.424337092350565,TWI,gauss,1,,,5,MFD,10
2021,TWI.MFD10.res1.gauss_5.0sigma,0.490855968488062,0.515155142743825,0.386611430759447,0.356379399365324,TWI,gauss,1,,,5,MFD,10
2017,TWI.MFD10.res1.NFNW,0.0394605645805643,0.0881337123861619,-0.768041703136385,-0.674801650339182,TWI,NFNW,1,,,,MFD,10
2018,TWI.MFD10.res1.NFNW,0.0304086644646825,0.0568679390876046,-0.783792178816709,-0.720505940034212,TWI,NFNW,1,,,,MFD,10
2019,TWI.MFD10.res1.NFNW,0.253973267818106,0.356209466602142,-0.0714114433964633,0.0669336064067868,TWI,NFNW,1,,,,MFD,10
2020,TWI.MFD10.res1.NFNW,0.156153127292719,0.163446662322491,-0.214664746552778,-0.241186275474814,TWI,NFNW,1,,,,MFD,10
2021,TWI.MFD10.res1.NFNW,0.0207304598161428,0.271462205315783,-0.465734322297474,0.0264545962320244,TWI,NFNW,1,,,,MFD,10
2017,TWI.MFD10.res1.SSC1,0.000775509394880793,0.078781341227099,-0.821772973960012,-0.646493773451023,TWI,SSC,1,,1,,MFD,10
2018,TWI.MFD10.res1.SSC1,0.076795353328295,0.0825699982051433,-0.570292574974724,-0.624420063932741,TWI,SSC,1,,1,,MFD,10
2019,TWI.MFD10.res1.SSC1,0.0827943920263844,0.284647581769895,-0.450038877367677,-0.0384129107180554,TWI,SSC,1,,1,,MFD,10
2020,TWI.MFD10.res1.SSC1,0.153556486366464,0.153831215364234,-0.240774464877765,-0.30879516462776,TWI,SSC,1,,1,,MFD,10
2021,TWI.MFD10.res1.SSC1,0.102317215181897,0.269684846187123,-0.247824215656614,0.0115890538170202,TWI,SSC,1,,1,,MFD,10
2017,TWI.MFD10.res1.SSC10,0.660344449122152,0.661192384363452,0.386937639988815,0.348611728645631,TWI,SSC,1,,10,,MFD,10
2018,TWI.MFD10.res1.SSC10,0.36626493250401,0.366346835837111,0.219099560119358,0.0418968919668742,TWI,SSC,1,,10,,MFD,10
2019,TWI.MFD10.res1.SSC10,0.344360798371022,0.475914524992982,-0.258682321960775,0.0419595642471657,TWI,SSC,1,,10,,MFD,10
2020,TWI.MFD10.res1.SSC10,0.535505770369292,0.536497941489983,0.469509996136739,0.441127125291045,TWI,SSC,1,,10,,MFD,10
2021,TWI.MFD10.res1.SSC10,0.495765393955701,0.523061941301072,0.381720538510099,0.356540155808735,TWI,SSC,1,,10,,MFD,10
2017,TWI.MFD10.res1.SSC2,0.412545740726512,0.415658932338933,0.163364103045386,0.137041692344263,TWI,SSC,1,,2,,MFD,10
2018,TWI.MFD10.res1.SSC2,0.185908887958813,0.186124699095742,-0.294782477219114,-0.489530516890074,TWI,SSC,1,,2,,MFD,10
2019,TWI.MFD10.res1.SSC2,0.00198275735664338,0.298550963678842,-0.901727985554436,0.0131830417405785,TWI,SSC,1,,2,,MFD,10
2020,TWI.MFD10.res1.SSC2,0.272068909721372,0.282331788374653,0.0156557827933537,-0.0217299425089652,TWI,SSC,1,,2,,MFD,10
2021,TWI.MFD10.res1.SSC2,0.0511223157639891,0.266588445009149,-0.497861515075305,-0.0105408679529355,TWI,SSC,1,,2,,MFD,10
2017,TWI.MFD10.res1.SSC3,0.45424746064808,0.458390483525721,0.204638879623254,0.175164932259908,TWI,SSC,1,,3,,MFD,10
2018,TWI.MFD10.res1.SSC3,0.200218636078339,0.2002345457833,-0.434509426893555,-0.596350373280687,TWI,SSC,1,,3,,MFD,10
2019,TWI.MFD10.res1.SSC3,0.259973995569345,0.457420460556628,-0.0985842111914827,0.213327107523254,TWI,SSC,1,,3,,MFD,10
2020,TWI.MFD10.res1.SSC3,0.239618439951234,0.245088647064768,-0.186825518562765,-0.249859103330894,TWI,SSC,1,,3,,MFD,10
2021,TWI.MFD10.res1.SSC3,0.125429840451837,0.284118924309051,-0.126506646553803,0.0425376117511165,TWI,SSC,1,,3,,MFD,10
2017,TWI.MFD10.res1.SSC4,0.555005142030186,0.562592502457011,0.291434674060845,0.272745745334292,TWI,SSC,1,,4,,MFD,10
2018,TWI.MFD10.res1.SSC4,0.337263892233393,0.338369334190506,0.152698799470258,-0.0618449953329742,TWI,SSC,1,,4,,MFD,10
2019,TWI.MFD10.res1.SSC4,0.366122232909424,0.540103014861847,0.10357855174258,0.292835501340213,TWI,SSC,1,,4,,MFD,10
2020,TWI.MFD10.res1.SSC4,0.290607128686858,0.29811828798209,0.0133670096834419,-0.0294018318296983,TWI,SSC,1,,4,,MFD,10
2021,TWI.MFD10.res1.SSC4,0.168275762474086,0.301099975007219,-0.0346819015043628,0.0612577359533281,TWI,SSC,1,,4,,MFD,10
2017,TWI.MFD10.res1.SSC5,0.614609807447694,0.617978647504346,0.336832045765843,0.314911040317079,TWI,SSC,1,,5,,MFD,10
2018,TWI.MFD10.res1.SSC5,0.346879164439956,0.346916057237661,0.180655251927748,-0.0218345918173566,TWI,SSC,1,,5,,MFD,10
2019,TWI.MFD10.res1.SSC5,0.416506951012513,0.541930370817537,-0.0561093626601171,0.166840952287726,TWI,SSC,1,,5,,MFD,10
2020,TWI.MFD10.res1.SSC5,0.353744282938275,0.357599745986708,0.191216817427678,0.147071649327499,TWI,SSC,1,,5,,MFD,10
2021,TWI.MFD10.res1.SSC5,0.320026876807313,0.386291461048485,0.153532180726106,0.156580334640936,TWI,SSC,1,,5,,MFD,10
2017,TWI.MFD10.res1.SSC7,0.636941679573995,0.637901183199045,0.3614314423154,0.328289883584805,TWI,SSC,1,,7,,MFD,10
2018,TWI.MFD10.res1.SSC7,0.421808733958284,0.421979383154203,0.285422937914582,0.141115289574061,TWI,SSC,1,,7,,MFD,10
2019,TWI.MFD10.res1.SSC7,0.467983986954148,0.561779988111361,-0.0748068267029522,0.103574905256511,TWI,SSC,1,,7,,MFD,10
2020,TWI.MFD10.res1.SSC7,0.437866462465412,0.438996409370816,0.351750741893268,0.312746421972929,TWI,SSC,1,,7,,MFD,10
2021,TWI.MFD10.res1.SSC7,0.455867718545571,0.488531037166313,0.355919715987363,0.328012840443678,TWI,SSC,1,,7,,MFD,10
2017,TWI.MFD10.res10.NFNW,0.759629558382757,0.760408955892586,0.62466091829515,0.575054535810603,TWI,NFNW,10,,,,MFD,10
2018,TWI.MFD10.res10.NFNW,0.660199962456849,0.660315920074576,0.56756306786242,0.483566282880307,TWI,NFNW,10,,,,MFD,10
2019,TWI.MFD10.res10.NFNW,0.622722523143638,0.699522273642972,0.450705533682088,0.478451104241866,TWI,NFNW,10,,,,MFD,10
2020,TWI.MFD10.res10.NFNW,0.500977253208561,0.507350331247209,0.422152057950559,0.386894929501412,TWI,NFNW,10,,,,MFD,10
2021,TWI.MFD10.res10.NFNW,0.416804504596871,0.475943543526163,0.324128694081906,0.338131631230964,TWI,NFNW,10,,,,MFD,10
2017,TWI.MFD10.res2.NFNW,0.581929630008871,0.5820643883592,0.33122863000877,0.311681032373429,TWI,NFNW,2,,,,MFD,10
2018,TWI.MFD10.res2.NFNW,0.245347687206362,0.245633633080506,-0.0233970783577586,-0.223319212347601,TWI,NFNW,2,,,,MFD,10
2019,TWI.MFD10.res2.NFNW,0.162467302277419,0.361341344472634,-0.126009870519354,0.162884256374173,TWI,NFNW,2,,,,MFD,10
2020,TWI.MFD10.res2.NFNW,0.253898537442596,0.264817511297307,-0.126004799489258,-0.152245799180867,TWI,NFNW,2,,,,MFD,10
2021,TWI.MFD10.res2.NFNW,0.199211718790073,0.327726375096056,0.0387206062504449,0.138122766177288,TWI,NFNW,2,,,,MFD,10
2017,TWI.MFD10.res3.NFNW,0.690349519256272,0.695857905197508,0.417980041739403,0.397251018750602,TWI,NFNW,3,,,,MFD,10
2018,TWI.MFD10.res3.NFNW,0.358747844716478,0.358748811983812,0.19153977821593,0.0372879649281835,TWI,NFNW,3,,,,MFD,10
2019,TWI.MFD10.res3.NFNW,0.480739499979619,0.603670744315604,0.353787849674415,0.437848251910137,TWI,NFNW,3,,,,MFD,10
2020,TWI.MFD10.res3.NFNW,0.329588379425456,0.339982873345278,0.116137957660744,0.0693108858084439,TWI,NFNW,3,,,,MFD,10
2021,TWI.MFD10.res3.NFNW,0.316831755074407,0.39845912376534,0.195643105711075,0.19537513863986,TWI,NFNW,3,,,,MFD,10
2017,TWI.MFD10.res4.NFNW,0.672897691366088,0.675837602907261,0.393426980840633,0.368649820059538,TWI,NFNW,4,,,,MFD,10
2018,TWI.MFD10.res4.NFNW,0.451141583440399,0.451184320060582,0.329130025308572,0.225643796888127,TWI,NFNW,4,,,,MFD,10
2019,TWI.MFD10.res4.NFNW,0.36565136835807,0.49664041666861,0.222940414835032,0.357874875441637,TWI,NFNW,4,,,,MFD,10
2020,TWI.MFD10.res4.NFNW,0.431912855425857,0.435270948423652,0.348206934174386,0.316022201521911,TWI,NFNW,4,,,,MFD,10
2021,TWI.MFD10.res4.NFNW,0.369031378403075,0.427591486457355,0.206495509196419,0.202425532912259,TWI,NFNW,4,,,,MFD,10
2017,TWI.MFD10.res5.NFNW,0.756210419234679,0.761775644088156,0.529944057023369,0.506886127143894,TWI,NFNW,5,,,,MFD,10
2018,TWI.MFD10.res5.NFNW,0.569504818519133,0.572088946291533,0.432653057863955,0.369186897339342,TWI,NFNW,5,,,,MFD,10
2019,TWI.MFD10.res5.NFNW,0.602682642080621,0.716342643136992,0.563366600142921,0.634249503466236,TWI,NFNW,5,,,,MFD,10
2020,TWI.MFD10.res5.NFNW,0.5129321383009,0.525769809344956,0.448899573211126,0.426259630246755,TWI,NFNW,5,,,,MFD,10
2021,TWI.MFD10.res5.NFNW,0.425341422003848,0.472065621901565,0.338325627408731,0.328970873770347,TWI,NFNW,5,,,,MFD,10
2017,TWI.MFD10.res7.NFNW,0.791210210976209,0.792968322476255,0.641798164882902,0.608536819090414,TWI,NFNW,7,,,,MFD,10
2018,TWI.MFD10.res7.NFNW,0.613422513636298,0.61343540169356,0.450710015443259,0.393446820724517,TWI,NFNW,7,,,,MFD,10
2019,TWI.MFD10.res7.NFNW,0.699562469315509,0.774612912481876,0.691583548463293,0.716702030215198,TWI,NFNW,7,,,,MFD,10
2020,TWI.MFD10.res7.NFNW,0.442586403938744,0.454465019664412,0.35696538560309,0.326005194216661,TWI,NFNW,7,,,,MFD,10
2021,TWI.MFD10.res7.NFNW,0.441253106586408,0.490823484672009,0.369632640873938,0.372085996031334,TWI,NFNW,7,,,,MFD,10
2017,TWI.MFD2.res1.gauss_0.5sigma,0.252842072995141,0.253037830861086,-0.127602759718427,-0.234044253294087,TWI,gauss,1,,,0.5,MFD,2
2018,TWI.MFD2.res1.gauss_0.5sigma,0.189394836439745,0.189526953645727,-0.242731430766258,-0.446004003485862,TWI,gauss,1,,,0.5,MFD,2
2019,TWI.MFD2.res1.gauss_0.5sigma,0.0224383284821185,0.291074333447546,-0.744843688059008,-0.00587749136731369,TWI,gauss,1,,,0.5,MFD,2
2020,TWI.MFD2.res1.gauss_0.5sigma,0.187229689718588,0.208134963451198,-0.24025855563323,-0.330655087753331,TWI,gauss,1,,,0.5,MFD,2
2021,TWI.MFD2.res1.gauss_0.5sigma,0.0612034357849934,0.269382404260465,-0.392821948063833,0.00794723807069102,TWI,gauss,1,,,0.5,MFD,2
2017,TWI.MFD2.res1.gauss_1.0sigma,0.551140852089751,0.55282519413617,0.320036074223433,0.301588926346063,TWI,gauss,1,,,1,MFD,2
2018,TWI.MFD2.res1.gauss_1.0sigma,0.226183989502603,0.226191549625414,-0.237693441142398,-0.442580491217695,TWI,gauss,1,,,1,MFD,2
2019,TWI.MFD2.res1.gauss_1.0sigma,0.206645015062616,0.40928022265431,-0.219905644312774,0.165867972304871,TWI,gauss,1,,,1,MFD,2
2020,TWI.MFD2.res1.gauss_1.0sigma,0.26849950356226,0.281198968624216,-0.0257372808134548,-0.0488092102830332,TWI,gauss,1,,,1,MFD,2
2021,TWI.MFD2.res1.gauss_1.0sigma,0.221092574483417,0.326319529378281,0.0656073477740889,0.119668540218511,TWI,gauss,1,,,1,MFD,2
2017,TWI.MFD2.res1.gauss_1.5sigma,0.562901807003152,0.566443538541421,0.304648618480133,0.286582239043168,TWI,gauss,1,,,1.5,MFD,2
2018,TWI.MFD2.res1.gauss_1.5sigma,0.307835329788899,0.307889108495888,0.0238055979357276,-0.192419811114683,TWI,gauss,1,,,1.5,MFD,2
2019,TWI.MFD2.res1.gauss_1.5sigma,0.35623633742933,0.517022526130274,0.0490639305374238,0.254292301778781,TWI,gauss,1,,,1.5,MFD,2
2020,TWI.MFD2.res1.gauss_1.5sigma,0.293109840064698,0.3007937185007,0.0364133021098304,-0.00371406255043156,TWI,gauss,1,,,1.5,MFD,2
2021,TWI.MFD2.res1.gauss_1.5sigma,0.274731566045779,0.356961480985429,0.117660270344742,0.144256903868286,TWI,gauss,1,,,1.5,MFD,2
2017,TWI.MFD2.res1.gauss_2.0sigma,0.62995131773136,0.633548049573232,0.351786183284684,0.332219510695554,TWI,gauss,1,,,2,MFD,2
2018,TWI.MFD2.res1.gauss_2.0sigma,0.435875906968579,0.435920598021667,0.327348394775472,0.184317192293196,TWI,gauss,1,,,2,MFD,2
2019,TWI.MFD2.res1.gauss_2.0sigma,0.477510219134605,0.596340845713267,0.292534844038072,0.367418805849107,TWI,gauss,1,,,2,MFD,2
2020,TWI.MFD2.res1.gauss_2.0sigma,0.342040202368378,0.347821356920253,0.154814914971833,0.113205360709917,TWI,gauss,1,,,2,MFD,2
2021,TWI.MFD2.res1.gauss_2.0sigma,0.348295711362448,0.409193179270949,0.198860610109765,0.203619815338289,TWI,gauss,1,,,2,MFD,2
2017,TWI.MFD2.res1.gauss_2.5sigma,0.651244711067364,0.654321233210977,0.373088698897707,0.350123609566647,TWI,gauss,1,,,2.5,MFD,2
2018,TWI.MFD2.res1.gauss_2.5sigma,0.435447237378744,0.435460751370862,0.327427679362153,0.19424007520009,TWI,gauss,1,,,2.5,MFD,2
2019,TWI.MFD2.res1.gauss_2.5sigma,0.489942322415914,0.59904161197539,0.179134807806623,0.292923763098967,TWI,gauss,1,,,2.5,MFD,2
2020,TWI.MFD2.res1.gauss_2.5sigma,0.392121384667534,0.397041937563873,0.274752821538634,0.237414132514159,TWI,gauss,1,,,2.5,MFD,2
2021,TWI.MFD2.res1.gauss_2.5sigma,0.40232724485551,0.449264869294254,0.269345737880176,0.258867625834374,TWI,gauss,1,,,2.5,MFD,2
2017,TWI.MFD2.res1.gauss_3.5sigma,0.67521871393179,0.677592923320522,0.400757018390114,0.372964258372285,TWI,gauss,1,,,3.5,MFD,2
2018,TWI.MFD2.res1.gauss_3.5sigma,0.419638454249889,0.419758519249505,0.306577185505489,0.172883404818389,TWI,gauss,1,,,3.5,MFD,2
2019,TWI.MFD2.res1.gauss_3.5sigma,0.473119777962434,0.582241786388721,-0.102259366679805,0.138900753969592,TWI,gauss,1,,,3.5,MFD,2
2020,TWI.MFD2.res1.gauss_3.5sigma,0.47839871353493,0.483261690802405,0.410000413114844,0.381145196092712,TWI,gauss,1,,,3.5,MFD,2
2021,TWI.MFD2.res1.gauss_3.5sigma,0.451989483390785,0.489044525366485,0.351076563427053,0.328987085797483,TWI,gauss,1,,,3.5,MFD,2
2017,TWI.MFD2.res1.gauss_5.0sigma,0.708672908153409,0.710728368005942,0.449904007253104,0.417227058724805,TWI,gauss,1,,,5,MFD,2
2018,TWI.MFD2.res1.gauss_5.0sigma,0.469382227974737,0.46993105217844,0.358496626712629,0.253803497221589,TWI,gauss,1,,,5,MFD,2
2019,TWI.MFD2.res1.gauss_5.0sigma,0.480130302485792,0.588335329263672,0.074358301339079,0.243935666919358,TWI,gauss,1,,,5,MFD,2
2020,TWI.MFD2.res1.gauss_5.0sigma,0.543016967454688,0.547577917278072,0.479510958362832,0.452095868769206,TWI,gauss,1,,,5,MFD,2
2021,TWI.MFD2.res1.gauss_5.0sigma,0.492163324922306,0.52137658245028,0.415096850842916,0.391809152118839,TWI,gauss,1,,,5,MFD,2
2017,TWI.MFD2.res1.NFNW,0.158798225616576,0.159875415724056,-0.45653674568956,-0.564511651499682,TWI,NFNW,1,,,,MFD,2
2018,TWI.MFD2.res1.NFNW,0.10983675358162,0.111012795441023,-0.558855282936173,-0.667117283646255,TWI,NFNW,1,,,,MFD,2
2019,TWI.MFD2.res1.NFNW,0.186160109930917,0.295747092093444,-0.280563405231687,-0.0582225917671492,TWI,NFNW,1,,,,MFD,2
2020,TWI.MFD2.res1.NFNW,0.0966263598744108,0.116054084043335,-0.650579586208722,-0.680130068562114,TWI,NFNW,1,,,,MFD,2
2021,TWI.MFD2.res1.NFNW,0.178599113391003,0.293359034117674,-0.199027718150293,-0.02915228312783,TWI,NFNW,1,,,,MFD,2
2017,TWI.MFD2.res1.SSC1,0.573475157322717,0.574366905383986,0.373611984394869,0.349064319307251,TWI,SSC,1,,1,,MFD,2
2018,TWI.MFD2.res1.SSC1,0.240079091103598,0.242924154952782,-0.173470454384401,-0.366194251833526,TWI,SSC,1,,1,,MFD,2
2019,TWI.MFD2.res1.SSC1,0.250687090903592,0.396441616305756,-0.127708980754327,0.0982835818733914,TWI,SSC,1,,1,,MFD,2
2020,TWI.MFD2.res1.SSC1,0.171780033829709,0.182084031053814,-0.43461037899593,-0.477945296669463,TWI,SSC,1,,1,,MFD,2
2021,TWI.MFD2.res1.SSC1,0.17813959126001,0.312707536357133,-0.0533179261518779,0.0792857140101764,TWI,SSC,1,,1,,MFD,2
2017,TWI.MFD2.res1.SSC10,0.719930374610782,0.722608597783818,0.475668015513676,0.440991132767178,TWI,SSC,1,,10,,MFD,2
2018,TWI.MFD2.res1.SSC10,0.43978026954148,0.440714148736028,0.330801079548941,0.208964437976333,TWI,SSC,1,,10,,MFD,2
2019,TWI.MFD2.res1.SSC10,0.468575593193145,0.584767770245117,0.0359093649886339,0.232762664469397,TWI,SSC,1,,10,,MFD,2
2020,TWI.MFD2.res1.SSC10,0.550875371686649,0.557014612864558,0.481657898906445,0.45194302249498,TWI,SSC,1,,10,,MFD,2
2021,TWI.MFD2.res1.SSC10,0.486600312092067,0.519742918721305,0.413863372140116,0.398700821059614,TWI,SSC,1,,10,,MFD,2
2017,TWI.MFD2.res1.SSC2,0.519215693518532,0.523450494597789,0.287772895154342,0.269669740967325,TWI,SSC,1,,2,,MFD,2
2018,TWI.MFD2.res1.SSC2,0.215089697896698,0.215096086075815,-0.230718672394613,-0.437721909600197,TWI,SSC,1,,2,,MFD,2
2019,TWI.MFD2.res1.SSC2,0.152717338695163,0.378612968138725,-0.352092201118229,0.157262337664004,TWI,SSC,1,,2,,MFD,2
2020,TWI.MFD2.res1.SSC2,0.268649263541408,0.280352007632691,-0.029308262955633,-0.0585783033704656,TWI,SSC,1,,2,,MFD,2
2021,TWI.MFD2.res1.SSC2,0.186347872373263,0.30441638489117,0.0104257717080637,0.0803143961540117,TWI,SSC,1,,2,,MFD,2
2017,TWI.MFD2.res1.SSC3,0.567354141149893,0.572620081841479,0.311130479053203,0.291107735294381,TWI,SSC,1,,3,,MFD,2
2018,TWI.MFD2.res1.SSC3,0.355811693049383,0.356203841674689,0.151708112329475,-0.0552807360009479,TWI,SSC,1,,3,,MFD,2
2019,TWI.MFD2.res1.SSC3,0.448426876651665,0.598163441352244,0.208227109278491,0.341804909262236,TWI,SSC,1,,3,,MFD,2
2020,TWI.MFD2.res1.SSC3,0.29006022187211,0.297841675637235,0.00287751187249744,-0.0408759994506461,TWI,SSC,1,,3,,MFD,2
2021,TWI.MFD2.res1.SSC3,0.273723677015635,0.355863778565462,0.118652564014517,0.143311679825891,TWI,SSC,1,,3,,MFD,2
2017,TWI.MFD2.res1.SSC4,0.648771616597677,0.655156738434041,0.376602177681401,0.358134538980082,TWI,SSC,1,,4,,MFD,2
2018,TWI.MFD2.res1.SSC4,0.425694257641839,0.426037555497356,0.320318999171453,0.17292495042089,TWI,SSC,1,,4,,MFD,2
2019,TWI.MFD2.res1.SSC4,0.486244287660059,0.613832279080629,0.231509493909964,0.348204435010105,TWI,SSC,1,,4,,MFD,2
2020,TWI.MFD2.res1.SSC4,0.351505738695276,0.359324683581959,0.172332712773064,0.135626370945098,TWI,SSC,1,,4,,MFD,2
2021,TWI.MFD2.res1.SSC4,0.356441329249347,0.414273588586656,0.22092355775531,0.21696571343688,TWI,SSC,1,,4,,MFD,2
2017,TWI.MFD2.res1.SSC5,0.669639994740705,0.673426824322459,0.396592398235498,0.373180768057924,TWI,SSC,1,,5,,MFD,2
2018,TWI.MFD2.res1.SSC5,0.43086325754695,0.431029252374376,0.325577694251959,0.198651434607262,TWI,SSC,1,,5,,MFD,2
2019,TWI.MFD2.res1.SSC5,0.502322598987198,0.612974317458685,0.0992666231385776,0.277979442642652,TWI,SSC,1,,5,,MFD,2
2020,TWI.MFD2.res1.SSC5,0.444752327454576,0.451089403515204,0.365879392755486,0.339656693475044,TWI,SSC,1,,5,,MFD,2
2021,TWI.MFD2.res1.SSC5,0.421772470598428,0.463699724312552,0.301239161856337,0.281242780456763,TWI,SSC,1,,5,,MFD,2
2017,TWI.MFD2.res1.SSC7,0.707976245147787,0.710668260555694,0.453052813500188,0.423448161185368,TWI,SSC,1,,7,,MFD,2
2018,TWI.MFD2.res1.SSC7,0.468776924003812,0.469342131932645,0.361552633664051,0.263066700335915,TWI,SSC,1,,7,,MFD,2
2019,TWI.MFD2.res1.SSC7,0.533975061007029,0.636915460615822,0.13690155844952,0.310465225020677,TWI,SSC,1,,7,,MFD,2
2020,TWI.MFD2.res1.SSC7,0.515636772142073,0.522143320711367,0.452804883084618,0.428404016454728,TWI,SSC,1,,7,,MFD,2
2021,TWI.MFD2.res1.SSC7,0.469946879401378,0.504430805695923,0.388767030518289,0.362664761702835,TWI,SSC,1,,7,,MFD,2
2017,TWI.MFD2.res10.NFNW,0.73626015945942,0.736564614006002,0.590823556909367,0.535594729752076,TWI,NFNW,10,,,,MFD,2
2018,TWI.MFD2.res10.NFNW,0.637381879431376,0.637639950426091,0.558216664671149,0.459625578334846,TWI,NFNW,10,,,,MFD,2
2019,TWI.MFD2.res10.NFNW,0.563922380917358,0.646064432244089,0.327499740376549,0.38376111605534,TWI,NFNW,10,,,,MFD,2
2020,TWI.MFD2.res10.NFNW,0.537157358318011,0.540276324156292,0.460812729281604,0.4255945667104,TWI,NFNW,10,,,,MFD,2
2021,TWI.MFD2.res10.NFNW,0.420971070209774,0.47899930935988,0.325212291376639,0.33961732947803,TWI,NFNW,10,,,,MFD,2
2017,TWI.MFD2.res2.NFNW,0.703684022149601,0.704329439692442,0.449128560435525,0.427465915335489,TWI,NFNW,2,,,,MFD,2
2018,TWI.MFD2.res2.NFNW,0.374746782528081,0.375156133281051,0.240818896114998,0.0820389599417517,TWI,NFNW,2,,,,MFD,2
2019,TWI.MFD2.res2.NFNW,0.445065591934169,0.558480386153134,0.384431920717816,0.427344419311337,TWI,NFNW,2,,,,MFD,2
2020,TWI.MFD2.res2.NFNW,0.305772604905247,0.31313276003587,0.0314253754236695,-0.0169167443681754,TWI,NFNW,2,,,,MFD,2
2021,TWI.MFD2.res2.NFNW,0.355773962921084,0.426793707037206,0.239911882624996,0.259636846347636,TWI,NFNW,2,,,,MFD,2
2017,TWI.MFD2.res3.NFNW,0.766353866543151,0.768435683449389,0.588416299333139,0.551206807877105,TWI,NFNW,3,,,,MFD,2
2018,TWI.MFD2.res3.NFNW,0.556891601733321,0.556999380832239,0.446404639466565,0.360296216048818,TWI,NFNW,3,,,,MFD,2
2019,TWI.MFD2.res3.NFNW,0.582229519024033,0.676878329653841,0.497052399765931,0.536357465419862,TWI,NFNW,3,,,,MFD,2
2020,TWI.MFD2.res3.NFNW,0.384917313536756,0.392190126340941,0.236237041741699,0.199707552840573,TWI,NFNW,3,,,,MFD,2
2021,TWI.MFD2.res3.NFNW,0.406343860784338,0.466810014116491,0.323832211073821,0.327352165698985,TWI,NFNW,3,,,,MFD,2
2017,TWI.MFD2.res4.NFNW,0.740541446283706,0.741049510546348,0.549435632235352,0.503637735818814,TWI,NFNW,4,,,,MFD,2
2018,TWI.MFD2.res4.NFNW,0.546842942723857,0.546910273482467,0.46089668507181,0.356948827030303,TWI,NFNW,4,,,,MFD,2
2019,TWI.MFD2.res4.NFNW,0.422535681372754,0.522298297925793,0.243700515318154,0.32195322964064,TWI,NFNW,4,,,,MFD,2
2020,TWI.MFD2.res4.NFNW,0.446002722953511,0.448499506354061,0.36692127287157,0.334489004276397,TWI,NFNW,4,,,,MFD,2
2021,TWI.MFD2.res4.NFNW,0.418842460362832,0.474394361055317,0.311171139794674,0.309821387853643,TWI,NFNW,4,,,,MFD,2
2017,TWI.MFD2.res5.NFNW,0.779398343999992,0.781519252419162,0.634333987022851,0.594784093143969,TWI,NFNW,5,,,,MFD,2
2018,TWI.MFD2.res5.NFNW,0.591930401267231,0.592642043427738,0.489339755309904,0.404479772567956,TWI,NFNW,5,,,,MFD,2
2019,TWI.MFD2.res5.NFNW,0.570690947496516,0.665355372967939,0.402469728428179,0.450986822392665,TWI,NFNW,5,,,,MFD,2
2020,TWI.MFD2.res5.NFNW,0.49028300612206,0.499544486683286,0.427104158017253,0.399201234749909,TWI,NFNW,5,,,,MFD,2
2021,TWI.MFD2.res5.NFNW,0.412235114435832,0.471216223556287,0.331177631727807,0.339443105663103,TWI,NFNW,5,,,,MFD,2
2017,TWI.MFD2.res7.NFNW,0.784050610538526,0.784184573859671,0.666227537231129,0.62204291956075,TWI,NFNW,7,,,,MFD,2
2018,TWI.MFD2.res7.NFNW,0.651178675426935,0.651303298050713,0.535683437250966,0.454106614226598,TWI,NFNW,7,,,,MFD,2
2019,TWI.MFD2.res7.NFNW,0.624553458480722,0.701576052115934,0.464003253255417,0.490554379556594,TWI,NFNW,7,,,,MFD,2
2020,TWI.MFD2.res7.NFNW,0.511731933792144,0.519069883626459,0.454080005355354,0.416406884375989,TWI,NFNW,7,,,,MFD,2
2021,TWI.MFD2.res7.NFNW,0.454038507994031,0.504087841483368,0.388181175681597,0.396568159312327,TWI,NFNW,7,,,,MFD,2
2017,TWI.MFD5.res1.gauss_0.5sigma,0.321418941438692,0.321828414559703,-0.0432540948141389,-0.118693086040633,TWI,gauss,1,,,0.5,MFD,5
2018,TWI.MFD5.res1.gauss_0.5sigma,0.214109017713167,0.21426699334853,-0.14244372166134,-0.374800488083435,TWI,gauss,1,,,0.5,MFD,5
2019,TWI.MFD5.res1.gauss_0.5sigma,0.0511160272973773,0.308728189775081,-0.708482000269247,0.0234034014517663,TWI,gauss,1,,,0.5,MFD,5
2020,TWI.MFD5.res1.gauss_0.5sigma,0.151597989194965,0.176742943680796,-0.283058474871976,-0.336513687356895,TWI,gauss,1,,,0.5,MFD,5
2021,TWI.MFD5.res1.gauss_0.5sigma,0.0162050806508223,0.265464210040044,-0.54285479818977,0.0124476363405304,TWI,gauss,1,,,0.5,MFD,5
2017,TWI.MFD5.res1.gauss_1.0sigma,0.535058822039961,0.535063249149147,0.310785485434824,0.288825446795463,TWI,gauss,1,,,1,MFD,5
2018,TWI.MFD5.res1.gauss_1.0sigma,0.166149518334885,0.167212903335274,-0.396819185516219,-0.57956666953448,TWI,gauss,1,,,1,MFD,5
2019,TWI.MFD5.res1.gauss_1.0sigma,0.0667241610623031,0.318198937300628,-0.726589767042383,0.0638616109307514,TWI,gauss,1,,,1,MFD,5
2020,TWI.MFD5.res1.gauss_1.0sigma,0.271657166399593,0.284186605200605,-0.00492352471219564,-0.0269721890598726,TWI,gauss,1,,,1,MFD,5
2021,TWI.MFD5.res1.gauss_1.0sigma,0.171943604297846,0.308752313714301,-0.0232285555561878,0.0944633031769566,TWI,gauss,1,,,1,MFD,5
2017,TWI.MFD5.res1.gauss_1.5sigma,0.509234700350535,0.51163304291512,0.2602628344495,0.239553622346974,TWI,gauss,1,,,1.5,MFD,5
2018,TWI.MFD5.res1.gauss_1.5sigma,0.22404698039641,0.224161332085654,-0.256625002427859,-0.458737809929196,TWI,gauss,1,,,1.5,MFD,5
2019,TWI.MFD5.res1.gauss_1.5sigma,0.224995362310955,0.419671508879672,-0.181573716732125,0.184573425345893,TWI,gauss,1,,,1.5,MFD,5
2020,TWI.MFD5.res1.gauss_1.5sigma,0.291832171527783,0.298029969542026,0.0584023484671174,0.015061024724555,TWI,gauss,1,,,1.5,MFD,5
2021,TWI.MFD5.res1.gauss_1.5sigma,0.166485986311597,0.300631154224706,-0.0309568837656918,0.0662960482884104,TWI,gauss,1,,,1.5,MFD,5
2017,TWI.MFD5.res1.gauss_2.0sigma,0.559955435923507,0.563537592594052,0.288710945415427,0.269435771159051,TWI,gauss,1,,,2,MFD,5
2018,TWI.MFD5.res1.gauss_2.0sigma,0.311523566002936,0.311562452530532,0.0158646334876632,-0.204145495328895,TWI,gauss,1,,,2,MFD,5
2019,TWI.MFD5.res1.gauss_2.0sigma,0.380071152235281,0.52264860969616,-0.0231016844971634,0.188609766111251,TWI,gauss,1,,,2,MFD,5
2020,TWI.MFD5.res1.gauss_2.0sigma,0.300965725713722,0.305895797536689,0.0620058855584349,0.0123519722827021,TWI,gauss,1,,,2,MFD,5
2021,TWI.MFD5.res1.gauss_2.0sigma,0.217978924612035,0.325961117674653,0.0402923537264963,0.0916436142437748,TWI,gauss,1,,,2,MFD,5
2017,TWI.MFD5.res1.gauss_2.5sigma,0.576896368331152,0.579567519862352,0.302029427195006,0.279833612047928,TWI,gauss,1,,,2.5,MFD,5
2018,TWI.MFD5.res1.gauss_2.5sigma,0.329623078255016,0.330012280737682,0.0599488453631882,-0.155708832917216,TWI,gauss,1,,,2.5,MFD,5
2019,TWI.MFD5.res1.gauss_2.5sigma,0.41313804637183,0.531605151439479,-0.168944728035433,0.0615418241243825,TWI,gauss,1,,,2.5,MFD,5
2020,TWI.MFD5.res1.gauss_2.5sigma,0.316947766529765,0.320185562026081,0.108448138811275,0.0533317659249074,TWI,gauss,1,,,2.5,MFD,5
2021,TWI.MFD5.res1.gauss_2.5sigma,0.31328950158649,0.382198142056545,0.143550424591746,0.155898402725237,TWI,gauss,1,,,2.5,MFD,5
2017,TWI.MFD5.res1.gauss_3.5sigma,0.579180200613356,0.580121394985393,0.303923816007477,0.27575875488059,TWI,gauss,1,,,3.5,MFD,5
2018,TWI.MFD5.res1.gauss_3.5sigma,0.356866199336397,0.357292994068031,0.135516917477886,-0.061607018962577,TWI,gauss,1,,,3.5,MFD,5
2019,TWI.MFD5.res1.gauss_3.5sigma,0.42799000771167,0.530321505642622,-0.287357367160909,-0.0462661208636609,TWI,gauss,1,,,3.5,MFD,5
2020,TWI.MFD5.res1.gauss_3.5sigma,0.411867185902444,0.413141641955958,0.307935294927502,0.267874520979372,TWI,gauss,1,,,3.5,MFD,5
2021,TWI.MFD5.res1.gauss_3.5sigma,0.413698653042378,0.453179361173885,0.275819823289083,0.259512596658818,TWI,gauss,1,,,3.5,MFD,5
2017,TWI.MFD5.res1.gauss_5.0sigma,0.62698633937197,0.62757169409432,0.3436364713617,0.310017119169803,TWI,gauss,1,,,5,MFD,5
2018,TWI.MFD5.res1.gauss_5.0sigma,0.40436385272473,0.404372789539035,0.27611774174116,0.120611127746851,TWI,gauss,1,,,5,MFD,5
2019,TWI.MFD5.res1.gauss_5.0sigma,0.415225317153259,0.524465294784219,-0.191515697870491,0.0500850915029792,TWI,gauss,1,,,5,MFD,5
2020,TWI.MFD5.res1.gauss_5.0sigma,0.540949539458142,0.541699791014578,0.456836004773934,0.430013691829771,TWI,gauss,1,,,5,MFD,5
2021,TWI.MFD5.res1.gauss_5.0sigma,0.478254466544554,0.505429319534746,0.365456159892542,0.338697524707367,TWI,gauss,1,,,5,MFD,5
2017,TWI.MFD5.res1.NFNW,0.0869671437935795,0.101580043024736,-0.663462256105426,-0.687565983314028,TWI,NFNW,1,,,,MFD,5
2018,TWI.MFD5.res1.NFNW,0.0926216362325767,0.0971266528409425,-0.668589086726083,-0.72439339797696,TWI,NFNW,1,,,,MFD,5
2019,TWI.MFD5.res1.NFNW,0.233551565803124,0.322263518984032,-0.152299509359302,-0.0220261710847751,TWI,NFNW,1,,,,MFD,5
2020,TWI.MFD5.res1.NFNW,0.0719759501007489,0.0859098075089261,-0.505904453692871,-0.474615556558914,TWI,NFNW,1,,,,MFD,5
2021,TWI.MFD5.res1.NFNW,0.132533802519599,0.276937865475093,-0.260265707618255,-0.0192838252027699,TWI,NFNW,1,,,,MFD,5
2017,TWI.MFD5.res1.SSC1,0.264828115187226,0.296624463432411,-0.14340741045758,-0.1608307446351,TWI,SSC,1,,1,,MFD,5
2018,TWI.MFD5.res1.SSC1,0.0848415497956911,0.104130241398467,-0.703948575269634,-0.758661538512056,TWI,SSC,1,,1,,MFD,5
2019,TWI.MFD5.res1.SSC1,0.111141262522991,0.296543975017426,-0.371029837067478,-0.00384703357014703,TWI,SSC,1,,1,,MFD,5
2020,TWI.MFD5.res1.SSC1,0.00427729816807122,0.00463992449610954,-0.839891404071569,-0.76446890983636,TWI,SSC,1,,1,,MFD,5
2021,TWI.MFD5.res1.SSC1,0.0590764260025456,0.277468298029498,-0.413318325015565,0.0269429206114537,TWI,SSC,1,,1,,MFD,5
2017,TWI.MFD5.res1.SSC10,0.674476107819597,0.675958767282851,0.397593168008379,0.362712293970268,TWI,SSC,1,,10,,MFD,5
2018,TWI.MFD5.res1.SSC10,0.382504234943793,0.382768075316583,0.254635389869437,0.0958072154967981,TWI,SSC,1,,10,,MFD,5
2019,TWI.MFD5.res1.SSC10,0.389212030742213,0.512619491909553,-0.191313933323592,0.0883324163684089,TWI,SSC,1,,10,,MFD,5
2020,TWI.MFD5.res1.SSC10,0.561293672973906,0.563626729470131,0.488019609846038,0.460556110830411,TWI,SSC,1,,10,,MFD,5
2021,TWI.MFD5.res1.SSC10,0.471223123227764,0.505488755775434,0.353471866460436,0.332687711098929,TWI,SSC,1,,10,,MFD,5
2017,TWI.MFD5.res1.SSC2,0.474207233480322,0.478318744203356,0.250508404649875,0.228431877979914,TWI,SSC,1,,2,,MFD,5
2018,TWI.MFD5.res1.SSC2,0.165598267254989,0.165925386501306,-0.352423148682592,-0.535865596898944,TWI,SSC,1,,2,,MFD,5
2019,TWI.MFD5.res1.SSC2,0.00556079950689622,0.30122062238672,-0.883249853763827,0.0180259088659355,TWI,SSC,1,,2,,MFD,5
2020,TWI.MFD5.res1.SSC2,0.27348746563411,0.285284362834827,0.00407198619030378,-0.0249904340993524,TWI,SSC,1,,2,,MFD,5
2021,TWI.MFD5.res1.SSC2,0.0941230531190973,0.27317047100702,-0.246438799228734,0.0148723774973849,TWI,SSC,1,,2,,MFD,5
2017,TWI.MFD5.res1.SSC3,0.515533391998353,0.52051392028931,0.263982816067664,0.241082267312791,TWI,SSC,1,,3,,MFD,5
2018,TWI.MFD5.res1.SSC3,0.281075388208711,0.281182287157186,-0.0781712275853973,-0.30057188580506,TWI,SSC,1,,3,,MFD,5
2019,TWI.MFD5.res1.SSC3,0.351896544065746,0.523728061339819,0.105141619778427,0.287379917129013,TWI,SSC,1,,3,,MFD,5
2020,TWI.MFD5.res1.SSC3,0.269206153443677,0.275673485606776,-0.0577441789752299,-0.110986739680155,TWI,SSC,1,,3,,MFD,5
2021,TWI.MFD5.res1.SSC3,0.142971214908538,0.29074131996894,-0.0904707460169369,0.0444056812977499,TWI,SSC,1,,3,,MFD,5
2017,TWI.MFD5.res1.SSC4,0.589746677777654,0.597773062318924,0.317736834202973,0.30069994259212,TWI,SSC,1,,4,,MFD,5
2018,TWI.MFD5.res1.SSC4,0.373584754813222,0.374021947097665,0.221756906308147,0.0301582828187857,TWI,SSC,1,,4,,MFD,5
2019,TWI.MFD5.res1.SSC4,0.422207398346405,0.572210353944892,0.123471591061944,0.283346588669673,TWI,SSC,1,,4,,MFD,5
2020,TWI.MFD5.res1.SSC4,0.306889448902215,0.314450306748704,0.0554111033619277,0.0124234227487184,TWI,SSC,1,,4,,MFD,5
2021,TWI.MFD5.res1.SSC4,0.220101820051483,0.326581030312361,0.0486618945745271,0.0957888143743917,TWI,SSC,1,,4,,MFD,5
2017,TWI.MFD5.res1.SSC5,0.621734073892474,0.625216243313388,0.340861460701076,0.318854614471948,TWI,SSC,1,,5,,MFD,5
2018,TWI.MFD5.res1.SSC5,0.369524656727865,0.369577495696722,0.216088431898515,0.0323990156409942,TWI,SSC,1,,5,,MFD,5
2019,TWI.MFD5.res1.SSC5,0.45579318313244,0.569636819717323,-0.103986192607804,0.121402176683037,TWI,SSC,1,,5,,MFD,5
2020,TWI.MFD5.res1.SSC5,0.377103001430368,0.381705206154611,0.246827253381092,0.207933669123036,TWI,SSC,1,,5,,MFD,5
2021,TWI.MFD5.res1.SSC5,0.354840259628458,0.41139715565906,0.198017958322846,0.193958885372497,TWI,SSC,1,,5,,MFD,5
2017,TWI.MFD5.res1.SSC7,0.638879290366647,0.640476112120863,0.35487849891603,0.325590598210678,TWI,SSC,1,,7,,MFD,5
2018,TWI.MFD5.res1.SSC7,0.41833657173097,0.418341646257793,0.295596193232118,0.15849596625624,TWI,SSC,1,,7,,MFD,5
2019,TWI.MFD5.res1.SSC7,0.486057602654073,0.583131718301825,-0.0463937397567072,0.151981461303496,TWI,SSC,1,,7,,MFD,5
2020,TWI.MFD5.res1.SSC7,0.466866011929072,0.469190885020586,0.388355177648959,0.352846743355901,TWI,SSC,1,,7,,MFD,5
2021,TWI.MFD5.res1.SSC7,0.447309662119927,0.481572657991387,0.341746253296082,0.314455093027835,TWI,SSC,1,,7,,MFD,5
2017,TWI.MFD5.res10.NFNW,0.752957614493855,0.753627135819373,0.614123338514669,0.563244559475832,TWI,NFNW,10,,,,MFD,5
2018,TWI.MFD5.res10.NFNW,0.650556690568527,0.650721464123537,0.563860038651752,0.475692439070572,TWI,NFNW,10,,,,MFD,5
2019,TWI.MFD5.res10.NFNW,0.602824583518168,0.681749078165851,0.407629144700537,0.444614421041086,TWI,NFNW,10,,,,MFD,5
2020,TWI.MFD5.res10.NFNW,0.505472506873805,0.510870063357054,0.429514987226334,0.393362226217627,TWI,NFNW,10,,,,MFD,5
2021,TWI.MFD5.res10.NFNW,0.413281012700315,0.473894461052588,0.317197534629215,0.333305352421427,TWI,NFNW,10,,,,MFD,5
2017,TWI.MFD5.res2.NFNW,0.64806750912063,0.648109497673788,0.393000036025875,0.37369244435373,TWI,NFNW,2,,,,MFD,5
2018,TWI.MFD5.res2.NFNW,0.305283124559243,0.305950080751652,0.092588753837974,-0.0953913299054888,TWI,NFNW,2,,,,MFD,5
2019,TWI.MFD5.res2.NFNW,0.334831733297476,0.471795805214044,0.223800286401175,0.311479662888308,TWI,NFNW,2,,,,MFD,5
2020,TWI.MFD5.res2.NFNW,0.279190330309674,0.287669024427141,-0.0359992761054342,-0.0767632045993491,TWI,NFNW,2,,,,MFD,5
2021,TWI.MFD5.res2.NFNW,0.257851455769902,0.361925415009905,0.120479898097968,0.178868444476196,TWI,NFNW,2,,,,MFD,5
2017,TWI.MFD5.res3.NFNW,0.741067466501683,0.744964068776832,0.509601955232724,0.483027768986927,TWI,NFNW,3,,,,MFD,5
2018,TWI.MFD5.res3.NFNW,0.490768530496096,0.490924891058495,0.379651807333941,0.295626431757817,TWI,NFNW,3,,,,MFD,5
2019,TWI.MFD5.res3.NFNW,0.56358601845163,0.67159210110875,0.530045641620686,0.591067597792628,TWI,NFNW,3,,,,MFD,5
2020,TWI.MFD5.res3.NFNW,0.36248302969218,0.371246588831951,0.185205810450115,0.146041922304387,TWI,NFNW,3,,,,MFD,5
2021,TWI.MFD5.res3.NFNW,0.375292876251386,0.441081331840842,0.278102811506279,0.275803280488522,TWI,NFNW,3,,,,MFD,5
2017,TWI.MFD5.res4.NFNW,0.706055970910592,0.706792664205115,0.472408440329318,0.432008178070516,TWI,NFNW,4,,,,MFD,5
2018,TWI.MFD5.res4.NFNW,0.534149979052509,0.534238067881777,0.422996724674052,0.323985884706389,TWI,NFNW,4,,,,MFD,5
2019,TWI.MFD5.res4.NFNW,0.383914801141164,0.494007919672706,0.233097525641795,0.331438550250832,TWI,NFNW,4,,,,MFD,5
2020,TWI.MFD5.res4.NFNW,0.436983068633123,0.43845282658144,0.353614184832043,0.31839306441931,TWI,NFNW,4,,,,MFD,5
2021,TWI.MFD5.res4.NFNW,0.405084331341694,0.459200803385387,0.270972670681568,0.265615333328406,TWI,NFNW,4,,,,MFD,5
2017,TWI.MFD5.res5.NFNW,0.775073076092842,0.779201363967994,0.590469257232605,0.560114637272258,TWI,NFNW,5,,,,MFD,5
2018,TWI.MFD5.res5.NFNW,0.579966389300132,0.581600666776864,0.452916255696044,0.381765146521399,TWI,NFNW,5,,,,MFD,5
2019,TWI.MFD5.res5.NFNW,0.58891626909368,0.694863421544376,0.501494442038706,0.557482486905009,TWI,NFNW,5,,,,MFD,5
2020,TWI.MFD5.res5.NFNW,0.49369837740791,0.505136865824889,0.429103124042839,0.404485038973539,TWI,NFNW,5,,,,MFD,5
2021,TWI.MFD5.res5.NFNW,0.424357096747275,0.47606055242075,0.344723370233779,0.343609110805163,TWI,NFNW,5,,,,MFD,5
2017,TWI.MFD5.res7.NFNW,0.800211907343593,0.800928308205921,0.680586688697592,0.642268435876283,TWI,NFNW,7,,,,MFD,5
2018,TWI.MFD5.res7.NFNW,0.634253617761539,0.634299719647748,0.483042748997133,0.416419849226792,TWI,NFNW,7,,,,MFD,5
2019,TWI.MFD5.res7.NFNW,0.670480607598284,0.746165503924852,0.617557802431438,0.626982908147189,TWI,NFNW,7,,,,MFD,5
2020,TWI.MFD5.res7.NFNW,0.469879604508231,0.480102482404016,0.402019393238989,0.367167594553397,TWI,NFNW,7,,,,MFD,5
2021,TWI.MFD5.res7.NFNW,0.448943150385053,0.499503047066515,0.384213048156426,0.3915362298086,TWI,NFNW,7,,,,MFD,5
2017,TWI.MMDGBFD.res1.gauss_0.5sigma,0.238996413564569,0.239064805991553,-0.144861777111426,-0.252749353739343,TWI,gauss,1,,,0.5,MMDGBFD,
2018,TWI.MMDGBFD.res1.gauss_0.5sigma,0.185252666078265,0.185334839121444,-0.267714787669274,-0.459737468801174,TWI,gauss,1,,,0.5,MMDGBFD,
2019,TWI.MMDGBFD.res1.gauss_0.5sigma,0.0125605711758816,0.294858770260506,-0.741577890833448,0.00729387785255389,TWI,gauss,1,,,0.5,MMDGBFD,
2020,TWI.MMDGBFD.res1.gauss_0.5sigma,0.190435217435611,0.210373385714312,-0.232264005593541,-0.321964407038817,TWI,gauss,1,,,0.5,MMDGBFD,
2021,TWI.MMDGBFD.res1.gauss_0.5sigma,0.0973858863978983,0.275486916562644,-0.29690042473106,-8.35808564556805e-05,TWI,gauss,1,,,0.5,MMDGBFD,
2017,TWI.MMDGBFD.res1.gauss_1.0sigma,0.570285772857906,0.572607731587591,0.330924876979525,0.313759045637418,TWI,gauss,1,,,1,MMDGBFD,
2018,TWI.MMDGBFD.res1.gauss_1.0sigma,0.267919596631912,0.267957310365801,-0.0988599093858794,-0.312633915854418,TWI,gauss,1,,,1,MMDGBFD,
2019,TWI.MMDGBFD.res1.gauss_1.0sigma,0.278582852653659,0.460684185061593,-0.079893832793302,0.20511261167286,TWI,gauss,1,,,1,MMDGBFD,
2020,TWI.MMDGBFD.res1.gauss_1.0sigma,0.271994173465561,0.284575862308935,-0.0230047423723013,-0.0469902939653237,TWI,gauss,1,,,1,MMDGBFD,
2021,TWI.MMDGBFD.res1.gauss_1.0sigma,0.262219676826625,0.348759982937836,0.113795924860268,0.145224109399626,TWI,gauss,1,,,1,MMDGBFD,
2017,TWI.MMDGBFD.res1.gauss_1.5sigma,0.597157032444563,0.60095561442971,0.330969272860385,0.313097197565579,TWI,gauss,1,,,1.5,MMDGBFD,
2018,TWI.MMDGBFD.res1.gauss_1.5sigma,0.349391896176622,0.349483471630222,0.148546179304135,-0.0535096563972378,TWI,gauss,1,,,1.5,MMDGBFD,
2019,TWI.MMDGBFD.res1.gauss_1.5sigma,0.412842176799276,0.557553797061656,0.121861140875314,0.287323643772,TWI,gauss,1,,,1.5,MMDGBFD,
2020,TWI.MMDGBFD.res1.gauss_1.5sigma,0.30752641872602,0.315699208937632,0.0727626599799084,0.0336571409269728,TWI,gauss,1,,,1.5,MMDGBFD,
2021,TWI.MMDGBFD.res1.gauss_1.5sigma,0.318892193072802,0.386731773358007,0.169199867022013,0.180758213832497,TWI,gauss,1,,,1.5,MMDGBFD,
2017,TWI.MMDGBFD.res1.gauss_2.0sigma,0.669408551668405,0.672706927593857,0.398554642539345,0.376933995786799,TWI,gauss,1,,,2,MMDGBFD,
2018,TWI.MMDGBFD.res1.gauss_2.0sigma,0.507353640358497,0.507510482474234,0.406343814469863,0.297768240721729,TWI,gauss,1,,,2,MMDGBFD,
2019,TWI.MMDGBFD.res1.gauss_2.0sigma,0.523290275184377,0.631722169576442,0.386137926272347,0.446489354748635,TWI,gauss,1,,,2,MMDGBFD,
2020,TWI.MMDGBFD.res1.gauss_2.0sigma,0.388040747889434,0.394394109023298,0.258399715607309,0.224002031451842,TWI,gauss,1,,,2,MMDGBFD,
2021,TWI.MMDGBFD.res1.gauss_2.0sigma,0.378290521442402,0.433173744659269,0.243989379037425,0.242106302242956,TWI,gauss,1,,,2,MMDGBFD,
2017,TWI.MMDGBFD.res1.gauss_2.5sigma,0.69054055660051,0.693565476504037,0.426157005877373,0.401329788645607,TWI,gauss,1,,,2.5,MMDGBFD,
2018,TWI.MMDGBFD.res1.gauss_2.5sigma,0.512203279033109,0.51247342022671,0.406882939167503,0.310428934923741,TWI,gauss,1,,,2.5,MMDGBFD,
2019,TWI.MMDGBFD.res1.gauss_2.5sigma,0.535472038317201,0.638986996859012,0.34508882040442,0.422710258020581,TWI,gauss,1,,,2.5,MMDGBFD,
2020,TWI.MMDGBFD.res1.gauss_2.5sigma,0.44723103779823,0.453348995860594,0.36870226918587,0.341162517049151,TWI,gauss,1,,,2.5,MMDGBFD,
2021,TWI.MMDGBFD.res1.gauss_2.5sigma,0.418970399673776,0.464506644339563,0.302678453377595,0.290291025833509,TWI,gauss,1,,,2.5,MMDGBFD,
2017,TWI.MMDGBFD.res1.gauss_3.5sigma,0.713091203451311,0.715937421105222,0.458505300761935,0.430414981489457,TWI,gauss,1,,,3.5,MMDGBFD,
2018,TWI.MMDGBFD.res1.gauss_3.5sigma,0.483071311350729,0.483705298478865,0.376417096023112,0.281771120205032,TWI,gauss,1,,,3.5,MMDGBFD,
2019,TWI.MMDGBFD.res1.gauss_3.5sigma,0.520779001055563,0.627353879587214,0.161589854615033,0.311446723693932,TWI,gauss,1,,,3.5,MMDGBFD,
2020,TWI.MMDGBFD.res1.gauss_3.5sigma,0.511492807180856,0.518775451562805,0.450879989006227,0.42744427626431,TWI,gauss,1,,,3.5,MMDGBFD,
2021,TWI.MMDGBFD.res1.gauss_3.5sigma,0.454880233023425,0.493980973833508,0.364834868647235,0.346184895884875,TWI,gauss,1,,,3.5,MMDGBFD,
2017,TWI.MMDGBFD.res1.gauss_5.0sigma,0.736363179955862,0.738253555253009,0.510624762833765,0.47430866636203,TWI,gauss,1,,,5,MMDGBFD,
2018,TWI.MMDGBFD.res1.gauss_5.0sigma,0.537902004276451,0.538538829577223,0.417171562217107,0.329356948557236,TWI,gauss,1,,,5,MMDGBFD,
2019,TWI.MMDGBFD.res1.gauss_5.0sigma,0.529706167840882,0.628233545104612,0.283341455848595,0.372895287248658,TWI,gauss,1,,,5,MMDGBFD,
2020,TWI.MMDGBFD.res1.gauss_5.0sigma,0.548195333357673,0.553632203027701,0.489781525736707,0.461793677458413,TWI,gauss,1,,,5,MMDGBFD,
2021,TWI.MMDGBFD.res1.gauss_5.0sigma,0.486168857783849,0.519297858116718,0.416640845432033,0.399454586308526,TWI,gauss,1,,,5,MMDGBFD,
2017,TWI.MMDGBFD.res1.NFNW,0.181630324923529,0.181749886789392,-0.352715751046665,-0.470625164527758,TWI,NFNW,1,,,,MMDGBFD,
2018,TWI.MMDGBFD.res1.NFNW,0.134874860393729,0.134988561801723,-0.470775586697122,-0.613166438161883,TWI,NFNW,1,,,,MMDGBFD,
2019,TWI.MMDGBFD.res1.NFNW,0.0927390795355685,0.286029689505775,-0.475179774139596,-0.0179849370788582,TWI,NFNW,1,,,,MMDGBFD,
2020,TWI.MMDGBFD.res1.NFNW,0.124648105717143,0.146041418349545,-0.546071101654496,-0.640614446391623,TWI,NFNW,1,,,,MMDGBFD,
2021,TWI.MMDGBFD.res1.NFNW,0.176069161332073,0.293009140071049,-0.205409529199344,-0.0312568110938903,TWI,NFNW,1,,,,MMDGBFD,
2017,TWI.MMDGBFD.res1.SSC1,0.601523679941095,0.60153419319461,0.418797617331667,0.396505119201876,TWI,SSC,1,,1,,MMDGBFD,
2018,TWI.MMDGBFD.res1.SSC1,0.292530409734069,0.293622466153625,-0.0182768508903202,-0.203674943705822,TWI,SSC,1,,1,,MMDGBFD,
2019,TWI.MMDGBFD.res1.SSC1,0.29785552463237,0.437897798584778,-0.0619294244498585,0.136452618474902,TWI,SSC,1,,1,,MMDGBFD,
2020,TWI.MMDGBFD.res1.SSC1,0.198322746122466,0.209882897077676,-0.339630123038139,-0.386985569968099,TWI,SSC,1,,1,,MMDGBFD,
2021,TWI.MMDGBFD.res1.SSC1,0.220326206301763,0.330142505564797,0.0329107918883267,0.108132882874198,TWI,SSC,1,,1,,MMDGBFD,
2017,TWI.MMDGBFD.res1.SSC10,0.738330661832845,0.740618516745935,0.522246546843354,0.484140002080804,TWI,SSC,1,,10,,MMDGBFD,
2018,TWI.MMDGBFD.res1.SSC10,0.501736099142851,0.502707504087119,0.388096008430552,0.288371736867227,TWI,SSC,1,,10,,MMDGBFD,
2019,TWI.MMDGBFD.res1.SSC10,0.521221456601818,0.626262322836325,0.244226897796375,0.352889952358429,TWI,SSC,1,,10,,MMDGBFD,
2020,TWI.MMDGBFD.res1.SSC10,0.551260734961645,0.557812883680534,0.486893725357041,0.455960289845308,TWI,SSC,1,,10,,MMDGBFD,
2021,TWI.MMDGBFD.res1.SSC10,0.48338301124152,0.519108316426433,0.41674350641051,0.406384956786852,TWI,SSC,1,,10,,MMDGBFD,
2017,TWI.MMDGBFD.res1.SSC2,0.543541705705803,0.548066717798652,0.303192693561868,0.286560542849421,TWI,SSC,1,,2,,MMDGBFD,
2018,TWI.MMDGBFD.res1.SSC2,0.256854245521153,0.257035328072868,-0.0996261826925063,-0.316785300117415,TWI,SSC,1,,2,,MMDGBFD,
2019,TWI.MMDGBFD.res1.SSC2,0.235743742237989,0.436190841987522,-0.10489315496059,0.218232584261768,TWI,SSC,1,,2,,MMDGBFD,
2020,TWI.MMDGBFD.res1.SSC2,0.272991592177863,0.284923503224888,-0.0200107340227669,-0.0480754466821013,TWI,SSC,1,,2,,MMDGBFD,
2021,TWI.MMDGBFD.res1.SSC2,0.241194282992699,0.332436447090647,0.0825794048569614,0.117885177268934,TWI,SSC,1,,2,,MMDGBFD,
2017,TWI.MMDGBFD.res1.SSC3,0.600025944256751,0.60523003711268,0.338023565252148,0.318200788702858,TWI,SSC,1,,3,,MMDGBFD,
2018,TWI.MMDGBFD.res1.SSC3,0.39033836712214,0.39073328381719,0.23934953992617,0.0532110096528994,TWI,SSC,1,,3,,MMDGBFD,
2019,TWI.MMDGBFD.res1.SSC3,0.491129638808487,0.628483208124795,0.252323777103653,0.372685629515116,TWI,SSC,1,,3,,MMDGBFD,
2020,TWI.MMDGBFD.res1.SSC3,0.314060083928082,0.32232847540777,0.077949866954486,0.0380656758580775,TWI,SSC,1,,3,,MMDGBFD,
2021,TWI.MMDGBFD.res1.SSC3,0.320206274450452,0.387239718642552,0.174173066362839,0.183184281686587,TWI,SSC,1,,3,,MMDGBFD,
2017,TWI.MMDGBFD.res1.SSC4,0.686331017526986,0.69181081329556,0.42367958874513,0.403210881214108,TWI,SSC,1,,4,,MMDGBFD,
2018,TWI.MMDGBFD.res1.SSC4,0.495424147739211,0.496030266320253,0.398626022115552,0.29188672008622,TWI,SSC,1,,4,,MMDGBFD,
2019,TWI.MMDGBFD.res1.SSC4,0.529650776946955,0.646397590398778,0.371446119892957,0.450966601672163,TWI,SSC,1,,4,,MMDGBFD,
2020,TWI.MMDGBFD.res1.SSC4,0.405194784567518,0.413419232425044,0.292209045731255,0.265134119129081,TWI,SSC,1,,4,,MMDGBFD,
2021,TWI.MMDGBFD.res1.SSC4,0.386925209283969,0.438873971548493,0.26504619502737,0.255614176745835,TWI,SSC,1,,4,,MMDGBFD,
2017,TWI.MMDGBFD.res1.SSC5,0.699275951136179,0.703275417615463,0.440117694020391,0.416044823827988,TWI,SSC,1,,5,,MMDGBFD,
2018,TWI.MMDGBFD.res1.SSC5,0.482140075562192,0.482822254808581,0.380087313013074,0.282056019931741,TWI,SSC,1,,5,,MMDGBFD,
2019,TWI.MMDGBFD.res1.SSC5,0.535168221049873,0.644148010034226,0.253885490082364,0.388288560828884,TWI,SSC,1,,5,,MMDGBFD,
2020,TWI.MMDGBFD.res1.SSC5,0.486285263722561,0.494346650268964,0.42326728877606,0.404090210889974,TWI,SSC,1,,5,,MMDGBFD,
2021,TWI.MMDGBFD.res1.SSC5,0.434371969537327,0.475273195181023,0.328066533753164,0.307096147252925,TWI,SSC,1,,5,,MMDGBFD,
2017,TWI.MMDGBFD.res1.SSC7,0.732256455157669,0.735337217992293,0.499451273140988,0.469862463156165,TWI,SSC,1,,7,,MMDGBFD,
2018,TWI.MMDGBFD.res1.SSC7,0.50166956586199,0.502799448025515,0.390568391713373,0.306938772222704,TWI,SSC,1,,7,,MMDGBFD,
2019,TWI.MMDGBFD.res1.SSC7,0.557905441599284,0.662050566684739,0.25384367048703,0.39448737279924,TWI,SSC,1,,7,,MMDGBFD,
2020,TWI.MMDGBFD.res1.SSC7,0.534441478300419,0.543396195170123,0.471799726979106,0.45145480987494,TWI,SSC,1,,7,,MMDGBFD,
2021,TWI.MMDGBFD.res1.SSC7,0.470870699444712,0.506998791100139,0.396433408094787,0.374107917733283,TWI,SSC,1,,7,,MMDGBFD,
2017,TWI.MMDGBFD.res10.NFNW,0.727101763543335,0.727280225825141,0.578200043198776,0.521200439614849,TWI,NFNW,10,,,,MMDGBFD,
2018,TWI.MMDGBFD.res10.NFNW,0.626503141588037,0.626647337724228,0.546628112946338,0.441582438476205,TWI,NFNW,10,,,,MMDGBFD,
2019,TWI.MMDGBFD.res10.NFNW,0.54140190465446,0.623226978646281,0.283798801590682,0.347889973862553,TWI,NFNW,10,,,,MMDGBFD,
2020,TWI.MMDGBFD.res10.NFNW,0.542347611933305,0.544351287757613,0.465739960718429,0.431393673635517,TWI,NFNW,10,,,,MMDGBFD,
2021,TWI.MMDGBFD.res10.NFNW,0.424847942647606,0.481612959558038,0.329983325489856,0.343196990562586,TWI,NFNW,10,,,,MMDGBFD,
2017,TWI.MMDGBFD.res2.NFNW,0.713660286664181,0.714747262423266,0.465138912717673,0.442195588579153,TWI,NFNW,2,,,,MMDGBFD,
2018,TWI.MMDGBFD.res2.NFNW,0.401313921868244,0.401474872330348,0.286225699546198,0.138516354629363,TWI,NFNW,2,,,,MMDGBFD,
2019,TWI.MMDGBFD.res2.NFNW,0.455554970194821,0.568811738093791,0.383329441728798,0.431402138082597,TWI,NFNW,2,,,,MMDGBFD,
2020,TWI.MMDGBFD.res2.NFNW,0.31531404829714,0.322529712872403,0.0558658721745102,0.00687605259912733,TWI,NFNW,2,,,,MMDGBFD,
2021,TWI.MMDGBFD.res2.NFNW,0.378850596848813,0.442289989797176,0.270048060751912,0.281120000080865,TWI,NFNW,2,,,,MMDGBFD,
2017,TWI.MMDGBFD.res3.NFNW,0.767013784965961,0.768700199709341,0.604188470094468,0.563355648712348,TWI,NFNW,3,,,,MMDGBFD,
2018,TWI.MMDGBFD.res3.NFNW,0.567601957524244,0.56771443790209,0.461885000557418,0.372055576019638,TWI,NFNW,3,,,,MMDGBFD,
2019,TWI.MMDGBFD.res3.NFNW,0.580531260686885,0.672624238236098,0.460302885405331,0.499910042533896,TWI,NFNW,3,,,,MMDGBFD,
2020,TWI.MMDGBFD.res3.NFNW,0.405125802941511,0.412069622397664,0.287862484379643,0.254503584464459,TWI,NFNW,3,,,,MMDGBFD,
2021,TWI.MMDGBFD.res3.NFNW,0.410824632470607,0.470746677479375,0.330657912830065,0.335807328716072,TWI,NFNW,3,,,,MMDGBFD,
2017,TWI.MMDGBFD.res4.NFNW,0.752610972053621,0.753023194114243,0.57674381868332,0.529445303250863,TWI,NFNW,4,,,,MMDGBFD,
2018,TWI.MMDGBFD.res4.NFNW,0.56305428660941,0.563095119194103,0.482996037630047,0.381291020936941,TWI,NFNW,4,,,,MMDGBFD,
2019,TWI.MMDGBFD.res4.NFNW,0.452938207228882,0.546794438517862,0.260775050467433,0.32987830958277,TWI,NFNW,4,,,,MMDGBFD,
2020,TWI.MMDGBFD.res4.NFNW,0.465450807454753,0.46850553709413,0.396861667892658,0.367214602193874,TWI,NFNW,4,,,,MMDGBFD,
2021,TWI.MMDGBFD.res4.NFNW,0.418594051841069,0.475811369827763,0.317134517463413,0.318970653328524,TWI,NFNW,4,,,,MMDGBFD,
2017,TWI.MMDGBFD.res5.NFNW,0.778353766978098,0.779634779260799,0.642635911972369,0.599157822265707,TWI,NFNW,5,,,,MMDGBFD,
2018,TWI.MMDGBFD.res5.NFNW,0.610371953339168,0.610850429553815,0.515094880601915,0.427987915968618,TWI,NFNW,5,,,,MMDGBFD,
2019,TWI.MMDGBFD.res5.NFNW,0.563444126493187,0.653830159472704,0.373350551484702,0.422335940525983,TWI,NFNW,5,,,,MMDGBFD,
2020,TWI.MMDGBFD.res5.NFNW,0.498599510844,0.506470503870045,0.436566814524036,0.406766714212711,TWI,NFNW,5,,,,MMDGBFD,
2021,TWI.MMDGBFD.res5.NFNW,0.407612709081517,0.468791063951611,0.323093353063222,0.334471923357685,TWI,NFNW,5,,,,MMDGBFD,
2017,TWI.MMDGBFD.res7.NFNW,0.771351535803821,0.77143998392586,0.647357578830047,0.60106217957065,TWI,NFNW,7,,,,MMDGBFD,
2018,TWI.MMDGBFD.res7.NFNW,0.6468024377719,0.646980140824962,0.540450525641025,0.453020501377318,TWI,NFNW,7,,,,MMDGBFD,
2019,TWI.MMDGBFD.res7.NFNW,0.610257709732671,0.688517679703475,0.425100067538516,0.460898573907395,TWI,NFNW,7,,,,MMDGBFD,
2020,TWI.MMDGBFD.res7.NFNW,0.523936314195446,0.529974158259713,0.466865582623175,0.42890942190883,TWI,NFNW,7,,,,MMDGBFD,
2021,TWI.MMDGBFD.res7.NFNW,0.458337550700383,0.507086955756393,0.392728232794937,0.399908859142491,TWI,NFNW,7,,,,MMDGBFD,
2017,TWI.MTFD0.5.res1.gauss_0.5sigma,0.342974880228686,0.343114521695169,-0.114306647300291,-0.188435228213367,TWI,gauss,1,,,0.5,MTFD,0.5
2018,TWI.MTFD0.5.res1.gauss_0.5sigma,0.217305351467152,0.217306006690308,-0.159879478543233,-0.408500889116483,TWI,gauss,1,,,0.5,MTFD,0.5
2019,TWI.MTFD0.5.res1.gauss_0.5sigma,0.122498330466293,0.350737406951595,-0.512349242622503,0.0487535389544394,TWI,gauss,1,,,0.5,MTFD,0.5
2020,TWI.MTFD0.5.res1.gauss_0.5sigma,0.0908309584186404,0.113474017161335,-0.604595691207549,-0.480285523735256,TWI,gauss,1,,,0.5,MTFD,0.5
2021,TWI.MTFD0.5.res1.gauss_0.5sigma,0.0874401124091376,0.282674191353138,-0.222923682389272,0.0319330546013913,TWI,gauss,1,,,0.5,MTFD,0.5
2017,TWI.MTFD0.5.res1.gauss_1.0sigma,0.46928074346867,0.472918207057748,0.188962973759012,0.164622277541439,TWI,gauss,1,,,1,MTFD,0.5
2018,TWI.MTFD0.5.res1.gauss_1.0sigma,0.159572097998162,0.161496554406438,-0.426269353369051,-0.61274269671975,TWI,gauss,1,,,1,MTFD,0.5
2019,TWI.MTFD0.5.res1.gauss_1.0sigma,0.069853617776765,0.315215985143647,-0.70440399489198,0.0559868273363882,TWI,gauss,1,,,1,MTFD,0.5
2020,TWI.MTFD0.5.res1.gauss_1.0sigma,0.267701309777646,0.279543136915961,-0.0194479354314841,-0.0460471843087694,TWI,gauss,1,,,1,MTFD,0.5
2021,TWI.MTFD0.5.res1.gauss_1.0sigma,0.165334994287175,0.313059267671691,-0.0494723868601878,0.0997689711936369,TWI,gauss,1,,,1,MTFD,0.5
2017,TWI.MTFD0.5.res1.gauss_1.5sigma,0.460531715950347,0.462281427427721,0.189656903246975,0.166045208488589,TWI,gauss,1,,,1.5,MTFD,0.5
2018,TWI.MTFD0.5.res1.gauss_1.5sigma,0.201915384973618,0.2021994210438,-0.343485564484218,-0.534640468925662,TWI,gauss,1,,,1.5,MTFD,0.5
2019,TWI.MTFD0.5.res1.gauss_1.5sigma,0.202133386354327,0.405826480705906,-0.255176411912782,0.171630005518416,TWI,gauss,1,,,1.5,MTFD,0.5
2020,TWI.MTFD0.5.res1.gauss_1.5sigma,0.288352875134584,0.29320004409206,0.0580520129548571,0.00885394992555222,TWI,gauss,1,,,1.5,MTFD,0.5
2021,TWI.MTFD0.5.res1.gauss_1.5sigma,0.161867772390914,0.299867193863852,-0.0418474911122989,0.0644671857929454,TWI,gauss,1,,,1.5,MTFD,0.5
2017,TWI.MTFD0.5.res1.gauss_2.0sigma,0.545076399140358,0.548813375728956,0.264159339906825,0.244962592926409,TWI,gauss,1,,,2,MTFD,0.5
2018,TWI.MTFD0.5.res1.gauss_2.0sigma,0.310439016854978,0.310439626510032,0.0271599299921299,-0.190603245247073,TWI,gauss,1,,,2,MTFD,0.5
2019,TWI.MTFD0.5.res1.gauss_2.0sigma,0.362292836640419,0.514003305810196,-0.0036114768169668,0.220274734239216,TWI,gauss,1,,,2,MTFD,0.5
2020,TWI.MTFD0.5.res1.gauss_2.0sigma,0.308578780966555,0.313241371678467,0.0904936925984254,0.0435416331255731,TWI,gauss,1,,,2,MTFD,0.5
2021,TWI.MTFD0.5.res1.gauss_2.0sigma,0.170314779134056,0.303381528655676,-0.0468166583731836,0.0500522185287821,TWI,gauss,1,,,2,MTFD,0.5
2017,TWI.MTFD0.5.res1.gauss_2.5sigma,0.562722984580655,0.565140561193319,0.2856836395734,0.263233971295591,TWI,gauss,1,,,2.5,MTFD,0.5
2018,TWI.MTFD0.5.res1.gauss_2.5sigma,0.316953387226053,0.317521279497667,0.0342316791929553,-0.18442798399265,TWI,gauss,1,,,2.5,MTFD,0.5
2019,TWI.MTFD0.5.res1.gauss_2.5sigma,0.385321961362166,0.508132353001227,-0.21801799866967,0.0365533046997119,TWI,gauss,1,,,2.5,MTFD,0.5
2020,TWI.MTFD0.5.res1.gauss_2.5sigma,0.313280197019577,0.315984079992363,0.102556508955172,0.0466459705932545,TWI,gauss,1,,,2.5,MTFD,0.5
2021,TWI.MTFD0.5.res1.gauss_2.5sigma,0.204020289711856,0.318798053321727,0.00501077720221481,0.0648944352274616,TWI,gauss,1,,,2.5,MTFD,0.5
2017,TWI.MTFD0.5.res1.gauss_3.5sigma,0.542091561667219,0.54274348532849,0.279698904688517,0.251362401188173,TWI,gauss,1,,,3.5,MTFD,0.5
2018,TWI.MTFD0.5.res1.gauss_3.5sigma,0.353915564519434,0.354445544037536,0.100430113766889,-0.0962080861111778,TWI,gauss,1,,,3.5,MTFD,0.5
2019,TWI.MTFD0.5.res1.gauss_3.5sigma,0.415205201570508,0.519924853037291,-0.286536872953159,-0.060930500004644,TWI,gauss,1,,,3.5,MTFD,0.5
2020,TWI.MTFD0.5.res1.gauss_3.5sigma,0.388582155980112,0.389509942425186,0.274071218455573,0.23201489332464,TWI,gauss,1,,,3.5,MTFD,0.5
2021,TWI.MTFD0.5.res1.gauss_3.5sigma,0.331793971137321,0.391929732627418,0.144623386633808,0.153438038710145,TWI,gauss,1,,,3.5,MTFD,0.5
2017,TWI.MTFD0.5.res1.gauss_5.0sigma,0.559775225387796,0.560114715072415,0.290212345672718,0.259330782157512,TWI,gauss,1,,,5,MTFD,0.5
2018,TWI.MTFD0.5.res1.gauss_5.0sigma,0.430973724028305,0.431270312400068,0.293393506874864,0.130539546984375,TWI,gauss,1,,,5,MTFD,0.5
2019,TWI.MTFD0.5.res1.gauss_5.0sigma,0.408676059350965,0.524168354624638,-0.177683100611611,0.0341074854648101,TWI,gauss,1,,,5,MTFD,0.5
2020,TWI.MTFD0.5.res1.gauss_5.0sigma,0.540248286350361,0.540771472692875,0.419141370246335,0.394220682880826,TWI,gauss,1,,,5,MTFD,0.5
2021,TWI.MTFD0.5.res1.gauss_5.0sigma,0.439393176757994,0.470698830039233,0.303058167440053,0.285258762514702,TWI,gauss,1,,,5,MTFD,0.5
2017,TWI.MTFD0.5.res1.NFNW,0.0615684911955794,0.0997968983318316,-0.738653843186455,-0.65859446253855,TWI,NFNW,1,,,,MTFD,0.5
2018,TWI.MTFD0.5.res1.NFNW,0.100274493036055,0.110202520454657,-0.636222997500767,-0.718304748673341,TWI,NFNW,1,,,,MTFD,0.5
2019,TWI.MTFD0.5.res1.NFNW,0.224484647641916,0.338979331909402,-0.130558290365761,0.0474273289389597,TWI,NFNW,1,,,,MTFD,0.5
2020,TWI.MTFD0.5.res1.NFNW,0.191138474108717,0.198487046397866,-0.131600754868941,-0.161674238169021,TWI,NFNW,1,,,,MTFD,0.5
2021,TWI.MTFD0.5.res1.NFNW,0.124339279671481,0.306412480139182,-0.124348574166882,0.0787406286462383,TWI,NFNW,1,,,,MTFD,0.5
2017,TWI.MTFD0.5.res1.SSC1,0.0529999096614887,0.114884558475691,-0.773033200280521,-0.593700075031669,TWI,SSC,1,,1,,MTFD,0.5
2018,TWI.MTFD0.5.res1.SSC1,0.0156642709896019,0.0502559249880418,-0.770911166657102,-0.723694325600691,TWI,SSC,1,,1,,MTFD,0.5
2019,TWI.MTFD0.5.res1.SSC1,0.0810934120220264,0.284625565933063,-0.464081410265199,-0.0390147452258324,TWI,SSC,1,,1,,MTFD,0.5
2020,TWI.MTFD0.5.res1.SSC1,0.0178501506038673,0.0183046381848653,-0.746071456400643,-0.673191296063442,TWI,SSC,1,,1,,MTFD,0.5
2021,TWI.MTFD0.5.res1.SSC1,0.0635296373313219,0.265649941187627,-0.398212538121292,0.00781882261422442,TWI,SSC,1,,1,,MTFD,0.5
2017,TWI.MTFD0.5.res1.SSC10,0.612992307700283,0.613301149695572,0.334655383475657,0.296399687263463,TWI,SSC,1,,10,,MTFD,0.5
2018,TWI.MTFD0.5.res1.SSC10,0.389030151095267,0.389040459704173,0.25447757169071,0.0911799810624152,TWI,SSC,1,,10,,MTFD,0.5
2019,TWI.MTFD0.5.res1.SSC10,0.393553340177053,0.50655674957008,-0.189988360928845,0.0537522876711358,TWI,SSC,1,,10,,MTFD,0.5
2020,TWI.MTFD0.5.res1.SSC10,0.564269859864072,0.564409572676631,0.480994568792513,0.455837025745564,TWI,SSC,1,,10,,MTFD,0.5
2021,TWI.MTFD0.5.res1.SSC10,0.443823870237791,0.48311108405946,0.255140702454282,0.244253321998931,TWI,SSC,1,,10,,MTFD,0.5
2017,TWI.MTFD0.5.res1.SSC2,0.385125184759584,0.388292791733483,0.109895902670022,0.0815147349122081,TWI,SSC,1,,2,,MTFD,0.5
2018,TWI.MTFD0.5.res1.SSC2,0.172684464110576,0.17275621384338,-0.343617960880106,-0.530551617444151,TWI,SSC,1,,2,,MTFD,0.5
2019,TWI.MTFD0.5.res1.SSC2,0.0220267805882802,0.295656927081752,-0.866647736493991,0.00188146635172283,TWI,SSC,1,,2,,MTFD,0.5
2020,TWI.MTFD0.5.res1.SSC2,0.256831004518445,0.270455184800638,-0.03891879789932,-0.071640726266702,TWI,SSC,1,,2,,MTFD,0.5
2021,TWI.MTFD0.5.res1.SSC2,0.0541870021313545,0.266860774615306,-0.504876984881054,-0.0049113100938353,TWI,SSC,1,,2,,MTFD,0.5
2017,TWI.MTFD0.5.res1.SSC3,0.443947565961601,0.447921105219521,0.184482571546353,0.151821483869535,TWI,SSC,1,,3,,MTFD,0.5
2018,TWI.MTFD0.5.res1.SSC3,0.196302370326055,0.19668251556458,-0.438068066801317,-0.605438574657462,TWI,SSC,1,,3,,MTFD,0.5
2019,TWI.MTFD0.5.res1.SSC3,0.229526215970165,0.420420325505494,-0.272544267935467,0.118163059738525,TWI,SSC,1,,3,,MTFD,0.5
2020,TWI.MTFD0.5.res1.SSC3,0.232908260356022,0.237504678129187,-0.22337118123172,-0.30073094305899,TWI,SSC,1,,3,,MTFD,0.5
2021,TWI.MTFD0.5.res1.SSC3,0.111679620362996,0.280018812636452,-0.180102415309057,0.0300071052650509,TWI,SSC,1,,3,,MTFD,0.5
2017,TWI.MTFD0.5.res1.SSC4,0.577755445727975,0.586700515208398,0.30538027865103,0.288550552041044,TWI,SSC,1,,4,,MTFD,0.5
2018,TWI.MTFD0.5.res1.SSC4,0.387291227004478,0.388595040183032,0.258767620685445,0.0800538656469184,TWI,SSC,1,,4,,MTFD,0.5
2019,TWI.MTFD0.5.res1.SSC4,0.406583266295755,0.571152194012509,0.228626134343774,0.364157627086272,TWI,SSC,1,,4,,MTFD,0.5
2020,TWI.MTFD0.5.res1.SSC4,0.325500976045687,0.333616797809821,0.119255769635708,0.0824056788401057,TWI,SSC,1,,4,,MTFD,0.5
2021,TWI.MTFD0.5.res1.SSC4,0.158672934722982,0.298687544377491,-0.07513053130063,0.0430327349145774,TWI,SSC,1,,4,,MTFD,0.5
2017,TWI.MTFD0.5.res1.SSC5,0.624449496787178,0.627541824671059,0.34353957825646,0.320911201552359,TWI,SSC,1,,5,,MTFD,0.5
2018,TWI.MTFD0.5.res1.SSC5,0.359167716077116,0.359314706229917,0.201350843904711,0.00932430036354818,TWI,SSC,1,,5,,MTFD,0.5
2019,TWI.MTFD0.5.res1.SSC5,0.453745077716962,0.567050159424211,0.0135627441878976,0.187479061779588,TWI,SSC,1,,5,,MTFD,0.5
2020,TWI.MTFD0.5.res1.SSC5,0.371226890176693,0.375099160326295,0.234503518543769,0.193815234885216,TWI,SSC,1,,5,,MTFD,0.5
2021,TWI.MTFD0.5.res1.SSC5,0.217135834547012,0.327027514771363,-0.000425850899818745,0.054063084724604,TWI,SSC,1,,5,,MTFD,0.5
2017,TWI.MTFD0.5.res1.SSC7,0.605214882653892,0.606588695190118,0.322429091245626,0.294003862736229,TWI,SSC,1,,7,,MTFD,0.5
2018,TWI.MTFD0.5.res1.SSC7,0.411325561005036,0.411371375960911,0.275170368628848,0.122399217999409,TWI,SSC,1,,7,,MTFD,0.5
2019,TWI.MTFD0.5.res1.SSC7,0.477631762587514,0.574118820807854,-0.0766705596501282,0.11142296291519,TWI,SSC,1,,7,,MTFD,0.5
2020,TWI.MTFD0.5.res1.SSC7,0.452119410612765,0.453830361325246,0.362470716460508,0.324807589446852,TWI,SSC,1,,7,,MTFD,0.5
2021,TWI.MTFD0.5.res1.SSC7,0.425900986040453,0.462468669373813,0.305311300322317,0.281660497297548,TWI,SSC,1,,7,,MTFD,0.5
2017,TWI.MTFD0.5.res10.NFNW,0.756462321406083,0.756781991602163,0.620230278502451,0.567172097416223,TWI,NFNW,10,,,,MTFD,0.5
2018,TWI.MTFD0.5.res10.NFNW,0.674113103563096,0.674405912445565,0.58498950992126,0.503565240566423,TWI,NFNW,10,,,,MTFD,0.5
2019,TWI.MTFD0.5.res10.NFNW,0.607175146520986,0.68748651504761,0.417112262490851,0.457857541109059,TWI,NFNW,10,,,,MTFD,0.5
2020,TWI.MTFD0.5.res10.NFNW,0.543646836323653,0.548927001975069,0.470040303420888,0.435542597147497,TWI,NFNW,10,,,,MTFD,0.5
2021,TWI.MTFD0.5.res10.NFNW,0.412250425044497,0.472332777350198,0.315709351444177,0.330780078219587,TWI,NFNW,10,,,,MTFD,0.5
2017,TWI.MTFD0.5.res2.NFNW,0.505029439275383,0.51238658803954,0.236049158233794,0.219474168319729,TWI,NFNW,2,,,,MTFD,0.5
2018,TWI.MTFD0.5.res2.NFNW,0.162771479095077,0.163609260919387,-0.336519406655493,-0.525515852504644,TWI,NFNW,2,,,,MTFD,0.5
2019,TWI.MTFD0.5.res2.NFNW,0.0637955280899233,0.317857807739527,-0.587565621645202,0.0750848990602028,TWI,NFNW,2,,,,MTFD,0.5
2020,TWI.MTFD0.5.res2.NFNW,0.296620468574219,0.30977496963508,0.0653657316078305,0.0389411791595457,TWI,NFNW,2,,,,MTFD,0.5
2021,TWI.MTFD0.5.res2.NFNW,0.191723597275894,0.309835548123005,0.0228802105149125,0.0898139849898541,TWI,NFNW,2,,,,MTFD,0.5
2017,TWI.MTFD0.5.res3.NFNW,0.694863809839139,0.701429987835916,0.440505267084867,0.418203369764809,TWI,NFNW,3,,,,MTFD,0.5
2018,TWI.MTFD0.5.res3.NFNW,0.357327247747026,0.357427137585982,0.184517225144258,-0.00375505642303485,TWI,NFNW,3,,,,MTFD,0.5
2019,TWI.MTFD0.5.res3.NFNW,0.478236875971569,0.606599169994982,0.160761318386359,0.34843673136037,TWI,NFNW,3,,,,MTFD,0.5
2020,TWI.MTFD0.5.res3.NFNW,0.33428679905005,0.343892263536876,0.13462961629948,0.0867654903196229,TWI,NFNW,3,,,,MTFD,0.5
2021,TWI.MTFD0.5.res3.NFNW,0.323871218277205,0.403634989632532,0.205517564335132,0.20406112912382,TWI,NFNW,3,,,,MTFD,0.5
2017,TWI.MTFD0.5.res4.NFNW,0.676529388742556,0.677458747299781,0.41005975539666,0.374914336017575,TWI,NFNW,4,,,,MTFD,0.5
2018,TWI.MTFD0.5.res4.NFNW,0.474404345094597,0.474561669098543,0.349926301540097,0.247467030217668,TWI,NFNW,4,,,,MTFD,0.5
2019,TWI.MTFD0.5.res4.NFNW,0.36455371788417,0.482324590633782,0.122804896712107,0.270274341695153,TWI,NFNW,4,,,,MTFD,0.5
2020,TWI.MTFD0.5.res4.NFNW,0.389769718484947,0.391436787835104,0.2694957107708,0.224923004584755,TWI,NFNW,4,,,,MTFD,0.5
2021,TWI.MTFD0.5.res4.NFNW,0.31558757987196,0.393986385471335,0.132058336256171,0.144307017785547,TWI,NFNW,4,,,,MTFD,0.5
2017,TWI.MTFD0.5.res5.NFNW,0.763392186475391,0.765983124519678,0.572280969076408,0.536812416380401,TWI,NFNW,5,,,,MTFD,0.5
2018,TWI.MTFD0.5.res5.NFNW,0.591329898882696,0.592349559330178,0.468643802791137,0.390400316809606,TWI,NFNW,5,,,,MTFD,0.5
2019,TWI.MTFD0.5.res5.NFNW,0.571774458104659,0.672823143343328,0.44638385155735,0.498114662294636,TWI,NFNW,5,,,,MTFD,0.5
2020,TWI.MTFD0.5.res5.NFNW,0.497553227723765,0.505872147175669,0.437581007734547,0.409214076260382,TWI,NFNW,5,,,,MTFD,0.5
2021,TWI.MTFD0.5.res5.NFNW,0.419377622747026,0.471115659154146,0.335192264609646,0.332445248426957,TWI,NFNW,5,,,,MTFD,0.5
2017,TWI.MTFD0.5.res7.NFNW,0.777326552516905,0.778670574939971,0.626301850673424,0.587671815783681,TWI,NFNW,7,,,,MTFD,0.5
2018,TWI.MTFD0.5.res7.NFNW,0.561544282715171,0.561879119907608,0.424099153542901,0.359556110282658,TWI,NFNW,7,,,,MTFD,0.5
2019,TWI.MTFD0.5.res7.NFNW,0.646970136503505,0.734282201342215,0.568353351321328,0.58731651308118,TWI,NFNW,7,,,,MTFD,0.5
2020,TWI.MTFD0.5.res7.NFNW,0.483445897668688,0.495556388533518,0.41736294688663,0.380769782237758,TWI,NFNW,7,,,,MTFD,0.5
2021,TWI.MTFD0.5.res7.NFNW,0.448892394146461,0.495187834822651,0.38268965924255,0.382535239996774,TWI,NFNW,7,,,,MTFD,0.5
2017,TWI.MTFD1.0.res1.gauss_0.5sigma,0.336369101078683,0.336421710859945,-0.128245711382035,-0.204599886550108,TWI,gauss,1,,,0.5,MTFD,1
2018,TWI.MTFD1.0.res1.gauss_0.5sigma,0.206295265173176,0.206313840147423,-0.188296661526106,-0.437608647349419,TWI,gauss,1,,,0.5,MTFD,1
2019,TWI.MTFD1.0.res1.gauss_0.5sigma,0.0997402795943863,0.337160552416433,-0.572431979641744,0.0389743483134678,TWI,gauss,1,,,0.5,MTFD,1
2020,TWI.MTFD1.0.res1.gauss_0.5sigma,0.0910583760894626,0.11295766603508,-0.600926978815622,-0.481788956683896,TWI,gauss,1,,,0.5,MTFD,1
2021,TWI.MTFD1.0.res1.gauss_0.5sigma,0.0822301074383967,0.280583818321181,-0.235231378479251,0.0305745215421027,TWI,gauss,1,,,0.5,MTFD,1
2017,TWI.MTFD1.0.res1.gauss_1.0sigma,0.468590054424661,0.47236113645393,0.187474275474611,0.163303202092248,TWI,gauss,1,,,1,MTFD,1
2018,TWI.MTFD1.0.res1.gauss_1.0sigma,0.160746036043506,0.162660214067079,-0.421047401212174,-0.609038103915689,TWI,gauss,1,,,1,MTFD,1
2019,TWI.MTFD1.0.res1.gauss_1.0sigma,0.0714577646760293,0.315707917527704,-0.695291951055348,0.0571484177444536,TWI,gauss,1,,,1,MTFD,1
2020,TWI.MTFD1.0.res1.gauss_1.0sigma,0.268043292438364,0.279766194693079,-0.0177272374686657,-0.0441760282458922,TWI,gauss,1,,,1,MTFD,1
2021,TWI.MTFD1.0.res1.gauss_1.0sigma,0.165651238201532,0.313362929400166,-0.0485008306591212,0.100394959288327,TWI,gauss,1,,,1,MTFD,1
2017,TWI.MTFD1.0.res1.gauss_1.5sigma,0.46008456398051,0.46182799413505,0.189386131667444,0.165739891048337,TWI,gauss,1,,,1.5,MTFD,1
2018,TWI.MTFD1.0.res1.gauss_1.5sigma,0.200999834422066,0.201292045076278,-0.345446989193733,-0.536277682930599,TWI,gauss,1,,,1.5,MTFD,1
2019,TWI.MTFD1.0.res1.gauss_1.5sigma,0.199076372836839,0.403688124432306,-0.263139627328155,0.169945064673697,TWI,gauss,1,,,1.5,MTFD,1
2020,TWI.MTFD1.0.res1.gauss_1.5sigma,0.288498254252705,0.293347601737941,0.058463941684455,0.00935492934544051,TWI,gauss,1,,,1.5,MTFD,1
2021,TWI.MTFD1.0.res1.gauss_1.5sigma,0.161744180318126,0.299791061611257,-0.0419808424420971,0.0644219520756375,TWI,gauss,1,,,1.5,MTFD,1
2017,TWI.MTFD1.0.res1.gauss_2.0sigma,0.545062420204627,0.548798501641783,0.264150493271671,0.244953176712869,TWI,gauss,1,,,2,MTFD,1
2018,TWI.MTFD1.0.res1.gauss_2.0sigma,0.310509192919067,0.310509773804947,0.0274370502654934,-0.190290030458542,TWI,gauss,1,,,2,MTFD,1
2019,TWI.MTFD1.0.res1.gauss_2.0sigma,0.362373000915114,0.514080436651427,-0.00306219547026061,0.220559241167939,TWI,gauss,1,,,2,MTFD,1
2020,TWI.MTFD1.0.res1.gauss_2.0sigma,0.308608397582955,0.313271312835402,0.090589041634817,0.0436513286269654,TWI,gauss,1,,,2,MTFD,1
2021,TWI.MTFD1.0.res1.gauss_2.0sigma,0.170304385482034,0.303374006407639,-0.0468323045871756,0.0500390055539814,TWI,gauss,1,,,2,MTFD,1
2017,TWI.MTFD1.0.res1.gauss_2.5sigma,0.562785409836519,0.565202581219307,0.285774613958619,0.263313239324879,TWI,gauss,1,,,2.5,MTFD,1
2018,TWI.MTFD1.0.res1.gauss_2.5sigma,0.317195858517343,0.317762895688741,0.0351219687275672,-0.18344041588221,TWI,gauss,1,,,2.5,MTFD,1
2019,TWI.MTFD1.0.res1.gauss_2.5sigma,0.385361971104104,0.508160186944387,-0.21688107395226,0.0371791347585474,TWI,gauss,1,,,2.5,MTFD,1
2020,TWI.MTFD1.0.res1.gauss_2.5sigma,0.313334815773608,0.316036118300846,0.102713803164174,0.0467855731307186,TWI,gauss,1,,,2.5,MTFD,1
2021,TWI.MTFD1.0.res1.gauss_2.5sigma,0.204088128688675,0.318826923956,0.00511053780094524,0.0649394996097376,TWI,gauss,1,,,2.5,MTFD,1
2017,TWI.MTFD1.0.res1.gauss_3.5sigma,0.542106815527234,0.542759192100874,0.279705401345137,0.251371667913697,TWI,gauss,1,,,3.5,MTFD,1
2018,TWI.MTFD1.0.res1.gauss_3.5sigma,0.353896042752616,0.354425649299444,0.100380230558298,-0.0962749672030654,TWI,gauss,1,,,3.5,MTFD,1
2019,TWI.MTFD1.0.res1.gauss_3.5sigma,0.415209828581534,0.519931648541706,-0.286543596953156,-0.0609229432787512,TWI,gauss,1,,,3.5,MTFD,1
2020,TWI.MTFD1.0.res1.gauss_3.5sigma,0.388586446935623,0.389514600549477,0.274077411964226,0.232021619454617,TWI,gauss,1,,,3.5,MTFD,1
2021,TWI.MTFD1.0.res1.gauss_3.5sigma,0.331751996273389,0.391893538078326,0.144579088114833,0.153389951710009,TWI,gauss,1,,,3.5,MTFD,1
2017,TWI.MTFD1.0.res1.gauss_5.0sigma,0.559773458342871,0.560112977824061,0.290211405241504,0.259329850063201,TWI,gauss,1,,,5,MTFD,1
2018,TWI.MTFD1.0.res1.gauss_5.0sigma,0.430962417215636,0.431259094282248,0.29337142812581,0.130509737840755,TWI,gauss,1,,,5,MTFD,1
2019,TWI.MTFD1.0.res1.gauss_5.0sigma,0.408676170368161,0.524168388645194,-0.177682308737923,0.034107726344731,TWI,gauss,1,,,5,MTFD,1
2020,TWI.MTFD1.0.res1.gauss_5.0sigma,0.540248626167456,0.540771825065881,0.419141972694071,0.39422124973442,TWI,gauss,1,,,5,MTFD,1
2021,TWI.MTFD1.0.res1.gauss_5.0sigma,0.439386785332237,0.470692793006186,0.303051462143741,0.285250855961447,TWI,gauss,1,,,5,MTFD,1
2017,TWI.MTFD1.0.res1.NFNW,0.0792816244792529,0.113087874944817,-0.685147488634768,-0.619024265789802,TWI,NFNW,1,,,,MTFD,1
2018,TWI.MTFD1.0.res1.NFNW,0.0776313220622842,0.0903715479632791,-0.700986224155222,-0.724942662709288,TWI,NFNW,1,,,,MTFD,1
2019,TWI.MTFD1.0.res1.NFNW,0.230361306354397,0.343272133033027,-0.119982840833449,0.0518846711822516,TWI,NFNW,1,,,,MTFD,1
2020,TWI.MTFD1.0.res1.NFNW,0.188070517961615,0.195689160556357,-0.13757417624717,-0.16472159942736,TWI,NFNW,1,,,,MTFD,1
2021,TWI.MTFD1.0.res1.NFNW,0.120697255010035,0.305532663951812,-0.135499284543116,0.0764012198797479,TWI,NFNW,1,,,,MTFD,1
2017,TWI.MTFD1.0.res1.SSC1,0.0565729517613051,0.117561986589747,-0.750329691472013,-0.569502307394051,TWI,SSC,1,,1,,MTFD,1
2018,TWI.MTFD1.0.res1.SSC1,0.0194796830653359,0.0505502472465668,-0.762157378530531,-0.718714632821618,TWI,SSC,1,,1,,MTFD,1
2019,TWI.MTFD1.0.res1.SSC1,0.08801174417537,0.284715148534195,-0.432037268462843,-0.0358969051033107,TWI,SSC,1,,1,,MTFD,1
2020,TWI.MTFD1.0.res1.SSC1,0.0337852254385822,0.034123260728308,-0.721690154441513,-0.671485619930704,TWI,SSC,1,,1,,MTFD,1
2021,TWI.MTFD1.0.res1.SSC1,0.0671262261616953,0.265827024687561,-0.386839346378489,0.00743175462188337,TWI,SSC,1,,1,,MTFD,1
2017,TWI.MTFD1.0.res1.SSC10,0.612994148221977,0.613302960017389,0.334657803928728,0.296401685366313,TWI,SSC,1,,10,,MTFD,1
2018,TWI.MTFD1.0.res1.SSC10,0.389033048009599,0.389043341817668,0.25448041147353,0.0911829767456451,TWI,SSC,1,,10,,MTFD,1
2019,TWI.MTFD1.0.res1.SSC10,0.393552225188692,0.506555847287219,-0.189991998659002,0.0537475485885216,TWI,SSC,1,,10,,MTFD,1
2020,TWI.MTFD1.0.res1.SSC10,0.564269980670497,0.564409694878397,0.480994503637358,0.455836949682786,TWI,SSC,1,,10,,MTFD,1
2021,TWI.MTFD1.0.res1.SSC10,0.443813032770988,0.483097832007451,0.255144015153935,0.244248408834916,TWI,SSC,1,,10,,MTFD,1
2017,TWI.MTFD1.0.res1.SSC2,0.382365222007264,0.385238257677847,0.107029237586163,0.0787023352526372,TWI,SSC,1,,2,,MTFD,1
2018,TWI.MTFD1.0.res1.SSC2,0.173910931645263,0.173985577499298,-0.340937832388512,-0.527834957505848,TWI,SSC,1,,2,,MTFD,1
2019,TWI.MTFD1.0.res1.SSC2,0.0167669451612536,0.296941165583502,-0.876560123161987,0.00656889414266247,TWI,SSC,1,,2,,MTFD,1
2020,TWI.MTFD1.0.res1.SSC2,0.258196567907543,0.271258134092815,-0.0328666795579649,-0.065527385061584,TWI,SSC,1,,2,,MTFD,1
2021,TWI.MTFD1.0.res1.SSC2,0.0564952723132639,0.267202919374765,-0.490022539671841,-0.00336390957821337,TWI,SSC,1,,2,,MTFD,1
2017,TWI.MTFD1.0.res1.SSC3,0.445201367975623,0.449243168674742,0.185335809617051,0.153107818643879,TWI,SSC,1,,3,,MTFD,1
2018,TWI.MTFD1.0.res1.SSC3,0.198593882272535,0.198924793034938,-0.427587271089614,-0.597716067465145,TWI,SSC,1,,3,,MTFD,1
2019,TWI.MTFD1.0.res1.SSC3,0.232815373435986,0.42347173034965,-0.257575004896655,0.125726687824933,TWI,SSC,1,,3,,MTFD,1
2020,TWI.MTFD1.0.res1.SSC3,0.233941304806196,0.238587918749567,-0.217877811452567,-0.294452183018862,TWI,SSC,1,,3,,MTFD,1
2021,TWI.MTFD1.0.res1.SSC3,0.113343727675219,0.280647050053188,-0.173242521182392,0.0317312504774085,TWI,SSC,1,,3,,MTFD,1
2017,TWI.MTFD1.0.res1.SSC4,0.577848473649441,0.586810547611016,0.305530635875903,0.288711585224376,TWI,SSC,1,,4,,MTFD,1
2018,TWI.MTFD1.0.res1.SSC4,0.386628260911042,0.387918086658101,0.257633613107112,0.078423659423128,TWI,SSC,1,,4,,MTFD,1
2019,TWI.MTFD1.0.res1.SSC4,0.40631475904355,0.57083790845864,0.227409554147143,0.363300010490599,TWI,SSC,1,,4,,MTFD,1
2020,TWI.MTFD1.0.res1.SSC4,0.325078247022915,0.333187885047884,0.118269381252551,0.0812948331271166,TWI,SSC,1,,4,,MTFD,1
2021,TWI.MTFD1.0.res1.SSC4,0.158582178303863,0.29864996709601,-0.0753712277885023,0.0429461224479851,TWI,SSC,1,,4,,MTFD,1
2017,TWI.MTFD1.0.res1.SSC5,0.624675826921414,0.627775673434183,0.343852326554891,0.321229600831218,TWI,SSC,1,,5,,MTFD,1
2018,TWI.MTFD1.0.res1.SSC5,0.360528783327919,0.36066918943914,0.204690618498048,0.0138868196052323,TWI,SSC,1,,5,,MTFD,1
2019,TWI.MTFD1.0.res1.SSC5,0.454386007751519,0.567704131059214,0.0206274645222905,0.19188435373107,TWI,SSC,1,,5,,MTFD,1
2020,TWI.MTFD1.0.res1.SSC5,0.371621455113192,0.375497299369475,0.235350782618917,0.194738338153898,TWI,SSC,1,,5,,MTFD,1
2021,TWI.MTFD1.0.res1.SSC5,0.21736245468687,0.32713658881455,-2.02148413921148e-05,0.0542559278426372,TWI,SSC,1,,5,,MTFD,1
2017,TWI.MTFD1.0.res1.SSC7,0.605230164879194,0.60660455472086,0.322440374668748,0.294017600688331,TWI,SSC,1,,7,,MTFD,1
2018,TWI.MTFD1.0.res1.SSC7,0.411343765625514,0.41138941225431,0.27520708562296,0.122446496321501,TWI,SSC,1,,7,,MTFD,1
2019,TWI.MTFD1.0.res1.SSC7,0.477658563973517,0.574148031843196,-0.0765505723629357,0.111517848783556,TWI,SSC,1,,7,,MTFD,1
2020,TWI.MTFD1.0.res1.SSC7,0.452131083872539,0.453842815466159,0.362487369185456,0.32482707003839,TWI,SSC,1,,7,,MTFD,1
2021,TWI.MTFD1.0.res1.SSC7,0.425903527561153,0.462468432054901,0.305329549326302,0.281671488226374,TWI,SSC,1,,7,,MTFD,1
2017,TWI.MTFD1.0.res10.NFNW,0.756572306644152,0.75689790884817,0.620401500441739,0.567443886011172,TWI,NFNW,10,,,,MTFD,1
2018,TWI.MTFD1.0.res10.NFNW,0.673215245060473,0.673489114966394,0.583864206757943,0.502344174548683,TWI,NFNW,10,,,,MTFD,1
2019,TWI.MTFD1.0.res10.NFNW,0.60734749046431,0.687348417654465,0.417428265242838,0.457497501568367,TWI,NFNW,10,,,,MTFD,1
2020,TWI.MTFD1.0.res10.NFNW,0.54182742617848,0.547134547074893,0.468161358473737,0.433627641820655,TWI,NFNW,10,,,,MTFD,1
2021,TWI.MTFD1.0.res10.NFNW,0.412923343509199,0.472827150724075,0.317048294878111,0.331891784775016,TWI,NFNW,10,,,,MTFD,1
2017,TWI.MTFD1.0.res2.NFNW,0.520549163027749,0.526569727411178,0.256343288692226,0.238887561367556,TWI,NFNW,2,,,,MTFD,1
2018,TWI.MTFD1.0.res2.NFNW,0.167022027932234,0.167776460252415,-0.312387568593605,-0.507861306686196,TWI,NFNW,2,,,,MTFD,1
2019,TWI.MTFD1.0.res2.NFNW,0.0678367573098242,0.319515446687716,-0.5485645837442,0.0786872995217632,TWI,NFNW,2,,,,MTFD,1
2020,TWI.MTFD1.0.res2.NFNW,0.294499961692706,0.307626434319383,0.0570857744246857,0.0308057207567131,TWI,NFNW,2,,,,MTFD,1
2021,TWI.MTFD1.0.res2.NFNW,0.19768680804304,0.314451165899715,0.0347667417961045,0.101228316290776,TWI,NFNW,2,,,,MTFD,1
2017,TWI.MTFD1.0.res3.NFNW,0.692466684148384,0.699012622075482,0.434899460242676,0.412941117404837,TWI,NFNW,3,,,,MTFD,1
2018,TWI.MTFD1.0.res3.NFNW,0.353629005051522,0.353722234152619,0.170288069685292,-0.0211205497714743,TWI,NFNW,3,,,,MTFD,1
2019,TWI.MTFD1.0.res3.NFNW,0.479951794990672,0.608817654920569,0.159357210523718,0.353039697574826,TWI,NFNW,3,,,,MTFD,1
2020,TWI.MTFD1.0.res3.NFNW,0.334319478764423,0.343983484061772,0.133826214527329,0.086310186888071,TWI,NFNW,3,,,,MTFD,1
2021,TWI.MTFD1.0.res3.NFNW,0.324460556476546,0.403927865933653,0.205966955159999,0.204122228197457,TWI,NFNW,3,,,,MTFD,1
2017,TWI.MTFD1.0.res4.NFNW,0.674366028809841,0.675441432676484,0.404427182246164,0.370639193807672,TWI,NFNW,4,,,,MTFD,1
2018,TWI.MTFD1.0.res4.NFNW,0.461833427934892,0.461938126305281,0.339740433317746,0.236240881421663,TWI,NFNW,4,,,,MTFD,1
2019,TWI.MTFD1.0.res4.NFNW,0.364218863098121,0.48434044145291,0.104856950920359,0.266537366479972,TWI,NFNW,4,,,,MTFD,1
2020,TWI.MTFD1.0.res4.NFNW,0.391642236042286,0.393476650295432,0.275276819584322,0.231767760348527,TWI,NFNW,4,,,,MTFD,1
2021,TWI.MTFD1.0.res4.NFNW,0.317975407358639,0.395035982665029,0.135162755907329,0.145177226638288,TWI,NFNW,4,,,,MTFD,1
2017,TWI.MTFD1.0.res5.NFNW,0.761461313740319,0.764525754058175,0.562428003886023,0.529191219829194,TWI,NFNW,5,,,,MTFD,1
2018,TWI.MTFD1.0.res5.NFNW,0.574175543456961,0.57542451917794,0.449470602254094,0.373594620459002,TWI,NFNW,5,,,,MTFD,1
2019,TWI.MTFD1.0.res5.NFNW,0.573829667833601,0.67815064840855,0.455452313649669,0.511322591252111,TWI,NFNW,5,,,,MTFD,1
2020,TWI.MTFD1.0.res5.NFNW,0.500233204978779,0.509421001639996,0.439061027159442,0.411985274267926,TWI,NFNW,5,,,,MTFD,1
2021,TWI.MTFD1.0.res5.NFNW,0.422908443235848,0.473030257615995,0.339888572398965,0.335387660315746,TWI,NFNW,5,,,,MTFD,1
2017,TWI.MTFD1.0.res7.NFNW,0.779474206667573,0.780883873717043,0.62927252099358,0.591124922262314,TWI,NFNW,7,,,,MTFD,1
2018,TWI.MTFD1.0.res7.NFNW,0.56566933959478,0.56599943053775,0.425434867766106,0.362116131928916,TWI,NFNW,7,,,,MTFD,1
2019,TWI.MTFD1.0.res7.NFNW,0.651260867479459,0.737976157241471,0.583716137514451,0.603050670663931,TWI,NFNW,7,,,,MTFD,1
2020,TWI.MTFD1.0.res7.NFNW,0.482156991928196,0.494343947765185,0.415847103757548,0.379308937703016,TWI,NFNW,7,,,,MTFD,1
2021,TWI.MTFD1.0.res7.NFNW,0.446811675151199,0.493632565779218,0.379570112270469,0.379692877751922,TWI,NFNW,7,,,,MTFD,1
2017,TWI.MTFD1.1.res1.gauss_0.5sigma,0.335542044835097,0.335584021678977,-0.129714576546679,-0.206304589473922,TWI,gauss,1,,,0.5,MTFD,1.1
2018,TWI.MTFD1.1.res1.gauss_0.5sigma,0.205176792166412,0.205201822680724,-0.190975193569156,-0.440305797200804,TWI,gauss,1,,,0.5,MTFD,1.1
2019,TWI.MTFD1.1.res1.gauss_0.5sigma,0.0973745296578194,0.335711710486578,-0.578308467060913,0.0377874907432809,TWI,gauss,1,,,0.5,MTFD,1.1
2020,TWI.MTFD1.1.res1.gauss_0.5sigma,0.0912616426546551,0.113029692949936,-0.599474970029166,-0.481683518442934,TWI,gauss,1,,,0.5,MTFD,1.1
2021,TWI.MTFD1.1.res1.gauss_0.5sigma,0.0810709481201775,0.28014129144563,-0.238106360243196,0.0301573800930643,TWI,gauss,1,,,0.5,MTFD,1.1
2017,TWI.MTFD1.1.res1.gauss_1.0sigma,0.468508376687212,0.472304450962936,0.187241663857673,0.16310255240051,TWI,gauss,1,,,1,MTFD,1.1
2018,TWI.MTFD1.1.res1.gauss_1.0sigma,0.160979929933977,0.162892253655664,-0.42001363191707,-0.608302363616537,TWI,gauss,1,,,1,MTFD,1.1
2019,TWI.MTFD1.1.res1.gauss_1.0sigma,0.0717736846499594,0.315803944576508,-0.693500003850222,0.0573740854992123,TWI,gauss,1,,,1,MTFD,1.1
2020,TWI.MTFD1.1.res1.gauss_1.0sigma,0.268108858133906,0.279812332124755,-0.0174190503838259,-0.0438462507197365,TWI,gauss,1,,,1,MTFD,1.1
2021,TWI.MTFD1.1.res1.gauss_1.0sigma,0.165717814024664,0.31342390702326,-0.048319049601667,0.100512527568975,TWI,gauss,1,,,1,MTFD,1.1
2017,TWI.MTFD1.1.res1.gauss_1.5sigma,0.459990151739132,0.461732370972015,0.189330376342762,0.165676905214535,TWI,gauss,1,,,1.5,MTFD,1.1
2018,TWI.MTFD1.1.res1.gauss_1.5sigma,0.200816922996136,0.201110730549469,-0.345835141190125,-0.536600926299312,TWI,gauss,1,,,1.5,MTFD,1.1
2019,TWI.MTFD1.1.res1.gauss_1.5sigma,0.198463180358219,0.403262228096171,-0.26475042575941,0.169608525561789,TWI,gauss,1,,,1.5,MTFD,1.1
2020,TWI.MTFD1.1.res1.gauss_1.5sigma,0.28852561108539,0.293375552371315,0.0585435071130307,0.00945261155424671,TWI,gauss,1,,,1.5,MTFD,1.1
2021,TWI.MTFD1.1.res1.gauss_1.5sigma,0.161709572020718,0.299770825545032,-0.0420268024408825,0.0644051093663603,TWI,gauss,1,,,1.5,MTFD,1.1
2017,TWI.MTFD1.1.res1.gauss_2.0sigma,0.545059889398004,0.548795820255902,0.264148490097197,0.244951198490505,TWI,gauss,1,,,2,MTFD,1.1
2018,TWI.MTFD1.1.res1.gauss_2.0sigma,0.310521904715703,0.310522479955393,0.027488569446584,-0.190231885219732,TWI,gauss,1,,,2,MTFD,1.1
2019,TWI.MTFD1.1.res1.gauss_2.0sigma,0.362389532487515,0.514096391620883,-0.00295402803000558,0.22061589938012,TWI,gauss,1,,,2,MTFD,1.1
2020,TWI.MTFD1.1.res1.gauss_2.0sigma,0.308614197174816,0.313277210788134,0.0906076316122091,0.043673062587083,TWI,gauss,1,,,2,MTFD,1.1
2021,TWI.MTFD1.1.res1.gauss_2.0sigma,0.170302449549224,0.303372628359181,-0.0468349906424578,0.0500365467596217,TWI,gauss,1,,,2,MTFD,1.1
2017,TWI.MTFD1.1.res1.gauss_2.5sigma,0.562792484110858,0.565209707764828,0.285782805944495,0.263320925078878,TWI,gauss,1,,,2.5,MTFD,1.1
2018,TWI.MTFD1.1.res1.gauss_2.5sigma,0.317216888818694,0.317783848823191,0.035198617744126,-0.183355395509508,TWI,gauss,1,,,2.5,MTFD,1.1
2019,TWI.MTFD1.1.res1.gauss_2.5sigma,0.385368646329208,0.508165366718852,-0.2167733474451,0.0372392610258363,TWI,gauss,1,,,2.5,MTFD,1.1
2020,TWI.MTFD1.1.res1.gauss_2.5sigma,0.313337511336414,0.316038624806553,0.102720974490417,0.0467907797792212,TWI,gauss,1,,,2.5,MTFD,1.1
2021,TWI.MTFD1.1.res1.gauss_2.5sigma,0.204093846850728,0.318828794910237,0.00511839725549845,0.0649416188342971,TWI,gauss,1,,,2.5,MTFD,1.1
2017,TWI.MTFD1.1.res1.gauss_3.5sigma,0.542108222628926,0.54276066431196,0.279705752252481,0.251372515302487,TWI,gauss,1,,,3.5,MTFD,1.1
2018,TWI.MTFD1.1.res1.gauss_3.5sigma,0.353892165997309,0.354421714795308,0.100369244710494,-0.0962889896168079,TWI,gauss,1,,,3.5,MTFD,1.1
2019,TWI.MTFD1.1.res1.gauss_3.5sigma,0.415211047212734,0.519933017770913,-0.286543996060423,-0.0609217605268365,TWI,gauss,1,,,3.5,MTFD,1.1
2020,TWI.MTFD1.1.res1.gauss_3.5sigma,0.388586883472429,0.389515072152308,0.274078013829078,0.232022353565531,TWI,gauss,1,,,3.5,MTFD,1.1
2021,TWI.MTFD1.1.res1.gauss_3.5sigma,0.331743556544065,0.391886337500053,0.144569623022046,0.153380093480869,TWI,gauss,1,,,3.5,MTFD,1.1
2017,TWI.MTFD1.1.res1.gauss_5.0sigma,0.559773042168176,0.560112568196553,0.290211149890373,0.259329594318264,TWI,gauss,1,,,5,MTFD,1.1
2018,TWI.MTFD1.1.res1.gauss_5.0sigma,0.43096018772341,0.431256881522079,0.293367076504509,0.130503856743666,TWI,gauss,1,,,5,MTFD,1.1
2019,TWI.MTFD1.1.res1.gauss_5.0sigma,0.408676262157786,0.524168431598012,-0.177682140976025,0.034107721414719,TWI,gauss,1,,,5,MTFD,1.1
2020,TWI.MTFD1.1.res1.gauss_5.0sigma,0.540248752044116,0.540771952551322,0.419142105882957,0.394221385664628,TWI,gauss,1,,,5,MTFD,1.1
2021,TWI.MTFD1.1.res1.gauss_5.0sigma,0.439385530073272,0.470691611974642,0.303050077165615,0.28524925825792,TWI,gauss,1,,,5,MTFD,1.1
2017,TWI.MTFD1.1.res1.NFNW,0.082353132120045,0.115549618231825,-0.674246112880642,-0.610910166057618,TWI,NFNW,1,,,,MTFD,1.1
2018,TWI.MTFD1.1.res1.NFNW,0.0736277641558042,0.0870231557969742,-0.710079311428618,-0.724406531869964,TWI,NFNW,1,,,,MTFD,1.1
2019,TWI.MTFD1.1.res1.NFNW,0.231095264145007,0.343893365329429,-0.118716557490965,0.0526024106935938,TWI,NFNW,1,,,,MTFD,1.1
2020,TWI.MTFD1.1.res1.NFNW,0.186907415138765,0.194544693158981,-0.13952744438412,-0.166137838524891,TWI,NFNW,1,,,,MTFD,1.1
2021,TWI.MTFD1.1.res1.NFNW,0.118873539222579,0.304782483796246,-0.139707271726378,0.0751355985912423,TWI,NFNW,1,,,,MTFD,1.1
2017,TWI.MTFD1.1.res1.SSC1,0.0564493398672398,0.117396821658216,-0.748051716281296,-0.567117676474522,TWI,SSC,1,,1,,MTFD,1.1
2018,TWI.MTFD1.1.res1.SSC1,0.0205780888166405,0.0506962940082766,-0.759239205973366,-0.717273858440685,TWI,SSC,1,,1,,MTFD,1.1
2019,TWI.MTFD1.1.res1.SSC1,0.089118943369397,0.284758989328649,-0.426529120730727,-0.0353445607269219,TWI,SSC,1,,1,,MTFD,1.1
2020,TWI.MTFD1.1.res1.SSC1,0.0372272743758047,0.0375503456411917,-0.714089635337151,-0.668939352498916,TWI,SSC,1,,1,,MTFD,1.1
2021,TWI.MTFD1.1.res1.SSC1,0.068134298470145,0.265893604503905,-0.38321534821969,0.00735960566326734,TWI,SSC,1,,1,,MTFD,1.1
2017,TWI.MTFD1.1.res1.SSC10,0.612994513285082,0.613303319215085,0.334658283088131,0.296402071887981,TWI,SSC,1,,10,,MTFD,1.1
2018,TWI.MTFD1.1.res1.SSC10,0.389033535100029,0.389043825700964,0.254480869005668,0.0911834658814188,TWI,SSC,1,,10,,MTFD,1.1
2019,TWI.MTFD1.1.res1.SSC10,0.393551978413511,0.50655562942631,-0.189992887698543,0.0537465097052357,TWI,SSC,1,,10,,MTFD,1.1
2020,TWI.MTFD1.1.res1.SSC10,0.564269937700748,0.56440965183375,0.480994462827899,0.455836895577482,TWI,SSC,1,,10,,MTFD,1.1
2021,TWI.MTFD1.1.res1.SSC10,0.443811592788175,0.483096030894235,0.255144685259877,0.244247884908631,TWI,SSC,1,,10,,MTFD,1.1
2017,TWI.MTFD1.1.res1.SSC2,0.381945514181644,0.384778688947808,0.106587837762512,0.0782837061067918,TWI,SSC,1,,2,,MTFD,1.1
2018,TWI.MTFD1.1.res1.SSC2,0.174102345371733,0.174177938285809,-0.340541741410076,-0.527408803113115,TWI,SSC,1,,2,,MTFD,1.1
2019,TWI.MTFD1.1.res1.SSC2,0.0158463721143991,0.297167483821815,-0.878195825026637,0.00736957831257106,TWI,SSC,1,,2,,MTFD,1.1
2020,TWI.MTFD1.1.res1.SSC2,0.258393401928501,0.27136733568125,-0.0319916022288156,-0.0646551523325034,TWI,SSC,1,,2,,MTFD,1.1
2021,TWI.MTFD1.1.res1.SSC2,0.056833860437999,0.267255190073621,-0.487723738525886,-0.00313969416681385,TWI,SSC,1,,2,,MTFD,1.1
2017,TWI.MTFD1.1.res1.SSC3,0.445263290751002,0.449306129634273,0.185353761796252,0.153153022644183,TWI,SSC,1,,3,,MTFD,1.1
2018,TWI.MTFD1.1.res1.SSC3,0.199085413404385,0.199407082601999,-0.425191994896824,-0.595939493461032,TWI,SSC,1,,3,,MTFD,1.1
2019,TWI.MTFD1.1.res1.SSC3,0.233338244545118,0.423960905689021,-0.255253317952202,0.126902157826554,TWI,SSC,1,,3,,MTFD,1.1
2020,TWI.MTFD1.1.res1.SSC3,0.234173811359983,0.238829481016829,-0.216653831074702,-0.29306141871228,TWI,SSC,1,,3,,MTFD,1.1
2021,TWI.MTFD1.1.res1.SSC3,0.113675804101975,0.280773126462479,-0.17189612711763,0.0320725555697066,TWI,SSC,1,,3,,MTFD,1.1
2017,TWI.MTFD1.1.res1.SSC4,0.577864307889603,0.586829465527567,0.305555817671371,0.288738914923908,TWI,SSC,1,,4,,MTFD,1.1
2018,TWI.MTFD1.1.res1.SSC4,0.386507162081529,0.38779441229231,0.257425333926137,0.0781242997926716,TWI,SSC,1,,4,,MTFD,1.1
2019,TWI.MTFD1.1.res1.SSC4,0.406268156021722,0.570782283317147,0.227183802334462,0.363140217140512,TWI,SSC,1,,4,,MTFD,1.1
2020,TWI.MTFD1.1.res1.SSC4,0.324999662492034,0.333108242143975,0.118085089343225,0.0810880030693714,TWI,SSC,1,,4,,MTFD,1.1
2021,TWI.MTFD1.1.res1.SSC4,0.158563411435492,0.298642149969111,-0.0754203993641494,0.0429284269221059,TWI,SSC,1,,4,,MTFD,1.1
2017,TWI.MTFD1.1.res1.SSC5,0.624714925971605,0.62781614195108,0.343905914021699,0.321284464582669,TWI,SSC,1,,5,,MTFD,1.1
2018,TWI.MTFD1.1.res1.SSC5,0.360770060647548,0.360909297061718,0.205279010946526,0.0146920902899633,TWI,SSC,1,,5,,MTFD,1.1
2019,TWI.MTFD1.1.res1.SSC5,0.454504194415365,0.567824729978806,0.0218959117415582,0.192678621469454,TWI,SSC,1,,5,,MTFD,1.1
2020,TWI.MTFD1.1.res1.SSC5,0.37169315895036,0.375569812007827,0.235503728239112,0.194905574881477,TWI,SSC,1,,5,,MTFD,1.1
2021,TWI.MTFD1.1.res1.SSC5,0.217400573749104,0.327154905979398,4.78787745196639e-05,0.0542882723820123,TWI,SSC,1,,5,,MTFD,1.1
2017,TWI.MTFD1.1.res1.SSC7,0.605233686035387,0.60660818833428,0.322442951104604,0.294020644141008,TWI,SSC,1,,7,,MTFD,1.1
2018,TWI.MTFD1.1.res1.SSC7,0.411347094165743,0.411392710017093,0.275214267490302,0.122455963382591,TWI,SSC,1,,7,,MTFD,1.1
2019,TWI.MTFD1.1.res1.SSC7,0.477663539808162,0.574153429801438,-0.0765264931267726,0.111537037674651,TWI,SSC,1,,7,,MTFD,1.1
2020,TWI.MTFD1.1.res1.SSC7,0.452133489756411,0.453845367245348,0.362490926646261,0.324831177878824,TWI,SSC,1,,7,,MTFD,1.1
2021,TWI.MTFD1.1.res1.SSC7,0.425903472990032,0.46246798103013,0.305331752155751,0.281672420147448,TWI,SSC,1,,7,,MTFD,1.1
2017,TWI.MTFD1.1.res10.NFNW,0.75658678008833,0.756913526234759,0.620424588560202,0.567486240578171,TWI,NFNW,10,,,,MTFD,1.1
2018,TWI.MTFD1.1.res10.NFNW,0.673037381395481,0.67330759979332,0.583645021335015,0.502104099827683,TWI,NFNW,10,,,,MTFD,1.1
2019,TWI.MTFD1.1.res10.NFNW,0.607379310721624,0.687319326115934,0.417488552003898,0.457426819226322,TWI,NFNW,10,,,,MTFD,1.1
2020,TWI.MTFD1.1.res10.NFNW,0.541473182232694,0.546784778607298,0.467796472758901,0.43325740469931,TWI,NFNW,10,,,,MTFD,1.1
2021,TWI.MTFD1.1.res10.NFNW,0.412999907249879,0.472890977756239,0.317195324023049,0.332028276173007,TWI,NFNW,10,,,,MTFD,1.1
2017,TWI.MTFD1.1.res2.NFNW,0.523688408819219,0.529400465899814,0.260606230675434,0.242937783873972,TWI,NFNW,2,,,,MTFD,1.1
2018,TWI.MTFD1.1.res2.NFNW,0.167822400771216,0.1685619649739,-0.307934402483296,-0.504527438053814,TWI,NFNW,2,,,,MTFD,1.1
2019,TWI.MTFD1.1.res2.NFNW,0.0685967462909997,0.319831746071154,-0.541432440953903,0.0793739677824931,TWI,NFNW,2,,,,MTFD,1.1
2020,TWI.MTFD1.1.res2.NFNW,0.294049196022328,0.307163128258266,0.0553777409387011,0.0291380875449176,TWI,NFNW,2,,,,MTFD,1.1
2021,TWI.MTFD1.1.res2.NFNW,0.198908788289936,0.315449399758235,0.0373043016336409,0.103733648231334,TWI,NFNW,2,,,,MTFD,1.1
2017,TWI.MTFD1.1.res3.NFNW,0.69201766585529,0.698557368359726,0.433862724481738,0.41196076090098,TWI,NFNW,3,,,,MTFD,1.1
2018,TWI.MTFD1.1.res3.NFNW,0.352979253509187,0.35307115860961,0.167611150705086,-0.0243542732380718,TWI,NFNW,3,,,,MTFD,1.1
2019,TWI.MTFD1.1.res3.NFNW,0.480305438900581,0.609254771130415,0.159433942228961,0.354090974216289,TWI,NFNW,3,,,,MTFD,1.1
2020,TWI.MTFD1.1.res3.NFNW,0.334350588229721,0.344025081255904,0.133753484968462,0.0863089790204355,TWI,NFNW,3,,,,MTFD,1.1
2021,TWI.MTFD1.1.res3.NFNW,0.324575750181783,0.403988875020606,0.206065193205065,0.204151012732175,TWI,NFNW,3,,,,MTFD,1.1
2017,TWI.MTFD1.1.res4.NFNW,0.674239546431255,0.675334192781761,0.40392275861593,0.370303684765109,TWI,NFNW,4,,,,MTFD,1.1
2018,TWI.MTFD1.1.res4.NFNW,0.460850024906461,0.460947429540374,0.33898791191636,0.235483987904111,TWI,NFNW,4,,,,MTFD,1.1
2019,TWI.MTFD1.1.res4.NFNW,0.364462291429868,0.484838289632731,0.104242880048128,0.267136792749367,TWI,NFNW,4,,,,MTFD,1.1
2020,TWI.MTFD1.1.res4.NFNW,0.39218463937052,0.394041209558093,0.276599237913226,0.233306908088407,TWI,NFNW,4,,,,MTFD,1.1
2021,TWI.MTFD1.1.res4.NFNW,0.318227598438353,0.395147953673019,0.135542545862113,0.145329955380764,TWI,NFNW,4,,,,MTFD,1.1
2017,TWI.MTFD1.1.res5.NFNW,0.760991703865106,0.764139329388354,0.560608768661826,0.527744379146953,TWI,NFNW,5,,,,MTFD,1.1
2018,TWI.MTFD1.1.res5.NFNW,0.571060965103078,0.572348269208611,0.446283337266242,0.370756913860463,TWI,NFNW,5,,,,MTFD,1.1
2019,TWI.MTFD1.1.res5.NFNW,0.574073782354095,0.678979793880032,0.456675511344981,0.513402024540813,TWI,NFNW,5,,,,MTFD,1.1
2020,TWI.MTFD1.1.res5.NFNW,0.500597209815216,0.509935665616025,0.43915335511859,0.412299235331465,TWI,NFNW,5,,,,MTFD,1.1
2021,TWI.MTFD1.1.res5.NFNW,0.423468169407833,0.473323174765207,0.340614574846224,0.335825195940779,TWI,NFNW,5,,,,MTFD,1.1
2017,TWI.MTFD1.1.res7.NFNW,0.779824712860417,0.781245744884438,0.629761587616327,0.591696795345303,TWI,NFNW,7,,,,MTFD,1.1
2018,TWI.MTFD1.1.res7.NFNW,0.566439077811331,0.566767769719724,0.425712597917225,0.362598155343423,TWI,NFNW,7,,,,MTFD,1.1
2019,TWI.MTFD1.1.res7.NFNW,0.652049221463616,0.738653924935171,0.586398265237162,0.605851307847228,TWI,NFNW,7,,,,MTFD,1.1
2020,TWI.MTFD1.1.res7.NFNW,0.481879808869618,0.494079161794238,0.415526400273054,0.379005113316051,TWI,NFNW,7,,,,MTFD,1.1
2021,TWI.MTFD1.1.res7.NFNW,0.446437546368253,0.493353470037825,0.379006992911434,0.379179486668243,TWI,NFNW,7,,,,MTFD,1.1
2017,TWI.MTFD10.res1.gauss_0.5sigma,0.329039318384835,0.329133725034823,-0.137402467814938,-0.209976422248566,TWI,gauss,1,,,0.5,MTFD,10
2018,TWI.MTFD10.res1.gauss_0.5sigma,0.202430577798836,0.202626997311755,-0.185227028636038,-0.430960066107074,TWI,gauss,1,,,0.5,MTFD,10
2019,TWI.MTFD10.res1.gauss_0.5sigma,0.0840845117014855,0.322900619619267,-0.576983244759591,0.0220160899356518,TWI,gauss,1,,,0.5,MTFD,10
2020,TWI.MTFD10.res1.gauss_0.5sigma,0.129929232105811,0.152142573779277,-0.359051105493362,-0.364528390599337,TWI,gauss,1,,,0.5,MTFD,10
2021,TWI.MTFD10.res1.gauss_0.5sigma,0.0149250504745163,0.265598691124663,-0.471584009100626,0.0106529814731554,TWI,gauss,1,,,0.5,MTFD,10
2017,TWI.MTFD10.res1.gauss_1.0sigma,0.47258424270704,0.477259957170915,0.183331457507907,0.160213473258199,TWI,gauss,1,,,1,MTFD,10
2018,TWI.MTFD10.res1.gauss_1.0sigma,0.171773524209984,0.173708685580519,-0.372296952439402,-0.572583440682899,TWI,gauss,1,,,1,MTFD,10
2019,TWI.MTFD10.res1.gauss_1.0sigma,0.0867755778339935,0.320084146348464,-0.606123079087115,0.0675134764613239,TWI,gauss,1,,,1,MTFD,10
2020,TWI.MTFD10.res1.gauss_1.0sigma,0.269079013270729,0.28072966941394,-0.0156772465600287,-0.0424009898098723,TWI,gauss,1,,,1,MTFD,10
2021,TWI.MTFD10.res1.gauss_1.0sigma,0.167899714046348,0.315646693342568,-0.0465749907398925,0.103120151378768,TWI,gauss,1,,,1,MTFD,10
2017,TWI.MTFD10.res1.gauss_1.5sigma,0.453649292775211,0.455331097269015,0.186109443500227,0.161817083901525,TWI,gauss,1,,,1.5,MTFD,10
2018,TWI.MTFD10.res1.gauss_1.5sigma,0.185885532355267,0.186353480144768,-0.382548692557064,-0.566223915248109,TWI,gauss,1,,,1.5,MTFD,10
2019,TWI.MTFD10.res1.gauss_1.5sigma,0.154316547378509,0.373534007422061,-0.40296710151767,0.142498344962846,TWI,gauss,1,,,1.5,MTFD,10
2020,TWI.MTFD10.res1.gauss_1.5sigma,0.289456800154961,0.294329965243553,0.0615381011504618,0.0130828508338056,TWI,gauss,1,,,1.5,MTFD,10
2021,TWI.MTFD10.res1.gauss_1.5sigma,0.158460530430766,0.297984090836078,-0.0469761168207036,0.0626517715671329,TWI,gauss,1,,,1.5,MTFD,10
2017,TWI.MTFD10.res1.gauss_2.0sigma,0.545316975005316,0.549066910951083,0.264290235654941,0.245142390220129,TWI,gauss,1,,,2,MTFD,10
2018,TWI.MTFD10.res1.gauss_2.0sigma,0.311968531865431,0.311968572302529,0.0334704978538296,-0.183558451495116,TWI,gauss,1,,,2,MTFD,10
2019,TWI.MTFD10.res1.gauss_2.0sigma,0.364209928724451,0.515916914504836,0.00975392549904955,0.227411603895824,TWI,gauss,1,,,2,MTFD,10
2020,TWI.MTFD10.res1.gauss_2.0sigma,0.309352445053661,0.314049041714746,0.0927851283407808,0.046224813268013,TWI,gauss,1,,,2,MTFD,10
2021,TWI.MTFD10.res1.gauss_2.0sigma,0.170321083511278,0.303363337107744,-0.0467639766721743,0.0499916307726226,TWI,gauss,1,,,2,MTFD,10
2017,TWI.MTFD10.res1.gauss_2.5sigma,0.563060707489079,0.565491169727332,0.285866417032876,0.263475844465634,TWI,gauss,1,,,2.5,MTFD,10
2018,TWI.MTFD10.res1.gauss_2.5sigma,0.317348974318449,0.317914241488332,0.0356740156709355,-0.182857403199757,TWI,gauss,1,,,2.5,MTFD,10
2019,TWI.MTFD10.res1.gauss_2.5sigma,0.385895074562222,0.508620099507356,-0.21456759790789,0.0386129544692652,TWI,gauss,1,,,2.5,MTFD,10
2020,TWI.MTFD10.res1.gauss_2.5sigma,0.313061569895273,0.315766118515777,0.101841595852024,0.0458371296019386,TWI,gauss,1,,,2.5,MTFD,10
2021,TWI.MTFD10.res1.gauss_2.5sigma,0.203996338475648,0.318725951116056,0.00488628640892103,0.0646784013391485,TWI,gauss,1,,,2.5,MTFD,10
2017,TWI.MTFD10.res1.gauss_3.5sigma,0.542116196497352,0.542771975339087,0.279671936843645,0.251374442759976,TWI,gauss,1,,,3.5,MTFD,10
2018,TWI.MTFD10.res1.gauss_3.5sigma,0.353558986327232,0.354085618576123,0.0993325951428487,-0.0975560476008037,TWI,gauss,1,,,3.5,MTFD,10
2019,TWI.MTFD10.res1.gauss_3.5sigma,0.415376651276064,0.520072397025039,-0.286461210034499,-0.0608418066218515,TWI,gauss,1,,,3.5,MTFD,10
2020,TWI.MTFD10.res1.gauss_3.5sigma,0.388598119287391,0.389525689504065,0.274089186992958,0.232045506784671,TWI,gauss,1,,,3.5,MTFD,10
2021,TWI.MTFD10.res1.gauss_3.5sigma,0.331367191536069,0.391564580446743,0.14411467981242,0.152917037750163,TWI,gauss,1,,,3.5,MTFD,10
2017,TWI.MTFD10.res1.gauss_5.0sigma,0.559738931639814,0.560078963744043,0.290190771426187,0.259309958749892,TWI,gauss,1,,,5,MTFD,10
2018,TWI.MTFD10.res1.gauss_5.0sigma,0.430758734160421,0.431056915442627,0.292976093833925,0.129976843087292,TWI,gauss,1,,,5,MTFD,10
2019,TWI.MTFD10.res1.gauss_5.0sigma,0.408680023899082,0.524169454009876,-0.177668388229937,0.0341125768337079,TWI,gauss,1,,,5,MTFD,10
2020,TWI.MTFD10.res1.gauss_5.0sigma,0.540251208140156,0.540774534912716,0.419146744421488,0.394225600926862,TWI,gauss,1,,,5,MTFD,10
2021,TWI.MTFD10.res1.gauss_5.0sigma,0.439287572214704,0.470600636875878,0.302936184853412,0.285122413033989,TWI,gauss,1,,,5,MTFD,10
2017,TWI.MTFD10.res1.NFNW,0.0938804327646467,0.123317862545281,-0.640643662028852,-0.578115542447104,TWI,NFNW,1,,,,MTFD,10
2018,TWI.MTFD10.res1.NFNW,0.00963962662981566,0.0508218379155029,-0.779759276995824,-0.699505412055458,TWI,NFNW,1,,,,MTFD,10
2019,TWI.MTFD10.res1.NFNW,0.244977285202198,0.356948655265141,-0.0887659140625704,0.0702371593592945,TWI,NFNW,1,,,,MTFD,10
2020,TWI.MTFD10.res1.NFNW,0.16482006414245,0.16979983024141,-0.188288258126183,-0.209097662612425,TWI,NFNW,1,,,,MTFD,10
2021,TWI.MTFD10.res1.NFNW,0.0591589404933817,0.279721934110737,-0.29166590011451,0.0346984579994235,TWI,NFNW,1,,,,MTFD,10
2017,TWI.MTFD10.res1.SSC1,0.0132085537860392,0.0852882894384914,-0.803728053983304,-0.630704716209014,TWI,SSC,1,,1,,MTFD,10
2018,TWI.MTFD10.res1.SSC1,0.056931586100762,0.0672745748040482,-0.646847727200178,-0.67047243286959,TWI,SSC,1,,1,,MTFD,10
2019,TWI.MTFD10.res1.SSC1,0.0944423932521253,0.285040678505081,-0.40910934509094,-0.033751274330739,TWI,SSC,1,,1,,MTFD,10
2020,TWI.MTFD10.res1.SSC1,0.160853303903662,0.161042341147847,-0.23209097573156,-0.304010248544861,TWI,SSC,1,,1,,MTFD,10
2021,TWI.MTFD10.res1.SSC1,0.105737186172811,0.270684004242396,-0.239435220765017,0.0147445911495562,TWI,SSC,1,,1,,MTFD,10
2017,TWI.MTFD10.res1.SSC10,0.613031018705201,0.613339258660144,0.334701251946993,0.296437908776352,TWI,SSC,1,,10,,MTFD,10
2018,TWI.MTFD10.res1.SSC10,0.389071370248473,0.389081353742625,0.254520953266482,0.091233247059296,TWI,SSC,1,,10,,MTFD,10
2019,TWI.MTFD10.res1.SSC10,0.393529866585047,0.506534658061533,-0.19007115801204,0.0536668680081206,TWI,SSC,1,,10,,MTFD,10
2020,TWI.MTFD10.res1.SSC10,0.564258635485839,0.564398284234159,0.480982085114146,0.455823567242882,TWI,SSC,1,,10,,MTFD,10
2021,TWI.MTFD10.res1.SSC10,0.443823404710843,0.48310365551967,0.25518939439116,0.244283790930351,TWI,SSC,1,,10,,MTFD,10
2017,TWI.MTFD10.res1.SSC2,0.376246824117144,0.379170320351194,0.0982514148074226,0.0717085424068827,TWI,SSC,1,,2,,MTFD,10
2018,TWI.MTFD10.res1.SSC2,0.171829431781222,0.172064128844123,-0.351937958425806,-0.531789998169831,TWI,SSC,1,,2,,MTFD,10
2019,TWI.MTFD10.res1.SSC2,0.00367708524667899,0.298637267821322,-0.897067151534224,0.0154979385799128,TWI,SSC,1,,2,,MTFD,10
2020,TWI.MTFD10.res1.SSC2,0.261855039980143,0.273659660991156,-0.0198319009333595,-0.052482550181853,TWI,SSC,1,,2,,MTFD,10
2021,TWI.MTFD10.res1.SSC2,0.0610894135511408,0.267782639493099,-0.448284220934646,-0.00124909610379786,TWI,SSC,1,,2,,MTFD,10
2017,TWI.MTFD10.res1.SSC3,0.450191637054926,0.454402368697483,0.187458449765865,0.156737297279271,TWI,SSC,1,,3,,MTFD,10
2018,TWI.MTFD10.res1.SSC3,0.222596938773547,0.22263164022974,-0.303273211416945,-0.501391210983254,TWI,SSC,1,,3,,MTFD,10
2019,TWI.MTFD10.res1.SSC3,0.261224071517975,0.450115384874387,-0.122465888608585,0.188229430000003,TWI,SSC,1,,3,,MTFD,10
2020,TWI.MTFD10.res1.SSC3,0.247354908931821,0.252586050310891,-0.148314576943851,-0.214696744493174,TWI,SSC,1,,3,,MTFD,10
2021,TWI.MTFD10.res1.SSC3,0.126444885046127,0.285810317849683,-0.126436961557584,0.0438158747399501,TWI,SSC,1,,3,,MTFD,10
2017,TWI.MTFD10.res1.SSC4,0.578462613339959,0.587578790789668,0.305884926709301,0.289303997211748,TWI,SSC,1,,4,,MTFD,10
2018,TWI.MTFD10.res1.SSC4,0.384716438275073,0.385968181241994,0.254387080899983,0.0736183110413747,TWI,SSC,1,,4,,MTFD,10
2019,TWI.MTFD10.res1.SSC4,0.406946890540127,0.571219503631747,0.227494721466009,0.36296489218195,TWI,SSC,1,,4,,MTFD,10
2020,TWI.MTFD10.res1.SSC4,0.323159193337593,0.331358118305869,0.113571560442251,0.0764016811612894,TWI,SSC,1,,4,,MTFD,10
2021,TWI.MTFD10.res1.SSC4,0.157476312557382,0.298173558145534,-0.0782724058983134,0.0418480188980667,TWI,SSC,1,,4,,MTFD,10
2017,TWI.MTFD10.res1.SSC5,0.62555724051738,0.628716362032491,0.344615572515766,0.322164925367355,TWI,SSC,1,,5,,MTFD,10
2018,TWI.MTFD10.res1.SSC5,0.366244644038248,0.36635234659741,0.219147890494743,0.0339915900919486,TWI,SSC,1,,5,,MTFD,10
2019,TWI.MTFD10.res1.SSC5,0.459039526587201,0.572415506695524,0.0596476043478345,0.216822171136625,TWI,SSC,1,,5,,MTFD,10
2020,TWI.MTFD10.res1.SSC5,0.374079867804661,0.378059817807578,0.240174836418198,0.200258393264479,TWI,SSC,1,,5,,MTFD,10
2021,TWI.MTFD10.res1.SSC5,0.217374145740913,0.3271326682911,-0.000182938255744923,0.0541222455240821,TWI,SSC,1,,5,,MTFD,10
2017,TWI.MTFD10.res1.SSC7,0.605497790817828,0.606879302283294,0.32261587280418,0.294229697675222,TWI,SSC,1,,7,,MTFD,10
2018,TWI.MTFD10.res1.SSC7,0.411605593552539,0.411649182846508,0.275813875752879,0.123281223092516,TWI,SSC,1,,7,,MTFD,10
2019,TWI.MTFD10.res1.SSC7,0.478065241635663,0.574567138245991,-0.0743080694999703,0.113292049227729,TWI,SSC,1,,7,,MTFD,10
2020,TWI.MTFD10.res1.SSC7,0.45234554128125,0.454064206460579,0.362790777812508,0.325180920595661,TWI,SSC,1,,7,,MTFD,10
2021,TWI.MTFD10.res1.SSC7,0.425801452045823,0.462364352249144,0.30521759549769,0.281510516136413,TWI,SSC,1,,7,,MTFD,10
2017,TWI.MTFD10.res10.NFNW,0.755740619009341,0.756175975097077,0.618991226432009,0.567299918214299,TWI,NFNW,10,,,,MTFD,10
2018,TWI.MTFD10.res10.NFNW,0.660847664824086,0.660921117865927,0.569347619028065,0.485584188078839,TWI,NFNW,10,,,,MTFD,10
2019,TWI.MTFD10.res10.NFNW,0.609928919693425,0.686070731459356,0.422415310408034,0.453978371783476,TWI,NFNW,10,,,,MTFD,10
2020,TWI.MTFD10.res10.NFNW,0.514421394061094,0.519946454405079,0.438965537768087,0.404001450365571,TWI,NFNW,10,,,,MTFD,10
2021,TWI.MTFD10.res10.NFNW,0.415898998526029,0.475992648877307,0.322314174542767,0.33810626417317,TWI,NFNW,10,,,,MTFD,10
2017,TWI.MTFD10.res2.NFNW,0.571866484633613,0.571969329523627,0.330244780511857,0.309614609918922,TWI,NFNW,2,,,,MTFD,10
2018,TWI.MTFD10.res2.NFNW,0.215127777827591,0.21542309350488,-0.104839175979757,-0.317647209135062,TWI,NFNW,2,,,,MTFD,10
2019,TWI.MTFD10.res2.NFNW,0.109206753238069,0.336676005886596,-0.281887452896103,0.114529894566033,TWI,NFNW,2,,,,MTFD,10
2020,TWI.MTFD10.res2.NFNW,0.264601449787047,0.276235688667942,-0.0687764464713001,-0.095121558377241,TWI,NFNW,2,,,,MTFD,10
2021,TWI.MTFD10.res2.NFNW,0.199803956631694,0.324639711548824,0.0438061014356743,0.132127290218647,TWI,NFNW,2,,,,MTFD,10
2017,TWI.MTFD10.res3.NFNW,0.678707090760009,0.684489971702308,0.406184884309681,0.384663417240269,TWI,NFNW,3,,,,MTFD,10
2018,TWI.MTFD10.res3.NFNW,0.336291801602821,0.336308969665602,0.0711688650117081,-0.135154260990348,TWI,NFNW,3,,,,MTFD,10
2019,TWI.MTFD10.res3.NFNW,0.490198727899126,0.618788719865959,0.172358174212105,0.37790977066782,TWI,NFNW,3,,,,MTFD,10
2020,TWI.MTFD10.res3.NFNW,0.328313726741549,0.338122938032639,0.115056690514384,0.0667866715986912,TWI,NFNW,3,,,,MTFD,10
2021,TWI.MTFD10.res3.NFNW,0.327235851174354,0.405732723191973,0.20992397327126,0.206513898779444,TWI,NFNW,3,,,,MTFD,10
2017,TWI.MTFD10.res4.NFNW,0.690768541147527,0.69252353847737,0.417506483442014,0.387882940370513,TWI,NFNW,4,,,,MTFD,10
2018,TWI.MTFD10.res4.NFNW,0.50521118230176,0.505241627104575,0.376319058476237,0.286534699036562,TWI,NFNW,4,,,,MTFD,10
2019,TWI.MTFD10.res4.NFNW,0.405086142865367,0.525321225350856,0.278732988928015,0.396229388103508,TWI,NFNW,4,,,,MTFD,10
2020,TWI.MTFD10.res4.NFNW,0.437900621387458,0.440430406868897,0.359146334514744,0.327158160806954,TWI,NFNW,4,,,,MTFD,10
2021,TWI.MTFD10.res4.NFNW,0.316265286992666,0.394181192439151,0.137146173886538,0.148778259099129,TWI,NFNW,4,,,,MTFD,10
2017,TWI.MTFD10.res5.NFNW,0.760856666110527,0.764872247307442,0.54895327920255,0.519976131682197,TWI,NFNW,5,,,,MTFD,10
2018,TWI.MTFD10.res5.NFNW,0.576059269941612,0.57780602181618,0.444554849529057,0.375399037589839,TWI,NFNW,5,,,,MTFD,10
2019,TWI.MTFD10.res5.NFNW,0.594880242774641,0.702019785950524,0.530100247747088,0.588853495331334,TWI,NFNW,5,,,,MTFD,10
2020,TWI.MTFD10.res5.NFNW,0.520966128673504,0.531785083087888,0.459275558784273,0.43459665298114,TWI,NFNW,5,,,,MTFD,10
2021,TWI.MTFD10.res5.NFNW,0.422837098566526,0.471997589340862,0.337712352153325,0.331536430625292,TWI,NFNW,5,,,,MTFD,10
2017,TWI.MTFD10.res7.NFNW,0.78988633733666,0.791886306729031,0.642795338206595,0.608764298480191,TWI,NFNW,7,,,,MTFD,10
2018,TWI.MTFD10.res7.NFNW,0.596045168985822,0.596165239785888,0.438902624372155,0.38168787310727,TWI,NFNW,7,,,,MTFD,10
2019,TWI.MTFD10.res7.NFNW,0.690066105273701,0.771275737658277,0.67875971368698,0.709957811588313,TWI,NFNW,7,,,,MTFD,10
2020,TWI.MTFD10.res7.NFNW,0.450200259852483,0.462819991076686,0.373187930640068,0.339348237764471,TWI,NFNW,7,,,,MTFD,10
2021,TWI.MTFD10.res7.NFNW,0.435863797977517,0.486079977521537,0.362874884053511,0.365234856588054,TWI,NFNW,7,,,,MTFD,10
2017,TWI.MTFD2.res1.gauss_0.5sigma,0.331930923385317,0.331933183469917,-0.133782181293475,-0.210663173306642,TWI,gauss,1,,,0.5,MTFD,2
2018,TWI.MTFD2.res1.gauss_0.5sigma,0.202517474690188,0.202587083087637,-0.193842314348782,-0.443096123426935,TWI,gauss,1,,,0.5,MTFD,2
2019,TWI.MTFD2.res1.gauss_0.5sigma,0.0898365367466814,0.330275517860006,-0.591463894520533,0.0325866997428605,TWI,gauss,1,,,0.5,MTFD,2
2020,TWI.MTFD2.res1.gauss_0.5sigma,0.0942760805738985,0.115207681456543,-0.580726503845416,-0.47695428291617,TWI,gauss,1,,,0.5,MTFD,2
2021,TWI.MTFD2.res1.gauss_0.5sigma,0.0705036340611753,0.276424684461178,-0.265895011728511,0.0259404041749526,TWI,gauss,1,,,0.5,MTFD,2
2017,TWI.MTFD2.res1.gauss_1.0sigma,0.468422095424652,0.472418701172425,0.185914588720575,0.162033361670171,TWI,gauss,1,,,1,MTFD,2
2018,TWI.MTFD2.res1.gauss_1.0sigma,0.162978226120358,0.164878569042666,-0.411224914640299,-0.602001060086782,TWI,gauss,1,,,1,MTFD,2
2019,TWI.MTFD2.res1.gauss_1.0sigma,0.0744697077649606,0.316610135474795,-0.67819281131773,0.0592627377194618,TWI,gauss,1,,,1,MTFD,2
2020,TWI.MTFD2.res1.gauss_1.0sigma,0.268621518345698,0.280207145368733,-0.0152573566759303,-0.0415786407352915,TWI,gauss,1,,,1,MTFD,2
2021,TWI.MTFD2.res1.gauss_1.0sigma,0.166318188633068,0.313951963412466,-0.0469283150922555,0.101436874002782,TWI,gauss,1,,,1,MTFD,2
2017,TWI.MTFD2.res1.gauss_1.5sigma,0.459097900584964,0.460829320528375,0.188820568553611,0.165096920394953,TWI,gauss,1,,,1.5,MTFD,2
2018,TWI.MTFD2.res1.gauss_1.5sigma,0.199183339948607,0.199491421166051,-0.349269618492601,-0.539451972621161,TWI,gauss,1,,,1.5,MTFD,2
2019,TWI.MTFD2.res1.gauss_1.5sigma,0.192975718064262,0.399480238262371,-0.279405708397059,0.166593172564721,TWI,gauss,1,,,1.5,MTFD,2
2020,TWI.MTFD2.res1.gauss_1.5sigma,0.288751019697471,0.293606517856996,0.0592247640733851,0.0102892996429901,TWI,gauss,1,,,1.5,MTFD,2
2021,TWI.MTFD2.res1.gauss_1.5sigma,0.161334633452549,0.299556711562361,-0.0425550529171302,0.0642097515878329,TWI,gauss,1,,,1.5,MTFD,2
2017,TWI.MTFD2.res1.gauss_2.0sigma,0.5450459579208,0.548781079977247,0.264133441094252,0.244937849740327,TWI,gauss,1,,,2,MTFD,2
2018,TWI.MTFD2.res1.gauss_2.0sigma,0.310631144223465,0.310631666411696,0.027943840600911,-0.189719644388182,TWI,gauss,1,,,2,MTFD,2
2019,TWI.MTFD2.res1.gauss_2.0sigma,0.36254494097293,0.514246984419101,-0.00195260808060947,0.22114451116752,TWI,gauss,1,,,2,MTFD,2
2020,TWI.MTFD2.res1.gauss_2.0sigma,0.30866828786768,0.313332731043581,0.0907769308326407,0.043873491959298,TWI,gauss,1,,,2,MTFD,2
2021,TWI.MTFD2.res1.gauss_2.0sigma,0.170290013343487,0.303363375769577,-0.0468495992639572,0.0500192443618591,TWI,gauss,1,,,2,MTFD,2
2017,TWI.MTFD2.res1.gauss_2.5sigma,0.562829859232869,0.565248196112914,0.28580844203368,0.263350909727382,TWI,gauss,1,,,2.5,MTFD,2
2018,TWI.MTFD2.res1.gauss_2.5sigma,0.31728256071479,0.317849168083022,0.0354378265077742,-0.183092255357305,TWI,gauss,1,,,2.5,MTFD,2
2019,TWI.MTFD2.res1.gauss_2.5sigma,0.385432118386627,0.508218721287857,-0.216329200807684,0.037499037820098,TWI,gauss,1,,,2.5,MTFD,2
2020,TWI.MTFD2.res1.gauss_2.5sigma,0.313324753184289,0.316025686858624,0.10267635288611,0.0467368493093857,TWI,gauss,1,,,2.5,MTFD,2
2021,TWI.MTFD2.res1.gauss_2.5sigma,0.204106151428407,0.318826202452627,0.00512864225782573,0.0649262074215837,TWI,gauss,1,,,2.5,MTFD,2
2017,TWI.MTFD2.res1.gauss_3.5sigma,0.542112677340409,0.542765536193952,0.279704505137282,0.251375082426076,TWI,gauss,1,,,3.5,MTFD,2
2018,TWI.MTFD2.res1.gauss_3.5sigma,0.353858035034484,0.354387207179456,0.100265456862754,-0.0964175325867318,TWI,gauss,1,,,3.5,MTFD,2
2019,TWI.MTFD2.res1.gauss_3.5sigma,0.415226446550611,0.519946979038779,-0.286539243994716,-0.0609130854939586,TWI,gauss,1,,,3.5,MTFD,2
2020,TWI.MTFD2.res1.gauss_3.5sigma,0.388588870115741,0.389517124025535,0.27408048287349,0.2320260151096,TWI,gauss,1,,,3.5,MTFD,2
2021,TWI.MTFD2.res1.gauss_3.5sigma,0.331672134533167,0.391826217510179,0.144486306923501,0.153295833098998,TWI,gauss,1,,,3.5,MTFD,2
2017,TWI.MTFD2.res1.gauss_5.0sigma,0.559769711995375,0.56010928926868,0.290209231634,0.259327726267031,TWI,gauss,1,,,5,MTFD,2
2018,TWI.MTFD2.res1.gauss_5.0sigma,0.430939810969479,0.431236657940578,0.293327444844408,0.130450435348008,TWI,gauss,1,,,5,MTFD,2
2019,TWI.MTFD2.res1.gauss_5.0sigma,0.408676594943498,0.524168502718635,-0.177680482275964,0.0341083589153611,TWI,gauss,1,,,5,MTFD,2
2020,TWI.MTFD2.res1.gauss_5.0sigma,0.540249110353141,0.540772325559086,0.419142810307912,0.394222046205884,TWI,gauss,1,,,5,MTFD,2
2021,TWI.MTFD2.res1.gauss_5.0sigma,0.439374450823602,0.470681241883162,0.303037750996317,0.285235169777064,TWI,gauss,1,,,5,MTFD,2
2017,TWI.MTFD2.res1.NFNW,0.0993303640258189,0.129676087208723,-0.608344170651358,-0.560816785844817,TWI,NFNW,1,,,,MTFD,2
2018,TWI.MTFD2.res1.NFNW,0.0485156103825299,0.0678889057363873,-0.749158506214179,-0.713447204571786,TWI,NFNW,1,,,,MTFD,2
2019,TWI.MTFD2.res1.NFNW,0.234022569257698,0.347141548884949,-0.113941541517249,0.0568669572780332,TWI,NFNW,1,,,,MTFD,2
2020,TWI.MTFD2.res1.NFNW,0.173297125794804,0.180418749321775,-0.164000946150688,-0.187793979257977,TWI,NFNW,1,,,,MTFD,2
2021,TWI.MTFD2.res1.NFNW,0.0980573314096338,0.295521930089015,-0.187209277437539,0.0600633729258317,TWI,NFNW,1,,,,MTFD,2
2017,TWI.MTFD2.res1.SSC1,0.0499234123443654,0.111617088710455,-0.745870260417622,-0.564492800218351,TWI,SSC,1,,1,,MTFD,2
2018,TWI.MTFD2.res1.SSC1,0.0306513863894351,0.0532121854997287,-0.7300090516838,-0.704399871112011,TWI,SSC,1,,1,,MTFD,2
2019,TWI.MTFD2.res1.SSC1,0.0963083179506395,0.285225027337362,-0.39116387093396,-0.0316600531006608,TWI,SSC,1,,1,,MTFD,2
2020,TWI.MTFD2.res1.SSC1,0.0681230033007443,0.0683656565140028,-0.614511577630628,-0.61602175523131,TWI,SSC,1,,1,,MTFD,2
2021,TWI.MTFD2.res1.SSC1,0.0778765109884352,0.266752618239074,-0.34630219499252,0.00763467137498575,TWI,SSC,1,,1,,MTFD,2
2017,TWI.MTFD2.res1.SSC10,0.612998114553525,0.613306866304707,0.334662685372233,0.296405748225572,TWI,SSC,1,,10,,MTFD,2
2018,TWI.MTFD2.res1.SSC10,0.389037998702982,0.389048260214543,0.254485486460297,0.0911888559246068,TWI,SSC,1,,10,,MTFD,2
2019,TWI.MTFD2.res1.SSC10,0.393549862221533,0.506553768823472,-0.19000039394779,0.0537382609417999,TWI,SSC,1,,10,,MTFD,2
2020,TWI.MTFD2.res1.SSC10,0.564269336788811,0.564409049169963,0.480993682397239,0.455836047080786,TWI,SSC,1,,10,,MTFD,2
2021,TWI.MTFD2.res1.SSC10,0.443805827481029,0.483088473869766,0.255149918961352,0.244247456753064,TWI,SSC,1,,10,,MTFD,2
2017,TWI.MTFD2.res1.SSC2,0.379460170858334,0.382108720705706,0.103860982339892,0.0758009466905669,TWI,SSC,1,,2,,MTFD,2
2018,TWI.MTFD2.res1.SSC2,0.175110275759094,0.17519946699329,-0.338806126540399,-0.525146876428175,TWI,SSC,1,,2,,MTFD,2
2019,TWI.MTFD2.res1.SSC2,0.00955932137508544,0.298668981100649,-0.888565949034199,0.0125646710428742,TWI,SSC,1,,2,,MTFD,2
2020,TWI.MTFD2.res1.SSC2,0.259558600692933,0.271996302625037,-0.0269501655945152,-0.0597595698890563,TWI,SSC,1,,2,,MTFD,2
2021,TWI.MTFD2.res1.SSC2,0.0587122018736211,0.267546894297518,-0.473883245261439,-0.00197193314600796,TWI,SSC,1,,2,,MTFD,2
2017,TWI.MTFD2.res1.SSC3,0.445206020004373,0.449218317925061,0.185028606178332,0.15287980350244,TWI,SSC,1,,3,,MTFD,2
2018,TWI.MTFD2.res1.SSC3,0.203280145990007,0.203530825915679,-0.403908723417315,-0.580023803178274,TWI,SSC,1,,3,,MTFD,2
2019,TWI.MTFD2.res1.SSC3,0.237333506578257,0.427707865738929,-0.237420886141411,0.135764488072731,TWI,SSC,1,,3,,MTFD,2
2020,TWI.MTFD2.res1.SSC3,0.236252934296583,0.240982699593321,-0.205678223630049,-0.280609509999736,TWI,SSC,1,,3,,MTFD,2
2021,TWI.MTFD2.res1.SSC3,0.116560922569104,0.28188065539317,-0.16047889841002,0.0350136603740806,TWI,SSC,1,,3,,MTFD,2
2017,TWI.MTFD2.res1.SSC4,0.577977901044283,0.586967274191512,0.305719197399313,0.288923470372977,TWI,SSC,1,,4,,MTFD,2
2018,TWI.MTFD2.res1.SSC4,0.385620752872157,0.386889153548133,0.255891804159292,0.0759221129701593,TWI,SSC,1,,4,,MTFD,2
2019,TWI.MTFD2.res1.SSC4,0.405958024246061,0.570401648984161,0.225545241771057,0.361972003510316,TWI,SSC,1,,4,,MTFD,2
2020,TWI.MTFD2.res1.SSC4,0.32440448925699,0.332507678679238,0.11667660169224,0.0795193691519563,TWI,SSC,1,,4,,MTFD,2
2021,TWI.MTFD2.res1.SSC4,0.158394701983333,0.298571366041921,-0.0758600064831114,0.0427695984492472,TWI,SSC,1,,4,,MTFD,2
2017,TWI.MTFD2.res1.SSC5,0.624983763551702,0.628095555179876,0.344258215138759,0.321651150700498,TWI,SSC,1,,5,,MTFD,2
2018,TWI.MTFD2.res1.SSC5,0.36245424659669,0.362585103588985,0.209384132880191,0.0203254478749806,TWI,SSC,1,,5,,MTFD,2
2019,TWI.MTFD2.res1.SSC5,0.455408481846464,0.568748034170252,0.0311007372514268,0.198484516933268,TWI,SSC,1,,5,,MTFD,2
2020,TWI.MTFD2.res1.SSC5,0.372226845246173,0.376112589782175,0.236624560020303,0.196142278468787,TWI,SSC,1,,5,,MTFD,2
2021,TWI.MTFD2.res1.SSC5,0.217630935393248,0.327265331456407,0.000451950676728337,0.0544783565981217,TWI,SSC,1,,5,,MTFD,2
2017,TWI.MTFD2.res1.SSC7,0.605268246684331,0.606643761489017,0.322467956776888,0.294049789004937,TWI,SSC,1,,7,,MTFD,2
2018,TWI.MTFD2.res1.SSC7,0.411375181071224,0.411420530720929,0.275278114624997,0.122541210394464,TWI,SSC,1,,7,,MTFD,2
2019,TWI.MTFD2.res1.SSC7,0.477706065384591,0.574199732711325,-0.0763114178973127,0.111710004152276,TWI,SSC,1,,7,,MTFD,2
2020,TWI.MTFD2.res1.SSC7,0.452155163311487,0.453868312049298,0.362523777734284,0.324868868349949,TWI,SSC,1,,7,,MTFD,2
2021,TWI.MTFD2.res1.SSC7,0.425896588339448,0.462459197217887,0.305336367456918,0.28166768578602,TWI,SSC,1,,7,,MTFD,2
2017,TWI.MTFD2.res10.NFNW,0.756625835363998,0.756962846032492,0.62049363990373,0.567719319937245,TWI,NFNW,10,,,,MTFD,2
2018,TWI.MTFD2.res10.NFNW,0.671445477886341,0.671684765471348,0.581725803822517,0.499971347803482,TWI,NFNW,10,,,,MTFD,2
2019,TWI.MTFD2.res10.NFNW,0.607643159279731,0.687053966348696,0.418001212792072,0.456811972461007,TWI,NFNW,10,,,,MTFD,2
2020,TWI.MTFD2.res10.NFNW,0.538372240217355,0.543715408246994,0.464603100776089,0.430029333376037,TWI,NFNW,10,,,,MTFD,2
2021,TWI.MTFD2.res10.NFNW,0.413532092420544,0.473375849749733,0.318165992554437,0.33301368420839,TWI,NFNW,10,,,,MTFD,2
2017,TWI.MTFD2.res2.NFNW,0.549231599890075,0.55208826283726,0.296984097392073,0.27720943198943,TWI,NFNW,2,,,,MTFD,2
2018,TWI.MTFD2.res2.NFNW,0.174547764128167,0.175174481645506,-0.271878938207854,-0.476582587993501,TWI,NFNW,2,,,,MTFD,2
2019,TWI.MTFD2.res2.NFNW,0.0750146735169128,0.322535880545436,-0.48487481002771,0.0852220857228344,TWI,NFNW,2,,,,MTFD,2
2020,TWI.MTFD2.res2.NFNW,0.289812712191397,0.302763720827514,0.0394892427808662,0.0136607766532831,TWI,NFNW,2,,,,MTFD,2
2021,TWI.MTFD2.res2.NFNW,0.208821142188237,0.324387591732498,0.0587321131729601,0.126280973577039,TWI,NFNW,2,,,,MTFD,2
2017,TWI.MTFD2.res3.NFNW,0.68840348982768,0.694870278764859,0.425689490970567,0.40416209195926,TWI,NFNW,3,,,,MTFD,2
2018,TWI.MTFD2.res3.NFNW,0.348155355594957,0.348235794344721,0.14573523493149,-0.0504452713158814,TWI,NFNW,3,,,,MTFD,2
2019,TWI.MTFD2.res3.NFNW,0.48337949992973,0.612894845829003,0.163273080679174,0.364194820311469,TWI,NFNW,3,,,,MTFD,2
2020,TWI.MTFD2.res3.NFNW,0.334733914921996,0.344487261618041,0.133708255349668,0.0868571565110665,TWI,NFNW,3,,,,MTFD,2
2021,TWI.MTFD2.res3.NFNW,0.325536851169822,0.40452315897375,0.207004623855078,0.204537532742975,TWI,NFNW,3,,,,MTFD,2
2017,TWI.MTFD2.res4.NFNW,0.675248046817954,0.676458887527821,0.403053620427428,0.370425783277308,TWI,NFNW,4,,,,MTFD,2
2018,TWI.MTFD2.res4.NFNW,0.461672100354215,0.461722078063015,0.340001685205038,0.238242099109026,TWI,NFNW,4,,,,MTFD,2
2019,TWI.MTFD2.res4.NFNW,0.368906608029603,0.490205991295519,0.121327310537804,0.282603866073131,TWI,NFNW,4,,,,MTFD,2
2020,TWI.MTFD2.res4.NFNW,0.398170431281457,0.400161204863326,0.28938718942149,0.248076681213246,TWI,NFNW,4,,,,MTFD,2
2021,TWI.MTFD2.res4.NFNW,0.319109843958096,0.39555566935277,0.137343460850852,0.146418448945226,TWI,NFNW,4,,,,MTFD,2
2017,TWI.MTFD2.res5.NFNW,0.757942049178107,0.761549707043118,0.550309428158909,0.519423342853544,TWI,NFNW,5,,,,MTFD,2
2018,TWI.MTFD2.res5.NFNW,0.554887109881074,0.55637844181474,0.430674324937694,0.356875963322566,TWI,NFNW,5,,,,MTFD,2
2019,TWI.MTFD2.res5.NFNW,0.575813957605895,0.683820262317409,0.465268819465034,0.526884757054025,TWI,NFNW,5,,,,MTFD,2
2020,TWI.MTFD2.res5.NFNW,0.503363558204675,0.513529235525065,0.440371942935016,0.414740638679986,TWI,NFNW,5,,,,MTFD,2
2021,TWI.MTFD2.res5.NFNW,0.426096156098568,0.474619904363823,0.343870515567651,0.337616472353487,TWI,NFNW,5,,,,MTFD,2
2017,TWI.MTFD2.res7.NFNW,0.782164779333863,0.783670069554531,0.63302362499245,0.59557219778529,TWI,NFNW,7,,,,MTFD,2
2018,TWI.MTFD2.res7.NFNW,0.572467156726811,0.572776820250108,0.428041847095779,0.366408778813565,TWI,NFNW,7,,,,MTFD,2
2019,TWI.MTFD2.res7.NFNW,0.658321861416738,0.744019767352681,0.60642419637224,0.627143353424061,TWI,NFNW,7,,,,MTFD,2
2020,TWI.MTFD2.res7.NFNW,0.47910172617384,0.491382472364641,0.412291689777832,0.376007245569531,TWI,NFNW,7,,,,MTFD,2
2021,TWI.MTFD2.res7.NFNW,0.443678660674216,0.491308477269472,0.374835690956801,0.375383092758555,TWI,NFNW,7,,,,MTFD,2
2017,TWI.MTFD5.res1.gauss_0.5sigma,0.330386638773269,0.330409744252938,-0.133681145050853,-0.207744623267786,TWI,gauss,1,,,0.5,MTFD,5
2018,TWI.MTFD5.res1.gauss_0.5sigma,0.204238466218283,0.204359181405019,-0.1816791512929,-0.429235721184947,TWI,gauss,1,,,0.5,MTFD,5
2019,TWI.MTFD5.res1.gauss_0.5sigma,0.0875617921793701,0.326670889895155,-0.579370906163925,0.0272153950601348,TWI,gauss,1,,,0.5,MTFD,5
2020,TWI.MTFD5.res1.gauss_0.5sigma,0.109208974444286,0.130260169121778,-0.486845971655331,-0.43489069379713,TWI,gauss,1,,,0.5,MTFD,5
2021,TWI.MTFD5.res1.gauss_0.5sigma,0.0419326547353355,0.269062414728838,-0.356808958567151,0.0160374423070003,TWI,gauss,1,,,0.5,MTFD,5
2017,TWI.MTFD5.res1.gauss_1.0sigma,0.470782945836578,0.475219175705052,0.185182370459833,0.16184205553964,TWI,gauss,1,,,1,MTFD,5
2018,TWI.MTFD5.res1.gauss_1.0sigma,0.167739446489782,0.169645740127464,-0.390297070775863,-0.586551767453534,TWI,gauss,1,,,1,MTFD,5
2019,TWI.MTFD5.res1.gauss_1.0sigma,0.0810078956034494,0.318451747754033,-0.640537951619508,0.0635960426317338,TWI,gauss,1,,,1,MTFD,5
2020,TWI.MTFD5.res1.gauss_1.0sigma,0.26930556269756,0.280856348282041,-0.0135809246760766,-0.0400114837024773,TWI,gauss,1,,,1,MTFD,5
2021,TWI.MTFD5.res1.gauss_1.0sigma,0.167634904491383,0.315131318838835,-0.045146799232484,0.103013651736509,TWI,gauss,1,,,1,MTFD,5
2017,TWI.MTFD5.res1.gauss_1.5sigma,0.456402495329997,0.45810542435733,0.187400912142996,0.163429543904443,TWI,gauss,1,,,1.5,MTFD,5
2018,TWI.MTFD5.res1.gauss_1.5sigma,0.193793795599108,0.1941559659479,-0.361310395248992,-0.54932565236711,TWI,gauss,1,,,1.5,MTFD,5
2019,TWI.MTFD5.res1.gauss_1.5sigma,0.175827450541923,0.387834997212972,-0.329250668189193,0.156675229912855,TWI,gauss,1,,,1.5,MTFD,5
2020,TWI.MTFD5.res1.gauss_1.5sigma,0.28927692490963,0.294145085617366,0.0608963868608152,0.0123069806824742,TWI,gauss,1,,,1.5,MTFD,5
2021,TWI.MTFD5.res1.gauss_1.5sigma,0.160047693970356,0.298838124722561,-0.0444525163405562,0.0635229577148449,TWI,gauss,1,,,1.5,MTFD,5
2017,TWI.MTFD5.res1.gauss_2.0sigma,0.545108176502519,0.54884647401819,0.264159646264268,0.244978620427739,TWI,gauss,1,,,2,MTFD,5
2018,TWI.MTFD5.res1.gauss_2.0sigma,0.311086250313182,0.311086552313193,0.029842339363526,-0.187601849867528,TWI,gauss,1,,,2,MTFD,5
2019,TWI.MTFD5.res1.gauss_2.0sigma,0.363138209610489,0.514834623136668,0.00209341374075779,0.223303004833238,TWI,gauss,1,,,2,MTFD,5
2020,TWI.MTFD5.res1.gauss_2.0sigma,0.308905106956146,0.313579628545462,0.0914776067565308,0.0446973243106875,TWI,gauss,1,,,2,MTFD,5
2021,TWI.MTFD5.res1.gauss_2.0sigma,0.170298065114069,0.303359656213528,-0.0468193032616398,0.0500013099514575,TWI,gauss,1,,,2,MTFD,5
2017,TWI.MTFD5.res1.gauss_2.5sigma,0.562920080559476,0.565343084922158,0.28582795430285,0.263397316693839,TWI,gauss,1,,,2.5,MTFD,5
2018,TWI.MTFD5.res1.gauss_2.5sigma,0.317320523982667,0.317886431193146,0.0355848267702218,-0.182942674368964,TWI,gauss,1,,,2.5,MTFD,5
2019,TWI.MTFD5.res1.gauss_2.5sigma,0.385642879629357,0.508401617834762,-0.215598839598258,0.0379652027618159,TWI,gauss,1,,,2.5,MTFD,5
2020,TWI.MTFD5.res1.gauss_2.5sigma,0.313231472409144,0.315933986785061,0.102377324657611,0.0464187471111113,TWI,gauss,1,,,2.5,MTFD,5
2021,TWI.MTFD5.res1.gauss_2.5sigma,0.204083313801822,0.318791833648189,0.00506497187631878,0.0648326555079063,TWI,gauss,1,,,2.5,MTFD,5
2017,TWI.MTFD5.res1.gauss_3.5sigma,0.542112377299174,0.542766326405006,0.279691487128392,0.251373971062657,TWI,gauss,1,,,3.5,MTFD,5
2018,TWI.MTFD5.res1.gauss_3.5sigma,0.353745124630713,0.354273311963554,0.0999121652611782,-0.0968485560513788,TWI,gauss,1,,,3.5,MTFD,5
2019,TWI.MTFD5.res1.gauss_3.5sigma,0.415283203019273,0.519994455599436,-0.286510611897214,-0.0608872932679834,TWI,gauss,1,,,3.5,MTFD,5
2020,TWI.MTFD5.res1.gauss_3.5sigma,0.388591948368294,0.38951994242313,0.274083163997813,0.232032787572203,TWI,gauss,1,,,3.5,MTFD,5
2021,TWI.MTFD5.res1.gauss_3.5sigma,0.331511984677798,0.391691495117564,0.144292475226585,0.15310205157148,TWI,gauss,1,,,3.5,MTFD,5
2017,TWI.MTFD5.res1.gauss_5.0sigma,0.559758110660178,0.560097860989443,0.290202309063797,0.25932105161473,TWI,gauss,1,,,5,MTFD,5
2018,TWI.MTFD5.res1.gauss_5.0sigma,0.430871695098211,0.431169049360788,0.293195277476057,0.130272207080062,TWI,gauss,1,,,5,MTFD,5
2019,TWI.MTFD5.res1.gauss_5.0sigma,0.408677839113678,0.524168868689655,-0.1776759682404,0.0341098952078073,TWI,gauss,1,,,5,MTFD,5
2020,TWI.MTFD5.res1.gauss_5.0sigma,0.540250038001596,0.540773297547285,0.419144481079343,0.394223570286228,TWI,gauss,1,,,5,MTFD,5
2021,TWI.MTFD5.res1.gauss_5.0sigma,0.439339574125794,0.470648836991013,0.302997362165842,0.285190072348739,TWI,gauss,1,,,5,MTFD,5
2017,TWI.MTFD5.res1.NFNW,0.0991600517038085,0.128681018358724,-0.6092766853447,-0.558283505985066,TWI,NFNW,1,,,,MTFD,5
2018,TWI.MTFD5.res1.NFNW,0.0291996710994741,0.0569001971672696,-0.769334712190701,-0.705679843534611,TWI,NFNW,1,,,,MTFD,5
2019,TWI.MTFD5.res1.NFNW,0.237847248492907,0.351103927350818,-0.104652040643984,0.0628402254407377,TWI,NFNW,1,,,,MTFD,5
2020,TWI.MTFD5.res1.NFNW,0.16068441059348,0.166361609426917,-0.19317339878362,-0.213706407571122,TWI,NFNW,1,,,,MTFD,5
2021,TWI.MTFD5.res1.NFNW,0.0670653023569023,0.282526001862282,-0.271304711655839,0.0387081874901716,TWI,NFNW,1,,,,MTFD,5
2017,TWI.MTFD5.res1.SSC1,0.0251779236798484,0.092847179309785,-0.781691685025657,-0.604942380836989,TWI,SSC,1,,1,,MTFD,5
2018,TWI.MTFD5.res1.SSC1,0.0460219381461523,0.0603348182558947,-0.685441303104962,-0.688568097431417,TWI,SSC,1,,1,,MTFD,5
2019,TWI.MTFD5.res1.SSC1,0.102703470085667,0.285670349491211,-0.37087458700088,-0.029977436865002,TWI,SSC,1,,1,,MTFD,5
2020,TWI.MTFD5.res1.SSC1,0.139210330812101,0.139407760225436,-0.305357204127094,-0.372727933317987,TWI,SSC,1,,1,,MTFD,5
2021,TWI.MTFD5.res1.SSC1,0.0992246528966921,0.269830635195901,-0.262000492636578,0.0136817247502549,TWI,SSC,1,,1,,MTFD,5
2017,TWI.MTFD5.res1.SSC10,0.613010340923042,0.613318901101525,0.334677240140077,0.296417872154052,TWI,SSC,1,,10,,MTFD,5
2018,TWI.MTFD5.res1.SSC10,0.389051436419514,0.389061595151877,0.254499699560036,0.0912062774767156,TWI,SSC,1,,10,,MTFD,5
2019,TWI.MTFD5.res1.SSC10,0.393542468440658,0.506546843381411,-0.190026331107952,0.0537111821944665,TWI,SSC,1,,10,,MTFD,5
2020,TWI.MTFD5.res1.SSC10,0.564266016808321,0.564405710325722,0.48098991949428,0.455831996359949,TWI,SSC,1,,10,,MTFD,5
2021,TWI.MTFD5.res1.SSC10,0.44381156791053,0.483093015950325,0.255165538457224,0.244261144674798,TWI,SSC,1,,10,,MTFD,5
2017,TWI.MTFD5.res1.SSC2,0.376904621785017,0.379608608602581,0.100275736567764,0.0728537808829006,TWI,SSC,1,,2,,MTFD,5
2018,TWI.MTFD5.res1.SSC2,0.174222149462511,0.174385701606812,-0.343695748190002,-0.527125797138056,TWI,SSC,1,,2,,MTFD,5
2019,TWI.MTFD5.res1.SSC2,0.00283397014969582,0.299645830324795,-0.89833575197376,0.0167528322059582,TWI,SSC,1,,2,,MTFD,5
2020,TWI.MTFD5.res1.SSC2,0.261011372097334,0.272887419517615,-0.0219313440020144,-0.0552481052026815,TWI,SSC,1,,2,,MTFD,5
2021,TWI.MTFD5.res1.SSC2,0.060300246203128,0.267736746525318,-0.457674329005816,-0.00145330081696138,TWI,SSC,1,,2,,MTFD,5
2017,TWI.MTFD5.res1.SSC3,0.44631685370336,0.45033687508202,0.185176862553293,0.153470912922384,TWI,SSC,1,,3,,MTFD,5
2018,TWI.MTFD5.res1.SSC3,0.212728177663215,0.212849003321753,-0.354473571385753,-0.542138982299763,TWI,SSC,1,,3,,MTFD,5
2019,TWI.MTFD5.res1.SSC3,0.248041883453831,0.43775120312743,-0.186581117634064,0.159396136977232,TWI,SSC,1,,3,,MTFD,5
2020,TWI.MTFD5.res1.SSC3,0.241605435359905,0.246545532946877,-0.177316750515415,-0.248256837430829,TWI,SSC,1,,3,,MTFD,5
2021,TWI.MTFD5.res1.SSC3,0.123171887324861,0.284499957934856,-0.1363551264241,0.0414539354279213,TWI,SSC,1,,3,,MTFD,5
2017,TWI.MTFD5.res1.SSC4,0.578192613375539,0.587239597668989,0.305858541528935,0.289148179906114,TWI,SSC,1,,4,,MTFD,5
2018,TWI.MTFD5.res1.SSC4,0.384607920981294,0.385856621272376,0.254139552466925,0.0733799043778921,TWI,SSC,1,,4,,MTFD,5
2019,TWI.MTFD5.res1.SSC4,0.405976779615732,0.570323473984737,0.224633061076705,0.361231454633969,TWI,SSC,1,,4,,MTFD,5
2020,TWI.MTFD5.res1.SSC4,0.323522308930016,0.331650664080447,0.114525936224167,0.0772360669734482,TWI,SSC,1,,4,,MTFD,5
2021,TWI.MTFD5.res1.SSC4,0.157931651869883,0.298372923107088,-0.0770661748626434,0.0423222132690855,TWI,SSC,1,,4,,MTFD,5
2017,TWI.MTFD5.res1.SSC5,0.625337727692426,0.628472351132467,0.344571618913241,0.322029904395547,TWI,SSC,1,,5,,MTFD,5
2018,TWI.MTFD5.res1.SSC5,0.364751775735431,0.36486909761128,0.21520881505073,0.0284073217518835,TWI,SSC,1,,5,,MTFD,5
2019,TWI.MTFD5.res1.SSC5,0.457271867564,0.570647407718981,0.0467416990882664,0.20855179305957,TWI,SSC,1,,5,,MTFD,5
2020,TWI.MTFD5.res1.SSC5,0.373222945835604,0.377148928710443,0.238583242161108,0.198386667451149,TWI,SSC,1,,5,,MTFD,5
2021,TWI.MTFD5.res1.SSC5,0.217655019495416,0.327274525796587,0.000425884829531393,0.054447419117249,TWI,SSC,1,,5,,MTFD,5
2017,TWI.MTFD5.res1.SSC7,0.605376483685308,0.606754994100544,0.322542580179006,0.294137859632506,TWI,SSC,1,,7,,MTFD,5
2018,TWI.MTFD5.res1.SSC7,0.411463732915259,0.411508290030123,0.275487633960995,0.122826518461905,TWI,SSC,1,,7,,MTFD,5
2019,TWI.MTFD5.res1.SSC7,0.477841005428926,0.574344191961723,-0.0755792863086537,0.112297976231619,TWI,SSC,1,,7,,MTFD,5
2020,TWI.MTFD5.res1.SSC7,0.452226905311369,0.453943468769324,0.362630591660783,0.32499200696708,TWI,SSC,1,,7,,MTFD,5
2021,TWI.MTFD5.res1.SSC7,0.425853359319324,0.462416160785725,0.305291867790492,0.281604175981149,TWI,SSC,1,,7,,MTFD,5
2017,TWI.MTFD5.res10.NFNW,0.756254114767173,0.756628178862349,0.619901313438998,0.567592915279203,TWI,NFNW,10,,,,MTFD,5
2018,TWI.MTFD5.res10.NFNW,0.666529913385431,0.666686178716309,0.575980596107243,0.493372287757754,TWI,NFNW,10,,,,MTFD,5
2019,TWI.MTFD5.res10.NFNW,0.608510121531807,0.686407910501988,0.419701822624392,0.455242688833731,TWI,NFNW,10,,,,MTFD,5
2020,TWI.MTFD5.res10.NFNW,0.528528205667779,0.533939501499518,0.45431405516882,0.419627805558472,TWI,NFNW,10,,,,MTFD,5
2021,TWI.MTFD5.res10.NFNW,0.414912069588564,0.474745488261354,0.320536573092791,0.335660343408651,TWI,NFNW,10,,,,MTFD,5
2017,TWI.MTFD5.res2.NFNW,0.571595042671273,0.571820270824179,0.330183266420224,0.308758155658421,TWI,NFNW,2,,,,MTFD,5
2018,TWI.MTFD5.res2.NFNW,0.194445969100495,0.194850802237049,-0.180637794740372,-0.396576742936189,TWI,NFNW,2,,,,MTFD,5
2019,TWI.MTFD5.res2.NFNW,0.0933774014303828,0.330325401215135,-0.360844500722527,0.101660492924899,TWI,NFNW,2,,,,MTFD,5
2020,TWI.MTFD5.res2.NFNW,0.277160572912227,0.289511236277596,-0.0113034963837929,-0.0366020239268687,TWI,NFNW,2,,,,MTFD,5
2021,TWI.MTFD5.res2.NFNW,0.212527159711118,0.331663870752036,0.0691794751406114,0.145906237167261,TWI,NFNW,2,,,,MTFD,5
2017,TWI.MTFD5.res3.NFNW,0.68114276448758,0.687324980043447,0.410643021526296,0.389420175943326,TWI,NFNW,3,,,,MTFD,5
2018,TWI.MTFD5.res3.NFNW,0.339087293832489,0.339133446600594,0.093610023611712,-0.111383393552957,TWI,NFNW,3,,,,MTFD,5
2019,TWI.MTFD5.res3.NFNW,0.488504138598537,0.618434784486264,0.16801068821592,0.379224284859995,TWI,NFNW,3,,,,MTFD,5
2020,TWI.MTFD5.res3.NFNW,0.333341093568375,0.343172341498597,0.128946554646509,0.0822777990631251,TWI,NFNW,3,,,,MTFD,5
2021,TWI.MTFD5.res3.NFNW,0.327290695731356,0.405562838212583,0.209390238590615,0.205829329748074,TWI,NFNW,3,,,,MTFD,5
2017,TWI.MTFD5.res4.NFNW,0.683894889837019,0.685349103847658,0.410010548514053,0.379087361167069,TWI,NFNW,4,,,,MTFD,5
2018,TWI.MTFD5.res4.NFNW,0.487358530506021,0.487358552042799,0.360865901102167,0.267407506443473,TWI,NFNW,4,,,,MTFD,5
2019,TWI.MTFD5.res4.NFNW,0.38876755697057,0.509468279587169,0.218706755887936,0.350660304137503,TWI,NFNW,4,,,,MTFD,5
2020,TWI.MTFD5.res4.NFNW,0.418659457351039,0.420917901335103,0.326939157316456,0.290965829075662,TWI,NFNW,4,,,,MTFD,5
2021,TWI.MTFD5.res4.NFNW,0.317901888753318,0.39503231219719,0.13775556482892,0.148127487657464,TWI,NFNW,4,,,,MTFD,5
2017,TWI.MTFD5.res5.NFNW,0.759021402396084,0.762841130736213,0.548770734688096,0.518882201929266,TWI,NFNW,5,,,,MTFD,5
2018,TWI.MTFD5.res5.NFNW,0.563767953995835,0.565384389808997,0.435884597878419,0.364758479170609,TWI,NFNW,5,,,,MTFD,5
2019,TWI.MTFD5.res5.NFNW,0.585223474645204,0.692875132253103,0.500786221119725,0.560119005079805,TWI,NFNW,5,,,,MTFD,5
2020,TWI.MTFD5.res5.NFNW,0.513349319944304,0.523880300830659,0.450826892339697,0.425871580580323,TWI,NFNW,5,,,,MTFD,5
2021,TWI.MTFD5.res5.NFNW,0.424988460733661,0.473694268164987,0.341610454255512,0.33531240549909,TWI,NFNW,5,,,,MTFD,5
2017,TWI.MTFD5.res7.NFNW,0.786453435025504,0.788192695828685,0.638452434145075,0.602640229791179,TWI,NFNW,7,,,,MTFD,5
2018,TWI.MTFD5.res7.NFNW,0.585225125559811,0.585453184638814,0.432965007167996,0.374530717959266,TWI,NFNW,7,,,,MTFD,5
2019,TWI.MTFD5.res7.NFNW,0.67452951568747,0.758084956328094,0.649070801576488,0.675406707059203,TWI,NFNW,7,,,,MTFD,5
2020,TWI.MTFD5.res7.NFNW,0.467946452682784,0.480457505401977,0.398266423264135,0.363236028642265,TWI,NFNW,7,,,,MTFD,5
2021,TWI.MTFD5.res7.NFNW,0.439158274789266,0.488130922902267,0.367967097295333,0.36934189818291,TWI,NFNW,7,,,,MTFD,5
2017,TWI.Rho8.res1.gauss_0.5sigma,0.123057996915266,0.137379569322968,-0.437940989697848,-0.441096329763417,TWI,gauss,1,,,0.5,Rho8,
2018,TWI.Rho8.res1.gauss_0.5sigma,0.184922485924554,0.186820847453283,-0.26859314857048,-0.502973173588422,TWI,gauss,1,,,0.5,Rho8,
2019,TWI.Rho8.res1.gauss_0.5sigma,0.222643124865412,0.386915039692247,-0.269350856060142,-0.0730036990141893,TWI,gauss,1,,,0.5,Rho8,
2020,TWI.Rho8.res1.gauss_0.5sigma,0.0778086784533343,0.0827884907747235,-0.486306237480856,-0.489361816819411,TWI,gauss,1,,,0.5,Rho8,
2021,TWI.Rho8.res1.gauss_0.5sigma,0.0280825881453232,0.265524044266851,-0.527765357805153,-0.00256273685122588,TWI,gauss,1,,,0.5,Rho8,
2017,TWI.Rho8.res1.gauss_1.0sigma,0.303333203509153,0.303986257437812,0.0195287896863906,-0.0137080982375734,TWI,gauss,1,,,1,Rho8,
2018,TWI.Rho8.res1.gauss_1.0sigma,0.252401758332029,0.25526375243024,-0.137215295092237,-0.344338519156924,TWI,gauss,1,,,1,Rho8,
2019,TWI.Rho8.res1.gauss_1.0sigma,0.107889873215482,0.284634208362031,-0.464394313114792,-0.0495781036020911,TWI,gauss,1,,,1,Rho8,
2020,TWI.Rho8.res1.gauss_1.0sigma,0.28145169177189,0.302784055129722,0.104542805667227,0.119233891658684,TWI,gauss,1,,,1,Rho8,
2021,TWI.Rho8.res1.gauss_1.0sigma,0.0250987885886002,0.268905246344245,-0.608427781795734,0.0151961838478723,TWI,gauss,1,,,1,Rho8,
2017,TWI.Rho8.res1.gauss_1.5sigma,0.19983675318965,0.207594583453322,-0.171769887829835,-0.265270338305882,TWI,gauss,1,,,1.5,Rho8,
2018,TWI.Rho8.res1.gauss_1.5sigma,0.160010940670476,0.160638105692463,-0.335149842812871,-0.45489649366344,TWI,gauss,1,,,1.5,Rho8,
2019,TWI.Rho8.res1.gauss_1.5sigma,0.0154705845148202,0.303780167494559,-0.631814583198729,-0.023918914452291,TWI,gauss,1,,,1.5,Rho8,
2020,TWI.Rho8.res1.gauss_1.5sigma,0.276927296556684,0.2769691085818,0.0854672137645231,-0.00247019770814476,TWI,gauss,1,,,1.5,Rho8,
2021,TWI.Rho8.res1.gauss_1.5sigma,0.167503741364623,0.300094906007653,-0.0688605206118261,0.0542144100816085,TWI,gauss,1,,,1.5,Rho8,
2017,TWI.Rho8.res1.gauss_2.0sigma,0.198764434232404,0.202514270146194,-0.195196583235529,-0.337088230000294,TWI,gauss,1,,,2,Rho8,
2018,TWI.Rho8.res1.gauss_2.0sigma,0.162155022595383,0.162662870096858,-0.20746166378744,-0.412960487621804,TWI,gauss,1,,,2,Rho8,
2019,TWI.Rho8.res1.gauss_2.0sigma,0.0946308071204981,0.285181048913715,-0.569346033889573,-0.023261659985508,TWI,gauss,1,,,2,Rho8,
2020,TWI.Rho8.res1.gauss_2.0sigma,0.290225252342913,0.301241696266556,0.128464638682403,0.103246603459054,TWI,gauss,1,,,2,Rho8,
2021,TWI.Rho8.res1.gauss_2.0sigma,0.131341156226758,0.294289857641804,-0.161263426731645,0.0356710537177452,TWI,gauss,1,,,2,Rho8,
2017,TWI.Rho8.res1.gauss_2.5sigma,0.443467703028692,0.460919142117336,0.220635877634882,0.123095898887754,TWI,gauss,1,,,2.5,Rho8,
2018,TWI.Rho8.res1.gauss_2.5sigma,0.0266918468008958,0.0566008579680428,-0.73494788154476,-0.692929079888527,TWI,gauss,1,,,2.5,Rho8,
2019,TWI.Rho8.res1.gauss_2.5sigma,0.0409609648406863,0.28825093258173,-0.670247693483772,0.00126073941897561,TWI,gauss,1,,,2.5,Rho8,
2020,TWI.Rho8.res1.gauss_2.5sigma,0.222066897901684,0.222942566365398,-0.0107550889033736,-0.0964995124819403,TWI,gauss,1,,,2.5,Rho8,
2021,TWI.Rho8.res1.gauss_2.5sigma,0.0544163276771137,0.2731970467581,-0.50981708007227,-0.068194033983788,TWI,gauss,1,,,2.5,Rho8,
2017,TWI.Rho8.res1.gauss_3.5sigma,0.153005221583861,0.157662338302391,-0.425974194848331,-0.504058691784067,TWI,gauss,1,,,3.5,Rho8,
2018,TWI.Rho8.res1.gauss_3.5sigma,0.234951593084494,0.236105055161489,-0.0648712775381188,-0.283624884175881,TWI,gauss,1,,,3.5,Rho8,
2019,TWI.Rho8.res1.gauss_3.5sigma,0.0389267418768495,0.308732551388145,-0.592637193031916,0.0252860992829748,TWI,gauss,1,,,3.5,Rho8,
2020,TWI.Rho8.res1.gauss_3.5sigma,0.00511962545954978,0.00554197106126932,-0.642476563192467,-0.618055852591496,TWI,gauss,1,,,3.5,Rho8,
2021,TWI.Rho8.res1.gauss_3.5sigma,0.170998367342495,0.2808363697016,-0.171633447704069,-0.0558542752065001,TWI,gauss,1,,,3.5,Rho8,
2017,TWI.Rho8.res1.gauss_5.0sigma,0.191411375461448,0.202037702469248,-0.175270964199905,-0.182703051793271,TWI,gauss,1,,,5,Rho8,
2018,TWI.Rho8.res1.gauss_5.0sigma,0.150569052311718,0.169142618517758,-0.559910375976158,-0.59845557102532,TWI,gauss,1,,,5,Rho8,
2019,TWI.Rho8.res1.gauss_5.0sigma,0.533758635737336,0.572939141063252,-0.0485392737253383,0.0410297347592862,TWI,gauss,1,,,5,Rho8,
2020,TWI.Rho8.res1.gauss_5.0sigma,0.177863411375067,0.183083239527645,-0.406027905942036,-0.468445800589602,TWI,gauss,1,,,5,Rho8,
2021,TWI.Rho8.res1.gauss_5.0sigma,0.286110765708886,0.362122532557604,0.105658390214886,0.14081765266333,TWI,gauss,1,,,5,Rho8,
2017,TWI.Rho8.res1.NFNW,0.0963544079118577,0.113891772022663,-0.503077758992733,-0.540585045317636,TWI,NFNW,1,,,,Rho8,
2018,TWI.Rho8.res1.NFNW,0.210372423051566,0.211971833515478,-0.212718980763899,-0.419262950197571,TWI,NFNW,1,,,,Rho8,
2019,TWI.Rho8.res1.NFNW,0.162726949718496,0.30056669357119,-0.274374344243546,0.0141102523184221,TWI,NFNW,1,,,,Rho8,
2020,TWI.Rho8.res1.NFNW,0.0479966079853315,0.0502463147345124,-0.491122305374354,-0.434727113774932,TWI,NFNW,1,,,,Rho8,
2021,TWI.Rho8.res1.NFNW,0.0280110695496344,0.265180542192863,-0.457341886206053,0.00484693413620931,TWI,NFNW,1,,,,Rho8,
2017,TWI.Rho8.res1.SSC1,0.0149201915033356,0.0787443020426091,-0.858255037913533,-0.737525859846641,TWI,SSC,1,,1,,Rho8,
2018,TWI.Rho8.res1.SSC1,0.00445154458858641,0.05024177043416,-0.712898842545825,-0.731452269225881,TWI,SSC,1,,1,,Rho8,
2019,TWI.Rho8.res1.SSC1,0.0445726986463748,0.284882104444394,-0.619373993066867,-0.0173818023950704,TWI,SSC,1,,1,,Rho8,
2020,TWI.Rho8.res1.SSC1,0.0555680303043389,0.0558157427630787,-0.528837550311661,-0.510864067963711,TWI,SSC,1,,1,,Rho8,
2021,TWI.Rho8.res1.SSC1,0.0546788863494921,0.266216869485016,-0.409775292263911,0.0148581190490795,TWI,SSC,1,,1,,Rho8,
2017,TWI.Rho8.res1.SSC10,0.47263604564632,0.473743924985207,-0.0266911969061959,-0.0834076423804618,TWI,SSC,1,,10,,Rho8,
2018,TWI.Rho8.res1.SSC10,0.11674180088043,0.119270334197354,-0.397220208342695,-0.562533500034631,TWI,SSC,1,,10,,Rho8,
2019,TWI.Rho8.res1.SSC10,0.171679046214539,0.313897200268678,-0.212910976129954,0.0368500982816198,TWI,SSC,1,,10,,Rho8,
2020,TWI.Rho8.res1.SSC10,0.66866820039333,0.678285481962504,0.479619364054806,0.463093541143485,TWI,SSC,1,,10,,Rho8,
2021,TWI.Rho8.res1.SSC10,0.437901842256208,0.472410520902511,0.367293887571649,0.338297065284496,TWI,SSC,1,,10,,Rho8,
2017,TWI.Rho8.res1.SSC2,0.0884930807068177,0.11499934783598,-0.647741824060623,-0.579070377598456,TWI,SSC,1,,2,,Rho8,
2018,TWI.Rho8.res1.SSC2,0.0198881841568102,0.0581612030991538,-0.705984688453526,-0.715728253526681,TWI,SSC,1,,2,,Rho8,
2019,TWI.Rho8.res1.SSC2,0.0547241010060632,0.284663728609164,-0.55465695949318,-0.0188728103504129,TWI,SSC,1,,2,,Rho8,
2020,TWI.Rho8.res1.SSC2,0.110812311230563,0.110911064811737,-0.302104079212017,-0.378300950289348,TWI,SSC,1,,2,,Rho8,
2021,TWI.Rho8.res1.SSC2,0.0269289029225158,0.265136394738199,-0.459108144420256,0.00428592491237777,TWI,SSC,1,,2,,Rho8,
2017,TWI.Rho8.res1.SSC3,0.215434303494306,0.219835791690051,-0.32019629113186,-0.376741199817432,TWI,SSC,1,,3,,Rho8,
2018,TWI.Rho8.res1.SSC3,0.147002421598977,0.166593744595491,-0.304196308052713,-0.453887791241286,TWI,SSC,1,,3,,Rho8,
2019,TWI.Rho8.res1.SSC3,0.125930663418217,0.288423090069078,-0.326735226893619,-0.0100218639399718,TWI,SSC,1,,3,,Rho8,
2020,TWI.Rho8.res1.SSC3,0.0502184926620819,0.0502325074902589,-0.665552929975379,-0.487428897208263,TWI,SSC,1,,3,,Rho8,
2021,TWI.Rho8.res1.SSC3,0.00117058789037261,0.265398085108609,-0.614690181913008,-0.00709376456100695,TWI,SSC,1,,3,,Rho8,
2017,TWI.Rho8.res1.SSC4,0.428469173621014,0.42940525388164,0.0447364777032539,-0.0202242674827264,TWI,SSC,1,,4,,Rho8,
2018,TWI.Rho8.res1.SSC4,0.0866934939733821,0.0920064055342809,-0.639507404955878,-0.65423084797181,TWI,SSC,1,,4,,Rho8,
2019,TWI.Rho8.res1.SSC4,0.0941720779325227,0.285249824240399,-0.588431884632668,-0.0195809324464816,TWI,SSC,1,,4,,Rho8,
2020,TWI.Rho8.res1.SSC4,0.152737274669372,0.164001623655292,-0.433449625441527,-0.387992123562337,TWI,SSC,1,,4,,Rho8,
2021,TWI.Rho8.res1.SSC4,0.0395431912948828,0.268748527900969,-0.538018855262824,0.0272723321153058,TWI,SSC,1,,4,,Rho8,
2017,TWI.Rho8.res1.SSC5,0.301931272146756,0.334465938478121,-0.10097049827605,-0.125979801885979,TWI,SSC,1,,5,,Rho8,
2018,TWI.Rho8.res1.SSC5,0.0136177311609539,0.0583325502267039,-0.76363990407264,-0.741871434128543,TWI,SSC,1,,5,,Rho8,
2019,TWI.Rho8.res1.SSC5,0.1045758430242,0.284943353947052,-0.427705116307369,-0.0174422194909135,TWI,SSC,1,,5,,Rho8,
2020,TWI.Rho8.res1.SSC5,0.359496825984093,0.373435589729192,0.0727267454895706,0.0558110295740848,TWI,SSC,1,,5,,Rho8,
2021,TWI.Rho8.res1.SSC5,0.287200291795805,0.387962375791889,0.122868513253761,0.19044829601768,TWI,SSC,1,,5,,Rho8,
2017,TWI.Rho8.res1.SSC7,0.197277544831761,0.222863330145581,-0.346083156212369,-0.335709118491167,TWI,SSC,1,,7,,Rho8,
2018,TWI.Rho8.res1.SSC7,0.0193184226471912,0.0586064080615638,-0.720433290530512,-0.778819659441873,TWI,SSC,1,,7,,Rho8,
2019,TWI.Rho8.res1.SSC7,0.421212023961807,0.464502250363217,-0.347696946721616,-0.235953201133375,TWI,SSC,1,,7,,Rho8,
2020,TWI.Rho8.res1.SSC7,0.280218215177062,0.282914755141029,0.0213582731251653,-0.075320795143635,TWI,SSC,1,,7,,Rho8,
2021,TWI.Rho8.res1.SSC7,0.187789907271597,0.311543331291515,-0.131548074375734,0.012537519047299,TWI,SSC,1,,7,,Rho8,
2017,TWI.Rho8.res10.NFNW,0.716383444349718,0.721915272223599,0.494518173462416,0.476341182512651,TWI,NFNW,10,,,,Rho8,
2018,TWI.Rho8.res10.NFNW,0.503374948923798,0.503620193298812,0.385286738369742,0.321718435887764,TWI,NFNW,10,,,,Rho8,
2019,TWI.Rho8.res10.NFNW,0.679538619679723,0.762317330676348,0.668989435413818,0.702369010076749,TWI,NFNW,10,,,,Rho8,
2020,TWI.Rho8.res10.NFNW,0.358335800777682,0.37789165398581,0.21640024262895,0.190020512865068,TWI,NFNW,10,,,,Rho8,
2021,TWI.Rho8.res10.NFNW,0.381110486612497,0.43334398047261,0.263127057731469,0.247408883262831,TWI,NFNW,10,,,,Rho8,
2017,TWI.Rho8.res2.NFNW,0.513738383155129,0.521624646574392,-0.0386913531689471,-0.111077980380426,TWI,NFNW,2,,,,Rho8,
2018,TWI.Rho8.res2.NFNW,0.0605928870017386,0.0780236953818368,-0.56662038703199,-0.671167699456749,TWI,NFNW,2,,,,Rho8,
2019,TWI.Rho8.res2.NFNW,0.0715637843295548,0.293136138037852,-0.691084786522874,0.0151634211438485,TWI,NFNW,2,,,,Rho8,
2020,TWI.Rho8.res2.NFNW,0.285449720938893,0.287516004302176,0.0589677240690918,-0.0294725832109957,TWI,NFNW,2,,,,Rho8,
2021,TWI.Rho8.res2.NFNW,0.299845272249547,0.411027391518985,0.161750565045031,0.248703861173257,TWI,NFNW,2,,,,Rho8,
2017,TWI.Rho8.res3.NFNW,0.582134476632059,0.582597195147858,0.258802502554853,0.207579200500232,TWI,NFNW,3,,,,Rho8,
2018,TWI.Rho8.res3.NFNW,0.337492679407812,0.337492773367142,0.00135441480069508,-0.204009858855061,TWI,NFNW,3,,,,Rho8,
2019,TWI.Rho8.res3.NFNW,0.499141424795687,0.636321980885126,-0.511377801968513,-0.0746672411703116,TWI,NFNW,3,,,,Rho8,
2020,TWI.Rho8.res3.NFNW,0.326279805818018,0.330789353683553,0.122879407940129,0.0633426435579588,TWI,NFNW,3,,,,Rho8,
2021,TWI.Rho8.res3.NFNW,0.365373457221396,0.462350679741095,0.275369926564159,0.327399622040939,TWI,NFNW,3,,,,Rho8,
2017,TWI.Rho8.res4.NFNW,0.427456019732428,0.427489266420006,0.120222987162349,0.0855592233558694,TWI,NFNW,4,,,,Rho8,
2018,TWI.Rho8.res4.NFNW,0.285551055381938,0.29157476655873,-0.0170506242243665,-0.218387553201013,TWI,NFNW,4,,,,Rho8,
2019,TWI.Rho8.res4.NFNW,0.168630541742869,0.413250117548038,-0.339795449715978,0.117635395801022,TWI,NFNW,4,,,,Rho8,
2020,TWI.Rho8.res4.NFNW,0.319536675716765,0.336932647486813,0.159030204999767,0.145766123601628,TWI,NFNW,4,,,,Rho8,
2021,TWI.Rho8.res4.NFNW,0.304777155140137,0.374186088335693,0.210595838014651,0.217435937187406,TWI,NFNW,4,,,,Rho8,
2017,TWI.Rho8.res5.NFNW,0.796989993794966,0.799492879067408,0.766060567698707,0.73494845875171,TWI,NFNW,5,,,,Rho8,
2018,TWI.Rho8.res5.NFNW,0.476824537177791,0.478356642578559,0.384188499759138,0.293262863138206,TWI,NFNW,5,,,,Rho8,
2019,TWI.Rho8.res5.NFNW,0.567340603647312,0.697253204116251,-0.221857865382514,0.280911703547766,TWI,NFNW,5,,,,Rho8,
2020,TWI.Rho8.res5.NFNW,0.488791746208316,0.513657300157775,0.360785631835077,0.357469317633435,TWI,NFNW,5,,,,Rho8,
2021,TWI.Rho8.res5.NFNW,0.42689130576149,0.47442267438341,0.366075588392546,0.371568485946389,TWI,NFNW,5,,,,Rho8,
2017,TWI.Rho8.res7.NFNW,0.761657544220939,0.763709138585129,0.706363958254219,0.663770030610443,TWI,NFNW,7,,,,Rho8,
2018,TWI.Rho8.res7.NFNW,0.467897953497753,0.470077124914163,0.353789943727155,0.232910711505215,TWI,NFNW,7,,,,Rho8,
2019,TWI.Rho8.res7.NFNW,0.657014226014563,0.720643730896221,0.591497592484927,0.55429931522703,TWI,NFNW,7,,,,Rho8,
2020,TWI.Rho8.res7.NFNW,0.294012929458496,0.300338163801546,0.0981502895984227,-0.000181193264156332,TWI,NFNW,7,,,,Rho8,
2021,TWI.Rho8.res7.NFNW,0.452123850048069,0.510041721234332,0.398973820102511,0.425298904830395,TWI,NFNW,7,,,,Rho8,
