start,End,Type,index_raw,r,r_depth,r_CV,r_depth_CV,index,filter,dem_resolution,suction_factor,filter_window,sigma,flow_algorithm,convergence_factor
2017-08-27,2017-09-16,warm,SWI1E+1.res1.gauss_0.5sigma,0.609076422163344,0.624047983545968,0.432899637646816,0.381282149773773,SWI,gauss,1,1,,0.5,"",
2017-11-29,2017-12-14,cool,SWI1E+1.res1.gauss_0.5sigma,0.56902284942322,0.653718771961388,0.434915451144374,0.467528859591582,SWI,gauss,1,1,,0.5,"",
2017-12-22,2018-01-20,cool,SWI1E+1.res1.gauss_0.5sigma,0.336863433898945,0.364520694091618,0.0508151629273192,-0.0141542893042784,SWI,gauss,1,1,,0.5,"",
2018-05-25,2018-06-07,warm,SWI1E+1.res1.gauss_0.5sigma,0.412963601383084,0.422394263411588,0.239593313244824,0.162529037865698,SWI,gauss,1,1,,0.5,"",
2019-03-30,2019-04-12,cool,SWI1E+1.res1.gauss_0.5sigma,0.488403925471407,0.626069247259291,0.24757313230063,0.365657851697442,SWI,gauss,1,1,,0.5,"",
2019-08-23,2019-09-13,warm,SWI1E+1.res1.gauss_0.5sigma,0.318019545535516,0.390382512488731,-0.0930355766085716,-0.0170037849187094,SWI,gauss,1,1,,0.5,"",
2020-08-11,2020-08-26,warm,SWI1E+1.res1.gauss_0.5sigma,0.356710461325674,0.357096209256406,0.178205009130285,0.150628197507711,SWI,gauss,1,1,,0.5,"",
2020-09-01,2020-09-20,warm,SWI1E+1.res1.gauss_0.5sigma,0.315480872981932,0.332894279906198,0.113881278878342,0.0875785301722008,SWI,gauss,1,1,,0.5,"",
2020-09-27,2020-10-17,cool,SWI1E+1.res1.gauss_0.5sigma,0.183992068318348,0.208099745058536,-0.1538009105718,-0.183404419664589,SWI,gauss,1,1,,0.5,"",
2021-03-25,2021-04-06,cool,SWI1E+1.res1.gauss_0.5sigma,0.325013582794685,0.413875360589474,0.152414922013864,0.227130442396358,SWI,gauss,1,1,,0.5,"",
2021-09-05,2021-09-20,warm,SWI1E+1.res1.gauss_0.5sigma,0.432119128569611,0.506073372230643,0.341806931104204,0.373416197900761,SWI,gauss,1,1,,0.5,"",
2017-08-27,2017-09-16,warm,SWI1E+1.res1.gauss_1.0sigma,0.582205836628739,0.598302118660929,0.39183927622914,0.343078809775854,SWI,gauss,1,1,,1,"",
2017-11-29,2017-12-14,cool,SWI1E+1.res1.gauss_1.0sigma,0.54272224402814,0.630399570901887,0.415060486928133,0.45211489508764,SWI,gauss,1,1,,1,"",
2017-12-22,2018-01-20,cool,SWI1E+1.res1.gauss_1.0sigma,0.311458365546641,0.344249439575266,0.0279827593287534,-0.0336974553185696,SWI,gauss,1,1,,1,"",
2018-05-25,2018-06-07,warm,SWI1E+1.res1.gauss_1.0sigma,0.416809252723531,0.423292386696692,0.279741769966022,0.194305334819405,SWI,gauss,1,1,,1,"",
2019-03-30,2019-04-12,cool,SWI1E+1.res1.gauss_1.0sigma,0.495296168908819,0.627825662678649,0.255514121708349,0.362566435739964,SWI,gauss,1,1,,1,"",
2019-08-23,2019-09-13,warm,SWI1E+1.res1.gauss_1.0sigma,0.291722545820377,0.373716660558895,-0.0661226348225148,0.0220740112357397,SWI,gauss,1,1,,1,"",
2020-08-11,2020-08-26,warm,SWI1E+1.res1.gauss_1.0sigma,0.380876409213839,0.381194891628145,0.227255929352886,0.203350595715333,SWI,gauss,1,1,,1,"",
2020-09-01,2020-09-20,warm,SWI1E+1.res1.gauss_1.0sigma,0.342876692798862,0.356927993938901,0.164171302174057,0.138162289867476,SWI,gauss,1,1,,1,"",
2020-09-27,2020-10-17,cool,SWI1E+1.res1.gauss_1.0sigma,0.211413203636515,0.230375359980044,-0.0956772876334152,-0.133057133682457,SWI,gauss,1,1,,1,"",
2021-03-25,2021-04-06,cool,SWI1E+1.res1.gauss_1.0sigma,0.339216249173689,0.428160707402883,0.183836545537802,0.25063971080205,SWI,gauss,1,1,,1,"",
2021-09-05,2021-09-20,warm,SWI1E+1.res1.gauss_1.0sigma,0.42757471293568,0.500710258108298,0.337855831402508,0.375051993568406,SWI,gauss,1,1,,1,"",
2017-08-27,2017-09-16,warm,SWI1E+1.res1.gauss_1.5sigma,0.593390518607765,0.609552657879252,0.396243907183682,0.34842895395755,SWI,gauss,1,1,,1.5,"",
2017-11-29,2017-12-14,cool,SWI1E+1.res1.gauss_1.5sigma,0.526629130015219,0.615280903967959,0.395612622176263,0.430899472171901,SWI,gauss,1,1,,1.5,"",
2017-12-22,2018-01-20,cool,SWI1E+1.res1.gauss_1.5sigma,0.304194114910459,0.339596772710904,0.0235013307749439,-0.0358165996894482,SWI,gauss,1,1,,1.5,"",
2018-05-25,2018-06-07,warm,SWI1E+1.res1.gauss_1.5sigma,0.395798477554107,0.401834898225253,0.251083671511645,0.159638019706986,SWI,gauss,1,1,,1.5,"",
2019-03-30,2019-04-12,cool,SWI1E+1.res1.gauss_1.5sigma,0.499550824415711,0.624124250387496,0.267173682701857,0.352696824288405,SWI,gauss,1,1,,1.5,"",
2019-08-23,2019-09-13,warm,SWI1E+1.res1.gauss_1.5sigma,0.300868092878529,0.385094114726414,-0.072309200568245,0.0201452885246279,SWI,gauss,1,1,,1.5,"",
2020-08-11,2020-08-26,warm,SWI1E+1.res1.gauss_1.5sigma,0.419241661358267,0.419642378763178,0.283615087297728,0.263390931621741,SWI,gauss,1,1,,1.5,"",
2020-09-01,2020-09-20,warm,SWI1E+1.res1.gauss_1.5sigma,0.379397933398902,0.39130053674357,0.207415825704957,0.184555672954737,SWI,gauss,1,1,,1.5,"",
2020-09-27,2020-10-17,cool,SWI1E+1.res1.gauss_1.5sigma,0.245214983136395,0.260489224659067,-0.0636076041869345,-0.101450000129498,SWI,gauss,1,1,,1.5,"",
2021-03-25,2021-04-06,cool,SWI1E+1.res1.gauss_1.5sigma,0.345066642899511,0.429651684691859,0.190768637135419,0.249759639142154,SWI,gauss,1,1,,1.5,"",
2021-09-05,2021-09-20,warm,SWI1E+1.res1.gauss_1.5sigma,0.432813787589992,0.502206434928482,0.347221700716475,0.378140096847692,SWI,gauss,1,1,,1.5,"",
2017-08-27,2017-09-16,warm,SWI1E+1.res1.gauss_2.0sigma,0.582788542031889,0.60222456225099,0.380673252212477,0.335331725781244,SWI,gauss,1,1,,2,"",
2017-11-29,2017-12-14,cool,SWI1E+1.res1.gauss_2.0sigma,0.520168719849578,0.603959457500164,0.389393723061981,0.410270350354882,SWI,gauss,1,1,,2,"",
2017-12-22,2018-01-20,cool,SWI1E+1.res1.gauss_2.0sigma,0.260997316840537,0.295943560251456,-0.0696169664561531,-0.134776237681307,SWI,gauss,1,1,,2,"",
2018-05-25,2018-06-07,warm,SWI1E+1.res1.gauss_2.0sigma,0.37202967126161,0.380546752488764,0.218013777427602,0.126510954396468,SWI,gauss,1,1,,2,"",
2019-03-30,2019-04-12,cool,SWI1E+1.res1.gauss_2.0sigma,0.500381885978795,0.62395621919612,0.260493175591992,0.341629847141487,SWI,gauss,1,1,,2,"",
2019-08-23,2019-09-13,warm,SWI1E+1.res1.gauss_2.0sigma,0.281270528631091,0.369545304695995,-0.139818837627593,-0.0387360470792891,SWI,gauss,1,1,,2,"",
2020-08-11,2020-08-26,warm,SWI1E+1.res1.gauss_2.0sigma,0.401340000967777,0.401454439979899,0.237086607485766,0.216200054064164,SWI,gauss,1,1,,2,"",
2020-09-01,2020-09-20,warm,SWI1E+1.res1.gauss_2.0sigma,0.35993605753803,0.371919187867861,0.15359294650888,0.128780715040893,SWI,gauss,1,1,,2,"",
2020-09-27,2020-10-17,cool,SWI1E+1.res1.gauss_2.0sigma,0.224857196093861,0.241364967513116,-0.131387607256336,-0.165460252342364,SWI,gauss,1,1,,2,"",
2021-03-25,2021-04-06,cool,SWI1E+1.res1.gauss_2.0sigma,0.341028399457162,0.423213855935193,0.178858784008109,0.236543979732887,SWI,gauss,1,1,,2,"",
2021-09-05,2021-09-20,warm,SWI1E+1.res1.gauss_2.0sigma,0.412114078046328,0.482742656076519,0.316496067870945,0.34678321928705,SWI,gauss,1,1,,2,"",
2017-08-27,2017-09-16,warm,SWI1E+1.res1.gauss_2.5sigma,0.579946963845397,0.600826751800087,0.376421791030962,0.332597055679561,SWI,gauss,1,1,,2.5,"",
2017-11-29,2017-12-14,cool,SWI1E+1.res1.gauss_2.5sigma,0.517789101142629,0.599923826666465,0.387155321246121,0.40319206095744,SWI,gauss,1,1,,2.5,"",
2017-12-22,2018-01-20,cool,SWI1E+1.res1.gauss_2.5sigma,0.266030731787108,0.29896895929611,-0.0593156430095938,-0.125967942552417,SWI,gauss,1,1,,2.5,"",
2018-05-25,2018-06-07,warm,SWI1E+1.res1.gauss_2.5sigma,0.37414463878295,0.384103513506567,0.222825530019223,0.136888179880036,SWI,gauss,1,1,,2.5,"",
2019-03-30,2019-04-12,cool,SWI1E+1.res1.gauss_2.5sigma,0.527164817215834,0.647554317308776,0.302512069049954,0.379240761961932,SWI,gauss,1,1,,2.5,"",
2019-08-23,2019-09-13,warm,SWI1E+1.res1.gauss_2.5sigma,0.282148514956167,0.368803672276882,-0.151998216047495,-0.0525141278004819,SWI,gauss,1,1,,2.5,"",
2020-08-11,2020-08-26,warm,SWI1E+1.res1.gauss_2.5sigma,0.389247802048318,0.389304325948787,0.214157789026454,0.193465756115252,SWI,gauss,1,1,,2.5,"",
2020-09-01,2020-09-20,warm,SWI1E+1.res1.gauss_2.5sigma,0.345090770819333,0.357652775547676,0.129219064453568,0.10376049478901,SWI,gauss,1,1,,2.5,"",
2020-09-27,2020-10-17,cool,SWI1E+1.res1.gauss_2.5sigma,0.205563910685426,0.224205947701244,-0.162247764252344,-0.193045129691743,SWI,gauss,1,1,,2.5,"",
2021-03-25,2021-04-06,cool,SWI1E+1.res1.gauss_2.5sigma,0.346928642376416,0.428757804000329,0.18814886219075,0.245677797984645,SWI,gauss,1,1,,2.5,"",
2021-09-05,2021-09-20,warm,SWI1E+1.res1.gauss_2.5sigma,0.39006616600439,0.467539889062385,0.283576462396654,0.321655955497282,SWI,gauss,1,1,,2.5,"",
2017-08-27,2017-09-16,warm,SWI1E+1.res1.gauss_3.5sigma,0.521890600362542,0.545134000348739,0.310102344396092,0.26060984171298,SWI,gauss,1,1,,3.5,"",
2017-11-29,2017-12-14,cool,SWI1E+1.res1.gauss_3.5sigma,0.511505825176199,0.592954144987998,0.38125411905487,0.391199972007519,SWI,gauss,1,1,,3.5,"",
2017-12-22,2018-01-20,cool,SWI1E+1.res1.gauss_3.5sigma,0.24894946299696,0.283409259473633,-0.0965435480593522,-0.161847583682534,SWI,gauss,1,1,,3.5,"",
2018-05-25,2018-06-07,warm,SWI1E+1.res1.gauss_3.5sigma,0.382108501581852,0.393287440933775,0.236390921568707,0.151732811308287,SWI,gauss,1,1,,3.5,"",
2019-03-30,2019-04-12,cool,SWI1E+1.res1.gauss_3.5sigma,0.518387279496294,0.641728880457728,0.268358661043825,0.345809951386993,SWI,gauss,1,1,,3.5,"",
2019-08-23,2019-09-13,warm,SWI1E+1.res1.gauss_3.5sigma,0.225036099359182,0.328798578618666,-0.245584985843484,-0.120291555545929,SWI,gauss,1,1,,3.5,"",
2020-08-11,2020-08-26,warm,SWI1E+1.res1.gauss_3.5sigma,0.380681911580403,0.380725430823584,0.170992789581559,0.151697343737569,SWI,gauss,1,1,,3.5,"",
2020-09-01,2020-09-20,warm,SWI1E+1.res1.gauss_3.5sigma,0.348510849465052,0.358336460275072,0.0991172272914222,0.0727176030390545,SWI,gauss,1,1,,3.5,"",
2020-09-27,2020-10-17,cool,SWI1E+1.res1.gauss_3.5sigma,0.211743261502897,0.227277739136178,-0.195834444639629,-0.225106525706199,SWI,gauss,1,1,,3.5,"",
2021-03-25,2021-04-06,cool,SWI1E+1.res1.gauss_3.5sigma,0.323740376346326,0.4073724755863,0.148353231238327,0.210272686269068,SWI,gauss,1,1,,3.5,"",
2021-09-05,2021-09-20,warm,SWI1E+1.res1.gauss_3.5sigma,0.361219358138512,0.443030702380732,0.233136376910931,0.280213768714946,SWI,gauss,1,1,,3.5,"",
2017-08-27,2017-09-16,warm,SWI1E+1.res1.gauss_5.0sigma,0.479814366027638,0.504699560161197,0.247751327176572,0.198232931490029,SWI,gauss,1,1,,5,"",
2017-11-29,2017-12-14,cool,SWI1E+1.res1.gauss_5.0sigma,0.478388154610208,0.565742168883341,0.330186848743488,0.33974251376673,SWI,gauss,1,1,,5,"",
2017-12-22,2018-01-20,cool,SWI1E+1.res1.gauss_5.0sigma,0.210456630570019,0.249932012154703,-0.178228284949241,-0.233598471199892,SWI,gauss,1,1,,5,"",
2018-05-25,2018-06-07,warm,SWI1E+1.res1.gauss_5.0sigma,0.362558413825066,0.373564317098496,0.207229887080948,0.116607109075393,SWI,gauss,1,1,,5,"",
2019-03-30,2019-04-12,cool,SWI1E+1.res1.gauss_5.0sigma,0.493417315728007,0.619029191746328,0.206330137512793,0.286365629658612,SWI,gauss,1,1,,5,"",
2019-08-23,2019-09-13,warm,SWI1E+1.res1.gauss_5.0sigma,0.177179074603853,0.301135727478708,-0.325662152092405,-0.170389423202992,SWI,gauss,1,1,,5,"",
2020-08-11,2020-08-26,warm,SWI1E+1.res1.gauss_5.0sigma,0.366990811739425,0.367283261048321,0.124283874969901,0.106770710525196,SWI,gauss,1,1,,5,"",
2020-09-01,2020-09-20,warm,SWI1E+1.res1.gauss_5.0sigma,0.341570687441507,0.351566860372338,0.0563416621592119,0.0300122246733562,SWI,gauss,1,1,,5,"",
2020-09-27,2020-10-17,cool,SWI1E+1.res1.gauss_5.0sigma,0.209958670321518,0.225433631507346,-0.231607038641908,-0.257483748943393,SWI,gauss,1,1,,5,"",
2021-03-25,2021-04-06,cool,SWI1E+1.res1.gauss_5.0sigma,0.276438461271383,0.366459095777788,0.0633706536221322,0.143911828997709,SWI,gauss,1,1,,5,"",
2021-09-05,2021-09-20,warm,SWI1E+1.res1.gauss_5.0sigma,0.367391439287907,0.445863742413131,0.245072356534215,0.288022781951891,SWI,gauss,1,1,,5,"",
2017-08-27,2017-09-16,warm,SWI1E+1.res1.NFNW,0.639535642107653,0.649690985112017,0.476667940942631,0.423695136019981,SWI,NFNW,1,1,,,"",
2017-11-29,2017-12-14,cool,SWI1E+1.res1.NFNW,0.593231797836646,0.685291647128945,0.482731169516829,0.528608353794572,SWI,NFNW,1,1,,,"",
2017-12-22,2018-01-20,cool,SWI1E+1.res1.NFNW,0.404355653021234,0.431969670481589,0.20416901624159,0.153358766292683,SWI,NFNW,1,1,,,"",
2018-05-25,2018-06-07,warm,SWI1E+1.res1.NFNW,0.434187707024273,0.441826056269638,0.27362610015919,0.202086406888616,SWI,NFNW,1,1,,,"",
2019-03-30,2019-04-12,cool,SWI1E+1.res1.NFNW,0.516046272435531,0.649331426712719,0.3095328772528,0.420146356964782,SWI,NFNW,1,1,,,"",
2019-08-23,2019-09-13,warm,SWI1E+1.res1.NFNW,0.388532691807218,0.451916298326571,0.0476726636038894,0.0998883009045455,SWI,NFNW,1,1,,,"",
2020-08-11,2020-08-26,warm,SWI1E+1.res1.NFNW,0.389538995935178,0.390684493496131,0.262825680205734,0.238769098879771,SWI,NFNW,1,1,,,"",
2020-09-01,2020-09-20,warm,SWI1E+1.res1.NFNW,0.337138428212464,0.356587512248206,0.186829328102948,0.161906476289689,SWI,NFNW,1,1,,,"",
2020-09-27,2020-10-17,cool,SWI1E+1.res1.NFNW,0.198900463335484,0.223822560433969,-0.0752918000157782,-0.113009756302865,SWI,NFNW,1,1,,,"",
2021-03-25,2021-04-06,cool,SWI1E+1.res1.NFNW,0.399372562625375,0.480397036656357,0.301932603772229,0.348417028989823,SWI,NFNW,1,1,,,"",
2021-09-05,2021-09-20,warm,SWI1E+1.res1.NFNW,0.419670472154388,0.501361453875621,0.329367536597557,0.370632872440164,SWI,NFNW,1,1,,,"",
2017-08-27,2017-09-16,warm,SWI1E+1.res1.SSC1,0.577185006440982,0.59075652850095,0.377525743264541,0.324783635861168,SWI,SSC,1,1,1,,"",
2017-11-29,2017-12-14,cool,SWI1E+1.res1.SSC1,0.51499250574366,0.613154554261669,0.363829577078842,0.409289703466667,SWI,SSC,1,1,1,,"",
2017-12-22,2018-01-20,cool,SWI1E+1.res1.SSC1,0.311746381988382,0.34659368676018,0.0242578226164045,-0.0342315773343239,SWI,SSC,1,1,1,,"",
2018-05-25,2018-06-07,warm,SWI1E+1.res1.SSC1,0.399203748136713,0.405450147817437,0.238739437386133,0.151495761390344,SWI,SSC,1,1,1,,"",
2019-03-30,2019-04-12,cool,SWI1E+1.res1.SSC1,0.509352236334287,0.635708946000608,0.269297352554674,0.368248355928636,SWI,SSC,1,1,1,,"",
2019-08-23,2019-09-13,warm,SWI1E+1.res1.SSC1,0.292081797046654,0.375888881225583,-0.0975685930583935,-0.00790672944491565,SWI,SSC,1,1,1,,"",
2020-08-11,2020-08-26,warm,SWI1E+1.res1.SSC1,0.35588414107003,0.356338419568185,0.179566430195267,0.153231496941472,SWI,SSC,1,1,1,,"",
2020-09-01,2020-09-20,warm,SWI1E+1.res1.SSC1,0.321559738998846,0.339293490950745,0.126620107657387,0.101326224805929,SWI,SSC,1,1,1,,"",
2020-09-27,2020-10-17,cool,SWI1E+1.res1.SSC1,0.193217152304253,0.216497946556968,-0.129536463225338,-0.16180747149175,SWI,SSC,1,1,1,,"",
2021-03-25,2021-04-06,cool,SWI1E+1.res1.SSC1,0.325913637205135,0.414030083790224,0.158058354503271,0.228983252230509,SWI,SSC,1,1,1,,"",
2021-09-05,2021-09-20,warm,SWI1E+1.res1.SSC1,0.433737150152288,0.504295705147255,0.35513019440356,0.386520956613978,SWI,SSC,1,1,1,,"",
2017-08-27,2017-09-16,warm,SWI1E+1.res1.SSC10,0.47451454473054,0.499156698886445,0.246031505193772,0.194575981171433,SWI,SSC,1,1,10,,"",
2017-11-29,2017-12-14,cool,SWI1E+1.res1.SSC10,0.484629155470127,0.571930441657246,0.338932817596994,0.34608193552159,SWI,SSC,1,1,10,,"",
2017-12-22,2018-01-20,cool,SWI1E+1.res1.SSC10,0.211058843259531,0.250840902791831,-0.183303748901155,-0.237439105838365,SWI,SSC,1,1,10,,"",
2018-05-25,2018-06-07,warm,SWI1E+1.res1.SSC10,0.37015215958482,0.381250273236709,0.215686080964169,0.12606281339174,SWI,SSC,1,1,10,,"",
2019-03-30,2019-04-12,cool,SWI1E+1.res1.SSC10,0.477488327126274,0.608218583154085,0.174566539507535,0.263347394304082,SWI,SSC,1,1,10,,"",
2019-08-23,2019-09-13,warm,SWI1E+1.res1.SSC10,0.171531043170171,0.297406652692276,-0.328207083902111,-0.171035293425398,SWI,SSC,1,1,10,,"",
2020-08-11,2020-08-26,warm,SWI1E+1.res1.SSC10,0.369456974423622,0.369968720300067,0.12749925784941,0.111303748010488,SWI,SSC,1,1,10,,"",
2020-09-01,2020-09-20,warm,SWI1E+1.res1.SSC10,0.34466029131493,0.353663863194429,0.0584673044735906,0.0308040158632611,SWI,SSC,1,1,10,,"",
2020-09-27,2020-10-17,cool,SWI1E+1.res1.SSC10,0.212980970957588,0.22733249518063,-0.232809735539635,-0.259912929257742,SWI,SSC,1,1,10,,"",
2021-03-25,2021-04-06,cool,SWI1E+1.res1.SSC10,0.270650195424808,0.362273775240542,0.0515151971296834,0.135584202230479,SWI,SSC,1,1,10,,"",
2021-09-05,2021-09-20,warm,SWI1E+1.res1.SSC10,0.366053315314892,0.444950477287422,0.242820770547061,0.287722518488174,SWI,SSC,1,1,10,,"",
2017-08-27,2017-09-16,warm,SWI1E+1.res1.SSC2,0.571204889762483,0.586851244775837,0.372450980800852,0.321664473351258,SWI,SSC,1,1,2,,"",
2017-11-29,2017-12-14,cool,SWI1E+1.res1.SSC2,0.51804672467476,0.610667916002271,0.37831495227321,0.420502699589449,SWI,SSC,1,1,2,,"",
2017-12-22,2018-01-20,cool,SWI1E+1.res1.SSC2,0.295687600422738,0.330383938559409,-0.00288534558295454,-0.0647867949821631,SWI,SSC,1,1,2,,"",
2018-05-25,2018-06-07,warm,SWI1E+1.res1.SSC2,0.401861400324385,0.408341978774075,0.25735731450256,0.168637330929779,SWI,SSC,1,1,2,,"",
2019-03-30,2019-04-12,cool,SWI1E+1.res1.SSC2,0.497345653678952,0.627191961281579,0.257079011918637,0.359174745018875,SWI,SSC,1,1,2,,"",
2019-08-23,2019-09-13,warm,SWI1E+1.res1.SSC2,0.290441966113642,0.373534373723623,-0.0769662776310894,0.0129706058900479,SWI,SSC,1,1,2,,"",
2020-08-11,2020-08-26,warm,SWI1E+1.res1.SSC2,0.374407089581842,0.37479338869135,0.215552865440316,0.190883999130711,SWI,SSC,1,1,2,,"",
2020-09-01,2020-09-20,warm,SWI1E+1.res1.SSC2,0.337600265925797,0.352493838770313,0.156797780792091,0.131130484467866,SWI,SSC,1,1,2,,"",
2020-09-27,2020-10-17,cool,SWI1E+1.res1.SSC2,0.205098227093717,0.225319210361132,-0.104672914392113,-0.141023922480485,SWI,SSC,1,1,2,,"",
2021-03-25,2021-04-06,cool,SWI1E+1.res1.SSC2,0.330997439663921,0.419043524182696,0.169425118543572,0.237218875482005,SWI,SSC,1,1,2,,"",
2021-09-05,2021-09-20,warm,SWI1E+1.res1.SSC2,0.428624763197071,0.50031836005934,0.340470891611133,0.375268375373646,SWI,SSC,1,1,2,,"",
2017-08-27,2017-09-16,warm,SWI1E+1.res1.SSC3,0.584884467864151,0.601268224441534,0.385577732263731,0.336742446893369,SWI,SSC,1,1,3,,"",
2017-11-29,2017-12-14,cool,SWI1E+1.res1.SSC3,0.521761671146856,0.610618632654871,0.388170141582209,0.424128671777268,SWI,SSC,1,1,3,,"",
2017-12-22,2018-01-20,cool,SWI1E+1.res1.SSC3,0.293983174456378,0.330047506678833,0.00229546303984983,-0.0580340487714177,SWI,SSC,1,1,3,,"",
2018-05-25,2018-06-07,warm,SWI1E+1.res1.SSC3,0.388125842687053,0.394142664519968,0.23944436647115,0.144969155421229,SWI,SSC,1,1,3,,"",
2019-03-30,2019-04-12,cool,SWI1E+1.res1.SSC3,0.494042885280563,0.618458327487065,0.262919563284885,0.345812835635125,SWI,SSC,1,1,3,,"",
2019-08-23,2019-09-13,warm,SWI1E+1.res1.SSC3,0.292761966006791,0.379539345434003,-0.0908797046121683,0.00642144080306987,SWI,SSC,1,1,3,,"",
2020-08-11,2020-08-26,warm,SWI1E+1.res1.SSC3,0.41433657021305,0.414763996014469,0.273228188639646,0.252178782890589,SWI,SSC,1,1,3,,"",
2020-09-01,2020-09-20,warm,SWI1E+1.res1.SSC3,0.376666359584093,0.388843458518331,0.200290226412476,0.177362042229012,SWI,SSC,1,1,3,,"",
2020-09-27,2020-10-17,cool,SWI1E+1.res1.SSC3,0.24380730515299,0.259316295108009,-0.0708499343938754,-0.108306331626534,SWI,SSC,1,1,3,,"",
2021-03-25,2021-04-06,cool,SWI1E+1.res1.SSC3,0.339371789081032,0.422236741692068,0.180634362500041,0.237539476914829,SWI,SSC,1,1,3,,"",
2021-09-05,2021-09-20,warm,SWI1E+1.res1.SSC3,0.438353141308373,0.503857855989201,0.353116314603987,0.379499057072836,SWI,SSC,1,1,3,,"",
2017-08-27,2017-09-16,warm,SWI1E+1.res1.SSC4,0.58918967125649,0.607753348638157,0.38805969492298,0.342191270195993,SWI,SSC,1,1,4,,"",
2017-11-29,2017-12-14,cool,SWI1E+1.res1.SSC4,0.518238412843927,0.603537861589394,0.387063942435555,0.409904882565194,SWI,SSC,1,1,4,,"",
2017-12-22,2018-01-20,cool,SWI1E+1.res1.SSC4,0.26259171657576,0.297786054416055,-0.0663926734370774,-0.131051984742058,SWI,SSC,1,1,4,,"",
2018-05-25,2018-06-07,warm,SWI1E+1.res1.SSC4,0.372873806951246,0.381185723773332,0.218978248631695,0.127498400920127,SWI,SSC,1,1,4,,"",
2019-03-30,2019-04-12,cool,SWI1E+1.res1.SSC4,0.506511898292734,0.627359796262789,0.274428787255079,0.350566009796986,SWI,SSC,1,1,4,,"",
2019-08-23,2019-09-13,warm,SWI1E+1.res1.SSC4,0.281430191539273,0.370400109652924,-0.144686215614596,-0.0418328531254706,SWI,SSC,1,1,4,,"",
2020-08-11,2020-08-26,warm,SWI1E+1.res1.SSC4,0.398578741663971,0.39876336001515,0.234112629796648,0.212756963439653,SWI,SSC,1,1,4,,"",
2020-09-01,2020-09-20,warm,SWI1E+1.res1.SSC4,0.355973160405749,0.368861178654074,0.150225909375467,0.125744382679838,SWI,SSC,1,1,4,,"",
2020-09-27,2020-10-17,cool,SWI1E+1.res1.SSC4,0.219602118105854,0.237318436020499,-0.136978236771352,-0.170045945328736,SWI,SSC,1,1,4,,"",
2021-03-25,2021-04-06,cool,SWI1E+1.res1.SSC4,0.344518552906988,0.424989267533022,0.186186013526026,0.240546612228022,SWI,SSC,1,1,4,,"",
2021-09-05,2021-09-20,warm,SWI1E+1.res1.SSC4,0.411284688095271,0.481224912576453,0.313904608536867,0.342536879425564,SWI,SSC,1,1,4,,"",
2017-08-27,2017-09-16,warm,SWI1E+1.res1.SSC5,0.580647992481524,0.600998650642159,0.38097131646597,0.335679803747516,SWI,SSC,1,1,5,,"",
2017-11-29,2017-12-14,cool,SWI1E+1.res1.SSC5,0.522619814168643,0.604885443420506,0.396426485517412,0.413635067990939,SWI,SSC,1,1,5,,"",
2017-12-22,2018-01-20,cool,SWI1E+1.res1.SSC5,0.271910686364618,0.304937586547459,-0.0460934210323089,-0.112367214956208,SWI,SSC,1,1,5,,"",
2018-05-25,2018-06-07,warm,SWI1E+1.res1.SSC5,0.377568277692793,0.387385992931868,0.229093773757954,0.143084680328656,SWI,SSC,1,1,5,,"",
2019-03-30,2019-04-12,cool,SWI1E+1.res1.SSC5,0.526909186124812,0.647127849477386,0.305063191335319,0.381044307702707,SWI,SSC,1,1,5,,"",
2019-08-23,2019-09-13,warm,SWI1E+1.res1.SSC5,0.286834584451872,0.372279423466754,-0.137597273224288,-0.0401830607348052,SWI,SSC,1,1,5,,"",
2020-08-11,2020-08-26,warm,SWI1E+1.res1.SSC5,0.398195864953284,0.398251644184916,0.230701948119676,0.210629101240866,SWI,SSC,1,1,5,,"",
2020-09-01,2020-09-20,warm,SWI1E+1.res1.SSC5,0.350960442748258,0.363042372773237,0.141792951215574,0.116328241355196,SWI,SSC,1,1,5,,"",
2020-09-27,2020-10-17,cool,SWI1E+1.res1.SSC5,0.208016384388759,0.22626883052766,-0.155162453278675,-0.186801106489585,SWI,SSC,1,1,5,,"",
2021-03-25,2021-04-06,cool,SWI1E+1.res1.SSC5,0.345179889879967,0.426631300684384,0.186233770586965,0.242789859267636,SWI,SSC,1,1,5,,"",
2021-09-05,2021-09-20,warm,SWI1E+1.res1.SSC5,0.390042020240343,0.466853325981973,0.283208190043196,0.320882950964199,SWI,SSC,1,1,5,,"",
2017-08-27,2017-09-16,warm,SWI1E+1.res1.SSC7,0.517946245854218,0.540577712486229,0.307636519663135,0.256457823009836,SWI,SSC,1,1,7,,"",
2017-11-29,2017-12-14,cool,SWI1E+1.res1.SSC7,0.515845014231849,0.597705465513601,0.387973088546928,0.398014258870887,SWI,SSC,1,1,7,,"",
2017-12-22,2018-01-20,cool,SWI1E+1.res1.SSC7,0.251538250649509,0.286356890198838,-0.0931440862938664,-0.158072276304359,SWI,SSC,1,1,7,,"",
2018-05-25,2018-06-07,warm,SWI1E+1.res1.SSC7,0.392490525181762,0.403347124977329,0.25077988920369,0.166989011013701,SWI,SSC,1,1,7,,"",
2019-03-30,2019-04-12,cool,SWI1E+1.res1.SSC7,0.511112355001827,0.634878624540988,0.25541685147283,0.333224608728439,SWI,SSC,1,1,7,,"",
2019-08-23,2019-09-13,warm,SWI1E+1.res1.SSC7,0.215552197131601,0.323216504428865,-0.254899975426031,-0.124609088277981,SWI,SSC,1,1,7,,"",
2020-08-11,2020-08-26,warm,SWI1E+1.res1.SSC7,0.38386204810026,0.383907440809335,0.175325464484725,0.155744045229023,SWI,SSC,1,1,7,,"",
2020-09-01,2020-09-20,warm,SWI1E+1.res1.SSC7,0.352191729857211,0.361631629394761,0.103201914934101,0.0767668694006257,SWI,SSC,1,1,7,,"",
2020-09-27,2020-10-17,cool,SWI1E+1.res1.SSC7,0.216269761270581,0.231081826078445,-0.191243880858215,-0.221291807199325,SWI,SSC,1,1,7,,"",
2021-03-25,2021-04-06,cool,SWI1E+1.res1.SSC7,0.319481442012046,0.403589210430346,0.141185567673292,0.203926942362574,SWI,SSC,1,1,7,,"",
2021-09-05,2021-09-20,warm,SWI1E+1.res1.SSC7,0.364604484220318,0.44429507292725,0.238254623212469,0.28288718570364,SWI,SSC,1,1,7,,"",
2017-08-27,2017-09-16,warm,SWI1E+1.res10.NFNW,0.22974348487213,0.281590406416473,-0.367689474749917,-0.288268815780675,SWI,NFNW,10,1,,,"",
2017-11-29,2017-12-14,cool,SWI1E+1.res10.NFNW,0.515411526551639,0.585931161285715,0.379116680118793,0.397477526886123,SWI,NFNW,10,1,,,"",
2017-12-22,2018-01-20,cool,SWI1E+1.res10.NFNW,0.164691437188187,0.205372288974177,-0.414939773802976,-0.438571535493989,SWI,NFNW,10,1,,,"",
2018-05-25,2018-06-07,warm,SWI1E+1.res10.NFNW,0.466571021716949,0.481198913407393,0.369204402058496,0.286874370964045,SWI,NFNW,10,1,,,"",
2019-03-30,2019-04-12,cool,SWI1E+1.res10.NFNW,0.504429448502858,0.648473340480342,0.206938905041741,0.341591765612627,SWI,NFNW,10,1,,,"",
2019-08-23,2019-09-13,warm,SWI1E+1.res10.NFNW,0.036767704017873,0.254239525386254,-0.645856220913248,-0.238015615631143,SWI,NFNW,10,1,,,"",
2020-08-11,2020-08-26,warm,SWI1E+1.res10.NFNW,0.247401057003935,0.24746493902184,-0.125806043191708,-0.151745662878471,SWI,NFNW,10,1,,,"",
2020-09-01,2020-09-20,warm,SWI1E+1.res10.NFNW,0.285811761928421,0.296535332461417,-0.0299141710185593,-0.0529521835934014,SWI,NFNW,10,1,,,"",
2020-09-27,2020-10-17,cool,SWI1E+1.res10.NFNW,0.18373870508892,0.199555701614984,-0.255599171231219,-0.279306023661304,SWI,NFNW,10,1,,,"",
2021-03-25,2021-04-06,cool,SWI1E+1.res10.NFNW,0.321327080000149,0.41620579252249,0.141184552570741,0.209069883658929,SWI,NFNW,10,1,,,"",
2021-09-05,2021-09-20,warm,SWI1E+1.res10.NFNW,0.19644536823331,0.351986703912468,-0.0524973942486211,0.143852721367216,SWI,NFNW,10,1,,,"",
2017-08-27,2017-09-16,warm,SWI1E+1.res2.NFNW,0.434512950286042,0.466724048185493,0.18245139170613,0.141925490972496,SWI,NFNW,2,1,,,"",
2017-11-29,2017-12-14,cool,SWI1E+1.res2.NFNW,0.50749708388343,0.579101651345291,0.348885747480378,0.368872693803557,SWI,NFNW,2,1,,,"",
2017-12-22,2018-01-20,cool,SWI1E+1.res2.NFNW,0.222877533708741,0.257055123895615,-0.191316573095259,-0.260928725297763,SWI,NFNW,2,1,,,"",
2018-05-25,2018-06-07,warm,SWI1E+1.res2.NFNW,0.420123283183263,0.42975429379592,0.292679559048394,0.206142792424893,SWI,NFNW,2,1,,,"",
2019-03-30,2019-04-12,cool,SWI1E+1.res2.NFNW,0.539472453985688,0.663252053505943,0.316722043788819,0.395318888098514,SWI,NFNW,2,1,,,"",
2019-08-23,2019-09-13,warm,SWI1E+1.res2.NFNW,0.110232388604064,0.266865587247821,-0.466879875061215,-0.213640075722002,SWI,NFNW,2,1,,,"",
2020-08-11,2020-08-26,warm,SWI1E+1.res2.NFNW,0.327789765759139,0.327835579693393,0.0380471702046801,0.00952287509663192,SWI,NFNW,2,1,,,"",
2020-09-01,2020-09-20,warm,SWI1E+1.res2.NFNW,0.340602382511494,0.349919990778976,0.0508133550186314,0.0291444361395521,SWI,NFNW,2,1,,,"",
2020-09-27,2020-10-17,cool,SWI1E+1.res2.NFNW,0.23592526227907,0.24753714503202,-0.1762727084352,-0.207806464961021,SWI,NFNW,2,1,,,"",
2021-03-25,2021-04-06,cool,SWI1E+1.res2.NFNW,0.270141530734238,0.365723915330692,0.0539096210406979,0.141940584106818,SWI,NFNW,2,1,,,"",
2021-09-05,2021-09-20,warm,SWI1E+1.res2.NFNW,0.352863611078838,0.435246580283543,0.21018106923265,0.265466318850514,SWI,NFNW,2,1,,,"",
2017-08-27,2017-09-16,warm,SWI1E+1.res3.NFNW,0.333546663773218,0.371813601937196,0.00183617145148573,-0.0259930371215243,SWI,NFNW,3,1,,,"",
2017-11-29,2017-12-14,cool,SWI1E+1.res3.NFNW,0.505873921369672,0.57933986344399,0.358981187792669,0.37278673987066,SWI,NFNW,3,1,,,"",
2017-12-22,2018-01-20,cool,SWI1E+1.res3.NFNW,0.191220436375236,0.230071174723307,-0.303017040683866,-0.355653705712023,SWI,NFNW,3,1,,,"",
2018-05-25,2018-06-07,warm,SWI1E+1.res3.NFNW,0.430320232073168,0.441487969353422,0.303132835962193,0.21298049479202,SWI,NFNW,3,1,,,"",
2019-03-30,2019-04-12,cool,SWI1E+1.res3.NFNW,0.475851776562772,0.613193835520382,0.20287791212932,0.303970517911749,SWI,NFNW,3,1,,,"",
2019-08-23,2019-09-13,warm,SWI1E+1.res3.NFNW,0.0292276315512436,0.249007538446452,-0.654580808116507,-0.238416485015246,SWI,NFNW,3,1,,,"",
2020-08-11,2020-08-26,warm,SWI1E+1.res3.NFNW,0.285275425129697,0.285283417859304,-0.0581953220093355,-0.087718831194924,SWI,NFNW,3,1,,,"",
2020-09-01,2020-09-20,warm,SWI1E+1.res3.NFNW,0.318001633921445,0.32785348674279,0.00118237636649022,-0.022156933982713,SWI,NFNW,3,1,,,"",
2020-09-27,2020-10-17,cool,SWI1E+1.res3.NFNW,0.223699311408301,0.235600777337787,-0.210680517482362,-0.241777175860246,SWI,NFNW,3,1,,,"",
2021-03-25,2021-04-06,cool,SWI1E+1.res3.NFNW,0.257546802068609,0.35571276774985,0.0454849812617931,0.135492348794527,SWI,NFNW,3,1,,,"",
2021-09-05,2021-09-20,warm,SWI1E+1.res3.NFNW,0.25774083117666,0.377549641476063,0.0740554448999645,0.187010089664865,SWI,NFNW,3,1,,,"",
2017-08-27,2017-09-16,warm,SWI1E+1.res4.NFNW,0.239626231449504,0.293420736779005,-0.33310992014032,-0.251594359153523,SWI,NFNW,4,1,,,"",
2017-11-29,2017-12-14,cool,SWI1E+1.res4.NFNW,0.521263477772518,0.58238287819041,0.382969554682309,0.387050646297168,SWI,NFNW,4,1,,,"",
2017-12-22,2018-01-20,cool,SWI1E+1.res4.NFNW,0.179886198577861,0.21651304684967,-0.377855983939133,-0.416563761272178,SWI,NFNW,4,1,,,"",
2018-05-25,2018-06-07,warm,SWI1E+1.res4.NFNW,0.460066133467652,0.475048094821899,0.353114675410654,0.265622431214603,SWI,NFNW,4,1,,,"",
2019-03-30,2019-04-12,cool,SWI1E+1.res4.NFNW,0.460659581119837,0.613468876755379,0.167526593574957,0.302737298201304,SWI,NFNW,4,1,,,"",
2019-08-23,2019-09-13,warm,SWI1E+1.res4.NFNW,0.0274672577759327,0.252232539999638,-0.693745552435322,-0.236851878142279,SWI,NFNW,4,1,,,"",
2020-08-11,2020-08-26,warm,SWI1E+1.res4.NFNW,0.256502062046703,0.256624506519454,-0.111261831885089,-0.137527390676343,SWI,NFNW,4,1,,,"",
2020-09-01,2020-09-20,warm,SWI1E+1.res4.NFNW,0.297079542833985,0.305999959083028,-0.0208169467636372,-0.0462631872725964,SWI,NFNW,4,1,,,"",
2020-09-27,2020-10-17,cool,SWI1E+1.res4.NFNW,0.202785771226864,0.214923504804391,-0.234101132581375,-0.263605974236065,SWI,NFNW,4,1,,,"",
2021-03-25,2021-04-06,cool,SWI1E+1.res4.NFNW,0.237630442409092,0.344463967181155,0.00441857590667341,0.112086913051892,SWI,NFNW,4,1,,,"",
2021-09-05,2021-09-20,warm,SWI1E+1.res4.NFNW,0.201758852467655,0.355635856121467,-0.0334196232891675,0.153323614411474,SWI,NFNW,4,1,,,"",
2017-08-27,2017-09-16,warm,SWI1E+1.res5.NFNW,0.252372802551161,0.306333695543192,-0.306586153149815,-0.228079272211761,SWI,NFNW,5,1,,,"",
2017-11-29,2017-12-14,cool,SWI1E+1.res5.NFNW,0.526783668908631,0.582909332844414,0.393142234609444,0.392952483717363,SWI,NFNW,5,1,,,"",
2017-12-22,2018-01-20,cool,SWI1E+1.res5.NFNW,0.184602903971017,0.218629045445662,-0.373514079609705,-0.417411060520139,SWI,NFNW,5,1,,,"",
2018-05-25,2018-06-07,warm,SWI1E+1.res5.NFNW,0.452971734716694,0.469401791285448,0.346254967893059,0.262435746510221,SWI,NFNW,5,1,,,"",
2019-03-30,2019-04-12,cool,SWI1E+1.res5.NFNW,0.459560562015763,0.616816886789175,0.182607608099048,0.322419123557297,SWI,NFNW,5,1,,,"",
2019-08-23,2019-09-13,warm,SWI1E+1.res5.NFNW,0.00776360013355694,0.24997364949209,-0.701644305583544,-0.25124302357199,SWI,NFNW,5,1,,,"",
2020-08-11,2020-08-26,warm,SWI1E+1.res5.NFNW,0.24495077338727,0.244999560556421,-0.137348635807384,-0.16337138183305,SWI,NFNW,5,1,,,"",
2020-09-01,2020-09-20,warm,SWI1E+1.res5.NFNW,0.289929500744825,0.298842271492712,-0.0347517478167234,-0.0585901738285028,SWI,NFNW,5,1,,,"",
2020-09-27,2020-10-17,cool,SWI1E+1.res5.NFNW,0.200466058202914,0.212318732002383,-0.238569891404838,-0.266623194365433,SWI,NFNW,5,1,,,"",
2021-03-25,2021-04-06,cool,SWI1E+1.res5.NFNW,0.255728445050634,0.361442146305201,0.0375098841225123,0.135335948912833,SWI,NFNW,5,1,,,"",
2021-09-05,2021-09-20,warm,SWI1E+1.res5.NFNW,0.191138406238607,0.35254912890566,-0.0486364438819214,0.149270872752948,SWI,NFNW,5,1,,,"",
2017-08-27,2017-09-16,warm,SWI1E+1.res7.NFNW,0.231005435894251,0.288132249770089,-0.380151669967994,-0.275807313918495,SWI,NFNW,7,1,,,"",
2017-11-29,2017-12-14,cool,SWI1E+1.res7.NFNW,0.515910561546924,0.575110621327334,0.372116804375727,0.374391693311233,SWI,NFNW,7,1,,,"",
2017-12-22,2018-01-20,cool,SWI1E+1.res7.NFNW,0.167765743473785,0.204509903595383,-0.424422415859046,-0.452964052771351,SWI,NFNW,7,1,,,"",
2018-05-25,2018-06-07,warm,SWI1E+1.res7.NFNW,0.460669649947303,0.477870200172565,0.357671202792008,0.277026757955465,SWI,NFNW,7,1,,,"",
2019-03-30,2019-04-12,cool,SWI1E+1.res7.NFNW,0.471337417764062,0.628891752890827,0.173009482317756,0.323273821365074,SWI,NFNW,7,1,,,"",
2019-08-23,2019-09-13,warm,SWI1E+1.res7.NFNW,0.0340706905530031,0.254931429415856,-0.674845649457693,-0.240835509315342,SWI,NFNW,7,1,,,"",
2020-08-11,2020-08-26,warm,SWI1E+1.res7.NFNW,0.240435929536836,0.240554098773429,-0.150007210344761,-0.174109933665027,SWI,NFNW,7,1,,,"",
2020-09-01,2020-09-20,warm,SWI1E+1.res7.NFNW,0.287064105230014,0.295963445619602,-0.0380793537567419,-0.0618966232284322,SWI,NFNW,7,1,,,"",
2020-09-27,2020-10-17,cool,SWI1E+1.res7.NFNW,0.193926111404963,0.206497585415191,-0.246043904212166,-0.273548479779798,SWI,NFNW,7,1,,,"",
2021-03-25,2021-04-06,cool,SWI1E+1.res7.NFNW,0.271227112370075,0.374654130291869,0.0570715702475653,0.15041857875044,SWI,NFNW,7,1,,,"",
2021-09-05,2021-09-20,warm,SWI1E+1.res7.NFNW,0.193216878407214,0.352630408648599,-0.0535591468738476,0.147720836384585,SWI,NFNW,7,1,,,"",
2017-08-27,2017-09-16,warm,SWI1E+16.res1.gauss_0.5sigma,0.348429680918753,0.358381782602223,0.137991485969983,0.0436524862185417,SWI,gauss,1,16,,0.5,"",
2017-11-29,2017-12-14,cool,SWI1E+16.res1.gauss_0.5sigma,0.470097609626107,0.625952803228604,0.290859188141147,0.46311896877515,SWI,gauss,1,16,,0.5,"",
2017-12-22,2018-01-20,cool,SWI1E+16.res1.gauss_0.5sigma,0.53426174222913,0.571774531027553,0.456351355188955,0.443018538313074,SWI,gauss,1,16,,0.5,"",
2018-05-25,2018-06-07,warm,SWI1E+16.res1.gauss_0.5sigma,0.241898851172517,0.257690738578821,-0.525391491301035,-0.573974221226962,SWI,gauss,1,16,,0.5,"",
2019-03-30,2019-04-12,cool,SWI1E+16.res1.gauss_0.5sigma,0.441930165999265,0.577801693994051,0.20604809244997,0.353348929469797,SWI,gauss,1,16,,0.5,"",
2019-08-23,2019-09-13,warm,SWI1E+16.res1.gauss_0.5sigma,0.435006344731158,0.51522862270881,-0.245767136972388,-0.115580067326495,SWI,gauss,1,16,,0.5,"",
2020-08-11,2020-08-26,warm,SWI1E+16.res1.gauss_0.5sigma,0.137149616298721,0.148737541813323,-0.492521693740317,-0.512470091596866,SWI,gauss,1,16,,0.5,"",
2020-09-01,2020-09-20,warm,SWI1E+16.res1.gauss_0.5sigma,0.112280788973338,0.197292412240991,-0.438810386430841,-0.161021745241115,SWI,gauss,1,16,,0.5,"",
2020-09-27,2020-10-17,cool,SWI1E+16.res1.gauss_0.5sigma,0.0436841399583129,0.123325683142042,-0.583560356704105,-0.316461394136008,SWI,gauss,1,16,,0.5,"",
2021-03-25,2021-04-06,cool,SWI1E+16.res1.gauss_0.5sigma,0.44301006663315,0.500789801078167,0.377754322637356,0.383978668413623,SWI,gauss,1,16,,0.5,"",
2021-09-05,2021-09-20,warm,SWI1E+16.res1.gauss_0.5sigma,0.0508446322627832,0.348722605378118,-0.577078247649402,0.0841798586412047,SWI,gauss,1,16,,0.5,"",
2017-08-27,2017-09-16,warm,SWI1E+16.res1.gauss_1.0sigma,0.485876895812555,0.487212787002169,0.246394995830977,0.222056958033067,SWI,gauss,1,16,,1,"",
2017-11-29,2017-12-14,cool,SWI1E+16.res1.gauss_1.0sigma,0.371437667975685,0.554322136420033,-0.232753960892392,0.311225516012708,SWI,gauss,1,16,,1,"",
2017-12-22,2018-01-20,cool,SWI1E+16.res1.gauss_1.0sigma,0.495255082050814,0.545623487383155,0.408170132075651,0.416474014819269,SWI,gauss,1,16,,1,"",
2018-05-25,2018-06-07,warm,SWI1E+16.res1.gauss_1.0sigma,0.504516159330075,0.508913386189423,0.420865616065914,0.370877136834015,SWI,gauss,1,16,,1,"",
2019-03-30,2019-04-12,cool,SWI1E+16.res1.gauss_1.0sigma,0.617407315636574,0.677351754939138,0.460136514118192,0.498282486305843,SWI,gauss,1,16,,1,"",
2019-08-23,2019-09-13,warm,SWI1E+16.res1.gauss_1.0sigma,0.119123501897794,0.308833388452366,-0.492923683911219,-0.101065404157571,SWI,gauss,1,16,,1,"",
2020-08-11,2020-08-26,warm,SWI1E+16.res1.gauss_1.0sigma,0.165184155071296,0.179771814499464,-0.417582624316903,-0.399197005324609,SWI,gauss,1,16,,1,"",
2020-09-01,2020-09-20,warm,SWI1E+16.res1.gauss_1.0sigma,0.12167193495753,0.205980423108505,-0.444178044736042,-0.16554049882195,SWI,gauss,1,16,,1,"",
2020-09-27,2020-10-17,cool,SWI1E+16.res1.gauss_1.0sigma,0.0277761004430098,0.120488783590739,-0.656959834199591,-0.344189222682515,SWI,gauss,1,16,,1,"",
2021-03-25,2021-04-06,cool,SWI1E+16.res1.gauss_1.0sigma,0.40142199919512,0.446190758776364,0.326980775501062,0.330670278901906,SWI,gauss,1,16,,1,"",
2021-09-05,2021-09-20,warm,SWI1E+16.res1.gauss_1.0sigma,0.095473222603103,0.334525239751673,-0.247791934698155,0.0929857373843509,SWI,gauss,1,16,,1,"",
2017-08-27,2017-09-16,warm,SWI1E+16.res1.gauss_1.5sigma,0.551171905894571,0.551260370313178,0.274289701381766,0.254077182617974,SWI,gauss,1,16,,1.5,"",
2017-11-29,2017-12-14,cool,SWI1E+16.res1.gauss_1.5sigma,0.440124315627048,0.626729674405797,0.287468778344344,0.499951468828939,SWI,gauss,1,16,,1.5,"",
2017-12-22,2018-01-20,cool,SWI1E+16.res1.gauss_1.5sigma,0.512580286803089,0.570630166442755,0.423043228501389,0.437492091723109,SWI,gauss,1,16,,1.5,"",
2018-05-25,2018-06-07,warm,SWI1E+16.res1.gauss_1.5sigma,0.471136127396715,0.476324358216466,0.391327525421709,0.326582109055682,SWI,gauss,1,16,,1.5,"",
2019-03-30,2019-04-12,cool,SWI1E+16.res1.gauss_1.5sigma,0.649354582459274,0.713715613732357,0.524025157673016,0.544757713434271,SWI,gauss,1,16,,1.5,"",
2019-08-23,2019-09-13,warm,SWI1E+16.res1.gauss_1.5sigma,0.36302620041099,0.490901138460363,-0.117296695684765,0.070427528663753,SWI,gauss,1,16,,1.5,"",
2020-08-11,2020-08-26,warm,SWI1E+16.res1.gauss_1.5sigma,0.212021144461105,0.223770103982774,-0.153069471318505,-0.151964903838812,SWI,gauss,1,16,,1.5,"",
2020-09-01,2020-09-20,warm,SWI1E+16.res1.gauss_1.5sigma,0.139724226563635,0.21685272982374,-0.340086986384794,-0.133331896924233,SWI,gauss,1,16,,1.5,"",
2020-09-27,2020-10-17,cool,SWI1E+16.res1.gauss_1.5sigma,0.0239739300770075,0.120370975913053,-0.642193964004502,-0.341368206229184,SWI,gauss,1,16,,1.5,"",
2021-03-25,2021-04-06,cool,SWI1E+16.res1.gauss_1.5sigma,0.452198019427472,0.489923411483138,0.36367564278172,0.360981607848105,SWI,gauss,1,16,,1.5,"",
2021-09-05,2021-09-20,warm,SWI1E+16.res1.gauss_1.5sigma,0.160692362560572,0.347575080918253,-0.123938031992867,0.082841353928521,SWI,gauss,1,16,,1.5,"",
2017-08-27,2017-09-16,warm,SWI1E+16.res1.gauss_2.0sigma,0.630141567235133,0.630205907702055,0.342379708717241,0.318778804210133,SWI,gauss,1,16,,2,"",
2017-11-29,2017-12-14,cool,SWI1E+16.res1.gauss_2.0sigma,0.522277352306041,0.69081386908061,0.445811949158951,0.588158946707995,SWI,gauss,1,16,,2,"",
2017-12-22,2018-01-20,cool,SWI1E+16.res1.gauss_2.0sigma,0.559411225753617,0.614806357827957,0.478235727478795,0.494250569618125,SWI,gauss,1,16,,2,"",
2018-05-25,2018-06-07,warm,SWI1E+16.res1.gauss_2.0sigma,0.468108520779983,0.474337710375369,0.349738029625274,0.28507231658275,SWI,gauss,1,16,,2,"",
2019-03-30,2019-04-12,cool,SWI1E+16.res1.gauss_2.0sigma,0.665964548009272,0.744558659501749,0.519676617920316,0.555160589513836,SWI,gauss,1,16,,2,"",
2019-08-23,2019-09-13,warm,SWI1E+16.res1.gauss_2.0sigma,0.531010532176914,0.618546979197215,0.308558626102877,0.346787862768081,SWI,gauss,1,16,,2,"",
2020-08-11,2020-08-26,warm,SWI1E+16.res1.gauss_2.0sigma,0.282178555747049,0.291844153327704,0.0894116600081354,0.074724297744674,SWI,gauss,1,16,,2,"",
2020-09-01,2020-09-20,warm,SWI1E+16.res1.gauss_2.0sigma,0.190310401422846,0.250872273915314,-0.088003975028663,-0.0295453550729354,SWI,gauss,1,16,,2,"",
2020-09-27,2020-10-17,cool,SWI1E+16.res1.gauss_2.0sigma,0.0109879918469321,0.122036368210303,-0.580569115354643,-0.317667923379497,SWI,gauss,1,16,,2,"",
2021-03-25,2021-04-06,cool,SWI1E+16.res1.gauss_2.0sigma,0.472949077630902,0.511086335103839,0.388526476995703,0.383963254885879,SWI,gauss,1,16,,2,"",
2021-09-05,2021-09-20,warm,SWI1E+16.res1.gauss_2.0sigma,0.245496193097042,0.382243725724567,0.00161531018137485,0.12357178849158,SWI,gauss,1,16,,2,"",
2017-08-27,2017-09-16,warm,SWI1E+16.res1.gauss_2.5sigma,0.660643061008264,0.660705750246097,0.377144233509218,0.350833405092956,SWI,gauss,1,16,,2.5,"",
2017-11-29,2017-12-14,cool,SWI1E+16.res1.gauss_2.5sigma,0.52554282148401,0.688250061960511,0.438657852672573,0.578463148536097,SWI,gauss,1,16,,2.5,"",
2017-12-22,2018-01-20,cool,SWI1E+16.res1.gauss_2.5sigma,0.557461607457203,0.614006404885505,0.488175989656337,0.505556773899582,SWI,gauss,1,16,,2.5,"",
2018-05-25,2018-06-07,warm,SWI1E+16.res1.gauss_2.5sigma,0.445676514666405,0.45128498322441,0.265931929898572,0.194716963883909,SWI,gauss,1,16,,2.5,"",
2019-03-30,2019-04-12,cool,SWI1E+16.res1.gauss_2.5sigma,0.647568651408105,0.730268889911959,0.473760269330437,0.512157659602583,SWI,gauss,1,16,,2.5,"",
2019-08-23,2019-09-13,warm,SWI1E+16.res1.gauss_2.5sigma,0.571855063446174,0.651068084530428,0.375604214332449,0.412435695673475,SWI,gauss,1,16,,2.5,"",
2020-08-11,2020-08-26,warm,SWI1E+16.res1.gauss_2.5sigma,0.331907338841242,0.341541215025251,0.21199443953449,0.198560153291363,SWI,gauss,1,16,,2.5,"",
2020-09-01,2020-09-20,warm,SWI1E+16.res1.gauss_2.5sigma,0.242434619930125,0.29255382326306,0.0797295791582009,0.0905781976525069,SWI,gauss,1,16,,2.5,"",
2020-09-27,2020-10-17,cool,SWI1E+16.res1.gauss_2.5sigma,0.0659455858062328,0.141447078426251,-0.328426287191753,-0.237398307144341,SWI,gauss,1,16,,2.5,"",
2021-03-25,2021-04-06,cool,SWI1E+16.res1.gauss_2.5sigma,0.467984082376174,0.50855690073395,0.389951607355718,0.3854385877135,SWI,gauss,1,16,,2.5,"",
2021-09-05,2021-09-20,warm,SWI1E+16.res1.gauss_2.5sigma,0.303224909791645,0.411361977429441,0.106793878044807,0.178182138929691,SWI,gauss,1,16,,2.5,"",
2017-08-27,2017-09-16,warm,SWI1E+16.res1.gauss_3.5sigma,0.706033359259489,0.70604690213366,0.430763696482125,0.403057711560435,SWI,gauss,1,16,,3.5,"",
2017-11-29,2017-12-14,cool,SWI1E+16.res1.gauss_3.5sigma,0.498151918961911,0.657350882231795,0.361791750716681,0.502812375781769,SWI,gauss,1,16,,3.5,"",
2017-12-22,2018-01-20,cool,SWI1E+16.res1.gauss_3.5sigma,0.544517529408044,0.603476780403868,0.485155552695714,0.504789588161242,SWI,gauss,1,16,,3.5,"",
2018-05-25,2018-06-07,warm,SWI1E+16.res1.gauss_3.5sigma,0.411097695418044,0.415367981598873,0.158197337718462,0.0854963871197809,SWI,gauss,1,16,,3.5,"",
2019-03-30,2019-04-12,cool,SWI1E+16.res1.gauss_3.5sigma,0.601066238644631,0.686650045759136,0.41288815796432,0.448096124261791,SWI,gauss,1,16,,3.5,"",
2019-08-23,2019-09-13,warm,SWI1E+16.res1.gauss_3.5sigma,0.585005739846131,0.663023165803859,0.416673274286043,0.455515191275586,SWI,gauss,1,16,,3.5,"",
2020-08-11,2020-08-26,warm,SWI1E+16.res1.gauss_3.5sigma,0.391878261874188,0.403667629880169,0.307248878695156,0.300436732750435,SWI,gauss,1,16,,3.5,"",
2020-09-01,2020-09-20,warm,SWI1E+16.res1.gauss_3.5sigma,0.309964763015291,0.352366946206704,0.197195352025272,0.207316242568899,SWI,gauss,1,16,,3.5,"",
2020-09-27,2020-10-17,cool,SWI1E+16.res1.gauss_3.5sigma,0.144390193500385,0.194478922499009,-0.0923483892985128,-0.109261544908013,SWI,gauss,1,16,,3.5,"",
2021-03-25,2021-04-06,cool,SWI1E+16.res1.gauss_3.5sigma,0.440745135582022,0.488890981593744,0.372918627110254,0.374250165783419,SWI,gauss,1,16,,3.5,"",
2021-09-05,2021-09-20,warm,SWI1E+16.res1.gauss_3.5sigma,0.346025896106849,0.438601849578244,0.197810787162109,0.235508544734206,SWI,gauss,1,16,,3.5,"",
2017-08-27,2017-09-16,warm,SWI1E+16.res1.gauss_5.0sigma,0.744227425322526,0.74424614384901,0.500588545070285,0.468555514300216,SWI,gauss,1,16,,5,"",
2017-11-29,2017-12-14,cool,SWI1E+16.res1.gauss_5.0sigma,0.509994685535043,0.665242847920984,0.359451110197864,0.48560051670055,SWI,gauss,1,16,,5,"",
2017-12-22,2018-01-20,cool,SWI1E+16.res1.gauss_5.0sigma,0.554494804002969,0.612589084703761,0.497376682252457,0.513385809478861,SWI,gauss,1,16,,5,"",
2018-05-25,2018-06-07,warm,SWI1E+16.res1.gauss_5.0sigma,0.415566924679428,0.419555087560956,0.162319042603175,0.101244494892687,SWI,gauss,1,16,,5,"",
2019-03-30,2019-04-12,cool,SWI1E+16.res1.gauss_5.0sigma,0.581869022529212,0.672959048885284,0.403463619865658,0.4417198117256,SWI,gauss,1,16,,5,"",
2019-08-23,2019-09-13,warm,SWI1E+16.res1.gauss_5.0sigma,0.588105312841655,0.660278217078803,0.453550552704678,0.469155958722714,SWI,gauss,1,16,,5,"",
2020-08-11,2020-08-26,warm,SWI1E+16.res1.gauss_5.0sigma,0.437675797827889,0.447805139611805,0.356070376388648,0.347978306648574,SWI,gauss,1,16,,5,"",
2020-09-01,2020-09-20,warm,SWI1E+16.res1.gauss_5.0sigma,0.330319018908696,0.371076884575682,0.218878353370972,0.229961350279059,SWI,gauss,1,16,,5,"",
2020-09-27,2020-10-17,cool,SWI1E+16.res1.gauss_5.0sigma,0.149809907605806,0.198809996351955,-0.0808377082997599,-0.103406770716619,SWI,gauss,1,16,,5,"",
2021-03-25,2021-04-06,cool,SWI1E+16.res1.gauss_5.0sigma,0.339884290721106,0.394514193743385,0.237254667189029,0.219234433219633,SWI,gauss,1,16,,5,"",
2021-09-05,2021-09-20,warm,SWI1E+16.res1.gauss_5.0sigma,0.365293293125704,0.457543819791558,0.238265846269036,0.274518328399856,SWI,gauss,1,16,,5,"",
2017-08-27,2017-09-16,warm,SWI1E+16.res1.NFNW,0.377015053982704,0.383454595498322,0.162548487830952,0.0980330626638945,SWI,NFNW,1,16,,,"",
2017-11-29,2017-12-14,cool,SWI1E+16.res1.NFNW,0.40946976799377,0.584442264646362,0.0579073127738187,0.357311854206994,SWI,NFNW,1,16,,,"",
2017-12-22,2018-01-20,cool,SWI1E+16.res1.NFNW,0.520657195994364,0.564103147878242,0.423177130857154,0.420966544663331,SWI,NFNW,1,16,,,"",
2018-05-25,2018-06-07,warm,SWI1E+16.res1.NFNW,0.349557923394092,0.361242342885405,-0.032921564085705,-0.149478905965457,SWI,NFNW,1,16,,,"",
2019-03-30,2019-04-12,cool,SWI1E+16.res1.NFNW,0.554475636637522,0.658312959658424,0.331889152472501,0.436851386753164,SWI,NFNW,1,16,,,"",
2019-08-23,2019-09-13,warm,SWI1E+16.res1.NFNW,0.327690501191791,0.434127347790986,-0.261474597438732,-0.0938146640130835,SWI,NFNW,1,16,,,"",
2020-08-11,2020-08-26,warm,SWI1E+16.res1.NFNW,0.127855169100357,0.138855942476958,-0.571360621777249,-0.562406548561639,SWI,NFNW,1,16,,,"",
2020-09-01,2020-09-20,warm,SWI1E+16.res1.NFNW,0.11482893875183,0.197500622068314,-0.450558650089838,-0.169578542978981,SWI,NFNW,1,16,,,"",
2020-09-27,2020-10-17,cool,SWI1E+16.res1.NFNW,0.0291741906302705,0.121031905486368,-0.661118746831986,-0.320394337392826,SWI,NFNW,1,16,,,"",
2021-03-25,2021-04-06,cool,SWI1E+16.res1.NFNW,0.369673808903849,0.420537597421385,0.288228852458981,0.291138354134097,SWI,NFNW,1,16,,,"",
2021-09-05,2021-09-20,warm,SWI1E+16.res1.NFNW,0.049113467819893,0.332934002866246,-0.51528310849682,0.053535424975245,SWI,NFNW,1,16,,,"",
2017-08-27,2017-09-16,warm,SWI1E+16.res1.SSC1,0.507471613992404,0.517442390218425,0.309201723050662,0.275138532076644,SWI,SSC,1,16,1,,"",
2017-11-29,2017-12-14,cool,SWI1E+16.res1.SSC1,0.495381729139446,0.61360776015209,0.229565514838655,0.410832921827685,SWI,SSC,1,16,1,,"",
2017-12-22,2018-01-20,cool,SWI1E+16.res1.SSC1,0.596652697824885,0.618236670594111,0.518422656132416,0.502020940887607,SWI,SSC,1,16,1,,"",
2018-05-25,2018-06-07,warm,SWI1E+16.res1.SSC1,0.409589915387001,0.420736557824323,0.1549708946855,0.067922336625642,SWI,SSC,1,16,1,,"",
2019-03-30,2019-04-12,cool,SWI1E+16.res1.SSC1,0.540914029996663,0.654032482378927,0.304372812828682,0.450010243194338,SWI,SSC,1,16,1,,"",
2019-08-23,2019-09-13,warm,SWI1E+16.res1.SSC1,0.288352471114009,0.396497658729094,-0.157298814006988,-0.0217058654612206,SWI,SSC,1,16,1,,"",
2020-08-11,2020-08-26,warm,SWI1E+16.res1.SSC1,0.104556376503415,0.119800321734522,-0.660442681430011,-0.615074676787681,SWI,SSC,1,16,1,,"",
2020-09-01,2020-09-20,warm,SWI1E+16.res1.SSC1,0.0784469087230964,0.175751325403355,-0.690746973130674,-0.340694348249505,SWI,SSC,1,16,1,,"",
2020-09-27,2020-10-17,cool,SWI1E+16.res1.SSC1,0.0619425863137041,0.128957428873247,-0.610785859701535,-0.402081948807131,SWI,SSC,1,16,1,,"",
2021-03-25,2021-04-06,cool,SWI1E+16.res1.SSC1,0.436199709830107,0.486351128225229,0.383558004503317,0.393398309900621,SWI,SSC,1,16,1,,"",
2021-09-05,2021-09-20,warm,SWI1E+16.res1.SSC1,0.116489967204515,0.33912301473489,-0.346245336907512,0.0856449067142329,SWI,SSC,1,16,1,,"",
2017-08-27,2017-09-16,warm,SWI1E+16.res1.SSC10,0.753089382022194,0.753097222669307,0.517730903108221,0.485856694857575,SWI,SSC,1,16,10,,"",
2017-11-29,2017-12-14,cool,SWI1E+16.res1.SSC10,0.468157861316168,0.631540165777889,0.273936173719746,0.411855718407245,SWI,SSC,1,16,10,,"",
2017-12-22,2018-01-20,cool,SWI1E+16.res1.SSC10,0.533553473679839,0.595762407993585,0.470002217574417,0.486806789328847,SWI,SSC,1,16,10,,"",
2018-05-25,2018-06-07,warm,SWI1E+16.res1.SSC10,0.385717219804442,0.388985752250828,0.110958767478869,0.046908864420347,SWI,SSC,1,16,10,,"",
2019-03-30,2019-04-12,cool,SWI1E+16.res1.SSC10,0.556335274561587,0.645960161364617,0.376577754085371,0.40883490866736,SWI,SSC,1,16,10,,"",
2019-08-23,2019-09-13,warm,SWI1E+16.res1.SSC10,0.573303588016163,0.652336957906691,0.411115810300163,0.432863643979016,SWI,SSC,1,16,10,,"",
2020-08-11,2020-08-26,warm,SWI1E+16.res1.SSC10,0.438216697151404,0.449599230485549,0.34689306018874,0.338270233108562,SWI,SSC,1,16,10,,"",
2020-09-01,2020-09-20,warm,SWI1E+16.res1.SSC10,0.333201901499499,0.37742931695606,0.214439634095986,0.231803483885226,SWI,SSC,1,16,10,,"",
2020-09-27,2020-10-17,cool,SWI1E+16.res1.SSC10,0.159331485948417,0.209013648953691,-0.0566101685329347,-0.0814796611923501,SWI,SSC,1,16,10,,"",
2021-03-25,2021-04-06,cool,SWI1E+16.res1.SSC10,0.333976260526822,0.390972840270632,0.229232605505924,0.211534401473152,SWI,SSC,1,16,10,,"",
2021-09-05,2021-09-20,warm,SWI1E+16.res1.SSC10,0.369620909779647,0.463273735213345,0.255413759149289,0.293071252841795,SWI,SSC,1,16,10,,"",
2017-08-27,2017-09-16,warm,SWI1E+16.res1.SSC2,0.440334732577688,0.441149423275643,0.207479765530904,0.177769629482113,SWI,SSC,1,16,2,,"",
2017-11-29,2017-12-14,cool,SWI1E+16.res1.SSC2,0.319812008583577,0.52679388828464,-0.510429212709883,0.180098699372734,SWI,SSC,1,16,2,,"",
2017-12-22,2018-01-20,cool,SWI1E+16.res1.SSC2,0.453877970232364,0.515530431952872,0.361955020879864,0.37773309697625,SWI,SSC,1,16,2,,"",
2018-05-25,2018-06-07,warm,SWI1E+16.res1.SSC2,0.527229758915935,0.530344371488337,0.440476929648535,0.398403425473758,SWI,SSC,1,16,2,,"",
2019-03-30,2019-04-12,cool,SWI1E+16.res1.SSC2,0.628854727189839,0.679098307467055,0.479969807824192,0.498901758271205,SWI,SSC,1,16,2,,"",
2019-08-23,2019-09-13,warm,SWI1E+16.res1.SSC2,0.0360627647457996,0.270041400757908,-0.555938166302743,-0.125639028583383,SWI,SSC,1,16,2,,"",
2020-08-11,2020-08-26,warm,SWI1E+16.res1.SSC2,0.145078975651885,0.158776040351567,-0.558470553348587,-0.538117244751346,SWI,SSC,1,16,2,,"",
2020-09-01,2020-09-20,warm,SWI1E+16.res1.SSC2,0.102955288452024,0.193474624631583,-0.593246598630342,-0.222802124141627,SWI,SSC,1,16,2,,"",
2020-09-27,2020-10-17,cool,SWI1E+16.res1.SSC2,0.0447821212891876,0.122996516011828,-0.596916108817783,-0.348753655343925,SWI,SSC,1,16,2,,"",
2021-03-25,2021-04-06,cool,SWI1E+16.res1.SSC2,0.367635235801192,0.413839971003543,0.282445428000771,0.284517027260294,SWI,SSC,1,16,2,,"",
2021-09-05,2021-09-20,warm,SWI1E+16.res1.SSC2,0.0679450944572221,0.332327846456831,-0.282136409437438,0.0905792777318453,SWI,SSC,1,16,2,,"",
2017-08-27,2017-09-16,warm,SWI1E+16.res1.SSC3,0.540554813801946,0.540594825859,0.274555041485334,0.250973089458959,SWI,SSC,1,16,3,,"",
2017-11-29,2017-12-14,cool,SWI1E+16.res1.SSC3,0.449344781941023,0.642219214947928,0.315871646266722,0.515449426379831,SWI,SSC,1,16,3,,"",
2017-12-22,2018-01-20,cool,SWI1E+16.res1.SSC3,0.518430559394408,0.581378312228916,0.426574311013374,0.445778302554863,SWI,SSC,1,16,3,,"",
2018-05-25,2018-06-07,warm,SWI1E+16.res1.SSC3,0.431010567630356,0.436324381483341,0.291150055113354,0.200280252895403,SWI,SSC,1,16,3,,"",
2019-03-30,2019-04-12,cool,SWI1E+16.res1.SSC3,0.640061998800148,0.706754553603578,0.514807928064202,0.532645241935275,SWI,SSC,1,16,3,,"",
2019-08-23,2019-09-13,warm,SWI1E+16.res1.SSC3,0.45430973854444,0.572838482865608,-0.0123042070193336,0.130031069561943,SWI,SSC,1,16,3,,"",
2020-08-11,2020-08-26,warm,SWI1E+16.res1.SSC3,0.198558352429802,0.209932774265587,-0.238930606810624,-0.239282217593651,SWI,SSC,1,16,3,,"",
2020-09-01,2020-09-20,warm,SWI1E+16.res1.SSC3,0.126599917261981,0.208280551879631,-0.459417962021119,-0.181638845660537,SWI,SSC,1,16,3,,"",
2020-09-27,2020-10-17,cool,SWI1E+16.res1.SSC3,0.0352058232673868,0.12151058883888,-0.630518525730644,-0.355053202504021,SWI,SSC,1,16,3,,"",
2021-03-25,2021-04-06,cool,SWI1E+16.res1.SSC3,0.456165239958499,0.49269043026719,0.367541008720074,0.361320001113353,SWI,SSC,1,16,3,,"",
2021-09-05,2021-09-20,warm,SWI1E+16.res1.SSC3,0.142469889188251,0.342264868314458,-0.15443536134292,0.0837131020925066,SWI,SSC,1,16,3,,"",
2017-08-27,2017-09-16,warm,SWI1E+16.res1.SSC4,0.644258981927534,0.644299915650908,0.35994553799326,0.336043948273478,SWI,SSC,1,16,4,,"",
2017-11-29,2017-12-14,cool,SWI1E+16.res1.SSC4,0.505266476592632,0.686519971660553,0.413240926625997,0.576307099037411,SWI,SSC,1,16,4,,"",
2017-12-22,2018-01-20,cool,SWI1E+16.res1.SSC4,0.556754292916297,0.619794175065501,0.482645412751735,0.506206141637637,SWI,SSC,1,16,4,,"",
2018-05-25,2018-06-07,warm,SWI1E+16.res1.SSC4,0.441265108745728,0.446056327880579,0.268498195547492,0.193716254327166,SWI,SSC,1,16,4,,"",
2019-03-30,2019-04-12,cool,SWI1E+16.res1.SSC4,0.665255873608974,0.73806712680468,0.508889802504979,0.536621762072605,SWI,SSC,1,16,4,,"",
2019-08-23,2019-09-13,warm,SWI1E+16.res1.SSC4,0.550900489026322,0.643972983353438,0.299382349442976,0.354361467565958,SWI,SSC,1,16,4,,"",
2020-08-11,2020-08-26,warm,SWI1E+16.res1.SSC4,0.284431978598061,0.295648453270596,0.0959594730770716,0.0844224907206215,SWI,SSC,1,16,4,,"",
2020-09-01,2020-09-20,warm,SWI1E+16.res1.SSC4,0.196113127662507,0.259188954385778,-0.0700269926037937,-0.0099830459369463,SWI,SSC,1,16,4,,"",
2020-09-27,2020-10-17,cool,SWI1E+16.res1.SSC4,0.0222307852649292,0.125421584771577,-0.560190680830624,-0.30465863690087,SWI,SSC,1,16,4,,"",
2021-03-25,2021-04-06,cool,SWI1E+16.res1.SSC4,0.484303390610909,0.519856001767885,0.408658188297649,0.401037776685082,SWI,SSC,1,16,4,,"",
2021-09-05,2021-09-20,warm,SWI1E+16.res1.SSC4,0.257456744363704,0.386038464450097,0.0312231504757613,0.137530620619891,SWI,SSC,1,16,4,,"",
2017-08-27,2017-09-16,warm,SWI1E+16.res1.SSC5,0.67306338320951,0.673088380346068,0.396943402360024,0.368551134658106,SWI,SSC,1,16,5,,"",
2017-11-29,2017-12-14,cool,SWI1E+16.res1.SSC5,0.510418676079608,0.673989154540633,0.398629907895349,0.546984983444026,SWI,SSC,1,16,5,,"",
2017-12-22,2018-01-20,cool,SWI1E+16.res1.SSC5,0.552416912248484,0.612611927702767,0.490521041538037,0.510694011514526,SWI,SSC,1,16,5,,"",
2018-05-25,2018-06-07,warm,SWI1E+16.res1.SSC5,0.414150430096562,0.418843094647598,0.170338998744467,0.0877423502865517,SWI,SSC,1,16,5,,"",
2019-03-30,2019-04-12,cool,SWI1E+16.res1.SSC5,0.615499491590271,0.702011402389549,0.428969776230867,0.468723077651088,SWI,SSC,1,16,5,,"",
2019-08-23,2019-09-13,warm,SWI1E+16.res1.SSC5,0.587611139609243,0.667571806835632,0.399935559192661,0.45716067557925,SWI,SSC,1,16,5,,"",
2020-08-11,2020-08-26,warm,SWI1E+16.res1.SSC5,0.35826338926179,0.36897508268813,0.260308918794124,0.251878930257041,SWI,SSC,1,16,5,,"",
2020-09-01,2020-09-20,warm,SWI1E+16.res1.SSC5,0.277478136882338,0.323762474370443,0.149640308317202,0.158386083516213,SWI,SSC,1,16,5,,"",
2020-09-27,2020-10-17,cool,SWI1E+16.res1.SSC5,0.110754394555125,0.169704007465424,-0.183454663153785,-0.167837798420569,SWI,SSC,1,16,5,,"",
2021-03-25,2021-04-06,cool,SWI1E+16.res1.SSC5,0.468595446849896,0.508713997974937,0.396123044178013,0.389973902240231,SWI,SSC,1,16,5,,"",
2021-09-05,2021-09-20,warm,SWI1E+16.res1.SSC5,0.341266200017468,0.431877356197185,0.181632317973516,0.216881130969506,SWI,SSC,1,16,5,,"",
2017-08-27,2017-09-16,warm,SWI1E+16.res1.SSC7,0.718988206250792,0.718999870317637,0.462649514262823,0.432466452927942,SWI,SSC,1,16,7,,"",
2017-11-29,2017-12-14,cool,SWI1E+16.res1.SSC7,0.504215982298876,0.659521454257848,0.358598537698959,0.494328874924048,SWI,SSC,1,16,7,,"",
2017-12-22,2018-01-20,cool,SWI1E+16.res1.SSC7,0.557309393252699,0.616727243159695,0.501595001774478,0.521849878354809,SWI,SSC,1,16,7,,"",
2018-05-25,2018-06-07,warm,SWI1E+16.res1.SSC7,0.377989582997239,0.38203020074174,0.0736641294707326,-0.00362580104703297,SWI,SSC,1,16,7,,"",
2019-03-30,2019-04-12,cool,SWI1E+16.res1.SSC7,0.581960316783027,0.672258338954112,0.392654090441817,0.430701911808188,SWI,SSC,1,16,7,,"",
2019-08-23,2019-09-13,warm,SWI1E+16.res1.SSC7,0.62291318590739,0.698000377994436,0.494069849045821,0.53825165027048,SWI,SSC,1,16,7,,"",
2020-08-11,2020-08-26,warm,SWI1E+16.res1.SSC7,0.422535849553251,0.435937451058764,0.338900369700122,0.336001094716661,SWI,SSC,1,16,7,,"",
2020-09-01,2020-09-20,warm,SWI1E+16.res1.SSC7,0.338916435153026,0.379692796006704,0.227458831470829,0.243581129275819,SWI,SSC,1,16,7,,"",
2020-09-27,2020-10-17,cool,SWI1E+16.res1.SSC7,0.177977140832287,0.222449496146465,-0.0288002405811661,-0.0531190272289129,SWI,SSC,1,16,7,,"",
2021-03-25,2021-04-06,cool,SWI1E+16.res1.SSC7,0.431996688356636,0.481258490296526,0.364942326664674,0.366974454654756,SWI,SSC,1,16,7,,"",
2021-09-05,2021-09-20,warm,SWI1E+16.res1.SSC7,0.36282110304919,0.450071593496589,0.23255876253404,0.258916273118204,SWI,SSC,1,16,7,,"",
2017-08-27,2017-09-16,warm,SWI1E+16.res10.NFNW,0.694966675587581,0.702067579324617,0.52248427046697,0.478471050162736,SWI,NFNW,10,16,,,"",
2017-11-29,2017-12-14,cool,SWI1E+16.res10.NFNW,0.577176432239919,0.68270142629721,0.462786354391612,0.51158191684267,SWI,NFNW,10,16,,,"",
2017-12-22,2018-01-20,cool,SWI1E+16.res10.NFNW,0.406448474230788,0.434823242569527,0.162992761292214,0.116691177390622,SWI,NFNW,10,16,,,"",
2018-05-25,2018-06-07,warm,SWI1E+16.res10.NFNW,0.356028580040712,0.366887139668006,0.169694901486763,0.10260002120213,SWI,NFNW,10,16,,,"",
2019-03-30,2019-04-12,cool,SWI1E+16.res10.NFNW,0.568880840409888,0.679076724025342,0.38859650216104,0.463193259599675,SWI,NFNW,10,16,,,"",
2019-08-23,2019-09-13,warm,SWI1E+16.res10.NFNW,0.584187736296548,0.641512639104515,0.353320721884159,0.361551928311178,SWI,NFNW,10,16,,,"",
2020-08-11,2020-08-26,warm,SWI1E+16.res10.NFNW,0.463556303559669,0.468924995050487,0.399071344691769,0.382258824283742,SWI,NFNW,10,16,,,"",
2020-09-01,2020-09-20,warm,SWI1E+16.res10.NFNW,0.335463967225684,0.371111517399392,0.227933917437765,0.220609008877844,SWI,NFNW,10,16,,,"",
2020-09-27,2020-10-17,cool,SWI1E+16.res10.NFNW,0.145109204088869,0.191943720856377,-0.096362481178413,-0.113890248599406,SWI,NFNW,10,16,,,"",
2021-03-25,2021-04-06,cool,SWI1E+16.res10.NFNW,0.49528095356283,0.553001473325884,0.440287423576013,0.464468621195083,SWI,NFNW,10,16,,,"",
2021-09-05,2021-09-20,warm,SWI1E+16.res10.NFNW,0.332177362657375,0.443990494538452,0.221784941000642,0.296319831985416,SWI,NFNW,10,16,,,"",
2017-08-27,2017-09-16,warm,SWI1E+16.res2.NFNW,0.655765132022993,0.658244664093051,0.377309370195571,0.353020632517197,SWI,NFNW,2,16,,,"",
2017-11-29,2017-12-14,cool,SWI1E+16.res2.NFNW,0.4469475646113,0.588579217661025,0.237704564986838,0.386435020047377,SWI,NFNW,2,16,,,"",
2017-12-22,2018-01-20,cool,SWI1E+16.res2.NFNW,0.564736691158091,0.599393608764023,0.502507597437105,0.499848080765719,SWI,NFNW,2,16,,,"",
2018-05-25,2018-06-07,warm,SWI1E+16.res2.NFNW,0.493347091998128,0.502524328847939,0.405502282604855,0.361823469956699,SWI,NFNW,2,16,,,"",
2019-03-30,2019-04-12,cool,SWI1E+16.res2.NFNW,0.587569756084533,0.692372955168237,0.446035505327595,0.514874524544133,SWI,NFNW,2,16,,,"",
2019-08-23,2019-09-13,warm,SWI1E+16.res2.NFNW,0.389691141329803,0.477575861777251,0.156501693029036,0.176605471939375,SWI,NFNW,2,16,,,"",
2020-08-11,2020-08-26,warm,SWI1E+16.res2.NFNW,0.181566597975131,0.190676842859642,-0.407707365227616,-0.402494847712691,SWI,NFNW,2,16,,,"",
2020-09-01,2020-09-20,warm,SWI1E+16.res2.NFNW,0.113804025707384,0.190366480243932,-0.621508711813865,-0.31168139491287,SWI,NFNW,2,16,,,"",
2020-09-27,2020-10-17,cool,SWI1E+16.res2.NFNW,0.0524396010906273,0.128514636592552,-0.558974706438343,-0.362969452527573,SWI,NFNW,2,16,,,"",
2021-03-25,2021-04-06,cool,SWI1E+16.res2.NFNW,0.432778837227068,0.487935597754064,0.374584550346659,0.388651666804791,SWI,NFNW,2,16,,,"",
2021-09-05,2021-09-20,warm,SWI1E+16.res2.NFNW,0.254523235921764,0.394848388972323,0.0327550239225159,0.166320226268434,SWI,NFNW,2,16,,,"",
2017-08-27,2017-09-16,warm,SWI1E+16.res3.NFNW,0.75700316940743,0.757545391203395,0.567697048775416,0.528770894826158,SWI,NFNW,3,16,,,"",
2017-11-29,2017-12-14,cool,SWI1E+16.res3.NFNW,0.51728650083618,0.661733103323513,0.345988770017254,0.465368290088358,SWI,NFNW,3,16,,,"",
2017-12-22,2018-01-20,cool,SWI1E+16.res3.NFNW,0.617990081624448,0.668293635441082,0.568867100893182,0.589222401308077,SWI,NFNW,3,16,,,"",
2018-05-25,2018-06-07,warm,SWI1E+16.res3.NFNW,0.390381018179498,0.395623747813223,0.118439022317548,0.071313147055905,SWI,NFNW,3,16,,,"",
2019-03-30,2019-04-12,cool,SWI1E+16.res3.NFNW,0.619997040418757,0.716095580822221,0.463970511000581,0.512550386040214,SWI,NFNW,3,16,,,"",
2019-08-23,2019-09-13,warm,SWI1E+16.res3.NFNW,0.636967760732153,0.699050248641867,0.540125047519128,0.537474260032948,SWI,NFNW,3,16,,,"",
2020-08-11,2020-08-26,warm,SWI1E+16.res3.NFNW,0.289667016971125,0.300221142820729,0.082021009104926,0.0670413803095862,SWI,NFNW,3,16,,,"",
2020-09-01,2020-09-20,warm,SWI1E+16.res3.NFNW,0.192984200044816,0.249956956212991,-0.118691246813661,-0.0777883606996268,SWI,NFNW,3,16,,,"",
2020-09-27,2020-10-17,cool,SWI1E+16.res3.NFNW,0.00978835277605017,0.121378793656405,-0.645161510624851,-0.326823557272374,SWI,NFNW,3,16,,,"",
2021-03-25,2021-04-06,cool,SWI1E+16.res3.NFNW,0.444259769022345,0.499486756653359,0.384351234377971,0.405998890819895,SWI,NFNW,3,16,,,"",
2021-09-05,2021-09-20,warm,SWI1E+16.res3.NFNW,0.303836588102633,0.430405794923106,0.175428296869052,0.261015594653147,SWI,NFNW,3,16,,,"",
2017-08-27,2017-09-16,warm,SWI1E+16.res4.NFNW,0.743549123629813,0.745654695691692,0.545491755341896,0.50088116497092,SWI,NFNW,4,16,,,"",
2017-11-29,2017-12-14,cool,SWI1E+16.res4.NFNW,0.556031738976052,0.68240469684829,0.443771350671119,0.536758707660524,SWI,NFNW,4,16,,,"",
2017-12-22,2018-01-20,cool,SWI1E+16.res4.NFNW,0.602173948789884,0.645912437307364,0.559558251639111,0.56655974533331,SWI,NFNW,4,16,,,"",
2018-05-25,2018-06-07,warm,SWI1E+16.res4.NFNW,0.493609078337787,0.499672607809812,0.36383601026034,0.318571179958276,SWI,NFNW,4,16,,,"",
2019-03-30,2019-04-12,cool,SWI1E+16.res4.NFNW,0.607335760535688,0.71327040648807,0.480907272465329,0.551665154612839,SWI,NFNW,4,16,,,"",
2019-08-23,2019-09-13,warm,SWI1E+16.res4.NFNW,0.4955801679047,0.561742232188604,0.337420661164079,0.350805827930653,SWI,NFNW,4,16,,,"",
2020-08-11,2020-08-26,warm,SWI1E+16.res4.NFNW,0.377621926379959,0.38346733941992,0.284973498456341,0.272583691632805,SWI,NFNW,4,16,,,"",
2020-09-01,2020-09-20,warm,SWI1E+16.res4.NFNW,0.259186775069412,0.298960686014698,0.110724105687221,0.101348920086527,SWI,NFNW,4,16,,,"",
2020-09-27,2020-10-17,cool,SWI1E+16.res4.NFNW,0.061383582380939,0.135513250531152,-0.485804458368395,-0.27996758449019,SWI,NFNW,4,16,,,"",
2021-03-25,2021-04-06,cool,SWI1E+16.res4.NFNW,0.46743784795169,0.5208395402156,0.412914949038266,0.427100105223797,SWI,NFNW,4,16,,,"",
2021-09-05,2021-09-20,warm,SWI1E+16.res4.NFNW,0.358809303202429,0.462535455779964,0.213656370472384,0.270598446788914,SWI,NFNW,4,16,,,"",
2017-08-27,2017-09-16,warm,SWI1E+16.res5.NFNW,0.789632937480141,0.79010572190917,0.643793482048806,0.602793185798957,SWI,NFNW,5,16,,,"",
2017-11-29,2017-12-14,cool,SWI1E+16.res5.NFNW,0.562359322381752,0.696461126279736,0.404718397564444,0.51362545249034,SWI,NFNW,5,16,,,"",
2017-12-22,2018-01-20,cool,SWI1E+16.res5.NFNW,0.640064392174016,0.691367813296401,0.594651303372826,0.618623777011353,SWI,NFNW,5,16,,,"",
2018-05-25,2018-06-07,warm,SWI1E+16.res5.NFNW,0.38177609864742,0.385990691150043,0.109885394582518,0.0581858537925786,SWI,NFNW,5,16,,,"",
2019-03-30,2019-04-12,cool,SWI1E+16.res5.NFNW,0.611959484117702,0.706867920382924,0.479725338697306,0.530369232136252,SWI,NFNW,5,16,,,"",
2019-08-23,2019-09-13,warm,SWI1E+16.res5.NFNW,0.632406737776032,0.696923469244778,0.504267010607585,0.508205897170459,SWI,NFNW,5,16,,,"",
2020-08-11,2020-08-26,warm,SWI1E+16.res5.NFNW,0.42363840424278,0.437153033396128,0.346014369044731,0.3414083351648,SWI,NFNW,5,16,,,"",
2020-09-01,2020-09-20,warm,SWI1E+16.res5.NFNW,0.306430772577878,0.34949430696426,0.193830903146777,0.205330726292182,SWI,NFNW,5,16,,,"",
2020-09-27,2020-10-17,cool,SWI1E+16.res5.NFNW,0.12029153009597,0.176327276059484,-0.178491674386429,-0.166024419037451,SWI,NFNW,5,16,,,"",
2021-03-25,2021-04-06,cool,SWI1E+16.res5.NFNW,0.457135108301788,0.510440610568918,0.395476428705635,0.417635824129452,SWI,NFNW,5,16,,,"",
2021-09-05,2021-09-20,warm,SWI1E+16.res5.NFNW,0.338460933988511,0.446759697426674,0.236553039040008,0.300153477138455,SWI,NFNW,5,16,,,"",
2017-08-27,2017-09-16,warm,SWI1E+16.res7.NFNW,0.782290220435049,0.784595328954737,0.650334890730129,0.609127882957051,SWI,NFNW,7,16,,,"",
2017-11-29,2017-12-14,cool,SWI1E+16.res7.NFNW,0.611212495494916,0.727926525938558,0.468822413963042,0.552284923801802,SWI,NFNW,7,16,,,"",
2017-12-22,2018-01-20,cool,SWI1E+16.res7.NFNW,0.651506457430662,0.691126121788906,0.598708164267772,0.608220815772349,SWI,NFNW,7,16,,,"",
2018-05-25,2018-06-07,warm,SWI1E+16.res7.NFNW,0.399669426703984,0.405883486508645,0.130874250624297,0.0864979856343295,SWI,NFNW,7,16,,,"",
2019-03-30,2019-04-12,cool,SWI1E+16.res7.NFNW,0.592916921352205,0.699466344444432,0.448111372831411,0.51404563532324,SWI,NFNW,7,16,,,"",
2019-08-23,2019-09-13,warm,SWI1E+16.res7.NFNW,0.653803228625236,0.707918339288428,0.509662128959514,0.502985390264882,SWI,NFNW,7,16,,,"",
2020-08-11,2020-08-26,warm,SWI1E+16.res7.NFNW,0.450159751488328,0.460038363961272,0.383827233846347,0.37074765877849,SWI,NFNW,7,16,,,"",
2020-09-01,2020-09-20,warm,SWI1E+16.res7.NFNW,0.328518234978578,0.367276690350768,0.224069174475454,0.227223641218196,SWI,NFNW,7,16,,,"",
2020-09-27,2020-10-17,cool,SWI1E+16.res7.NFNW,0.140541598876028,0.190084735676686,-0.109067587946172,-0.122597358900752,SWI,NFNW,7,16,,,"",
2021-03-25,2021-04-06,cool,SWI1E+16.res7.NFNW,0.453124298614962,0.50524556167132,0.387057077545168,0.413369198446344,SWI,NFNW,7,16,,,"",
2021-09-05,2021-09-20,warm,SWI1E+16.res7.NFNW,0.348190295446365,0.454707920799541,0.253199819520551,0.320797516860363,SWI,NFNW,7,16,,,"",
2017-08-27,2017-09-16,warm,SWI1E+2.res1.gauss_0.5sigma,0.640138400532056,0.649922502935193,0.470261511306866,0.414818139614325,SWI,gauss,1,2,,0.5,"",
2017-11-29,2017-12-14,cool,SWI1E+2.res1.gauss_0.5sigma,0.589150395059593,0.68148120487772,0.474096972534196,0.51203328585722,SWI,gauss,1,2,,0.5,"",
2017-12-22,2018-01-20,cool,SWI1E+2.res1.gauss_0.5sigma,0.500589770232227,0.527718627968396,0.361371055243898,0.324970051132302,SWI,gauss,1,2,,0.5,"",
2018-05-25,2018-06-07,warm,SWI1E+2.res1.gauss_0.5sigma,0.414436639971805,0.423769941855132,0.198089710564652,0.129912831797869,SWI,gauss,1,2,,0.5,"",
2019-03-30,2019-04-12,cool,SWI1E+2.res1.gauss_0.5sigma,0.49631417469987,0.62810330437538,0.300711166923897,0.399146744402864,SWI,gauss,1,2,,0.5,"",
2019-08-23,2019-09-13,warm,SWI1E+2.res1.gauss_0.5sigma,0.457044698152748,0.513624355284295,0.0902921743134305,0.13248546558517,SWI,gauss,1,2,,0.5,"",
2020-08-11,2020-08-26,warm,SWI1E+2.res1.gauss_0.5sigma,0.354422687244956,0.356316511970031,0.247660483714965,0.216326865339442,SWI,gauss,1,2,,0.5,"",
2020-09-01,2020-09-20,warm,SWI1E+2.res1.gauss_0.5sigma,0.28080949839858,0.30937777454295,0.144314300463976,0.115100089298519,SWI,gauss,1,2,,0.5,"",
2020-09-27,2020-10-17,cool,SWI1E+2.res1.gauss_0.5sigma,0.121998636629631,0.166415811201034,-0.203836963599434,-0.199849710703166,SWI,gauss,1,2,,0.5,"",
2021-03-25,2021-04-06,cool,SWI1E+2.res1.gauss_0.5sigma,0.391969775254958,0.468329531396817,0.292264624688595,0.331847218447698,SWI,gauss,1,2,,0.5,"",
2021-09-05,2021-09-20,warm,SWI1E+2.res1.gauss_0.5sigma,0.378730260114699,0.473128898157454,0.272318930418752,0.321885532688945,SWI,gauss,1,2,,0.5,"",
2017-08-27,2017-09-16,warm,SWI1E+2.res1.gauss_1.0sigma,0.627195690218534,0.638732503701847,0.453090091004416,0.400487585231508,SWI,gauss,1,2,,1,"",
2017-11-29,2017-12-14,cool,SWI1E+2.res1.gauss_1.0sigma,0.580113745154927,0.673172248059449,0.478838350533836,0.519235036258937,SWI,gauss,1,2,,1,"",
2017-12-22,2018-01-20,cool,SWI1E+2.res1.gauss_1.0sigma,0.471292705258774,0.504199753625049,0.326579339468964,0.299000722874518,SWI,gauss,1,2,,1,"",
2018-05-25,2018-06-07,warm,SWI1E+2.res1.gauss_1.0sigma,0.428788445508099,0.435868794211719,0.272680188939713,0.197954786085403,SWI,gauss,1,2,,1,"",
2019-03-30,2019-04-12,cool,SWI1E+2.res1.gauss_1.0sigma,0.514517396943728,0.63803652314695,0.309864269524916,0.398853026480358,SWI,gauss,1,2,,1,"",
2019-08-23,2019-09-13,warm,SWI1E+2.res1.gauss_1.0sigma,0.431009639182771,0.49353144629789,0.141226258773055,0.18994332746057,SWI,gauss,1,2,,1,"",
2020-08-11,2020-08-26,warm,SWI1E+2.res1.gauss_1.0sigma,0.393244752939318,0.394505018130801,0.317579278952351,0.295647893641672,SWI,gauss,1,2,,1,"",
2020-09-01,2020-09-20,warm,SWI1E+2.res1.gauss_1.0sigma,0.317657187059567,0.339794913517172,0.206343458025442,0.177928261806823,SWI,gauss,1,2,,1,"",
2020-09-27,2020-10-17,cool,SWI1E+2.res1.gauss_1.0sigma,0.145763280207927,0.181798052045409,-0.126393440004615,-0.153417334982373,SWI,gauss,1,2,,1,"",
2021-03-25,2021-04-06,cool,SWI1E+2.res1.gauss_1.0sigma,0.393972151465644,0.468820420632521,0.293768629825789,0.33254605607036,SWI,gauss,1,2,,1,"",
2021-09-05,2021-09-20,warm,SWI1E+2.res1.gauss_1.0sigma,0.381583029783528,0.473521667237839,0.28373159385715,0.337227723398078,SWI,gauss,1,2,,1,"",
2017-08-27,2017-09-16,warm,SWI1E+2.res1.gauss_1.5sigma,0.644417378292428,0.654895263003889,0.464842434172742,0.412410747249798,SWI,gauss,1,2,,1.5,"",
2017-11-29,2017-12-14,cool,SWI1E+2.res1.gauss_1.5sigma,0.570789592093424,0.667594359191949,0.466499412753586,0.510664016808896,SWI,gauss,1,2,,1.5,"",
2017-12-22,2018-01-20,cool,SWI1E+2.res1.gauss_1.5sigma,0.486996863112708,0.526658386798229,0.356214556242682,0.344466901846868,SWI,gauss,1,2,,1.5,"",
2018-05-25,2018-06-07,warm,SWI1E+2.res1.gauss_1.5sigma,0.424084839054913,0.429393551712565,0.267024273546316,0.187959808956838,SWI,gauss,1,2,,1.5,"",
2019-03-30,2019-04-12,cool,SWI1E+2.res1.gauss_1.5sigma,0.539811946851541,0.648999042623616,0.347898513697624,0.40683247745783,SWI,gauss,1,2,,1.5,"",
2019-08-23,2019-09-13,warm,SWI1E+2.res1.gauss_1.5sigma,0.444538444824533,0.515517465990945,0.138634135737124,0.205048077609234,SWI,gauss,1,2,,1.5,"",
2020-08-11,2020-08-26,warm,SWI1E+2.res1.gauss_1.5sigma,0.451547419782243,0.453254197976945,0.401965187602809,0.386641996126686,SWI,gauss,1,2,,1.5,"",
2020-09-01,2020-09-20,warm,SWI1E+2.res1.gauss_1.5sigma,0.374998198465048,0.394152406333688,0.28658262940517,0.266883215337199,SWI,gauss,1,2,,1.5,"",
2020-09-27,2020-10-17,cool,SWI1E+2.res1.gauss_1.5sigma,0.199284304201818,0.226247972843446,-0.0273925516344782,-0.0693538151791458,SWI,gauss,1,2,,1.5,"",
2021-03-25,2021-04-06,cool,SWI1E+2.res1.gauss_1.5sigma,0.414160667807855,0.483402363928187,0.321218444753939,0.351962071247713,SWI,gauss,1,2,,1.5,"",
2021-09-05,2021-09-20,warm,SWI1E+2.res1.gauss_1.5sigma,0.403112946074803,0.488024535748479,0.316928378485714,0.359884460009341,SWI,gauss,1,2,,1.5,"",
2017-08-27,2017-09-16,warm,SWI1E+2.res1.gauss_2.0sigma,0.655600292581384,0.664966860965804,0.479581293579607,0.426525647599374,SWI,gauss,1,2,,2,"",
2017-11-29,2017-12-14,cool,SWI1E+2.res1.gauss_2.0sigma,0.571662087553137,0.671165600788359,0.467015727892867,0.514127258085612,SWI,gauss,1,2,,2,"",
2017-12-22,2018-01-20,cool,SWI1E+2.res1.gauss_2.0sigma,0.494900268933463,0.537259306909833,0.370082920007299,0.36222863838501,SWI,gauss,1,2,,2,"",
2018-05-25,2018-06-07,warm,SWI1E+2.res1.gauss_2.0sigma,0.423939609911945,0.428933855524847,0.263225216291528,0.184464945984573,SWI,gauss,1,2,,2,"",
2019-03-30,2019-04-12,cool,SWI1E+2.res1.gauss_2.0sigma,0.563171556614157,0.660821413524253,0.387818123506399,0.426625571768056,SWI,gauss,1,2,,2,"",
2019-08-23,2019-09-13,warm,SWI1E+2.res1.gauss_2.0sigma,0.459950628215754,0.536022905177893,0.137909925601305,0.213154351778834,SWI,gauss,1,2,,2,"",
2020-08-11,2020-08-26,warm,SWI1E+2.res1.gauss_2.0sigma,0.466465987913547,0.469129704001331,0.422595748868743,0.409480032058382,SWI,gauss,1,2,,2,"",
2020-09-01,2020-09-20,warm,SWI1E+2.res1.gauss_2.0sigma,0.387255255285835,0.408244824623069,0.30544982920176,0.291186154066581,SWI,gauss,1,2,,2,"",
2020-09-27,2020-10-17,cool,SWI1E+2.res1.gauss_2.0sigma,0.20868450231726,0.236417537399726,-0.00906937336215065,-0.0495044825596243,SWI,gauss,1,2,,2,"",
2021-03-25,2021-04-06,cool,SWI1E+2.res1.gauss_2.0sigma,0.436636146599464,0.500475347113782,0.353159628853715,0.376755300959599,SWI,gauss,1,2,,2,"",
2021-09-05,2021-09-20,warm,SWI1E+2.res1.gauss_2.0sigma,0.410636919767468,0.490205542640584,0.332162103666936,0.365807340592189,SWI,gauss,1,2,,2,"",
2017-08-27,2017-09-16,warm,SWI1E+2.res1.gauss_2.5sigma,0.675276465741899,0.683571918343733,0.507824423110644,0.455490899635664,SWI,gauss,1,2,,2.5,"",
2017-11-29,2017-12-14,cool,SWI1E+2.res1.gauss_2.5sigma,0.583658506583677,0.683456698203053,0.484011513051455,0.533491015495139,SWI,gauss,1,2,,2.5,"",
2017-12-22,2018-01-20,cool,SWI1E+2.res1.gauss_2.5sigma,0.50317403310437,0.543330995236514,0.386284776378334,0.373566314966624,SWI,gauss,1,2,,2.5,"",
2018-05-25,2018-06-07,warm,SWI1E+2.res1.gauss_2.5sigma,0.430241095476299,0.436082602751634,0.272738330378515,0.201324815616197,SWI,gauss,1,2,,2.5,"",
2019-03-30,2019-04-12,cool,SWI1E+2.res1.gauss_2.5sigma,0.57819826797257,0.672714082929885,0.425366534027334,0.462775453145318,SWI,gauss,1,2,,2.5,"",
2019-08-23,2019-09-13,warm,SWI1E+2.res1.gauss_2.5sigma,0.488243205278169,0.561889689336898,0.188371842313496,0.25545152424627,SWI,gauss,1,2,,2.5,"",
2020-08-11,2020-08-26,warm,SWI1E+2.res1.gauss_2.5sigma,0.456973150836317,0.460876491823064,0.410349984197567,0.397391863890711,SWI,gauss,1,2,,2.5,"",
2020-09-01,2020-09-20,warm,SWI1E+2.res1.gauss_2.5sigma,0.367902548384993,0.392350032965134,0.284129377156657,0.27215003795255,SWI,gauss,1,2,,2.5,"",
2020-09-27,2020-10-17,cool,SWI1E+2.res1.gauss_2.5sigma,0.184961796560525,0.217936311284832,-0.0367480747842426,-0.0747243805749046,SWI,gauss,1,2,,2.5,"",
2021-03-25,2021-04-06,cool,SWI1E+2.res1.gauss_2.5sigma,0.457941606070644,0.517354762663274,0.388171218511784,0.406642430611501,SWI,gauss,1,2,,2.5,"",
2021-09-05,2021-09-20,warm,SWI1E+2.res1.gauss_2.5sigma,0.394370775595823,0.476115471779844,0.311666460373059,0.345381704366096,SWI,gauss,1,2,,2.5,"",
2017-08-27,2017-09-16,warm,SWI1E+2.res1.gauss_3.5sigma,0.690606794292232,0.698632998718145,0.527597922993751,0.478103207020893,SWI,gauss,1,2,,3.5,"",
2017-11-29,2017-12-14,cool,SWI1E+2.res1.gauss_3.5sigma,0.602831502146778,0.698869121735918,0.510331517993354,0.553423122307871,SWI,gauss,1,2,,3.5,"",
2017-12-22,2018-01-20,cool,SWI1E+2.res1.gauss_3.5sigma,0.465961961356065,0.492904706386136,0.309770996655826,0.265913110305498,SWI,gauss,1,2,,3.5,"",
2018-05-25,2018-06-07,warm,SWI1E+2.res1.gauss_3.5sigma,0.417043633850516,0.430010388955275,0.257350798358786,0.206021370686073,SWI,gauss,1,2,,3.5,"",
2019-03-30,2019-04-12,cool,SWI1E+2.res1.gauss_3.5sigma,0.578337481501948,0.684408951191203,0.444435168823346,0.510731793579039,SWI,gauss,1,2,,3.5,"",
2019-08-23,2019-09-13,warm,SWI1E+2.res1.gauss_3.5sigma,0.527855638697132,0.584927685906208,0.256584471735877,0.276897449770063,SWI,gauss,1,2,,3.5,"",
2020-08-11,2020-08-26,warm,SWI1E+2.res1.gauss_3.5sigma,0.361444359225308,0.367141102984813,0.267434617761417,0.247759454641754,SWI,gauss,1,2,,3.5,"",
2020-09-01,2020-09-20,warm,SWI1E+2.res1.gauss_3.5sigma,0.248150672647748,0.28724036679423,0.0981020939234016,0.0827590814680912,SWI,gauss,1,2,,3.5,"",
2020-09-27,2020-10-17,cool,SWI1E+2.res1.gauss_3.5sigma,0.0547861292440406,0.131736917667439,-0.519588415974193,-0.275049036296691,SWI,gauss,1,2,,3.5,"",
2021-03-25,2021-04-06,cool,SWI1E+2.res1.gauss_3.5sigma,0.465128297150734,0.524580443792716,0.402786951387003,0.420933494238387,SWI,gauss,1,2,,3.5,"",
2021-09-05,2021-09-20,warm,SWI1E+2.res1.gauss_3.5sigma,0.317526957162168,0.423847713978377,0.188844376664678,0.253059993386566,SWI,gauss,1,2,,3.5,"",
2017-08-27,2017-09-16,warm,SWI1E+2.res1.gauss_5.0sigma,0.645492195538421,0.656026938800885,0.455679826702427,0.407228393186797,SWI,gauss,1,2,,5,"",
2017-11-29,2017-12-14,cool,SWI1E+2.res1.gauss_5.0sigma,0.545582520819671,0.643667873686021,0.430020166544421,0.463484288318726,SWI,gauss,1,2,,5,"",
2017-12-22,2018-01-20,cool,SWI1E+2.res1.gauss_5.0sigma,0.369410338310848,0.401310422189548,0.139264802315367,0.0884957273496202,SWI,gauss,1,2,,5,"",
2018-05-25,2018-06-07,warm,SWI1E+2.res1.gauss_5.0sigma,0.374718421781382,0.386101321909704,0.20377130194971,0.133763979596885,SWI,gauss,1,2,,5,"",
2019-03-30,2019-04-12,cool,SWI1E+2.res1.gauss_5.0sigma,0.547223667359512,0.646734650072719,0.378120435966847,0.42201730253236,SWI,gauss,1,2,,5,"",
2019-08-23,2019-09-13,warm,SWI1E+2.res1.gauss_5.0sigma,0.445850916326523,0.516498060283227,0.0635700258234315,0.126145373046867,SWI,gauss,1,2,,5,"",
2020-08-11,2020-08-26,warm,SWI1E+2.res1.gauss_5.0sigma,0.396286467009339,0.399761306289794,0.316082390210017,0.292979929367244,SWI,gauss,1,2,,5,"",
2020-09-01,2020-09-20,warm,SWI1E+2.res1.gauss_5.0sigma,0.289646309470429,0.32154141306703,0.159713580571048,0.138710478131406,SWI,gauss,1,2,,5,"",
2020-09-27,2020-10-17,cool,SWI1E+2.res1.gauss_5.0sigma,0.103646134438833,0.156932459710175,-0.275567566671461,-0.228236817796533,SWI,gauss,1,2,,5,"",
2021-03-25,2021-04-06,cool,SWI1E+2.res1.gauss_5.0sigma,0.362621778537378,0.42678121714997,0.245767142632181,0.269190986741369,SWI,gauss,1,2,,5,"",
2021-09-05,2021-09-20,warm,SWI1E+2.res1.gauss_5.0sigma,0.352241866117576,0.443454812984232,0.245773331350836,0.28878629810554,SWI,gauss,1,2,,5,"",
2017-08-27,2017-09-16,warm,SWI1E+2.res1.NFNW,0.65333445225041,0.661764605026029,0.487385860494877,0.431406924357598,SWI,NFNW,1,2,,,"",
2017-11-29,2017-12-14,cool,SWI1E+2.res1.NFNW,0.599907427487537,0.695409282677671,0.498066267027856,0.534180368205842,SWI,NFNW,1,2,,,"",
2017-12-22,2018-01-20,cool,SWI1E+2.res1.NFNW,0.531997637148212,0.555527974436923,0.417567622515755,0.379641852135105,SWI,NFNW,1,2,,,"",
2018-05-25,2018-06-07,warm,SWI1E+2.res1.NFNW,0.431869530849536,0.443840103226526,0.235856487519089,0.183000067198594,SWI,NFNW,1,2,,,"",
2019-03-30,2019-04-12,cool,SWI1E+2.res1.NFNW,0.547178998424609,0.680289827460505,0.383820614658277,0.485287181753135,SWI,NFNW,1,2,,,"",
2019-08-23,2019-09-13,warm,SWI1E+2.res1.NFNW,0.461439257145729,0.513460237371774,0.0991647375912359,0.123399935016382,SWI,NFNW,1,2,,,"",
2020-08-11,2020-08-26,warm,SWI1E+2.res1.NFNW,0.38530507081066,0.386832596832872,0.288029982903441,0.260335163942073,SWI,NFNW,1,2,,,"",
2020-09-01,2020-09-20,warm,SWI1E+2.res1.NFNW,0.297578084226972,0.325587994020944,0.164232395067325,0.135107659976078,SWI,NFNW,1,2,,,"",
2020-09-27,2020-10-17,cool,SWI1E+2.res1.NFNW,0.135890634712055,0.17726341519324,-0.165369850329935,-0.1765331795356,SWI,NFNW,1,2,,,"",
2021-03-25,2021-04-06,cool,SWI1E+2.res1.NFNW,0.421657730902073,0.497936755836265,0.3402190990617,0.378603724441995,SWI,NFNW,1,2,,,"",
2021-09-05,2021-09-20,warm,SWI1E+2.res1.NFNW,0.335786351426299,0.448534415138892,0.211161747654194,0.285833128903375,SWI,NFNW,1,2,,,"",
2017-08-27,2017-09-16,warm,SWI1E+2.res1.SSC1,0.616424269014894,0.626285303514763,0.43220004588134,0.377571354681722,SWI,SSC,1,2,1,,"",
2017-11-29,2017-12-14,cool,SWI1E+2.res1.SSC1,0.538139503868242,0.640111339830645,0.398044499291575,0.446589303013965,SWI,SSC,1,2,1,,"",
2017-12-22,2018-01-20,cool,SWI1E+2.res1.SSC1,0.438813674522262,0.47207159455103,0.255890094792066,0.219638713630441,SWI,SSC,1,2,1,,"",
2018-05-25,2018-06-07,warm,SWI1E+2.res1.SSC1,0.394699213280254,0.401780655886826,0.197249039540943,0.117796871817065,SWI,SSC,1,2,1,,"",
2019-03-30,2019-04-12,cool,SWI1E+2.res1.SSC1,0.51649549080738,0.634619849532922,0.316264646715044,0.39586009300332,SWI,SSC,1,2,1,,"",
2019-08-23,2019-09-13,warm,SWI1E+2.res1.SSC1,0.407140260718966,0.473109983307919,0.048727933495914,0.103317453372524,SWI,SSC,1,2,1,,"",
2020-08-11,2020-08-26,warm,SWI1E+2.res1.SSC1,0.338469545487104,0.340465151236601,0.212391164683211,0.181763437363475,SWI,SSC,1,2,1,,"",
2020-09-01,2020-09-20,warm,SWI1E+2.res1.SSC1,0.27227190548646,0.302176020684208,0.12111140879043,0.0949155325785108,SWI,SSC,1,2,1,,"",
2020-09-27,2020-10-17,cool,SWI1E+2.res1.SSC1,0.114448481374096,0.161479481668803,-0.230299601337248,-0.213219508651489,SWI,SSC,1,2,1,,"",
2021-03-25,2021-04-06,cool,SWI1E+2.res1.SSC1,0.373814282934685,0.450835942581268,0.254960089382735,0.299611434773355,SWI,SSC,1,2,1,,"",
2021-09-05,2021-09-20,warm,SWI1E+2.res1.SSC1,0.383772858364509,0.471458136792377,0.296163819576157,0.339850995101251,SWI,SSC,1,2,1,,"",
2017-08-27,2017-09-16,warm,SWI1E+2.res1.SSC10,0.636289874996421,0.647131292717784,0.437839436904586,0.389215781792641,SWI,SSC,1,2,10,,"",
2017-11-29,2017-12-14,cool,SWI1E+2.res1.SSC10,0.521460008529798,0.622567733938526,0.393877230454889,0.427765622289592,SWI,SSC,1,2,10,,"",
2017-12-22,2018-01-20,cool,SWI1E+2.res1.SSC10,0.336293907639921,0.371517962417872,0.0808948051466497,0.0318639029608911,SWI,SSC,1,2,10,,"",
2018-05-25,2018-06-07,warm,SWI1E+2.res1.SSC10,0.352981141898372,0.363264399110732,0.17154924260103,0.0917381310234049,SWI,SSC,1,2,10,,"",
2019-03-30,2019-04-12,cool,SWI1E+2.res1.SSC10,0.525708896462495,0.62494858626024,0.326448825700667,0.365059018706527,SWI,SSC,1,2,10,,"",
2019-08-23,2019-09-13,warm,SWI1E+2.res1.SSC10,0.423437253128623,0.499931821043684,0.00772145238014251,0.0854809193593365,SWI,SSC,1,2,10,,"",
2020-08-11,2020-08-26,warm,SWI1E+2.res1.SSC10,0.415676037781901,0.418532558494678,0.337167717735172,0.313285167656847,SWI,SSC,1,2,10,,"",
2020-09-01,2020-09-20,warm,SWI1E+2.res1.SSC10,0.312889280318457,0.34224280800543,0.182065754954898,0.161923225769931,SWI,SSC,1,2,10,,"",
2020-09-27,2020-10-17,cool,SWI1E+2.res1.SSC10,0.133183381557224,0.177277297530442,-0.203538948673226,-0.200067464795622,SWI,SSC,1,2,10,,"",
2021-03-25,2021-04-06,cool,SWI1E+2.res1.SSC10,0.348052024280241,0.415125077140094,0.213854761904499,0.242269313179719,SWI,SSC,1,2,10,,"",
2021-09-05,2021-09-20,warm,SWI1E+2.res1.SSC10,0.375603397568749,0.458333706754956,0.287387397683183,0.319233675311765,SWI,SSC,1,2,10,,"",
2017-08-27,2017-09-16,warm,SWI1E+2.res1.SSC2,0.620640614934036,0.632111320813197,0.442463964821325,0.388125522085682,SWI,SSC,1,2,2,,"",
2017-11-29,2017-12-14,cool,SWI1E+2.res1.SSC2,0.562397886555559,0.657901373126345,0.457499639436742,0.497886135889739,SWI,SSC,1,2,2,,"",
2017-12-22,2018-01-20,cool,SWI1E+2.res1.SSC2,0.461770871065406,0.495368018323988,0.316296972917464,0.287290807987735,SWI,SSC,1,2,2,,"",
2018-05-25,2018-06-07,warm,SWI1E+2.res1.SSC2,0.421514415543301,0.428730113603346,0.264439008904847,0.189055056256765,SWI,SSC,1,2,2,,"",
2019-03-30,2019-04-12,cool,SWI1E+2.res1.SSC2,0.519561284443145,0.64107542765854,0.319368109199807,0.403897465402968,SWI,SSC,1,2,2,,"",
2019-08-23,2019-09-13,warm,SWI1E+2.res1.SSC2,0.431472831652557,0.494422222236832,0.13443018684375,0.18410861236132,SWI,SSC,1,2,2,,"",
2020-08-11,2020-08-26,warm,SWI1E+2.res1.SSC2,0.383862131620386,0.385113441549758,0.303691381233239,0.280328923915634,SWI,SSC,1,2,2,,"",
2020-09-01,2020-09-20,warm,SWI1E+2.res1.SSC2,0.310751502709389,0.333499993575577,0.198410480779908,0.168387721849228,SWI,SSC,1,2,2,,"",
2020-09-27,2020-10-17,cool,SWI1E+2.res1.SSC2,0.137883494610887,0.175902398895437,-0.145883857508701,-0.167022406798891,SWI,SSC,1,2,2,,"",
2021-03-25,2021-04-06,cool,SWI1E+2.res1.SSC2,0.392937375874941,0.467992998055001,0.29273151863314,0.331453117944231,SWI,SSC,1,2,2,,"",
2021-09-05,2021-09-20,warm,SWI1E+2.res1.SSC2,0.383576501808373,0.47468729961715,0.286836512455866,0.338992480878989,SWI,SSC,1,2,2,,"",
2017-08-27,2017-09-16,warm,SWI1E+2.res1.SSC3,0.635974476432933,0.647008571090244,0.453486715254944,0.400106244288789,SWI,SSC,1,2,3,,"",
2017-11-29,2017-12-14,cool,SWI1E+2.res1.SSC3,0.557201070393349,0.655153691062845,0.446918401875942,0.48929624541566,SWI,SSC,1,2,3,,"",
2017-12-22,2018-01-20,cool,SWI1E+2.res1.SSC3,0.462400298474193,0.502115576930745,0.317127258582058,0.299807216903284,SWI,SSC,1,2,3,,"",
2018-05-25,2018-06-07,warm,SWI1E+2.res1.SSC3,0.417380995059265,0.42294983606759,0.259456434016593,0.178216097120641,SWI,SSC,1,2,3,,"",
2019-03-30,2019-04-12,cool,SWI1E+2.res1.SSC3,0.54156525267392,0.649945548583461,0.348102320345072,0.403594660163093,SWI,SSC,1,2,3,,"",
2019-08-23,2019-09-13,warm,SWI1E+2.res1.SSC3,0.422175863462209,0.494990095495172,0.0999719395082398,0.1689199135434,SWI,SSC,1,2,3,,"",
2020-08-11,2020-08-26,warm,SWI1E+2.res1.SSC3,0.442460427139974,0.443705402080537,0.387597959027218,0.371873450760017,SWI,SSC,1,2,3,,"",
2020-09-01,2020-09-20,warm,SWI1E+2.res1.SSC3,0.367726151334694,0.386758017445487,0.274202664103994,0.251833834718371,SWI,SSC,1,2,3,,"",
2020-09-27,2020-10-17,cool,SWI1E+2.res1.SSC3,0.193200760015686,0.22059590218374,-0.0455037160696447,-0.0871330451668293,SWI,SSC,1,2,3,,"",
2021-03-25,2021-04-06,cool,SWI1E+2.res1.SSC3,0.412781273647347,0.48203795780596,0.315915807001874,0.346610302177283,SWI,SSC,1,2,3,,"",
2021-09-05,2021-09-20,warm,SWI1E+2.res1.SSC3,0.406563078342716,0.488598784566367,0.323846320185442,0.362139931441239,SWI,SSC,1,2,3,,"",
2017-08-27,2017-09-16,warm,SWI1E+2.res1.SSC4,0.667102747343334,0.675722260283207,0.492009994322529,0.438964572973308,SWI,SSC,1,2,4,,"",
2017-11-29,2017-12-14,cool,SWI1E+2.res1.SSC4,0.56482477101006,0.667127654804811,0.455797180893472,0.505330048074971,SWI,SSC,1,2,4,,"",
2017-12-22,2018-01-20,cool,SWI1E+2.res1.SSC4,0.490417842619959,0.533367076647042,0.36648368193154,0.3577279507252,SWI,SSC,1,2,4,,"",
2018-05-25,2018-06-07,warm,SWI1E+2.res1.SSC4,0.426017330034263,0.430912464905138,0.266779986573731,0.189662572828852,SWI,SSC,1,2,4,,"",
2019-03-30,2019-04-12,cool,SWI1E+2.res1.SSC4,0.56982473638565,0.665737556897268,0.405131679393783,0.440928165751668,SWI,SSC,1,2,4,,"",
2019-08-23,2019-09-13,warm,SWI1E+2.res1.SSC4,0.451414233598349,0.527989984476381,0.127645367317997,0.20148468894187,SWI,SSC,1,2,4,,"",
2020-08-11,2020-08-26,warm,SWI1E+2.res1.SSC4,0.455943411496513,0.458648716784306,0.408480533025772,0.395335116367149,SWI,SSC,1,2,4,,"",
2020-09-01,2020-09-20,warm,SWI1E+2.res1.SSC4,0.374479887100476,0.39701360758991,0.289607954750312,0.274729242121856,SWI,SSC,1,2,4,,"",
2020-09-27,2020-10-17,cool,SWI1E+2.res1.SSC4,0.19557450066327,0.22574729910299,-0.0287861480284921,-0.0688149284223418,SWI,SSC,1,2,4,,"",
2021-03-25,2021-04-06,cool,SWI1E+2.res1.SSC4,0.438657349140477,0.502180831141975,0.357810968413857,0.380909077628448,SWI,SSC,1,2,4,,"",
2021-09-05,2021-09-20,warm,SWI1E+2.res1.SSC4,0.414227467393162,0.492163763469394,0.338626526462517,0.368260140228488,SWI,SSC,1,2,4,,"",
2017-08-27,2017-09-16,warm,SWI1E+2.res1.SSC5,0.684474711868204,0.692208293164505,0.519203992680632,0.467815725258476,SWI,SSC,1,2,5,,"",
2017-11-29,2017-12-14,cool,SWI1E+2.res1.SSC5,0.584405188810356,0.685088365621046,0.482508724887862,0.535319850626609,SWI,SSC,1,2,5,,"",
2017-12-22,2018-01-20,cool,SWI1E+2.res1.SSC5,0.507262286066831,0.548235405391031,0.391855042526235,0.381423056786464,SWI,SSC,1,2,5,,"",
2018-05-25,2018-06-07,warm,SWI1E+2.res1.SSC5,0.434008028924297,0.439473997501732,0.280486830301203,0.210246940222499,SWI,SSC,1,2,5,,"",
2019-03-30,2019-04-12,cool,SWI1E+2.res1.SSC5,0.579821407294327,0.672734208351115,0.432932169800666,0.470059216184226,SWI,SSC,1,2,5,,"",
2019-08-23,2019-09-13,warm,SWI1E+2.res1.SSC5,0.485852410286669,0.560943131349913,0.194525534265321,0.262489583541831,SWI,SSC,1,2,5,,"",
2020-08-11,2020-08-26,warm,SWI1E+2.res1.SSC5,0.465355703461946,0.470078490505098,0.418396354592558,0.406813829780504,SWI,SSC,1,2,5,,"",
2020-09-01,2020-09-20,warm,SWI1E+2.res1.SSC5,0.374579657746927,0.399524250441035,0.288931005383669,0.280306505810793,SWI,SSC,1,2,5,,"",
2020-09-27,2020-10-17,cool,SWI1E+2.res1.SSC5,0.192423383445294,0.224941366749284,-0.0240054110971811,-0.0611164356695692,SWI,SSC,1,2,5,,"",
2021-03-25,2021-04-06,cool,SWI1E+2.res1.SSC5,0.457499450151881,0.516600418835898,0.38857632299965,0.406560949848809,SWI,SSC,1,2,5,,"",
2021-09-05,2021-09-20,warm,SWI1E+2.res1.SSC5,0.39439903349961,0.475186837870678,0.31257372971299,0.344408670453122,SWI,SSC,1,2,5,,"",
2017-08-27,2017-09-16,warm,SWI1E+2.res1.SSC7,0.689845040144496,0.697553298846977,0.522059554487006,0.473173887932226,SWI,SSC,1,2,7,,"",
2017-11-29,2017-12-14,cool,SWI1E+2.res1.SSC7,0.596281377631762,0.692972932571301,0.498909804119338,0.542237890581876,SWI,SSC,1,2,7,,"",
2017-12-22,2018-01-20,cool,SWI1E+2.res1.SSC7,0.4490910770924,0.479610487866625,0.277992361455849,0.235929790782133,SWI,SSC,1,2,7,,"",
2018-05-25,2018-06-07,warm,SWI1E+2.res1.SSC7,0.423774867825089,0.434209424393743,0.271103791234415,0.213815498320057,SWI,SSC,1,2,7,,"",
2019-03-30,2019-04-12,cool,SWI1E+2.res1.SSC7,0.583909812006163,0.679192667035383,0.451653603090141,0.499295797367532,SWI,SSC,1,2,7,,"",
2019-08-23,2019-09-13,warm,SWI1E+2.res1.SSC7,0.502838949818935,0.569596965267119,0.219439704686308,0.262865378723599,SWI,SSC,1,2,7,,"",
2020-08-11,2020-08-26,warm,SWI1E+2.res1.SSC7,0.392973800590789,0.399268354897873,0.319626157680031,0.301778805716903,SWI,SSC,1,2,7,,"",
2020-09-01,2020-09-20,warm,SWI1E+2.res1.SSC7,0.283583224526124,0.318395398280675,0.165781639236987,0.151253827026501,SWI,SSC,1,2,7,,"",
2020-09-27,2020-10-17,cool,SWI1E+2.res1.SSC7,0.0968516735515436,0.153959260591768,-0.282727003553223,-0.22282413924697,SWI,SSC,1,2,7,,"",
2021-03-25,2021-04-06,cool,SWI1E+2.res1.SSC7,0.453537942887811,0.513173280127651,0.387554155290387,0.405166467037009,SWI,SSC,1,2,7,,"",
2021-09-05,2021-09-20,warm,SWI1E+2.res1.SSC7,0.344801750000063,0.43916349320359,0.235744116373015,0.28145944706255,SWI,SSC,1,2,7,,"",
2017-08-27,2017-09-16,warm,SWI1E+2.res10.NFNW,0.260626263542679,0.30945846148643,-0.257141677338924,-0.209751633757703,SWI,NFNW,10,2,,,"",
2017-11-29,2017-12-14,cool,SWI1E+2.res10.NFNW,0.535817355409157,0.599690184933167,0.415704082135402,0.428147584513581,SWI,NFNW,10,2,,,"",
2017-12-22,2018-01-20,cool,SWI1E+2.res10.NFNW,0.205734161474901,0.238875983545165,-0.293075737317246,-0.352492385216113,SWI,NFNW,10,2,,,"",
2018-05-25,2018-06-07,warm,SWI1E+2.res10.NFNW,0.471270313958086,0.486486622263756,0.376332280311645,0.296258177017789,SWI,NFNW,10,2,,,"",
2019-03-30,2019-04-12,cool,SWI1E+2.res10.NFNW,0.504784445707999,0.648932961897828,0.244405847746179,0.368606089145123,SWI,NFNW,10,2,,,"",
2019-08-23,2019-09-13,warm,SWI1E+2.res10.NFNW,0.00224564945980681,0.248986685742582,-0.705937985910484,-0.25304046473479,SWI,NFNW,10,2,,,"",
2020-08-11,2020-08-26,warm,SWI1E+2.res10.NFNW,0.25870577339814,0.258715427309186,-0.0912076793849806,-0.120578979280363,SWI,NFNW,10,2,,,"",
2020-09-01,2020-09-20,warm,SWI1E+2.res10.NFNW,0.295178733538496,0.305202844364253,-0.00662159947846268,-0.0302386841121293,SWI,NFNW,10,2,,,"",
2020-09-27,2020-10-17,cool,SWI1E+2.res10.NFNW,0.192988873764384,0.207456474994914,-0.236305424607101,-0.262244263321221,SWI,NFNW,10,2,,,"",
2021-03-25,2021-04-06,cool,SWI1E+2.res10.NFNW,0.283756356074629,0.379028413339988,0.0877109049803893,0.166210650008732,SWI,NFNW,10,2,,,"",
2021-09-05,2021-09-20,warm,SWI1E+2.res10.NFNW,0.180524933531464,0.348360754577334,-0.0681773502213448,0.144626531441398,SWI,NFNW,10,2,,,"",
2017-08-27,2017-09-16,warm,SWI1E+2.res2.NFNW,0.573040739466919,0.59002607783203,0.373750791411842,0.323760064407845,SWI,NFNW,2,2,,,"",
2017-11-29,2017-12-14,cool,SWI1E+2.res2.NFNW,0.517023944323175,0.606753283516964,0.378470486986694,0.405783614601936,SWI,NFNW,2,2,,,"",
2017-12-22,2018-01-20,cool,SWI1E+2.res2.NFNW,0.260931814409431,0.295496289421727,-0.0873003026327103,-0.151379372569654,SWI,NFNW,2,2,,,"",
2018-05-25,2018-06-07,warm,SWI1E+2.res2.NFNW,0.380704632209813,0.389499541035259,0.222085661156638,0.134129621814534,SWI,NFNW,2,2,,,"",
2019-03-30,2019-04-12,cool,SWI1E+2.res2.NFNW,0.463750325986228,0.601218117603906,0.187027124606947,0.303646830519418,SWI,NFNW,2,2,,,"",
2019-08-23,2019-09-13,warm,SWI1E+2.res2.NFNW,0.279833388796019,0.363660125759735,-0.12161554138908,-0.027606161850025,SWI,NFNW,2,2,,,"",
2020-08-11,2020-08-26,warm,SWI1E+2.res2.NFNW,0.378818214504403,0.378924613911121,0.206894249668856,0.183623340974796,SWI,NFNW,2,2,,,"",
2020-09-01,2020-09-20,warm,SWI1E+2.res2.NFNW,0.333338241131046,0.348195463430976,0.125665668253186,0.0989638309723967,SWI,NFNW,2,2,,,"",
2020-09-27,2020-10-17,cool,SWI1E+2.res2.NFNW,0.199281637299447,0.220043397186138,-0.150808347597918,-0.181251473753681,SWI,NFNW,2,2,,,"",
2021-03-25,2021-04-06,cool,SWI1E+2.res2.NFNW,0.32454648597081,0.416694455125471,0.145579928374864,0.222456649437377,SWI,NFNW,2,2,,,"",
2021-09-05,2021-09-20,warm,SWI1E+2.res2.NFNW,0.402836611440139,0.480874555256441,0.311591024422601,0.351090256402482,SWI,NFNW,2,2,,,"",
2017-08-27,2017-09-16,warm,SWI1E+2.res3.NFNW,0.495164215414621,0.516438188552408,0.277030310509956,0.222475787628616,SWI,NFNW,3,2,,,"",
2017-11-29,2017-12-14,cool,SWI1E+2.res3.NFNW,0.504292842900134,0.592670313750525,0.362650406745798,0.388086241437016,SWI,NFNW,3,2,,,"",
2017-12-22,2018-01-20,cool,SWI1E+2.res3.NFNW,0.244526856609191,0.283455942613968,-0.111172388803113,-0.174618028315445,SWI,NFNW,3,2,,,"",
2018-05-25,2018-06-07,warm,SWI1E+2.res3.NFNW,0.3973758615636,0.405272568960702,0.256291148774235,0.163710515986287,SWI,NFNW,3,2,,,"",
2019-03-30,2019-04-12,cool,SWI1E+2.res3.NFNW,0.513931054524645,0.634003123954374,0.259000973617338,0.329434743527909,SWI,NFNW,3,2,,,"",
2019-08-23,2019-09-13,warm,SWI1E+2.res3.NFNW,0.180195204429086,0.304492668509414,-0.302427725119716,-0.147886868560771,SWI,NFNW,3,2,,,"",
2020-08-11,2020-08-26,warm,SWI1E+2.res3.NFNW,0.378250749724152,0.378254671913298,0.153008601466578,0.131674172434131,SWI,NFNW,3,2,,,"",
2020-09-01,2020-09-20,warm,SWI1E+2.res3.NFNW,0.367768973772007,0.376659462048938,0.11362596340257,0.0885873624277562,SWI,NFNW,3,2,,,"",
2020-09-27,2020-10-17,cool,SWI1E+2.res3.NFNW,0.245627463276882,0.257505976930781,-0.157157108475754,-0.191194617008228,SWI,NFNW,3,2,,,"",
2021-03-25,2021-04-06,cool,SWI1E+2.res3.NFNW,0.32335317577242,0.403030788174192,0.149666034367257,0.204311639061511,SWI,NFNW,3,2,,,"",
2021-09-05,2021-09-20,warm,SWI1E+2.res3.NFNW,0.378225010130106,0.451100025310321,0.249510021781617,0.288107662773771,SWI,NFNW,3,2,,,"",
2017-08-27,2017-09-16,warm,SWI1E+2.res4.NFNW,0.434937552134771,0.465212303842032,0.201093723339562,0.153304788102718,SWI,NFNW,4,2,,,"",
2017-11-29,2017-12-14,cool,SWI1E+2.res4.NFNW,0.531403307953492,0.605350041932051,0.406420641667422,0.411921362567664,SWI,NFNW,4,2,,,"",
2017-12-22,2018-01-20,cool,SWI1E+2.res4.NFNW,0.238905345909347,0.273550690433807,-0.155951675968997,-0.224678983833226,SWI,NFNW,4,2,,,"",
2018-05-25,2018-06-07,warm,SWI1E+2.res4.NFNW,0.433123718532121,0.444166734758598,0.30711713767937,0.220613460767055,SWI,NFNW,4,2,,,"",
2019-03-30,2019-04-12,cool,SWI1E+2.res4.NFNW,0.491240111571359,0.627223640112,0.216540432816203,0.313805365364061,SWI,NFNW,4,2,,,"",
2019-08-23,2019-09-13,warm,SWI1E+2.res4.NFNW,0.119426692645809,0.270919072151394,-0.419081953423475,-0.19429034138659,SWI,NFNW,4,2,,,"",
2020-08-11,2020-08-26,warm,SWI1E+2.res4.NFNW,0.330461914508721,0.330674078588567,0.0523631929807697,0.0290822896614545,SWI,NFNW,4,2,,,"",
2020-09-01,2020-09-20,warm,SWI1E+2.res4.NFNW,0.34162471488293,0.349170628440429,0.0606741292651301,0.0327482335398699,SWI,NFNW,4,2,,,"",
2020-09-27,2020-10-17,cool,SWI1E+2.res4.NFNW,0.228191120262097,0.239097644288625,-0.191771347666947,-0.226183188377181,SWI,NFNW,4,2,,,"",
2021-03-25,2021-04-06,cool,SWI1E+2.res4.NFNW,0.270596547723199,0.364181040229416,0.0626695318816896,0.145188924854642,SWI,NFNW,4,2,,,"",
2021-09-05,2021-09-20,warm,SWI1E+2.res4.NFNW,0.330172679132001,0.418400418946734,0.185793982250643,0.24701370792216,SWI,NFNW,4,2,,,"",
2017-08-27,2017-09-16,warm,SWI1E+2.res5.NFNW,0.40907281469456,0.443191267709831,0.158423052018016,0.116519202146902,SWI,NFNW,5,2,,,"",
2017-11-29,2017-12-14,cool,SWI1E+2.res5.NFNW,0.532697982497289,0.601872491246739,0.408295502553282,0.411031055303237,SWI,NFNW,5,2,,,"",
2017-12-22,2018-01-20,cool,SWI1E+2.res5.NFNW,0.235810891803573,0.268632092579857,-0.175235819213043,-0.245707261694597,SWI,NFNW,5,2,,,"",
2018-05-25,2018-06-07,warm,SWI1E+2.res5.NFNW,0.435958773034964,0.448298166169533,0.313393723495298,0.230020008322168,SWI,NFNW,5,2,,,"",
2019-03-30,2019-04-12,cool,SWI1E+2.res5.NFNW,0.50942105540704,0.64325265873283,0.249811268016992,0.345591627202204,SWI,NFNW,5,2,,,"",
2019-08-23,2019-09-13,warm,SWI1E+2.res5.NFNW,0.101507493394032,0.263739010575317,-0.480993419586185,-0.214621744344521,SWI,NFNW,5,2,,,"",
2020-08-11,2020-08-26,warm,SWI1E+2.res5.NFNW,0.303664144607515,0.303729255380663,-0.00834134413302605,-0.0345733727230019,SWI,NFNW,5,2,,,"",
2020-09-01,2020-09-20,warm,SWI1E+2.res5.NFNW,0.323013213728585,0.331842057828721,0.0223309877159189,-0.00289144774741897,SWI,NFNW,5,2,,,"",
2020-09-27,2020-10-17,cool,SWI1E+2.res5.NFNW,0.215160285850914,0.227561557020575,-0.215010144412421,-0.245429935102052,SWI,NFNW,5,2,,,"",
2021-03-25,2021-04-06,cool,SWI1E+2.res5.NFNW,0.266880973985427,0.363206082253167,0.0564139754468247,0.143631139135494,SWI,NFNW,5,2,,,"",
2021-09-05,2021-09-20,warm,SWI1E+2.res5.NFNW,0.292022280849305,0.39619260644537,0.129391736569342,0.214731901941028,SWI,NFNW,5,2,,,"",
2017-08-27,2017-09-16,warm,SWI1E+2.res7.NFNW,0.33043791897108,0.373076352796987,-0.00442812470259481,-0.0194950562414137,SWI,NFNW,7,2,,,"",
2017-11-29,2017-12-14,cool,SWI1E+2.res7.NFNW,0.532864662272305,0.598077763258927,0.408259639641642,0.415015974445693,SWI,NFNW,7,2,,,"",
2017-12-22,2018-01-20,cool,SWI1E+2.res7.NFNW,0.214115657506769,0.246816268157473,-0.25348914822269,-0.319027711550063,SWI,NFNW,7,2,,,"",
2018-05-25,2018-06-07,warm,SWI1E+2.res7.NFNW,0.454020910207255,0.46838836283331,0.346273072700984,0.264983465865509,SWI,NFNW,7,2,,,"",
2019-03-30,2019-04-12,cool,SWI1E+2.res7.NFNW,0.522396513491389,0.660091512042367,0.258078351393927,0.368596018353929,SWI,NFNW,7,2,,,"",
2019-08-23,2019-09-13,warm,SWI1E+2.res7.NFNW,0.0440051545829652,0.249708823081926,-0.64864061625069,-0.239992396967367,SWI,NFNW,7,2,,,"",
2020-08-11,2020-08-26,warm,SWI1E+2.res7.NFNW,0.27914242597741,0.279201083302833,-0.0502251114342347,-0.078819522330247,SWI,NFNW,7,2,,,"",
2020-09-01,2020-09-20,warm,SWI1E+2.res7.NFNW,0.309644353882733,0.318890501088923,0.0113133686934002,-0.0136728595130564,SWI,NFNW,7,2,,,"",
2020-09-27,2020-10-17,cool,SWI1E+2.res7.NFNW,0.206467296121815,0.219405822321905,-0.212296174268125,-0.243192559102624,SWI,NFNW,7,2,,,"",
2021-03-25,2021-04-06,cool,SWI1E+2.res7.NFNW,0.264582356266291,0.360594693058989,0.0535207411068121,0.142274222164804,SWI,NFNW,7,2,,,"",
2021-09-05,2021-09-20,warm,SWI1E+2.res7.NFNW,0.24960295335903,0.374639035695254,0.0654530933102201,0.18608661091549,SWI,NFNW,7,2,,,"",
2017-08-27,2017-09-16,warm,SWI1E+32.res1.gauss_0.5sigma,0.401248453583327,0.413203315469835,0.196691220313228,0.126109668195816,SWI,gauss,1,32,,0.5,"",
2017-11-29,2017-12-14,cool,SWI1E+32.res1.gauss_0.5sigma,0.45453668472824,0.590434460970257,0.104741373547126,0.369100170332174,SWI,gauss,1,32,,0.5,"",
2017-12-22,2018-01-20,cool,SWI1E+32.res1.gauss_0.5sigma,0.575250789820627,0.60206612443899,0.500379486167841,0.482326874136469,SWI,gauss,1,32,,0.5,"",
2018-05-25,2018-06-07,warm,SWI1E+32.res1.gauss_0.5sigma,0.330507598277534,0.338320449170125,-0.155500497967855,-0.280075150163835,SWI,gauss,1,32,,0.5,"",
2019-03-30,2019-04-12,cool,SWI1E+32.res1.gauss_0.5sigma,0.517366386715053,0.608755923377005,0.300428283990559,0.395258433467165,SWI,gauss,1,32,,0.5,"",
2019-08-23,2019-09-13,warm,SWI1E+32.res1.gauss_0.5sigma,0.279536864014224,0.41029162678773,-0.322533319960578,-0.0958796949513859,SWI,gauss,1,32,,0.5,"",
2020-08-11,2020-08-26,warm,SWI1E+32.res1.gauss_0.5sigma,0.13701579729337,0.157056851013544,-0.396202983674632,-0.40799579142783,SWI,gauss,1,32,,0.5,"",
2020-09-01,2020-09-20,warm,SWI1E+32.res1.gauss_0.5sigma,0.115764598064125,0.212097338944125,-0.369837405819815,-0.118030686022711,SWI,gauss,1,32,,0.5,"",
2020-09-27,2020-10-17,cool,SWI1E+32.res1.gauss_0.5sigma,0.0244849270499691,0.120141706618987,-0.65902097458593,-0.325631315393751,SWI,gauss,1,32,,0.5,"",
2021-03-25,2021-04-06,cool,SWI1E+32.res1.gauss_0.5sigma,0.466409895220671,0.526464941194314,0.424331835125553,0.435918675245134,SWI,gauss,1,32,,0.5,"",
2021-09-05,2021-09-20,warm,SWI1E+32.res1.gauss_0.5sigma,0.0569098149859156,0.345860153964745,-0.616580810607327,0.0704414246637763,SWI,gauss,1,32,,0.5,"",
2017-08-27,2017-09-16,warm,SWI1E+32.res1.gauss_1.0sigma,0.498222492872835,0.498743302508958,0.248025284882796,0.225384182721255,SWI,gauss,1,32,,1,"",
2017-11-29,2017-12-14,cool,SWI1E+32.res1.gauss_1.0sigma,0.38558703654936,0.574562844384019,0.0063387427207759,0.400140131831515,SWI,gauss,1,32,,1,"",
2017-12-22,2018-01-20,cool,SWI1E+32.res1.gauss_1.0sigma,0.50245460903685,0.557163556505793,0.414288117748022,0.427894640346217,SWI,gauss,1,32,,1,"",
2018-05-25,2018-06-07,warm,SWI1E+32.res1.gauss_1.0sigma,0.490293824349385,0.493708018039304,0.405553686019869,0.352313385794563,SWI,gauss,1,32,,1,"",
2019-03-30,2019-04-12,cool,SWI1E+32.res1.gauss_1.0sigma,0.617407315636574,0.677351754939138,0.460136514118192,0.498282486305843,SWI,gauss,1,32,,1,"",
2019-08-23,2019-09-13,warm,SWI1E+32.res1.gauss_1.0sigma,0.159303543527292,0.341134828693885,-0.415076459808507,-0.0390012681860387,SWI,gauss,1,32,,1,"",
2020-08-11,2020-08-26,warm,SWI1E+32.res1.gauss_1.0sigma,0.18909158212803,0.205063352037151,-0.25346504771428,-0.226925771053851,SWI,gauss,1,32,,1,"",
2020-09-01,2020-09-20,warm,SWI1E+32.res1.gauss_1.0sigma,0.138030531868734,0.219783173034065,-0.322549959391035,-0.106574689511124,SWI,gauss,1,32,,1,"",
2020-09-27,2020-10-17,cool,SWI1E+32.res1.gauss_1.0sigma,0.00869360311722959,0.120615010534249,-0.634809719973188,-0.323559915919267,SWI,gauss,1,32,,1,"",
2021-03-25,2021-04-06,cool,SWI1E+32.res1.gauss_1.0sigma,0.423446527553259,0.463013670526115,0.349855399963521,0.350650992096928,SWI,gauss,1,32,,1,"",
2021-09-05,2021-09-20,warm,SWI1E+32.res1.gauss_1.0sigma,0.095473222603103,0.334525239751673,-0.247791934698155,0.0929857373843509,SWI,gauss,1,32,,1,"",
2017-08-27,2017-09-16,warm,SWI1E+32.res1.gauss_1.5sigma,0.552948150040186,0.55301639134136,0.275942047982513,0.255762107108609,SWI,gauss,1,32,,1.5,"",
2017-11-29,2017-12-14,cool,SWI1E+32.res1.gauss_1.5sigma,0.444115901105116,0.630845855945514,0.299010278061829,0.506250699967531,SWI,gauss,1,32,,1.5,"",
2017-12-22,2018-01-20,cool,SWI1E+32.res1.gauss_1.5sigma,0.514673924775865,0.573033375939677,0.425316488564676,0.440237657131612,SWI,gauss,1,32,,1.5,"",
2018-05-25,2018-06-07,warm,SWI1E+32.res1.gauss_1.5sigma,0.470184502157103,0.475243219674494,0.389763737488908,0.324184659958314,SWI,gauss,1,32,,1.5,"",
2019-03-30,2019-04-12,cool,SWI1E+32.res1.gauss_1.5sigma,0.649354582459274,0.713715613732357,0.524025157673016,0.544757713434271,SWI,gauss,1,32,,1.5,"",
2019-08-23,2019-09-13,warm,SWI1E+32.res1.gauss_1.5sigma,0.366849035494464,0.495265546083498,-0.097668643603462,0.0848673732460695,SWI,gauss,1,32,,1.5,"",
2020-08-11,2020-08-26,warm,SWI1E+32.res1.gauss_1.5sigma,0.215180044156074,0.22707316522065,-0.136644374171456,-0.135466430938457,SWI,gauss,1,32,,1.5,"",
2020-09-01,2020-09-20,warm,SWI1E+32.res1.gauss_1.5sigma,0.141931525903921,0.218749666410066,-0.32379458093269,-0.125463225524058,SWI,gauss,1,32,,1.5,"",
2020-09-27,2020-10-17,cool,SWI1E+32.res1.gauss_1.5sigma,0.0210693290742866,0.120196566716919,-0.644295274681446,-0.339450126908827,SWI,gauss,1,32,,1.5,"",
2021-03-25,2021-04-06,cool,SWI1E+32.res1.gauss_1.5sigma,0.454948932940231,0.492063379033124,0.366638395504304,0.363603117488887,SWI,gauss,1,32,,1.5,"",
2021-09-05,2021-09-20,warm,SWI1E+32.res1.gauss_1.5sigma,0.160692362560572,0.347575080918253,-0.123938031992867,0.082841353928521,SWI,gauss,1,32,,1.5,"",
2017-08-27,2017-09-16,warm,SWI1E+32.res1.gauss_2.0sigma,0.630141567235133,0.630205907702055,0.342379708717241,0.318778804210133,SWI,gauss,1,32,,2,"",
2017-11-29,2017-12-14,cool,SWI1E+32.res1.gauss_2.0sigma,0.522277352306041,0.69081386908061,0.445811949158951,0.588158946707995,SWI,gauss,1,32,,2,"",
2017-12-22,2018-01-20,cool,SWI1E+32.res1.gauss_2.0sigma,0.559411225753617,0.614806357827957,0.478235727478795,0.494250569618125,SWI,gauss,1,32,,2,"",
2018-05-25,2018-06-07,warm,SWI1E+32.res1.gauss_2.0sigma,0.468108520779983,0.474337710375369,0.349738029625274,0.28507231658275,SWI,gauss,1,32,,2,"",
2019-03-30,2019-04-12,cool,SWI1E+32.res1.gauss_2.0sigma,0.665964548009272,0.744558659501749,0.519676617920316,0.555160589513836,SWI,gauss,1,32,,2,"",
2019-08-23,2019-09-13,warm,SWI1E+32.res1.gauss_2.0sigma,0.531010532176914,0.618546979197215,0.308558626102877,0.346787862768081,SWI,gauss,1,32,,2,"",
2020-08-11,2020-08-26,warm,SWI1E+32.res1.gauss_2.0sigma,0.282178555747049,0.291844153327704,0.0894116600081354,0.074724297744674,SWI,gauss,1,32,,2,"",
2020-09-01,2020-09-20,warm,SWI1E+32.res1.gauss_2.0sigma,0.190310401422846,0.250872273915314,-0.088003975028663,-0.0295453550729354,SWI,gauss,1,32,,2,"",
2020-09-27,2020-10-17,cool,SWI1E+32.res1.gauss_2.0sigma,0.0109879918469321,0.122036368210303,-0.580569115354643,-0.317667923379497,SWI,gauss,1,32,,2,"",
2021-03-25,2021-04-06,cool,SWI1E+32.res1.gauss_2.0sigma,0.472949077630902,0.511086335103839,0.388526476995703,0.383963254885879,SWI,gauss,1,32,,2,"",
2021-09-05,2021-09-20,warm,SWI1E+32.res1.gauss_2.0sigma,0.245496193097042,0.382243725724567,0.00161531018137485,0.12357178849158,SWI,gauss,1,32,,2,"",
2017-08-27,2017-09-16,warm,SWI1E+32.res1.gauss_2.5sigma,0.660643061008264,0.660705750246097,0.377144233509218,0.350833405092956,SWI,gauss,1,32,,2.5,"",
2017-11-29,2017-12-14,cool,SWI1E+32.res1.gauss_2.5sigma,0.52554282148401,0.688250061960511,0.438657852672573,0.578463148536097,SWI,gauss,1,32,,2.5,"",
2017-12-22,2018-01-20,cool,SWI1E+32.res1.gauss_2.5sigma,0.557461607457203,0.614006404885505,0.488175989656337,0.505556773899582,SWI,gauss,1,32,,2.5,"",
2018-05-25,2018-06-07,warm,SWI1E+32.res1.gauss_2.5sigma,0.445676514666405,0.45128498322441,0.265931929898572,0.194716963883909,SWI,gauss,1,32,,2.5,"",
2019-03-30,2019-04-12,cool,SWI1E+32.res1.gauss_2.5sigma,0.647568651408105,0.730268889911959,0.473760269330437,0.512157659602583,SWI,gauss,1,32,,2.5,"",
2019-08-23,2019-09-13,warm,SWI1E+32.res1.gauss_2.5sigma,0.571855063446174,0.651068084530428,0.375604214332449,0.412435695673475,SWI,gauss,1,32,,2.5,"",
2020-08-11,2020-08-26,warm,SWI1E+32.res1.gauss_2.5sigma,0.331907338841242,0.341541215025251,0.21199443953449,0.198560153291363,SWI,gauss,1,32,,2.5,"",
2020-09-01,2020-09-20,warm,SWI1E+32.res1.gauss_2.5sigma,0.242434619930125,0.29255382326306,0.0797295791582009,0.0905781976525069,SWI,gauss,1,32,,2.5,"",
2020-09-27,2020-10-17,cool,SWI1E+32.res1.gauss_2.5sigma,0.0659455858062328,0.141447078426251,-0.328426287191753,-0.237398307144341,SWI,gauss,1,32,,2.5,"",
2021-03-25,2021-04-06,cool,SWI1E+32.res1.gauss_2.5sigma,0.467984082376174,0.50855690073395,0.389951607355718,0.3854385877135,SWI,gauss,1,32,,2.5,"",
2021-09-05,2021-09-20,warm,SWI1E+32.res1.gauss_2.5sigma,0.297950618265628,0.409307697777656,0.0934045944793737,0.169553742793929,SWI,gauss,1,32,,2.5,"",
2017-08-27,2017-09-16,warm,SWI1E+32.res1.gauss_3.5sigma,0.706033359259489,0.70604690213366,0.430763696482125,0.403057711560435,SWI,gauss,1,32,,3.5,"",
2017-11-29,2017-12-14,cool,SWI1E+32.res1.gauss_3.5sigma,0.498151918961911,0.657350882231795,0.361791750716681,0.502812375781769,SWI,gauss,1,32,,3.5,"",
2017-12-22,2018-01-20,cool,SWI1E+32.res1.gauss_3.5sigma,0.544517529408044,0.603476780403868,0.485155552695714,0.504789588161242,SWI,gauss,1,32,,3.5,"",
2018-05-25,2018-06-07,warm,SWI1E+32.res1.gauss_3.5sigma,0.411097695418044,0.415367981598873,0.158197337718462,0.0854963871197809,SWI,gauss,1,32,,3.5,"",
2019-03-30,2019-04-12,cool,SWI1E+32.res1.gauss_3.5sigma,0.601066238644631,0.686650045759136,0.41288815796432,0.448096124261791,SWI,gauss,1,32,,3.5,"",
2019-08-23,2019-09-13,warm,SWI1E+32.res1.gauss_3.5sigma,0.585005739846131,0.663023165803859,0.416673274286043,0.455515191275586,SWI,gauss,1,32,,3.5,"",
2020-08-11,2020-08-26,warm,SWI1E+32.res1.gauss_3.5sigma,0.391878261874188,0.403667629880169,0.307248878695156,0.300436732750435,SWI,gauss,1,32,,3.5,"",
2020-09-01,2020-09-20,warm,SWI1E+32.res1.gauss_3.5sigma,0.309964763015291,0.352366946206704,0.197195352025272,0.207316242568899,SWI,gauss,1,32,,3.5,"",
2020-09-27,2020-10-17,cool,SWI1E+32.res1.gauss_3.5sigma,0.144390193500385,0.194478922499009,-0.0923483892985128,-0.109261544908013,SWI,gauss,1,32,,3.5,"",
2021-03-25,2021-04-06,cool,SWI1E+32.res1.gauss_3.5sigma,0.440745135582022,0.488890981593744,0.372918627110254,0.374250165783419,SWI,gauss,1,32,,3.5,"",
2021-09-05,2021-09-20,warm,SWI1E+32.res1.gauss_3.5sigma,0.345769444105324,0.438507222171688,0.197018465244213,0.234979766081971,SWI,gauss,1,32,,3.5,"",
2017-08-27,2017-09-16,warm,SWI1E+32.res1.gauss_5.0sigma,0.744227425322526,0.74424614384901,0.500588545070285,0.468555514300216,SWI,gauss,1,32,,5,"",
2017-11-29,2017-12-14,cool,SWI1E+32.res1.gauss_5.0sigma,0.509994685535043,0.665242847920984,0.359451110197864,0.48560051670055,SWI,gauss,1,32,,5,"",
2017-12-22,2018-01-20,cool,SWI1E+32.res1.gauss_5.0sigma,0.554494804002969,0.612589084703761,0.497376682252457,0.513385809478861,SWI,gauss,1,32,,5,"",
2018-05-25,2018-06-07,warm,SWI1E+32.res1.gauss_5.0sigma,0.415566924679428,0.419555087560956,0.162319042603175,0.101244494892687,SWI,gauss,1,32,,5,"",
2019-03-30,2019-04-12,cool,SWI1E+32.res1.gauss_5.0sigma,0.581869022529212,0.672959048885284,0.403463619865658,0.4417198117256,SWI,gauss,1,32,,5,"",
2019-08-23,2019-09-13,warm,SWI1E+32.res1.gauss_5.0sigma,0.588105312841655,0.660278217078803,0.453550552704678,0.469155958722714,SWI,gauss,1,32,,5,"",
2020-08-11,2020-08-26,warm,SWI1E+32.res1.gauss_5.0sigma,0.437675797827889,0.447805139611805,0.356070376388648,0.347978306648574,SWI,gauss,1,32,,5,"",
2020-09-01,2020-09-20,warm,SWI1E+32.res1.gauss_5.0sigma,0.330319018908696,0.371076884575682,0.218878353370972,0.229961350279059,SWI,gauss,1,32,,5,"",
2020-09-27,2020-10-17,cool,SWI1E+32.res1.gauss_5.0sigma,0.149809907605806,0.198809996351955,-0.0808377082997599,-0.103406770716619,SWI,gauss,1,32,,5,"",
2021-03-25,2021-04-06,cool,SWI1E+32.res1.gauss_5.0sigma,0.339884290721106,0.394514193743385,0.237254667189029,0.219234433219633,SWI,gauss,1,32,,5,"",
2021-09-05,2021-09-20,warm,SWI1E+32.res1.gauss_5.0sigma,0.365293293125704,0.457543819791558,0.238265846269036,0.274518328399856,SWI,gauss,1,32,,5,"",
2017-08-27,2017-09-16,warm,SWI1E+32.res1.NFNW,0.106228732722642,0.160234608064873,-0.642408933198599,-0.551989988414337,SWI,NFNW,1,32,,,"",
2017-11-29,2017-12-14,cool,SWI1E+32.res1.NFNW,0.162761247256965,0.301818969454636,-0.268632787259243,-0.158112703499147,SWI,NFNW,1,32,,,"",
2017-12-22,2018-01-20,cool,SWI1E+32.res1.NFNW,0.122576483545998,0.203445359787407,-0.350995482401229,-0.259747226177084,SWI,NFNW,1,32,,,"",
2018-05-25,2018-06-07,warm,SWI1E+32.res1.NFNW,0.158876214212101,0.16621334849063,-0.288613386444228,-0.444031221758597,SWI,NFNW,1,32,,,"",
2019-03-30,2019-04-12,cool,SWI1E+32.res1.NFNW,0.38497451721145,0.483574943972924,-0.0757989212526123,0.084725382125733,SWI,NFNW,1,32,,,"",
2019-08-23,2019-09-13,warm,SWI1E+32.res1.NFNW,0.149189965862121,0.258753093569589,-0.248898043095066,-0.113260456635967,SWI,NFNW,1,32,,,"",
2020-08-11,2020-08-26,warm,SWI1E+32.res1.NFNW,0.0450003047477084,0.0644641246406731,-0.692005713936161,-0.604839927472889,SWI,NFNW,1,32,,,"",
2020-09-01,2020-09-20,warm,SWI1E+32.res1.NFNW,0.0423992119474337,0.169238597407266,-0.749928098129756,-0.277019550871715,SWI,NFNW,1,32,,,"",
2020-09-27,2020-10-17,cool,SWI1E+32.res1.NFNW,0.0752882121981866,0.127927459379782,-0.412354256257887,-0.309367804869048,SWI,NFNW,1,32,,,"",
2021-03-25,2021-04-06,cool,SWI1E+32.res1.NFNW,0.333940469317728,0.400829199061671,0.224899104979285,0.244095005184625,SWI,NFNW,1,32,,,"",
2021-09-05,2021-09-20,warm,SWI1E+32.res1.NFNW,0.0342900615814876,0.335479882089463,-0.511696229032917,0.0103820034752281,SWI,NFNW,1,32,,,"",
2017-08-27,2017-09-16,warm,SWI1E+32.res1.SSC1,0.49910216158065,0.507514556894842,0.298377152415147,0.262693180360486,SWI,SSC,1,32,1,,"",
2017-11-29,2017-12-14,cool,SWI1E+32.res1.SSC1,0.494743160684363,0.619558779466456,0.251971106861434,0.437817302858498,SWI,SSC,1,32,1,,"",
2017-12-22,2018-01-20,cool,SWI1E+32.res1.SSC1,0.588738116724999,0.613108612191628,0.512338927856003,0.499803368192915,SWI,SSC,1,32,1,,"",
2018-05-25,2018-06-07,warm,SWI1E+32.res1.SSC1,0.451956181417448,0.461389404004839,0.280237626658642,0.201981355590665,SWI,SSC,1,32,1,,"",
2019-03-30,2019-04-12,cool,SWI1E+32.res1.SSC1,0.536760042315492,0.650489642893427,0.289489220006248,0.440566949516729,SWI,SSC,1,32,1,,"",
2019-08-23,2019-09-13,warm,SWI1E+32.res1.SSC1,0.207841294670498,0.342336105282595,-0.20878827370922,-0.0240165937204143,SWI,SSC,1,32,1,,"",
2020-08-11,2020-08-26,warm,SWI1E+32.res1.SSC1,0.126933622055163,0.14215968402663,-0.556937552957057,-0.528002174808636,SWI,SSC,1,32,1,,"",
2020-09-01,2020-09-20,warm,SWI1E+32.res1.SSC1,0.0933416155274849,0.18457541997446,-0.616044338033889,-0.302680653916357,SWI,SSC,1,32,1,,"",
2020-09-27,2020-10-17,cool,SWI1E+32.res1.SSC1,0.0458411834489326,0.123955839620752,-0.678138485229964,-0.414607466175687,SWI,SSC,1,32,1,,"",
2021-03-25,2021-04-06,cool,SWI1E+32.res1.SSC1,0.442828645488663,0.488390600256784,0.391111503774508,0.396353238267827,SWI,SSC,1,32,1,,"",
2021-09-05,2021-09-20,warm,SWI1E+32.res1.SSC1,0.0801324833929441,0.334558131924064,-0.416527735433805,0.0907594869871346,SWI,SSC,1,32,1,,"",
2017-08-27,2017-09-16,warm,SWI1E+32.res1.SSC10,0.753089382022194,0.753097222669307,0.517730903108221,0.485856694857575,SWI,SSC,1,32,10,,"",
2017-11-29,2017-12-14,cool,SWI1E+32.res1.SSC10,0.468157861316168,0.631540165777889,0.273936173719746,0.411855718407245,SWI,SSC,1,32,10,,"",
2017-12-22,2018-01-20,cool,SWI1E+32.res1.SSC10,0.533553473679839,0.595762407993585,0.470002217574417,0.486806789328847,SWI,SSC,1,32,10,,"",
2018-05-25,2018-06-07,warm,SWI1E+32.res1.SSC10,0.385717219804442,0.388985752250828,0.110958767478869,0.046908864420347,SWI,SSC,1,32,10,,"",
2019-03-30,2019-04-12,cool,SWI1E+32.res1.SSC10,0.556335274561587,0.645960161364617,0.376577754085371,0.40883490866736,SWI,SSC,1,32,10,,"",
2019-08-23,2019-09-13,warm,SWI1E+32.res1.SSC10,0.573303588016163,0.652336957906691,0.411115810300163,0.432863643979016,SWI,SSC,1,32,10,,"",
2020-08-11,2020-08-26,warm,SWI1E+32.res1.SSC10,0.438216697151404,0.449599230485549,0.34689306018874,0.338270233108562,SWI,SSC,1,32,10,,"",
2020-09-01,2020-09-20,warm,SWI1E+32.res1.SSC10,0.333201901499499,0.37742931695606,0.214439634095986,0.231803483885226,SWI,SSC,1,32,10,,"",
2020-09-27,2020-10-17,cool,SWI1E+32.res1.SSC10,0.159331485948417,0.209013648953691,-0.0566101685329347,-0.0814796611923501,SWI,SSC,1,32,10,,"",
2021-03-25,2021-04-06,cool,SWI1E+32.res1.SSC10,0.333976260526822,0.390972840270632,0.229232605505924,0.211534401473152,SWI,SSC,1,32,10,,"",
2021-09-05,2021-09-20,warm,SWI1E+32.res1.SSC10,0.369620909779647,0.463273735213345,0.255413759149289,0.293071252841795,SWI,SSC,1,32,10,,"",
2017-08-27,2017-09-16,warm,SWI1E+32.res1.SSC2,0.4636699255885,0.463873454298714,0.223829754953788,0.199484003683554,SWI,SSC,1,32,2,,"",
2017-11-29,2017-12-14,cool,SWI1E+32.res1.SSC2,0.360228435720283,0.567445200912657,-0.21129146732359,0.363666759805164,SWI,SSC,1,32,2,,"",
2017-12-22,2018-01-20,cool,SWI1E+32.res1.SSC2,0.478176458447501,0.543203674566728,0.387834611881257,0.409172085356687,SWI,SSC,1,32,2,,"",
2018-05-25,2018-06-07,warm,SWI1E+32.res1.SSC2,0.526532510160448,0.528787246401902,0.443376017290482,0.401594179734946,SWI,SSC,1,32,2,,"",
2019-03-30,2019-04-12,cool,SWI1E+32.res1.SSC2,0.628854727189839,0.679098307467055,0.479969807824192,0.498901758271205,SWI,SSC,1,32,2,,"",
2019-08-23,2019-09-13,warm,SWI1E+32.res1.SSC2,0.0874700703198085,0.30185846520042,-0.580257059805729,-0.0675240883729305,SWI,SSC,1,32,2,,"",
2020-08-11,2020-08-26,warm,SWI1E+32.res1.SSC2,0.175305310637351,0.190661617107198,-0.351088565926517,-0.32333849537464,SWI,SSC,1,32,2,,"",
2020-09-01,2020-09-20,warm,SWI1E+32.res1.SSC2,0.123749338796745,0.21010931083834,-0.435146147806874,-0.145264159301472,SWI,SSC,1,32,2,,"",
2020-09-27,2020-10-17,cool,SWI1E+32.res1.SSC2,0.0218615526858389,0.120096650177199,-0.663961975208305,-0.336375607929832,SWI,SSC,1,32,2,,"",
2021-03-25,2021-04-06,cool,SWI1E+32.res1.SSC2,0.395233932013436,0.434557710974928,0.310151040919589,0.308566193837306,SWI,SSC,1,32,2,,"",
2021-09-05,2021-09-20,warm,SWI1E+32.res1.SSC2,0.0679450944572221,0.332327846456831,-0.282136409437438,0.0905792777318453,SWI,SSC,1,32,2,,"",
2017-08-27,2017-09-16,warm,SWI1E+32.res1.SSC3,0.542676181533152,0.542700804011545,0.276688014528442,0.253119577422233,SWI,SSC,1,32,3,,"",
2017-11-29,2017-12-14,cool,SWI1E+32.res1.SSC3,0.454167874437842,0.647208941336584,0.327789879235741,0.522695244589702,SWI,SSC,1,32,3,,"",
2017-12-22,2018-01-20,cool,SWI1E+32.res1.SSC3,0.520864852340045,0.584194382885337,0.429407887785255,0.449175515529983,SWI,SSC,1,32,3,,"",
2018-05-25,2018-06-07,warm,SWI1E+32.res1.SSC3,0.429794022181169,0.434953980957416,0.288237203837467,0.196016744712217,SWI,SSC,1,32,3,,"",
2019-03-30,2019-04-12,cool,SWI1E+32.res1.SSC3,0.640061998800148,0.706754553603578,0.514807928064202,0.532645241935275,SWI,SSC,1,32,3,,"",
2019-08-23,2019-09-13,warm,SWI1E+32.res1.SSC3,0.457854117873629,0.577384326346855,0.00969047390428918,0.147857829489355,SWI,SSC,1,32,3,,"",
2020-08-11,2020-08-26,warm,SWI1E+32.res1.SSC3,0.202637239066897,0.214180309249888,-0.214137994176219,-0.214329142504248,SWI,SSC,1,32,3,,"",
2020-09-01,2020-09-20,warm,SWI1E+32.res1.SSC3,0.129472372466477,0.210654426015488,-0.435271202526666,-0.170848681710778,SWI,SSC,1,32,3,,"",
2020-09-27,2020-10-17,cool,SWI1E+32.res1.SSC3,0.0313519194279586,0.120943963473283,-0.642362024123367,-0.354054724522478,SWI,SSC,1,32,3,,"",
2021-03-25,2021-04-06,cool,SWI1E+32.res1.SSC3,0.459493592670012,0.495286172683594,0.371246856200629,0.364620327189523,SWI,SSC,1,32,3,,"",
2021-09-05,2021-09-20,warm,SWI1E+32.res1.SSC3,0.142469889188251,0.342264868314458,-0.15443536134292,0.0837131020925066,SWI,SSC,1,32,3,,"",
2017-08-27,2017-09-16,warm,SWI1E+32.res1.SSC4,0.644258981927534,0.644299915650908,0.35994553799326,0.336043948273478,SWI,SSC,1,32,4,,"",
2017-11-29,2017-12-14,cool,SWI1E+32.res1.SSC4,0.505266476592632,0.686519971660553,0.413240926625997,0.576307099037411,SWI,SSC,1,32,4,,"",
2017-12-22,2018-01-20,cool,SWI1E+32.res1.SSC4,0.556754292916297,0.619794175065501,0.482645412751735,0.506206141637637,SWI,SSC,1,32,4,,"",
2018-05-25,2018-06-07,warm,SWI1E+32.res1.SSC4,0.441265108745728,0.446056327880579,0.268498195547492,0.193716254327166,SWI,SSC,1,32,4,,"",
2019-03-30,2019-04-12,cool,SWI1E+32.res1.SSC4,0.665255873608974,0.73806712680468,0.508889802504979,0.536621762072605,SWI,SSC,1,32,4,,"",
2019-08-23,2019-09-13,warm,SWI1E+32.res1.SSC4,0.550900489026322,0.643972983353438,0.299382349442976,0.354361467565958,SWI,SSC,1,32,4,,"",
2020-08-11,2020-08-26,warm,SWI1E+32.res1.SSC4,0.284431978598061,0.295648453270596,0.0959594730770716,0.0844224907206215,SWI,SSC,1,32,4,,"",
2020-09-01,2020-09-20,warm,SWI1E+32.res1.SSC4,0.196113127662507,0.259188954385778,-0.0700269926037937,-0.0099830459369463,SWI,SSC,1,32,4,,"",
2020-09-27,2020-10-17,cool,SWI1E+32.res1.SSC4,0.0222307852649292,0.125421584771577,-0.560190680830624,-0.30465863690087,SWI,SSC,1,32,4,,"",
2021-03-25,2021-04-06,cool,SWI1E+32.res1.SSC4,0.484303390610909,0.519856001767885,0.408658188297649,0.401037776685082,SWI,SSC,1,32,4,,"",
2021-09-05,2021-09-20,warm,SWI1E+32.res1.SSC4,0.252289065504961,0.384164562539237,0.0215764983731969,0.131917070093491,SWI,SSC,1,32,4,,"",
2017-08-27,2017-09-16,warm,SWI1E+32.res1.SSC5,0.67306338320951,0.673088380346068,0.396943402360024,0.368551134658106,SWI,SSC,1,32,5,,"",
2017-11-29,2017-12-14,cool,SWI1E+32.res1.SSC5,0.510418676079608,0.673989154540633,0.398629907895349,0.546984983444026,SWI,SSC,1,32,5,,"",
2017-12-22,2018-01-20,cool,SWI1E+32.res1.SSC5,0.552416912248484,0.612611927702767,0.490521041538037,0.510694011514526,SWI,SSC,1,32,5,,"",
2018-05-25,2018-06-07,warm,SWI1E+32.res1.SSC5,0.414150430096562,0.418843094647598,0.170338998744467,0.0877423502865517,SWI,SSC,1,32,5,,"",
2019-03-30,2019-04-12,cool,SWI1E+32.res1.SSC5,0.615499491590271,0.702011402389549,0.428969776230867,0.468723077651088,SWI,SSC,1,32,5,,"",
2019-08-23,2019-09-13,warm,SWI1E+32.res1.SSC5,0.587611139609243,0.667571806835632,0.399935559192661,0.45716067557925,SWI,SSC,1,32,5,,"",
2020-08-11,2020-08-26,warm,SWI1E+32.res1.SSC5,0.35826338926179,0.36897508268813,0.260308918794124,0.251878930257041,SWI,SSC,1,32,5,,"",
2020-09-01,2020-09-20,warm,SWI1E+32.res1.SSC5,0.277478136882338,0.323762474370443,0.149640308317202,0.158386083516213,SWI,SSC,1,32,5,,"",
2020-09-27,2020-10-17,cool,SWI1E+32.res1.SSC5,0.110754394555125,0.169704007465424,-0.183454663153785,-0.167837798420569,SWI,SSC,1,32,5,,"",
2021-03-25,2021-04-06,cool,SWI1E+32.res1.SSC5,0.468595446849896,0.508713997974937,0.396123044178013,0.389973902240231,SWI,SSC,1,32,5,,"",
2021-09-05,2021-09-20,warm,SWI1E+32.res1.SSC5,0.331315074409122,0.428045167992927,0.148447806901507,0.194536661908572,SWI,SSC,1,32,5,,"",
2017-08-27,2017-09-16,warm,SWI1E+32.res1.SSC7,0.718988206250792,0.718999870317637,0.462649514262823,0.432466452927942,SWI,SSC,1,32,7,,"",
2017-11-29,2017-12-14,cool,SWI1E+32.res1.SSC7,0.504215982298876,0.659521454257848,0.358598537698959,0.494328874924048,SWI,SSC,1,32,7,,"",
2017-12-22,2018-01-20,cool,SWI1E+32.res1.SSC7,0.557309393252699,0.616727243159695,0.501595001774478,0.521849878354809,SWI,SSC,1,32,7,,"",
2018-05-25,2018-06-07,warm,SWI1E+32.res1.SSC7,0.377989582997239,0.38203020074174,0.0736641294707326,-0.00362580104703297,SWI,SSC,1,32,7,,"",
2019-03-30,2019-04-12,cool,SWI1E+32.res1.SSC7,0.581960316783027,0.672258338954112,0.392654090441817,0.430701911808188,SWI,SSC,1,32,7,,"",
2019-08-23,2019-09-13,warm,SWI1E+32.res1.SSC7,0.62291318590739,0.698000377994436,0.494069849045821,0.53825165027048,SWI,SSC,1,32,7,,"",
2020-08-11,2020-08-26,warm,SWI1E+32.res1.SSC7,0.422535849553251,0.435937451058764,0.338900369700122,0.336001094716661,SWI,SSC,1,32,7,,"",
2020-09-01,2020-09-20,warm,SWI1E+32.res1.SSC7,0.338916435153026,0.379692796006704,0.227458831470829,0.243581129275819,SWI,SSC,1,32,7,,"",
2020-09-27,2020-10-17,cool,SWI1E+32.res1.SSC7,0.177977140832287,0.222449496146465,-0.0288002405811661,-0.0531190272289129,SWI,SSC,1,32,7,,"",
2021-03-25,2021-04-06,cool,SWI1E+32.res1.SSC7,0.431996688356636,0.481258490296526,0.364942326664674,0.366974454654756,SWI,SSC,1,32,7,,"",
2021-09-05,2021-09-20,warm,SWI1E+32.res1.SSC7,0.363535656285219,0.450306179598258,0.234939941598394,0.260515367141303,SWI,SSC,1,32,7,,"",
2017-08-27,2017-09-16,warm,SWI1E+32.res10.NFNW,0.732226404891993,0.735586647223735,0.578288922691853,0.530899781426116,SWI,NFNW,10,32,,,"",
2017-11-29,2017-12-14,cool,SWI1E+32.res10.NFNW,0.581829198604698,0.701531576494685,0.45776584625759,0.532068329001415,SWI,NFNW,10,32,,,"",
2017-12-22,2018-01-20,cool,SWI1E+32.res10.NFNW,0.500755836155213,0.537184685262608,0.386375881345843,0.361383923313525,SWI,NFNW,10,32,,,"",
2018-05-25,2018-06-07,warm,SWI1E+32.res10.NFNW,0.382972762724026,0.390578658360705,0.16584436132793,0.104133900783574,SWI,NFNW,10,32,,,"",
2019-03-30,2019-04-12,cool,SWI1E+32.res10.NFNW,0.568880840409888,0.679076724025342,0.38859650216104,0.463193259599675,SWI,NFNW,10,32,,,"",
2019-08-23,2019-09-13,warm,SWI1E+32.res10.NFNW,0.584187736296548,0.641512639104515,0.353320721884159,0.361551928311178,SWI,NFNW,10,32,,,"",
2020-08-11,2020-08-26,warm,SWI1E+32.res10.NFNW,0.464590142291591,0.469774632975065,0.401085514920934,0.38417659440577,SWI,NFNW,10,32,,,"",
2020-09-01,2020-09-20,warm,SWI1E+32.res10.NFNW,0.335832392956015,0.371096439245118,0.229204103441576,0.221142992197919,SWI,NFNW,10,32,,,"",
2020-09-27,2020-10-17,cool,SWI1E+32.res10.NFNW,0.142770051276994,0.189886954428506,-0.102558534854263,-0.118838300940996,SWI,NFNW,10,32,,,"",
2021-03-25,2021-04-06,cool,SWI1E+32.res10.NFNW,0.470609939546464,0.532257041739787,0.406940740075992,0.437573570905615,SWI,NFNW,10,32,,,"",
2021-09-05,2021-09-20,warm,SWI1E+32.res10.NFNW,0.366028607816827,0.469878832884583,0.276495139877839,0.344193069353567,SWI,NFNW,10,32,,,"",
2017-08-27,2017-09-16,warm,SWI1E+32.res2.NFNW,0.66708999387807,0.66900848750521,0.385347110203694,0.362701453148869,SWI,NFNW,2,32,,,"",
2017-11-29,2017-12-14,cool,SWI1E+32.res2.NFNW,0.46566396005275,0.607544046585525,0.284579661435412,0.427452985184351,SWI,NFNW,2,32,,,"",
2017-12-22,2018-01-20,cool,SWI1E+32.res2.NFNW,0.576873293262335,0.612706064125982,0.51469339991934,0.515508373154057,SWI,NFNW,2,32,,,"",
2018-05-25,2018-06-07,warm,SWI1E+32.res2.NFNW,0.495079986398176,0.5035876101607,0.408520076029931,0.364948893121212,SWI,NFNW,2,32,,,"",
2019-03-30,2019-04-12,cool,SWI1E+32.res2.NFNW,0.587569756084533,0.692372955168237,0.446035505327595,0.514874524544133,SWI,NFNW,2,32,,,"",
2019-08-23,2019-09-13,warm,SWI1E+32.res2.NFNW,0.409662234739769,0.498132832588765,0.233592802186157,0.241283182183782,SWI,NFNW,2,32,,,"",
2020-08-11,2020-08-26,warm,SWI1E+32.res2.NFNW,0.194827310859971,0.204441212703748,-0.328574197823502,-0.330460012920751,SWI,NFNW,2,32,,,"",
2020-09-01,2020-09-20,warm,SWI1E+32.res2.NFNW,0.122903482543696,0.197179688696948,-0.558574033038132,-0.285890326103421,SWI,NFNW,2,32,,,"",
2020-09-27,2020-10-17,cool,SWI1E+32.res2.NFNW,0.0432232123110936,0.125248875085441,-0.592538670596995,-0.371426075120179,SWI,NFNW,2,32,,,"",
2021-03-25,2021-04-06,cool,SWI1E+32.res2.NFNW,0.445954056885071,0.498119809889004,0.388492905594685,0.401048606877618,SWI,NFNW,2,32,,,"",
2021-09-05,2021-09-20,warm,SWI1E+32.res2.NFNW,0.254523235921764,0.394848388972323,0.0327550239225159,0.166320226268434,SWI,NFNW,2,32,,,"",
2017-08-27,2017-09-16,warm,SWI1E+32.res3.NFNW,0.759237645124828,0.759724763227721,0.570555139225219,0.532023177169861,SWI,NFNW,3,32,,,"",
2017-11-29,2017-12-14,cool,SWI1E+32.res3.NFNW,0.520977385701299,0.665642719622657,0.350625945110078,0.470574462912188,SWI,NFNW,3,32,,,"",
2017-12-22,2018-01-20,cool,SWI1E+32.res3.NFNW,0.629292295105415,0.682165163629758,0.582623618389125,0.606883476122179,SWI,NFNW,3,32,,,"",
2018-05-25,2018-06-07,warm,SWI1E+32.res3.NFNW,0.390759812371132,0.395908897070103,0.118376680863358,0.0711836427042666,SWI,NFNW,3,32,,,"",
2019-03-30,2019-04-12,cool,SWI1E+32.res3.NFNW,0.625246052592451,0.715651559388992,0.472022512649163,0.51466832018513,SWI,NFNW,3,32,,,"",
2019-08-23,2019-09-13,warm,SWI1E+32.res3.NFNW,0.626511809719925,0.694575286543327,0.515811311754904,0.520460092698464,SWI,NFNW,3,32,,,"",
2020-08-11,2020-08-26,warm,SWI1E+32.res3.NFNW,0.305688296239934,0.317359712299945,0.124686203035584,0.114423617856091,SWI,NFNW,3,32,,,"",
2020-09-01,2020-09-20,warm,SWI1E+32.res3.NFNW,0.202746291531602,0.259908547361039,-0.0729963616422358,-0.0378128557429337,SWI,NFNW,3,32,,,"",
2020-09-27,2020-10-17,cool,SWI1E+32.res3.NFNW,0.016642015890692,0.122933549303753,-0.659529726334616,-0.323994506835004,SWI,NFNW,3,32,,,"",
2021-03-25,2021-04-06,cool,SWI1E+32.res3.NFNW,0.442937470219889,0.496023579589942,0.383431561200934,0.402591873970298,SWI,NFNW,3,32,,,"",
2021-09-05,2021-09-20,warm,SWI1E+32.res3.NFNW,0.303836588102633,0.430405794923106,0.175428296869052,0.261015594653147,SWI,NFNW,3,32,,,"",
2017-08-27,2017-09-16,warm,SWI1E+32.res4.NFNW,0.734089933172369,0.735561450068246,0.530381067224179,0.486832617076999,SWI,NFNW,4,32,,,"",
2017-11-29,2017-12-14,cool,SWI1E+32.res4.NFNW,0.543096622017368,0.675473333019637,0.421659051272907,0.524131992071548,SWI,NFNW,4,32,,,"",
2017-12-22,2018-01-20,cool,SWI1E+32.res4.NFNW,0.588767552595767,0.635332552046746,0.547373643565326,0.556143442570474,SWI,NFNW,4,32,,,"",
2018-05-25,2018-06-07,warm,SWI1E+32.res4.NFNW,0.476959074831968,0.482063751051591,0.337365224970289,0.285819583534258,SWI,NFNW,4,32,,,"",
2019-03-30,2019-04-12,cool,SWI1E+32.res4.NFNW,0.607335760535688,0.71327040648807,0.480907272465329,0.551665154612839,SWI,NFNW,4,32,,,"",
2019-08-23,2019-09-13,warm,SWI1E+32.res4.NFNW,0.505107575642099,0.572762247817048,0.357773775697158,0.372118242869028,SWI,NFNW,4,32,,,"",
2020-08-11,2020-08-26,warm,SWI1E+32.res4.NFNW,0.386869820678555,0.39314646717732,0.299116139166331,0.288358515976195,SWI,NFNW,4,32,,,"",
2020-09-01,2020-09-20,warm,SWI1E+32.res4.NFNW,0.265651004337349,0.305602326640116,0.123838759464078,0.116282260399966,SWI,NFNW,4,32,,,"",
2020-09-27,2020-10-17,cool,SWI1E+32.res4.NFNW,0.0695458010230843,0.139945122953325,-0.438304514735968,-0.269891285360658,SWI,NFNW,4,32,,,"",
2021-03-25,2021-04-06,cool,SWI1E+32.res4.NFNW,0.45182904645083,0.50415875297169,0.393678002360859,0.40535702304203,SWI,NFNW,4,32,,,"",
2021-09-05,2021-09-20,warm,SWI1E+32.res4.NFNW,0.358809303202429,0.462535455779964,0.213656370472384,0.270598446788914,SWI,NFNW,4,32,,,"",
2017-08-27,2017-09-16,warm,SWI1E+32.res5.NFNW,0.774407859877779,0.774784746412006,0.6190765604205,0.578011624932456,SWI,NFNW,5,32,,,"",
2017-11-29,2017-12-14,cool,SWI1E+32.res5.NFNW,0.537958917920579,0.676476375732469,0.37235619551031,0.48700635966661,SWI,NFNW,5,32,,,"",
2017-12-22,2018-01-20,cool,SWI1E+32.res5.NFNW,0.620351619897438,0.673017124936813,0.574676874763907,0.598355192441833,SWI,NFNW,5,32,,,"",
2018-05-25,2018-06-07,warm,SWI1E+32.res5.NFNW,0.368919743740392,0.372953126931473,0.0923977478701771,0.035705761756699,SWI,NFNW,5,32,,,"",
2019-03-30,2019-04-12,cool,SWI1E+32.res5.NFNW,0.611959484117702,0.706867920382924,0.479725338697306,0.530369232136252,SWI,NFNW,5,32,,,"",
2019-08-23,2019-09-13,warm,SWI1E+32.res5.NFNW,0.632406737776032,0.696923469244778,0.504267010607585,0.508205897170459,SWI,NFNW,5,32,,,"",
2020-08-11,2020-08-26,warm,SWI1E+32.res5.NFNW,0.42363840424278,0.437153033396128,0.346014369044731,0.3414083351648,SWI,NFNW,5,32,,,"",
2020-09-01,2020-09-20,warm,SWI1E+32.res5.NFNW,0.306430772577878,0.34949430696426,0.193830903146777,0.205330726292182,SWI,NFNW,5,32,,,"",
2020-09-27,2020-10-17,cool,SWI1E+32.res5.NFNW,0.12029153009597,0.176327276059484,-0.178491674386429,-0.166024419037451,SWI,NFNW,5,32,,,"",
2021-03-25,2021-04-06,cool,SWI1E+32.res5.NFNW,0.434032573050708,0.488810188650529,0.371150250627099,0.390914900469688,SWI,NFNW,5,32,,,"",
2021-09-05,2021-09-20,warm,SWI1E+32.res5.NFNW,0.326700448515512,0.44225585360953,0.218676220378608,0.290665388432882,SWI,NFNW,5,32,,,"",
2017-08-27,2017-09-16,warm,SWI1E+32.res7.NFNW,0.768908934945886,0.770362397815424,0.625748366794506,0.584550169696037,SWI,NFNW,7,32,,,"",
2017-11-29,2017-12-14,cool,SWI1E+32.res7.NFNW,0.574373054548652,0.70083075346474,0.417952417333889,0.514681321807482,SWI,NFNW,7,32,,,"",
2017-12-22,2018-01-20,cool,SWI1E+32.res7.NFNW,0.63991297380834,0.684894611227576,0.589976989324397,0.60437610064953,SWI,NFNW,7,32,,,"",
2018-05-25,2018-06-07,warm,SWI1E+32.res7.NFNW,0.374146819910009,0.379231942157661,0.0865983796342572,0.0330135828565085,SWI,NFNW,7,32,,,"",
2019-03-30,2019-04-12,cool,SWI1E+32.res7.NFNW,0.592916921352205,0.699466344444432,0.448111372831411,0.51404563532324,SWI,NFNW,7,32,,,"",
2019-08-23,2019-09-13,warm,SWI1E+32.res7.NFNW,0.653803228625236,0.707918339288428,0.509662128959514,0.502985390264882,SWI,NFNW,7,32,,,"",
2020-08-11,2020-08-26,warm,SWI1E+32.res7.NFNW,0.450159751488328,0.460038363961272,0.383827233846347,0.37074765877849,SWI,NFNW,7,32,,,"",
2020-09-01,2020-09-20,warm,SWI1E+32.res7.NFNW,0.328518234978578,0.367276690350768,0.224069174475454,0.227223641218196,SWI,NFNW,7,32,,,"",
2020-09-27,2020-10-17,cool,SWI1E+32.res7.NFNW,0.140541598876028,0.190084735676686,-0.109067587946172,-0.122597358900752,SWI,NFNW,7,32,,,"",
2021-03-25,2021-04-06,cool,SWI1E+32.res7.NFNW,0.40823772366526,0.463477664991242,0.341458665196668,0.363353329240656,SWI,NFNW,7,32,,,"",
2021-09-05,2021-09-20,warm,SWI1E+32.res7.NFNW,0.348769452100997,0.45582539913428,0.254050527155587,0.32277376780556,SWI,NFNW,7,32,,,"",
2017-08-27,2017-09-16,warm,SWI1E+4.res1.gauss_0.5sigma,0.649042492755285,0.654899044792806,0.476911999906261,0.423393857368115,SWI,gauss,1,4,,0.5,"",
2017-11-29,2017-12-14,cool,SWI1E+4.res1.gauss_0.5sigma,0.628700199273073,0.730716157134919,0.552318295769829,0.610494228745493,SWI,gauss,1,4,,0.5,"",
2017-12-22,2018-01-20,cool,SWI1E+4.res1.gauss_0.5sigma,0.631588534995072,0.651876589433947,0.57573692533004,0.542219312554758,SWI,gauss,1,4,,0.5,"",
2018-05-25,2018-06-07,warm,SWI1E+4.res1.gauss_0.5sigma,0.37831422841252,0.394572873688996,0.0684559216688382,0.0207230268756532,SWI,gauss,1,4,,0.5,"",
2019-03-30,2019-04-12,cool,SWI1E+4.res1.gauss_0.5sigma,0.491214385751052,0.649565401852918,0.313338869103693,0.457585062237657,SWI,gauss,1,4,,0.5,"",
2019-08-23,2019-09-13,warm,SWI1E+4.res1.gauss_0.5sigma,0.590081025887943,0.622769267040372,0.264028792343759,0.236607377259385,SWI,gauss,1,4,,0.5,"",
2020-08-11,2020-08-26,warm,SWI1E+4.res1.gauss_0.5sigma,0.31490583423503,0.320287119520403,0.182441870857573,0.149910574687673,SWI,gauss,1,4,,0.5,"",
2020-09-01,2020-09-20,warm,SWI1E+4.res1.gauss_0.5sigma,0.224801638950177,0.270682651954876,0.0442447703794465,0.0399059684945675,SWI,gauss,1,4,,0.5,"",
2020-09-27,2020-10-17,cool,SWI1E+4.res1.gauss_0.5sigma,0.0467777463513025,0.129831041125267,-0.507952408129388,-0.283481520672672,SWI,gauss,1,4,,0.5,"",
2021-03-25,2021-04-06,cool,SWI1E+4.res1.gauss_0.5sigma,0.452174424070471,0.517509522201103,0.389556367405229,0.412495606075693,SWI,gauss,1,4,,0.5,"",
2021-09-05,2021-09-20,warm,SWI1E+4.res1.gauss_0.5sigma,0.256689669920934,0.401032572530206,0.0145421997847452,0.156210255918149,SWI,gauss,1,4,,0.5,"",
2017-08-27,2017-09-16,warm,SWI1E+4.res1.gauss_1.0sigma,0.626294377321371,0.634610632274956,0.452688125877541,0.396563740583951,SWI,gauss,1,4,,1,"",
2017-11-29,2017-12-14,cool,SWI1E+4.res1.gauss_1.0sigma,0.609977228720563,0.710741609452091,0.53556896900155,0.594744182660014,SWI,gauss,1,4,,1,"",
2017-12-22,2018-01-20,cool,SWI1E+4.res1.gauss_1.0sigma,0.609152864950196,0.629930066809122,0.545364499098866,0.514756218743794,SWI,gauss,1,4,,1,"",
2018-05-25,2018-06-07,warm,SWI1E+4.res1.gauss_1.0sigma,0.422243528164932,0.440798964697083,0.238159816760361,0.194956774957148,SWI,gauss,1,4,,1,"",
2019-03-30,2019-04-12,cool,SWI1E+4.res1.gauss_1.0sigma,0.542303207386504,0.695366309419933,0.373161040002401,0.523833801485449,SWI,gauss,1,4,,1,"",
2019-08-23,2019-09-13,warm,SWI1E+4.res1.gauss_1.0sigma,0.506085368780457,0.542849114040327,0.210060030974846,0.197944293174239,SWI,gauss,1,4,,1,"",
2020-08-11,2020-08-26,warm,SWI1E+4.res1.gauss_1.0sigma,0.305348952928936,0.308937443790168,0.146251986006821,0.113299982047731,SWI,gauss,1,4,,1,"",
2020-09-01,2020-09-20,warm,SWI1E+4.res1.gauss_1.0sigma,0.211945474723299,0.254352815148772,-0.0080151943926831,-0.011815577023507,SWI,gauss,1,4,,1,"",
2020-09-27,2020-10-17,cool,SWI1E+4.res1.gauss_1.0sigma,0.0156605289594034,0.120750759980302,-0.696595686894836,-0.322588572475003,SWI,gauss,1,4,,1,"",
2021-03-25,2021-04-06,cool,SWI1E+4.res1.gauss_1.0sigma,0.439056703217232,0.507436500164101,0.367693598008374,0.395015843020354,SWI,gauss,1,4,,1,"",
2021-09-05,2021-09-20,warm,SWI1E+4.res1.gauss_1.0sigma,0.263927906123698,0.403467942794468,0.0491347220433146,0.189843202095819,SWI,gauss,1,4,,1,"",
2017-08-27,2017-09-16,warm,SWI1E+4.res1.gauss_1.5sigma,0.651114308917971,0.656744369140068,0.461265996274722,0.407546360254194,SWI,gauss,1,4,,1.5,"",
2017-11-29,2017-12-14,cool,SWI1E+4.res1.gauss_1.5sigma,0.588628238787254,0.701388036800852,0.515322803548767,0.586609127666898,SWI,gauss,1,4,,1.5,"",
2017-12-22,2018-01-20,cool,SWI1E+4.res1.gauss_1.5sigma,0.613413604778824,0.642670620415936,0.555189786169082,0.540179986583428,SWI,gauss,1,4,,1.5,"",
2018-05-25,2018-06-07,warm,SWI1E+4.res1.gauss_1.5sigma,0.428563601962804,0.442882819483985,0.251230800615755,0.202802141472106,SWI,gauss,1,4,,1.5,"",
2019-03-30,2019-04-12,cool,SWI1E+4.res1.gauss_1.5sigma,0.573546685953072,0.706296876331387,0.426655901040007,0.536594442723917,SWI,gauss,1,4,,1.5,"",
2019-08-23,2019-09-13,warm,SWI1E+4.res1.gauss_1.5sigma,0.532491498747584,0.578121931618008,0.252017492284893,0.246026272978214,SWI,gauss,1,4,,1.5,"",
2020-08-11,2020-08-26,warm,SWI1E+4.res1.gauss_1.5sigma,0.316703689318113,0.321140626101883,0.17056236476445,0.144852833077169,SWI,gauss,1,4,,1.5,"",
2020-09-01,2020-09-20,warm,SWI1E+4.res1.gauss_1.5sigma,0.224283457410909,0.267220369294368,0.0205877397791239,0.0169737284672564,SWI,gauss,1,4,,1.5,"",
2020-09-27,2020-10-17,cool,SWI1E+4.res1.gauss_1.5sigma,0.0252898656869986,0.122648180413024,-0.702606308291199,-0.323459363379124,SWI,gauss,1,4,,1.5,"",
2021-03-25,2021-04-06,cool,SWI1E+4.res1.gauss_1.5sigma,0.482654195945266,0.541675716453427,0.42331973589648,0.439745493247195,SWI,gauss,1,4,,1.5,"",
2021-09-05,2021-09-20,warm,SWI1E+4.res1.gauss_1.5sigma,0.300406593873429,0.420573969352064,0.129846295006204,0.22412279422954,SWI,gauss,1,4,,1.5,"",
2017-08-27,2017-09-16,warm,SWI1E+4.res1.gauss_2.0sigma,0.681113661109945,0.6843660903441,0.480723652216828,0.430814007788547,SWI,gauss,1,4,,2,"",
2017-11-29,2017-12-14,cool,SWI1E+4.res1.gauss_2.0sigma,0.583835692978239,0.706645175292621,0.508393112132642,0.592498253890167,SWI,gauss,1,4,,2,"",
2017-12-22,2018-01-20,cool,SWI1E+4.res1.gauss_2.0sigma,0.614613708093442,0.649091270341245,0.558835334125885,0.551947024250327,SWI,gauss,1,4,,2,"",
2018-05-25,2018-06-07,warm,SWI1E+4.res1.gauss_2.0sigma,0.437596749670447,0.450048360954063,0.259521314529722,0.212463561656449,SWI,gauss,1,4,,2,"",
2019-03-30,2019-04-12,cool,SWI1E+4.res1.gauss_2.0sigma,0.592333898305733,0.710455306343552,0.453304765903927,0.537112051795238,SWI,gauss,1,4,,2,"",
2019-08-23,2019-09-13,warm,SWI1E+4.res1.gauss_2.0sigma,0.553017439774061,0.605161642343057,0.300587048754112,0.294923403593836,SWI,gauss,1,4,,2,"",
2020-08-11,2020-08-26,warm,SWI1E+4.res1.gauss_2.0sigma,0.284936333108441,0.290987667955968,0.0649162875128819,0.0379095071753456,SWI,gauss,1,4,,2,"",
2020-09-01,2020-09-20,warm,SWI1E+4.res1.gauss_2.0sigma,0.185380128269893,0.238957315422117,-0.14849694349513,-0.0976809186968439,SWI,gauss,1,4,,2,"",
2020-09-27,2020-10-17,cool,SWI1E+4.res1.gauss_2.0sigma,0.0133554783868786,0.120529158174759,-0.683905689181389,-0.349830407048016,SWI,gauss,1,4,,2,"",
2021-03-25,2021-04-06,cool,SWI1E+4.res1.gauss_2.0sigma,0.504990380358227,0.55805216789151,0.449482870844235,0.460428275216482,SWI,gauss,1,4,,2,"",
2021-09-05,2021-09-20,warm,SWI1E+4.res1.gauss_2.0sigma,0.314277376853512,0.424975017300505,0.159204793057633,0.232098744044708,SWI,gauss,1,4,,2,"",
2017-08-27,2017-09-16,warm,SWI1E+4.res1.gauss_2.5sigma,0.715493886080455,0.717178732584336,0.509361736418698,0.464982500257865,SWI,gauss,1,4,,2.5,"",
2017-11-29,2017-12-14,cool,SWI1E+4.res1.gauss_2.5sigma,0.600078886532171,0.727965121595977,0.525339680351647,0.619083482272043,SWI,gauss,1,4,,2.5,"",
2017-12-22,2018-01-20,cool,SWI1E+4.res1.gauss_2.5sigma,0.623845082842998,0.663737106276873,0.569903367676238,0.573382075855941,SWI,gauss,1,4,,2.5,"",
2018-05-25,2018-06-07,warm,SWI1E+4.res1.gauss_2.5sigma,0.453657569192568,0.463292673005425,0.281407233411663,0.233470411634861,SWI,gauss,1,4,,2.5,"",
2019-03-30,2019-04-12,cool,SWI1E+4.res1.gauss_2.5sigma,0.620645933946289,0.723152886232281,0.483213668880976,0.545112725072025,SWI,gauss,1,4,,2.5,"",
2019-08-23,2019-09-13,warm,SWI1E+4.res1.gauss_2.5sigma,0.571727809055723,0.631144799115872,0.370466804501129,0.370735944164439,SWI,gauss,1,4,,2.5,"",
2020-08-11,2020-08-26,warm,SWI1E+4.res1.gauss_2.5sigma,0.349713456478741,0.357766929592239,0.231543281465049,0.218706400331944,SWI,gauss,1,4,,2.5,"",
2020-09-01,2020-09-20,warm,SWI1E+4.res1.gauss_2.5sigma,0.23969124311172,0.286441476495054,0.0588552642473762,0.0639298160033188,SWI,gauss,1,4,,2.5,"",
2020-09-27,2020-10-17,cool,SWI1E+4.res1.gauss_2.5sigma,0.0434953758620323,0.129668498625917,-0.53821397423856,-0.295343812949422,SWI,gauss,1,4,,2.5,"",
2021-03-25,2021-04-06,cool,SWI1E+4.res1.gauss_2.5sigma,0.511292541144646,0.560886149958914,0.455288743849265,0.46381906946822,SWI,gauss,1,4,,2.5,"",
2021-09-05,2021-09-20,warm,SWI1E+4.res1.gauss_2.5sigma,0.328898724168826,0.430450040588479,0.192122474480299,0.246346349993391,SWI,gauss,1,4,,2.5,"",
2017-08-27,2017-09-16,warm,SWI1E+4.res1.gauss_3.5sigma,0.751092840481695,0.751980635595107,0.542328254915901,0.501673690333535,SWI,gauss,1,4,,3.5,"",
2017-11-29,2017-12-14,cool,SWI1E+4.res1.gauss_3.5sigma,0.600926628860558,0.730625632224123,0.510622256725548,0.607508409273713,SWI,gauss,1,4,,3.5,"",
2017-12-22,2018-01-20,cool,SWI1E+4.res1.gauss_3.5sigma,0.626774117002499,0.672838223250337,0.574178207804037,0.588340348588113,SWI,gauss,1,4,,3.5,"",
2018-05-25,2018-06-07,warm,SWI1E+4.res1.gauss_3.5sigma,0.452805504382773,0.459459376094655,0.255067264126725,0.205707742632331,SWI,gauss,1,4,,3.5,"",
2019-03-30,2019-04-12,cool,SWI1E+4.res1.gauss_3.5sigma,0.613636509329179,0.709917472488566,0.467381469819923,0.518778971889379,SWI,gauss,1,4,,3.5,"",
2019-08-23,2019-09-13,warm,SWI1E+4.res1.gauss_3.5sigma,0.596342228476584,0.659992898668754,0.451489237676409,0.459401877426737,SWI,gauss,1,4,,3.5,"",
2020-08-11,2020-08-26,warm,SWI1E+4.res1.gauss_3.5sigma,0.425227701190525,0.435301428108354,0.350753874189396,0.344038154212685,SWI,gauss,1,4,,3.5,"",
2020-09-01,2020-09-20,warm,SWI1E+4.res1.gauss_3.5sigma,0.31630249393875,0.354788724549028,0.208758195139696,0.212934591290395,SWI,gauss,1,4,,3.5,"",
2020-09-27,2020-10-17,cool,SWI1E+4.res1.gauss_3.5sigma,0.127571059375682,0.179376662570899,-0.146250648262296,-0.151938366082956,SWI,gauss,1,4,,3.5,"",
2021-03-25,2021-04-06,cool,SWI1E+4.res1.gauss_3.5sigma,0.492790390764405,0.543867909399126,0.434678521513993,0.445929944478719,SWI,gauss,1,4,,3.5,"",
2021-09-05,2021-09-20,warm,SWI1E+4.res1.gauss_3.5sigma,0.351097459585271,0.443882605581882,0.23845656098308,0.275830485299228,SWI,gauss,1,4,,3.5,"",
2017-08-27,2017-09-16,warm,SWI1E+4.res1.gauss_5.0sigma,0.750707934369738,0.752132806159023,0.566389597748181,0.520547278885677,SWI,gauss,1,4,,5,"",
2017-11-29,2017-12-14,cool,SWI1E+4.res1.gauss_5.0sigma,0.584694223083842,0.711509427803636,0.476165996862857,0.558602514260871,SWI,gauss,1,4,,5,"",
2017-12-22,2018-01-20,cool,SWI1E+4.res1.gauss_5.0sigma,0.602016542005732,0.646143107700901,0.544718672733179,0.547478855768762,SWI,gauss,1,4,,5,"",
2018-05-25,2018-06-07,warm,SWI1E+4.res1.gauss_5.0sigma,0.434445754545626,0.441232559530685,0.227846821064735,0.176206087709417,SWI,gauss,1,4,,5,"",
2019-03-30,2019-04-12,cool,SWI1E+4.res1.gauss_5.0sigma,0.583329509861535,0.679625753434347,0.420916326096155,0.467041502420546,SWI,gauss,1,4,,5,"",
2019-08-23,2019-09-13,warm,SWI1E+4.res1.gauss_5.0sigma,0.598229615845199,0.664205876054902,0.455925743642489,0.461785300084781,SWI,gauss,1,4,,5,"",
2020-08-11,2020-08-26,warm,SWI1E+4.res1.gauss_5.0sigma,0.447712696487216,0.457209611921075,0.371846345117429,0.3620635236603,SWI,gauss,1,4,,5,"",
2020-09-01,2020-09-20,warm,SWI1E+4.res1.gauss_5.0sigma,0.330549045486881,0.369987784752856,0.222819984344503,0.230157691300641,SWI,gauss,1,4,,5,"",
2020-09-27,2020-10-17,cool,SWI1E+4.res1.gauss_5.0sigma,0.141461057142804,0.191354687977949,-0.104589742966987,-0.122123837062203,SWI,gauss,1,4,,5,"",
2021-03-25,2021-04-06,cool,SWI1E+4.res1.gauss_5.0sigma,0.418295224567149,0.468117328182028,0.343570412469653,0.350498937332375,SWI,gauss,1,4,,5,"",
2021-09-05,2021-09-20,warm,SWI1E+4.res1.gauss_5.0sigma,0.354023169225474,0.45353226721338,0.22848799941709,0.276944515397597,SWI,gauss,1,4,,5,"",
2017-08-27,2017-09-16,warm,SWI1E+4.res1.NFNW,0.650308029809101,0.655691201534388,0.477586691931156,0.422675286986498,SWI,NFNW,1,4,,,"",
2017-11-29,2017-12-14,cool,SWI1E+4.res1.NFNW,0.621694811640813,0.726615199787245,0.544896204735092,0.595847453067058,SWI,NFNW,1,4,,,"",
2017-12-22,2018-01-20,cool,SWI1E+4.res1.NFNW,0.629437326978897,0.651839654179184,0.569771949399691,0.537760241836996,SWI,NFNW,1,4,,,"",
2018-05-25,2018-06-07,warm,SWI1E+4.res1.NFNW,0.40536986408168,0.419365265619017,0.160729658522123,0.107939063693293,SWI,NFNW,1,4,,,"",
2019-03-30,2019-04-12,cool,SWI1E+4.res1.NFNW,0.556931370730095,0.695346541920699,0.4060580066637,0.516079882124917,SWI,NFNW,1,4,,,"",
2019-08-23,2019-09-13,warm,SWI1E+4.res1.NFNW,0.544398908339811,0.586575622961416,0.208289636581163,0.201200819975977,SWI,NFNW,1,4,,,"",
2020-08-11,2020-08-26,warm,SWI1E+4.res1.NFNW,0.346316340565756,0.350178292375158,0.234307956315649,0.202016755297583,SWI,NFNW,1,4,,,"",
2020-09-01,2020-09-20,warm,SWI1E+4.res1.NFNW,0.248562016365273,0.29032115218537,0.0967982506490048,0.0799476512032596,SWI,NFNW,1,4,,,"",
2020-09-27,2020-10-17,cool,SWI1E+4.res1.NFNW,0.0796278441643141,0.145180756943682,-0.307571857042544,-0.228204383403574,SWI,NFNW,1,4,,,"",
2021-03-25,2021-04-06,cool,SWI1E+4.res1.NFNW,0.456658842638682,0.521810947625558,0.395105040686887,0.417840105043854,SWI,NFNW,1,4,,,"",
2021-09-05,2021-09-20,warm,SWI1E+4.res1.NFNW,0.262952360886754,0.403297503432829,0.0461195336777676,0.177703659091747,SWI,NFNW,1,4,,,"",
2017-08-27,2017-09-16,warm,SWI1E+4.res1.SSC1,0.645595160119254,0.653838619490665,0.483646049806483,0.432048068116811,SWI,SSC,1,4,1,,"",
2017-11-29,2017-12-14,cool,SWI1E+4.res1.SSC1,0.608051214029643,0.706435957053034,0.501481227864217,0.561113702948956,SWI,SSC,1,4,1,,"",
2017-12-22,2018-01-20,cool,SWI1E+4.res1.SSC1,0.62170721406463,0.64121109295605,0.549636779783947,0.519390971459288,SWI,SSC,1,4,1,,"",
2018-05-25,2018-06-07,warm,SWI1E+4.res1.SSC1,0.391412884734073,0.406901631345653,0.143784717185897,0.0955612454927609,SWI,SSC,1,4,1,,"",
2019-03-30,2019-04-12,cool,SWI1E+4.res1.SSC1,0.540838630565999,0.683821348158789,0.375838687024626,0.507582502445463,SWI,SSC,1,4,1,,"",
2019-08-23,2019-09-13,warm,SWI1E+4.res1.SSC1,0.539621261786911,0.576995648965951,0.229887366676667,0.21945020995002,SWI,SSC,1,4,1,,"",
2020-08-11,2020-08-26,warm,SWI1E+4.res1.SSC1,0.240381488687092,0.246416409708548,-0.0497686542660585,-0.0879177366803582,SWI,SSC,1,4,1,,"",
2020-09-01,2020-09-20,warm,SWI1E+4.res1.SSC1,0.162437565880912,0.219749060246486,-0.208245217962611,-0.13485512179836,SWI,SSC,1,4,1,,"",
2020-09-27,2020-10-17,cool,SWI1E+4.res1.SSC1,0.0145472399762251,0.12079805873436,-0.699401784865782,-0.348405394193205,SWI,SSC,1,4,1,,"",
2021-03-25,2021-04-06,cool,SWI1E+4.res1.SSC1,0.444948261973621,0.514690602074348,0.379769931443439,0.412242876017916,SWI,SSC,1,4,1,,"",
2021-09-05,2021-09-20,warm,SWI1E+4.res1.SSC1,0.265261959469826,0.403780544898674,0.0676802068139577,0.200059803538009,SWI,SSC,1,4,1,,"",
2017-08-27,2017-09-16,warm,SWI1E+4.res1.SSC10,0.75927957347325,0.760430437307473,0.580989394141126,0.535034045724063,SWI,SSC,1,4,10,,"",
2017-11-29,2017-12-14,cool,SWI1E+4.res1.SSC10,0.557229586836317,0.688640307696864,0.423659577008911,0.509245846608375,SWI,SSC,1,4,10,,"",
2017-12-22,2018-01-20,cool,SWI1E+4.res1.SSC10,0.581913185733558,0.628189545301635,0.517160461204399,0.518280766685135,SWI,SSC,1,4,10,,"",
2018-05-25,2018-06-07,warm,SWI1E+4.res1.SSC10,0.414408692850711,0.42046308364189,0.186593486330966,0.133357422861254,SWI,SSC,1,4,10,,"",
2019-03-30,2019-04-12,cool,SWI1E+4.res1.SSC10,0.56253873993366,0.658527473820213,0.392226632755799,0.434763274841409,SWI,SSC,1,4,10,,"",
2019-08-23,2019-09-13,warm,SWI1E+4.res1.SSC10,0.597484785161526,0.666743821889283,0.452107533044219,0.459892074762942,SWI,SSC,1,4,10,,"",
2020-08-11,2020-08-26,warm,SWI1E+4.res1.SSC10,0.452987600192011,0.462916046103134,0.370814495859381,0.359298547056222,SWI,SSC,1,4,10,,"",
2020-09-01,2020-09-20,warm,SWI1E+4.res1.SSC10,0.335655849445509,0.377016082054703,0.223647442982583,0.234898084144189,SWI,SSC,1,4,10,,"",
2020-09-27,2020-10-17,cool,SWI1E+4.res1.SSC10,0.151349282284245,0.200720593400605,-0.0787828617464033,-0.101331872456542,SWI,SSC,1,4,10,,"",
2021-03-25,2021-04-06,cool,SWI1E+4.res1.SSC10,0.409470936426924,0.461123378819658,0.331055358392059,0.340683877422588,SWI,SSC,1,4,10,,"",
2021-09-05,2021-09-20,warm,SWI1E+4.res1.SSC10,0.370116429218696,0.464483674584786,0.266377172339637,0.307935652671575,SWI,SSC,1,4,10,,"",
2017-08-27,2017-09-16,warm,SWI1E+4.res1.SSC2,0.614914846350752,0.622838141767742,0.434941472290551,0.377641413181795,SWI,SSC,1,4,2,,"",
2017-11-29,2017-12-14,cool,SWI1E+4.res1.SSC2,0.587595225370097,0.69303614120414,0.50865393687923,0.570150603084505,SWI,SSC,1,4,2,,"",
2017-12-22,2018-01-20,cool,SWI1E+4.res1.SSC2,0.595035099773073,0.617294037609879,0.528739502898974,0.498011399799948,SWI,SSC,1,4,2,,"",
2018-05-25,2018-06-07,warm,SWI1E+4.res1.SSC2,0.416667186388904,0.434429775958486,0.236076796682898,0.189458622020599,SWI,SSC,1,4,2,,"",
2019-03-30,2019-04-12,cool,SWI1E+4.res1.SSC2,0.556054878486158,0.706936257478753,0.393239652397298,0.53866761151119,SWI,SSC,1,4,2,,"",
2019-08-23,2019-09-13,warm,SWI1E+4.res1.SSC2,0.491260371126585,0.529634104521508,0.179709437307596,0.170082071117527,SWI,SSC,1,4,2,,"",
2020-08-11,2020-08-26,warm,SWI1E+4.res1.SSC2,0.330268264618363,0.333590758975026,0.209047531354553,0.179988624351522,SWI,SSC,1,4,2,,"",
2020-09-01,2020-09-20,warm,SWI1E+4.res1.SSC2,0.244099669695523,0.280929401607974,0.0840995664594727,0.0651069287033251,SWI,SSC,1,4,2,,"",
2020-09-27,2020-10-17,cool,SWI1E+4.res1.SSC2,0.0507895198651933,0.12909949766907,-0.475599748582837,-0.28191251027307,SWI,SSC,1,4,2,,"",
2021-03-25,2021-04-06,cool,SWI1E+4.res1.SSC2,0.438436934619035,0.507352854491306,0.36547542917913,0.393315176461506,SWI,SSC,1,4,2,,"",
2021-09-05,2021-09-20,warm,SWI1E+4.res1.SSC2,0.268853116905399,0.40478004497427,0.0581644665810275,0.190950218294756,SWI,SSC,1,4,2,,"",
2017-08-27,2017-09-16,warm,SWI1E+4.res1.SSC3,0.647812672059153,0.653718629711814,0.456780739726527,0.400511857547547,SWI,SSC,1,4,3,,"",
2017-11-29,2017-12-14,cool,SWI1E+4.res1.SSC3,0.560966690911806,0.676404645165765,0.476474289279433,0.542674724245688,SWI,SSC,1,4,3,,"",
2017-12-22,2018-01-20,cool,SWI1E+4.res1.SSC3,0.589050695106748,0.619713451179535,0.527126889138449,0.509002420852336,SWI,SSC,1,4,3,,"",
2018-05-25,2018-06-07,warm,SWI1E+4.res1.SSC3,0.428912415227232,0.442978767002284,0.261932899138706,0.212070257622539,SWI,SSC,1,4,3,,"",
2019-03-30,2019-04-12,cool,SWI1E+4.res1.SSC3,0.57237646066294,0.702746175311815,0.4279644976777,0.530504374201477,SWI,SSC,1,4,3,,"",
2019-08-23,2019-09-13,warm,SWI1E+4.res1.SSC3,0.495666087179275,0.544984698375849,0.192233981915897,0.193320281633215,SWI,SSC,1,4,3,,"",
2020-08-11,2020-08-26,warm,SWI1E+4.res1.SSC3,0.322388659019956,0.325961723275571,0.188204234430538,0.16202020716525,SWI,SSC,1,4,3,,"",
2020-09-01,2020-09-20,warm,SWI1E+4.res1.SSC3,0.229709608137323,0.270828585244675,0.0425229706140269,0.0310192620421984,SWI,SSC,1,4,3,,"",
2020-09-27,2020-10-17,cool,SWI1E+4.res1.SSC3,0.0316718019239561,0.123868684868982,-0.669139024618416,-0.309336321457739,SWI,SSC,1,4,3,,"",
2021-03-25,2021-04-06,cool,SWI1E+4.res1.SSC3,0.471841856569595,0.534340712374999,0.411127153274883,0.43066979235756,SWI,SSC,1,4,3,,"",
2021-09-05,2021-09-20,warm,SWI1E+4.res1.SSC3,0.31074119035137,0.427503707058798,0.151410339157916,0.236806902985561,SWI,SSC,1,4,3,,"",
2017-08-27,2017-09-16,warm,SWI1E+4.res1.SSC4,0.693413169030631,0.696032454466629,0.496885822095216,0.445783548192119,SWI,SSC,1,4,4,,"",
2017-11-29,2017-12-14,cool,SWI1E+4.res1.SSC4,0.575378046054961,0.70334710542537,0.494952448542584,0.583642660258916,SWI,SSC,1,4,4,,"",
2017-12-22,2018-01-20,cool,SWI1E+4.res1.SSC4,0.611774555478824,0.648631883054934,0.558542203564029,0.552736153372299,SWI,SSC,1,4,4,,"",
2018-05-25,2018-06-07,warm,SWI1E+4.res1.SSC4,0.447982264283403,0.459560880690359,0.282487815608414,0.235985888023004,SWI,SSC,1,4,4,,"",
2019-03-30,2019-04-12,cool,SWI1E+4.res1.SSC4,0.606177535537529,0.718661374067964,0.473986535908906,0.548455564465373,SWI,SSC,1,4,4,,"",
2019-08-23,2019-09-13,warm,SWI1E+4.res1.SSC4,0.534532369952973,0.590146092185732,0.284807866772614,0.281587806647795,SWI,SSC,1,4,4,,"",
2020-08-11,2020-08-26,warm,SWI1E+4.res1.SSC4,0.292294374865992,0.298409068007603,0.0865679877203281,0.0615194918026594,SWI,SSC,1,4,4,,"",
2020-09-01,2020-09-20,warm,SWI1E+4.res1.SSC4,0.189162306645418,0.242944124625147,-0.131222537532014,-0.085193265469478,SWI,SSC,1,4,4,,"",
2020-09-27,2020-10-17,cool,SWI1E+4.res1.SSC4,0.00998939884963305,0.120237155921413,-0.667846592697763,-0.344015910319515,SWI,SSC,1,4,4,,"",
2021-03-25,2021-04-06,cool,SWI1E+4.res1.SSC4,0.511052426468482,0.563191128212447,0.458142553953745,0.468539095952191,SWI,SSC,1,4,4,,"",
2021-09-05,2021-09-20,warm,SWI1E+4.res1.SSC4,0.32273028201047,0.429419026215061,0.175216069275418,0.23781875883764,SWI,SSC,1,4,4,,"",
2017-08-27,2017-09-16,warm,SWI1E+4.res1.SSC5,0.743602312951006,0.744659807441388,0.548701774763526,0.505308964038738,SWI,SSC,1,4,5,,"",
2017-11-29,2017-12-14,cool,SWI1E+4.res1.SSC5,0.602321913469392,0.732778942681023,0.514729521180076,0.614958399042656,SWI,SSC,1,4,5,,"",
2017-12-22,2018-01-20,cool,SWI1E+4.res1.SSC5,0.639209644387671,0.683552179436718,0.589245238821256,0.601270250015877,SWI,SSC,1,4,5,,"",
2018-05-25,2018-06-07,warm,SWI1E+4.res1.SSC5,0.460268579049638,0.467517698155922,0.285237874684391,0.23647928257205,SWI,SSC,1,4,5,,"",
2019-03-30,2019-04-12,cool,SWI1E+4.res1.SSC5,0.621785032357184,0.718847697155689,0.488774786841965,0.544261390493508,SWI,SSC,1,4,5,,"",
2019-08-23,2019-09-13,warm,SWI1E+4.res1.SSC5,0.572314172802185,0.637040571736016,0.406629226462568,0.41382034281323,SWI,SSC,1,4,5,,"",
2020-08-11,2020-08-26,warm,SWI1E+4.res1.SSC5,0.385302297234154,0.395503910200248,0.293390838388801,0.288202507033619,SWI,SSC,1,4,5,,"",
2020-09-01,2020-09-20,warm,SWI1E+4.res1.SSC5,0.276062918714209,0.32021558193464,0.13984892009183,0.145615805835418,SWI,SSC,1,4,5,,"",
2020-09-27,2020-10-17,cool,SWI1E+4.res1.SSC5,0.0854918041400572,0.151655073045087,-0.330672715282391,-0.236288976861548,SWI,SSC,1,4,5,,"",
2021-03-25,2021-04-06,cool,SWI1E+4.res1.SSC5,0.514253709682958,0.562804851883097,0.461503222760197,0.471050025857672,SWI,SSC,1,4,5,,"",
2021-09-05,2021-09-20,warm,SWI1E+4.res1.SSC5,0.344416265468568,0.439161489910286,0.227070372016143,0.265764295332549,SWI,SSC,1,4,5,,"",
2017-08-27,2017-09-16,warm,SWI1E+4.res1.SSC7,0.762998234739036,0.763701398721382,0.565154935390951,0.524280265713453,SWI,SSC,1,4,7,,"",
2017-11-29,2017-12-14,cool,SWI1E+4.res1.SSC7,0.601637001403162,0.730620000932394,0.501678913082441,0.599033055139465,SWI,SSC,1,4,7,,"",
2017-12-22,2018-01-20,cool,SWI1E+4.res1.SSC7,0.636911862340399,0.684830633303028,0.585914077829183,0.603348189065246,SWI,SSC,1,4,7,,"",
2018-05-25,2018-06-07,warm,SWI1E+4.res1.SSC7,0.437590102147291,0.443216977527932,0.215718004480889,0.162848100240689,SWI,SSC,1,4,7,,"",
2019-03-30,2019-04-12,cool,SWI1E+4.res1.SSC7,0.605824960765878,0.699237224296698,0.45086653865049,0.498151523340748,SWI,SSC,1,4,7,,"",
2019-08-23,2019-09-13,warm,SWI1E+4.res1.SSC7,0.615462271492446,0.682429908935787,0.492175484528527,0.509123609632111,SWI,SSC,1,4,7,,"",
2020-08-11,2020-08-26,warm,SWI1E+4.res1.SSC7,0.446694367207554,0.459193957517532,0.371816042488365,0.368098121927639,SWI,SSC,1,4,7,,"",
2020-09-01,2020-09-20,warm,SWI1E+4.res1.SSC7,0.341847151893643,0.380338479942755,0.237836129969672,0.249851666420417,SWI,SSC,1,4,7,,"",
2020-09-27,2020-10-17,cool,SWI1E+4.res1.SSC7,0.161630472349169,0.207421764521673,-0.0621276612765777,-0.086959718536726,SWI,SSC,1,4,7,,"",
2021-03-25,2021-04-06,cool,SWI1E+4.res1.SSC7,0.494225773775611,0.544860416642307,0.43636286936247,0.44914554448707,SWI,SSC,1,4,7,,"",
2021-09-05,2021-09-20,warm,SWI1E+4.res1.SSC7,0.360796230442517,0.44967171153672,0.256937030401982,0.286479708994064,SWI,SSC,1,4,7,,"",
2017-08-27,2017-09-16,warm,SWI1E+4.res10.NFNW,0.36590808548982,0.396462738631672,0.0899981894976992,0.0420490709491189,SWI,NFNW,10,4,,,"",
2017-11-29,2017-12-14,cool,SWI1E+4.res10.NFNW,0.48028733591783,0.570217151405007,0.32900536063358,0.344172187587805,SWI,NFNW,10,4,,,"",
2017-12-22,2018-01-20,cool,SWI1E+4.res10.NFNW,0.184556263221001,0.227262744788669,-0.284112782219078,-0.325849571558566,SWI,NFNW,10,4,,,"",
2018-05-25,2018-06-07,warm,SWI1E+4.res10.NFNW,0.405286711279529,0.416775553448038,0.266791246953168,0.178193703989792,SWI,NFNW,10,4,,,"",
2019-03-30,2019-04-12,cool,SWI1E+4.res10.NFNW,0.483454254175486,0.620275691562893,0.167669088335758,0.276072353728659,SWI,NFNW,10,4,,,"",
2019-08-23,2019-09-13,warm,SWI1E+4.res10.NFNW,0.0627852206370185,0.25421768044673,-0.554030824604895,-0.229680509097551,SWI,NFNW,10,4,,,"",
2020-08-11,2020-08-26,warm,SWI1E+4.res10.NFNW,0.303797945797954,0.304343557618689,-0.0150412206306018,-0.0366612241968651,SWI,NFNW,10,4,,,"",
2020-09-01,2020-09-20,warm,SWI1E+4.res10.NFNW,0.311610848189845,0.321928609160117,-0.0128696577002708,-0.0388401556687473,SWI,NFNW,10,4,,,"",
2020-09-27,2020-10-17,cool,SWI1E+4.res10.NFNW,0.199585380592925,0.214659044120036,-0.263401778694274,-0.288881176043594,SWI,NFNW,10,4,,,"",
2021-03-25,2021-04-06,cool,SWI1E+4.res10.NFNW,0.299873969006319,0.388114512071857,0.104482040540152,0.177135939671411,SWI,NFNW,10,4,,,"",
2021-09-05,2021-09-20,warm,SWI1E+4.res10.NFNW,0.311064426027171,0.404736473648607,0.152956171809082,0.224065583350041,SWI,NFNW,10,4,,,"",
2017-08-27,2017-09-16,warm,SWI1E+4.res2.NFNW,0.633625840103364,0.642997328579812,0.45748113857766,0.403192809919797,SWI,NFNW,2,4,,,"",
2017-11-29,2017-12-14,cool,SWI1E+4.res2.NFNW,0.576378969433438,0.676577235499547,0.476033842707126,0.522706856633501,SWI,NFNW,2,4,,,"",
2017-12-22,2018-01-20,cool,SWI1E+4.res2.NFNW,0.538344441002684,0.57303140276799,0.435397689407848,0.421730561355337,SWI,NFNW,2,4,,,"",
2018-05-25,2018-06-07,warm,SWI1E+4.res2.NFNW,0.435812640095889,0.443613659313977,0.277262452950708,0.212692587187256,SWI,NFNW,2,4,,,"",
2019-03-30,2019-04-12,cool,SWI1E+4.res2.NFNW,0.543666948756986,0.66231303348152,0.367509416643052,0.451462622154209,SWI,NFNW,2,4,,,"",
2019-08-23,2019-09-13,warm,SWI1E+4.res2.NFNW,0.463347966554118,0.524516681150904,0.172785858625162,0.213106134561602,SWI,NFNW,2,4,,,"",
2020-08-11,2020-08-26,warm,SWI1E+4.res2.NFNW,0.390816311745378,0.393233272786052,0.324343425099001,0.304130315995338,SWI,NFNW,2,4,,,"",
2020-09-01,2020-09-20,warm,SWI1E+4.res2.NFNW,0.30918201886644,0.335960696981082,0.209495222462323,0.184086265158295,SWI,NFNW,2,4,,,"",
2020-09-27,2020-10-17,cool,SWI1E+4.res2.NFNW,0.129137569740494,0.172315898966908,-0.151151918201898,-0.164191232638368,SWI,NFNW,2,4,,,"",
2021-03-25,2021-04-06,cool,SWI1E+4.res2.NFNW,0.427643767163554,0.497194005763543,0.352002736973374,0.38123305978812,SWI,NFNW,2,4,,,"",
2021-09-05,2021-09-20,warm,SWI1E+4.res2.NFNW,0.352868024550121,0.455836483141876,0.248940140651915,0.31328831560669,SWI,NFNW,2,4,,,"",
2017-08-27,2017-09-16,warm,SWI1E+4.res3.NFNW,0.64979005155401,0.66165802648506,0.466618379223759,0.418661461711919,SWI,NFNW,3,4,,,"",
2017-11-29,2017-12-14,cool,SWI1E+4.res3.NFNW,0.542088523959348,0.63643007889002,0.422903452163891,0.456167433702531,SWI,NFNW,3,4,,,"",
2017-12-22,2018-01-20,cool,SWI1E+4.res3.NFNW,0.391143060766435,0.427056223514922,0.199964050678468,0.159922842118761,SWI,NFNW,3,4,,,"",
2018-05-25,2018-06-07,warm,SWI1E+4.res3.NFNW,0.389045024720633,0.395113146583032,0.227270994567568,0.144297221895249,SWI,NFNW,3,4,,,"",
2019-03-30,2019-04-12,cool,SWI1E+4.res3.NFNW,0.532187394672105,0.639282339943154,0.331183942219432,0.384887347523699,SWI,NFNW,3,4,,,"",
2019-08-23,2019-09-13,warm,SWI1E+4.res3.NFNW,0.426794833796717,0.500413438754967,0.0802407728488815,0.15279939827941,SWI,NFNW,3,4,,,"",
2020-08-11,2020-08-26,warm,SWI1E+4.res3.NFNW,0.445090056807098,0.446872447969891,0.376347616571054,0.355604085843705,SWI,NFNW,3,4,,,"",
2020-09-01,2020-09-20,warm,SWI1E+4.res3.NFNW,0.378846870518782,0.397043821245155,0.268119668905846,0.24887902948157,SWI,NFNW,3,4,,,"",
2020-09-27,2020-10-17,cool,SWI1E+4.res3.NFNW,0.220839096571475,0.244255597508776,-0.029901584937728,-0.0698520963388595,SWI,NFNW,3,4,,,"",
2021-03-25,2021-04-06,cool,SWI1E+4.res3.NFNW,0.414601957677652,0.48136281361905,0.316345276229041,0.343610012258671,SWI,NFNW,3,4,,,"",
2021-09-05,2021-09-20,warm,SWI1E+4.res3.NFNW,0.383911104832768,0.467723628744618,0.287852883739912,0.331156549008998,SWI,NFNW,3,4,,,"",
2017-08-27,2017-09-16,warm,SWI1E+4.res4.NFNW,0.55082905739508,0.568370887368735,0.344173174827053,0.288753358072211,SWI,NFNW,4,4,,,"",
2017-11-29,2017-12-14,cool,SWI1E+4.res4.NFNW,0.509467437609374,0.600333036031399,0.37937106708074,0.401208787721761,SWI,NFNW,4,4,,,"",
2017-12-22,2018-01-20,cool,SWI1E+4.res4.NFNW,0.285039731403968,0.325675542377904,-0.0203202406521719,-0.0742042862812736,SWI,NFNW,4,4,,,"",
2018-05-25,2018-06-07,warm,SWI1E+4.res4.NFNW,0.379369280141229,0.386709585236665,0.224569650403367,0.126561036361065,SWI,NFNW,4,4,,,"",
2019-03-30,2019-04-12,cool,SWI1E+4.res4.NFNW,0.476728198127191,0.594308399160294,0.207159706837806,0.269520221623361,SWI,NFNW,4,4,,,"",
2019-08-23,2019-09-13,warm,SWI1E+4.res4.NFNW,0.266612843096669,0.365548921030776,-0.150382888064919,-0.0472511717980101,SWI,NFNW,4,4,,,"",
2020-08-11,2020-08-26,warm,SWI1E+4.res4.NFNW,0.46016437916441,0.460185595837229,0.340040157008488,0.32283768967984,SWI,NFNW,4,4,,,"",
2020-09-01,2020-09-20,warm,SWI1E+4.res4.NFNW,0.412145010344409,0.421120004880842,0.236590893892185,0.211481342563465,SWI,NFNW,4,4,,,"",
2020-09-27,2020-10-17,cool,SWI1E+4.res4.NFNW,0.259173807068957,0.272136894335097,-0.100402113348811,-0.136319239975714,SWI,NFNW,4,4,,,"",
2021-03-25,2021-04-06,cool,SWI1E+4.res4.NFNW,0.317484826195447,0.401077175362129,0.134968162373918,0.194078489920987,SWI,NFNW,4,4,,,"",
2021-09-05,2021-09-20,warm,SWI1E+4.res4.NFNW,0.400435131329528,0.471886933855079,0.295610258253055,0.329384370284104,SWI,NFNW,4,4,,,"",
2017-08-27,2017-09-16,warm,SWI1E+4.res5.NFNW,0.533172947279368,0.552064193175635,0.327573613332604,0.271994079338611,SWI,NFNW,5,4,,,"",
2017-11-29,2017-12-14,cool,SWI1E+4.res5.NFNW,0.506996328644392,0.596238124016032,0.373365370043585,0.390936206345208,SWI,NFNW,5,4,,,"",
2017-12-22,2018-01-20,cool,SWI1E+4.res5.NFNW,0.251814165992154,0.291474505547974,-0.0985241177626199,-0.155538817379826,SWI,NFNW,5,4,,,"",
2018-05-25,2018-06-07,warm,SWI1E+4.res5.NFNW,0.370610337483786,0.379458187652178,0.212709265647788,0.118688479114278,SWI,NFNW,5,4,,,"",
2019-03-30,2019-04-12,cool,SWI1E+4.res5.NFNW,0.49248082862665,0.609278876735298,0.233938034232631,0.295883345894451,SWI,NFNW,5,4,,,"",
2019-08-23,2019-09-13,warm,SWI1E+4.res5.NFNW,0.236562127720289,0.341184013649145,-0.223469311046493,-0.103985841607975,SWI,NFNW,5,4,,,"",
2020-08-11,2020-08-26,warm,SWI1E+4.res5.NFNW,0.419821466104614,0.419821677897687,0.225536205176095,0.207423734462324,SWI,NFNW,5,4,,,"",
2020-09-01,2020-09-20,warm,SWI1E+4.res5.NFNW,0.381763365871625,0.39119666299304,0.139902334796496,0.116188913819995,SWI,NFNW,5,4,,,"",
2020-09-27,2020-10-17,cool,SWI1E+4.res5.NFNW,0.240016244844724,0.253761158338521,-0.166729997843545,-0.197115880712915,SWI,NFNW,5,4,,,"",
2021-03-25,2021-04-06,cool,SWI1E+4.res5.NFNW,0.314950820824946,0.400169831671896,0.127938034797345,0.191270506976595,SWI,NFNW,5,4,,,"",
2021-09-05,2021-09-20,warm,SWI1E+4.res5.NFNW,0.382947265879112,0.455537039151429,0.270043006513163,0.305795164812998,SWI,NFNW,5,4,,,"",
2017-08-27,2017-09-16,warm,SWI1E+4.res7.NFNW,0.449958436256469,0.478110867719394,0.218385782733831,0.1713246175745,SWI,NFNW,7,4,,,"",
2017-11-29,2017-12-14,cool,SWI1E+4.res7.NFNW,0.495232706017859,0.57747412440921,0.344705654694955,0.347832433342801,SWI,NFNW,7,4,,,"",
2017-12-22,2018-01-20,cool,SWI1E+4.res7.NFNW,0.217596879041808,0.254646784522539,-0.182457353940917,-0.240750310785495,SWI,NFNW,7,4,,,"",
2018-05-25,2018-06-07,warm,SWI1E+4.res7.NFNW,0.388853832502359,0.400439318037713,0.238951360545323,0.152651429830262,SWI,NFNW,7,4,,,"",
2019-03-30,2019-04-12,cool,SWI1E+4.res7.NFNW,0.476958120841018,0.615363746332296,0.15757781537842,0.264157403170553,SWI,NFNW,7,4,,,"",
2019-08-23,2019-09-13,warm,SWI1E+4.res7.NFNW,0.14364354051671,0.280969326146702,-0.373344337334042,-0.191226760363193,SWI,NFNW,7,4,,,"",
2020-08-11,2020-08-26,warm,SWI1E+4.res7.NFNW,0.356768787606182,0.357701959832621,0.0911119162501121,0.0762852315739971,SWI,NFNW,7,4,,,"",
2020-09-01,2020-09-20,warm,SWI1E+4.res7.NFNW,0.343353173666635,0.351071232908081,0.0410680775684156,0.0123568881757261,SWI,NFNW,7,4,,,"",
2020-09-27,2020-10-17,cool,SWI1E+4.res7.NFNW,0.218491858625246,0.230829454152395,-0.2374846478515,-0.267033641146172,SWI,NFNW,7,4,,,"",
2021-03-25,2021-04-06,cool,SWI1E+4.res7.NFNW,0.287315886963432,0.378245308223763,0.0736156118681194,0.155378789776614,SWI,NFNW,7,4,,,"",
2021-09-05,2021-09-20,warm,SWI1E+4.res7.NFNW,0.369122664398741,0.444471314784444,0.246788622753117,0.288897454970169,SWI,NFNW,7,4,,,"",
2017-08-27,2017-09-16,warm,SWI1E+64.res1.gauss_0.5sigma,0.171484925380203,0.201784494676559,-0.339977465609397,-0.388081855883911,SWI,gauss,1,64,,0.5,"",
2017-11-29,2017-12-14,cool,SWI1E+64.res1.gauss_0.5sigma,0.00692533803901314,0.309939266009949,-0.801317912827122,-0.126134666797486,SWI,gauss,1,64,,0.5,"",
2017-12-22,2018-01-20,cool,SWI1E+64.res1.gauss_0.5sigma,0.261610856016628,0.317755987041425,0.0303114836054401,0.0173158932978649,SWI,gauss,1,64,,0.5,"",
2018-05-25,2018-06-07,warm,SWI1E+64.res1.gauss_0.5sigma,0.186712516703657,0.194827257926096,-0.117516595409048,-0.277782422590391,SWI,gauss,1,64,,0.5,"",
2019-03-30,2019-04-12,cool,SWI1E+64.res1.gauss_0.5sigma,0.542511994513441,0.616798842100129,0.30518616077922,0.390584755774745,SWI,gauss,1,64,,0.5,"",
2019-08-23,2019-09-13,warm,SWI1E+64.res1.gauss_0.5sigma,0.0130441227653004,0.252093553502163,-0.631108370743922,-0.131502280712515,SWI,gauss,1,64,,0.5,"",
2020-08-11,2020-08-26,warm,SWI1E+64.res1.gauss_0.5sigma,0.138414136261947,0.158581331481198,-0.388678872210122,-0.400168266334506,SWI,gauss,1,64,,0.5,"",
2020-09-01,2020-09-20,warm,SWI1E+64.res1.gauss_0.5sigma,0.116729103551092,0.212937356391201,-0.364182168724123,-0.115031317278932,SWI,gauss,1,64,,0.5,"",
2020-09-27,2020-10-17,cool,SWI1E+64.res1.gauss_0.5sigma,0.0235114876171142,0.120179198796911,-0.662580232959427,-0.325270476121342,SWI,gauss,1,64,,0.5,"",
2021-03-25,2021-04-06,cool,SWI1E+64.res1.gauss_0.5sigma,0.430408339272745,0.490718492403359,0.370488833229799,0.377891576018794,SWI,gauss,1,64,,0.5,"",
2021-09-05,2021-09-20,warm,SWI1E+64.res1.gauss_0.5sigma,0.0537894537227687,0.347581083234535,-0.605335328865914,0.0707456098432163,SWI,gauss,1,64,,0.5,"",
2017-08-27,2017-09-16,warm,SWI1E+64.res1.gauss_1.0sigma,0.498222492872835,0.498743302508958,0.248025284882796,0.225384182721255,SWI,gauss,1,64,,1,"",
2017-11-29,2017-12-14,cool,SWI1E+64.res1.gauss_1.0sigma,0.38558703654936,0.574562844384019,0.0063387427207759,0.400140131831515,SWI,gauss,1,64,,1,"",
2017-12-22,2018-01-20,cool,SWI1E+64.res1.gauss_1.0sigma,0.50245460903685,0.557163556505793,0.414288117748022,0.427894640346217,SWI,gauss,1,64,,1,"",
2018-05-25,2018-06-07,warm,SWI1E+64.res1.gauss_1.0sigma,0.490293824349385,0.493708018039304,0.405553686019869,0.352313385794563,SWI,gauss,1,64,,1,"",
2019-03-30,2019-04-12,cool,SWI1E+64.res1.gauss_1.0sigma,0.617407315636574,0.677351754939138,0.460136514118192,0.498282486305843,SWI,gauss,1,64,,1,"",
2019-08-23,2019-09-13,warm,SWI1E+64.res1.gauss_1.0sigma,0.159303543527292,0.341134828693885,-0.415076459808507,-0.0390012681860387,SWI,gauss,1,64,,1,"",
2020-08-11,2020-08-26,warm,SWI1E+64.res1.gauss_1.0sigma,0.18909158212803,0.205063352037151,-0.25346504771428,-0.226925771053851,SWI,gauss,1,64,,1,"",
2020-09-01,2020-09-20,warm,SWI1E+64.res1.gauss_1.0sigma,0.138030531868734,0.219783173034065,-0.322549959391035,-0.106574689511124,SWI,gauss,1,64,,1,"",
2020-09-27,2020-10-17,cool,SWI1E+64.res1.gauss_1.0sigma,0.00869360311722959,0.120615010534249,-0.634809719973188,-0.323559915919267,SWI,gauss,1,64,,1,"",
2021-03-25,2021-04-06,cool,SWI1E+64.res1.gauss_1.0sigma,0.423446527553259,0.463013670526115,0.349855399963521,0.350650992096928,SWI,gauss,1,64,,1,"",
2021-09-05,2021-09-20,warm,SWI1E+64.res1.gauss_1.0sigma,0.095473222603103,0.334525239751673,-0.247791934698155,0.0929857373843509,SWI,gauss,1,64,,1,"",
2017-08-27,2017-09-16,warm,SWI1E+64.res1.gauss_1.5sigma,0.552948150040186,0.55301639134136,0.275942047982513,0.255762107108609,SWI,gauss,1,64,,1.5,"",
2017-11-29,2017-12-14,cool,SWI1E+64.res1.gauss_1.5sigma,0.444115901105116,0.630845855945514,0.299010278061829,0.506250699967531,SWI,gauss,1,64,,1.5,"",
2017-12-22,2018-01-20,cool,SWI1E+64.res1.gauss_1.5sigma,0.514673924775865,0.573033375939677,0.425316488564676,0.440237657131612,SWI,gauss,1,64,,1.5,"",
2018-05-25,2018-06-07,warm,SWI1E+64.res1.gauss_1.5sigma,0.470184502157103,0.475243219674494,0.389763737488908,0.324184659958314,SWI,gauss,1,64,,1.5,"",
2019-03-30,2019-04-12,cool,SWI1E+64.res1.gauss_1.5sigma,0.649354582459274,0.713715613732357,0.524025157673016,0.544757713434271,SWI,gauss,1,64,,1.5,"",
2019-08-23,2019-09-13,warm,SWI1E+64.res1.gauss_1.5sigma,0.366849035494464,0.495265546083498,-0.097668643603462,0.0848673732460695,SWI,gauss,1,64,,1.5,"",
2020-08-11,2020-08-26,warm,SWI1E+64.res1.gauss_1.5sigma,0.215180044156074,0.22707316522065,-0.136644374171456,-0.135466430938457,SWI,gauss,1,64,,1.5,"",
2020-09-01,2020-09-20,warm,SWI1E+64.res1.gauss_1.5sigma,0.141931525903921,0.218749666410066,-0.32379458093269,-0.125463225524058,SWI,gauss,1,64,,1.5,"",
2020-09-27,2020-10-17,cool,SWI1E+64.res1.gauss_1.5sigma,0.0210693290742866,0.120196566716919,-0.644295274681446,-0.339450126908827,SWI,gauss,1,64,,1.5,"",
2021-03-25,2021-04-06,cool,SWI1E+64.res1.gauss_1.5sigma,0.454948932940231,0.492063379033124,0.366638395504304,0.363603117488887,SWI,gauss,1,64,,1.5,"",
2021-09-05,2021-09-20,warm,SWI1E+64.res1.gauss_1.5sigma,0.160692362560572,0.347575080918253,-0.123938031992867,0.082841353928521,SWI,gauss,1,64,,1.5,"",
2017-08-27,2017-09-16,warm,SWI1E+64.res1.gauss_2.0sigma,0.630141567235133,0.630205907702055,0.342379708717241,0.318778804210133,SWI,gauss,1,64,,2,"",
2017-11-29,2017-12-14,cool,SWI1E+64.res1.gauss_2.0sigma,0.522277352306041,0.69081386908061,0.445811949158951,0.588158946707995,SWI,gauss,1,64,,2,"",
2017-12-22,2018-01-20,cool,SWI1E+64.res1.gauss_2.0sigma,0.559411225753617,0.614806357827957,0.478235727478795,0.494250569618125,SWI,gauss,1,64,,2,"",
2018-05-25,2018-06-07,warm,SWI1E+64.res1.gauss_2.0sigma,0.468108520779983,0.474337710375369,0.349738029625274,0.28507231658275,SWI,gauss,1,64,,2,"",
2019-03-30,2019-04-12,cool,SWI1E+64.res1.gauss_2.0sigma,0.665964548009272,0.744558659501749,0.519676617920316,0.555160589513836,SWI,gauss,1,64,,2,"",
2019-08-23,2019-09-13,warm,SWI1E+64.res1.gauss_2.0sigma,0.531010532176914,0.618546979197215,0.308558626102877,0.346787862768081,SWI,gauss,1,64,,2,"",
2020-08-11,2020-08-26,warm,SWI1E+64.res1.gauss_2.0sigma,0.282178555747049,0.291844153327704,0.0894116600081354,0.074724297744674,SWI,gauss,1,64,,2,"",
2020-09-01,2020-09-20,warm,SWI1E+64.res1.gauss_2.0sigma,0.190310401422846,0.250872273915314,-0.088003975028663,-0.0295453550729354,SWI,gauss,1,64,,2,"",
2020-09-27,2020-10-17,cool,SWI1E+64.res1.gauss_2.0sigma,0.0109879918469321,0.122036368210303,-0.580569115354643,-0.317667923379497,SWI,gauss,1,64,,2,"",
2021-03-25,2021-04-06,cool,SWI1E+64.res1.gauss_2.0sigma,0.472949077630902,0.511086335103839,0.388526476995703,0.383963254885879,SWI,gauss,1,64,,2,"",
2021-09-05,2021-09-20,warm,SWI1E+64.res1.gauss_2.0sigma,0.245496193097042,0.382243725724567,0.00161531018137485,0.12357178849158,SWI,gauss,1,64,,2,"",
2017-08-27,2017-09-16,warm,SWI1E+64.res1.gauss_2.5sigma,0.660643061008264,0.660705750246097,0.377144233509218,0.350833405092956,SWI,gauss,1,64,,2.5,"",
2017-11-29,2017-12-14,cool,SWI1E+64.res1.gauss_2.5sigma,0.52554282148401,0.688250061960511,0.438657852672573,0.578463148536097,SWI,gauss,1,64,,2.5,"",
2017-12-22,2018-01-20,cool,SWI1E+64.res1.gauss_2.5sigma,0.557461607457203,0.614006404885505,0.488175989656337,0.505556773899582,SWI,gauss,1,64,,2.5,"",
2018-05-25,2018-06-07,warm,SWI1E+64.res1.gauss_2.5sigma,0.445676514666405,0.45128498322441,0.265931929898572,0.194716963883909,SWI,gauss,1,64,,2.5,"",
2019-03-30,2019-04-12,cool,SWI1E+64.res1.gauss_2.5sigma,0.647568651408105,0.730268889911959,0.473760269330437,0.512157659602583,SWI,gauss,1,64,,2.5,"",
2019-08-23,2019-09-13,warm,SWI1E+64.res1.gauss_2.5sigma,0.571855063446174,0.651068084530428,0.375604214332449,0.412435695673475,SWI,gauss,1,64,,2.5,"",
2020-08-11,2020-08-26,warm,SWI1E+64.res1.gauss_2.5sigma,0.331907338841242,0.341541215025251,0.21199443953449,0.198560153291363,SWI,gauss,1,64,,2.5,"",
2020-09-01,2020-09-20,warm,SWI1E+64.res1.gauss_2.5sigma,0.242434619930125,0.29255382326306,0.0797295791582009,0.0905781976525069,SWI,gauss,1,64,,2.5,"",
2020-09-27,2020-10-17,cool,SWI1E+64.res1.gauss_2.5sigma,0.0659455858062328,0.141447078426251,-0.328426287191753,-0.237398307144341,SWI,gauss,1,64,,2.5,"",
2021-03-25,2021-04-06,cool,SWI1E+64.res1.gauss_2.5sigma,0.467984082376174,0.50855690073395,0.389951607355718,0.3854385877135,SWI,gauss,1,64,,2.5,"",
2021-09-05,2021-09-20,warm,SWI1E+64.res1.gauss_2.5sigma,0.297950618265628,0.409307697777656,0.0934045944793737,0.169553742793929,SWI,gauss,1,64,,2.5,"",
2017-08-27,2017-09-16,warm,SWI1E+64.res1.gauss_3.5sigma,0.706033359259489,0.70604690213366,0.430763696482125,0.403057711560435,SWI,gauss,1,64,,3.5,"",
2017-11-29,2017-12-14,cool,SWI1E+64.res1.gauss_3.5sigma,0.498151918961911,0.657350882231795,0.361791750716681,0.502812375781769,SWI,gauss,1,64,,3.5,"",
2017-12-22,2018-01-20,cool,SWI1E+64.res1.gauss_3.5sigma,0.544517529408044,0.603476780403868,0.485155552695714,0.504789588161242,SWI,gauss,1,64,,3.5,"",
2018-05-25,2018-06-07,warm,SWI1E+64.res1.gauss_3.5sigma,0.411097695418044,0.415367981598873,0.158197337718462,0.0854963871197809,SWI,gauss,1,64,,3.5,"",
2019-03-30,2019-04-12,cool,SWI1E+64.res1.gauss_3.5sigma,0.601066238644631,0.686650045759136,0.41288815796432,0.448096124261791,SWI,gauss,1,64,,3.5,"",
2019-08-23,2019-09-13,warm,SWI1E+64.res1.gauss_3.5sigma,0.585005739846131,0.663023165803859,0.416673274286043,0.455515191275586,SWI,gauss,1,64,,3.5,"",
2020-08-11,2020-08-26,warm,SWI1E+64.res1.gauss_3.5sigma,0.391878261874188,0.403667629880169,0.307248878695156,0.300436732750435,SWI,gauss,1,64,,3.5,"",
2020-09-01,2020-09-20,warm,SWI1E+64.res1.gauss_3.5sigma,0.309964763015291,0.352366946206704,0.197195352025272,0.207316242568899,SWI,gauss,1,64,,3.5,"",
2020-09-27,2020-10-17,cool,SWI1E+64.res1.gauss_3.5sigma,0.144390193500385,0.194478922499009,-0.0923483892985128,-0.109261544908013,SWI,gauss,1,64,,3.5,"",
2021-03-25,2021-04-06,cool,SWI1E+64.res1.gauss_3.5sigma,0.440745135582022,0.488890981593744,0.372918627110254,0.374250165783419,SWI,gauss,1,64,,3.5,"",
2021-09-05,2021-09-20,warm,SWI1E+64.res1.gauss_3.5sigma,0.345769444105324,0.438507222171688,0.197018465244213,0.234979766081971,SWI,gauss,1,64,,3.5,"",
2017-08-27,2017-09-16,warm,SWI1E+64.res1.gauss_5.0sigma,0.744227425322526,0.74424614384901,0.500588545070285,0.468555514300216,SWI,gauss,1,64,,5,"",
2017-11-29,2017-12-14,cool,SWI1E+64.res1.gauss_5.0sigma,0.509994685535043,0.665242847920984,0.359451110197864,0.48560051670055,SWI,gauss,1,64,,5,"",
2017-12-22,2018-01-20,cool,SWI1E+64.res1.gauss_5.0sigma,0.554494804002969,0.612589084703761,0.497376682252457,0.513385809478861,SWI,gauss,1,64,,5,"",
2018-05-25,2018-06-07,warm,SWI1E+64.res1.gauss_5.0sigma,0.415566924679428,0.419555087560956,0.162319042603175,0.101244494892687,SWI,gauss,1,64,,5,"",
2019-03-30,2019-04-12,cool,SWI1E+64.res1.gauss_5.0sigma,0.581869022529212,0.672959048885284,0.403463619865658,0.4417198117256,SWI,gauss,1,64,,5,"",
2019-08-23,2019-09-13,warm,SWI1E+64.res1.gauss_5.0sigma,0.588105312841655,0.660278217078803,0.453550552704678,0.469155958722714,SWI,gauss,1,64,,5,"",
2020-08-11,2020-08-26,warm,SWI1E+64.res1.gauss_5.0sigma,0.437675797827889,0.447805139611805,0.356070376388648,0.347978306648574,SWI,gauss,1,64,,5,"",
2020-09-01,2020-09-20,warm,SWI1E+64.res1.gauss_5.0sigma,0.330319018908696,0.371076884575682,0.218878353370972,0.229961350279059,SWI,gauss,1,64,,5,"",
2020-09-27,2020-10-17,cool,SWI1E+64.res1.gauss_5.0sigma,0.149809907605806,0.198809996351955,-0.0808377082997599,-0.103406770716619,SWI,gauss,1,64,,5,"",
2021-03-25,2021-04-06,cool,SWI1E+64.res1.gauss_5.0sigma,0.339884290721106,0.394514193743385,0.237254667189029,0.219234433219633,SWI,gauss,1,64,,5,"",
2021-09-05,2021-09-20,warm,SWI1E+64.res1.gauss_5.0sigma,0.365293293125704,0.457543819791558,0.238265846269036,0.274518328399856,SWI,gauss,1,64,,5,"",
2017-08-27,2017-09-16,warm,SWI1E+64.res1.NFNW,0.128085199617335,0.170360252697502,-0.563565928184921,-0.52674138110586,SWI,NFNW,1,64,,,"",
2017-11-29,2017-12-14,cool,SWI1E+64.res1.NFNW,0.118086120991854,0.296705443256496,-0.380851991030886,-0.162819644033744,SWI,NFNW,1,64,,,"",
2017-12-22,2018-01-20,cool,SWI1E+64.res1.NFNW,0.170572156801974,0.246952129921184,-0.167960506682868,-0.126040266607494,SWI,NFNW,1,64,,,"",
2018-05-25,2018-06-07,warm,SWI1E+64.res1.NFNW,0.153423642031437,0.16079035539758,-0.292395222224401,-0.452014689197587,SWI,NFNW,1,64,,,"",
2019-03-30,2019-04-12,cool,SWI1E+64.res1.NFNW,0.378467294845637,0.481096425735452,-0.0934780425713469,0.0767498745499806,SWI,NFNW,1,64,,,"",
2019-08-23,2019-09-13,warm,SWI1E+64.res1.NFNW,0.114679435266163,0.250366134138765,-0.336912715189603,-0.124557021266823,SWI,NFNW,1,64,,,"",
2020-08-11,2020-08-26,warm,SWI1E+64.res1.NFNW,0.0685233179975502,0.0877768745491508,-0.703341116653106,-0.621509886702162,SWI,NFNW,1,64,,,"",
2020-09-01,2020-09-20,warm,SWI1E+64.res1.NFNW,0.0581171437046502,0.178386089945568,-0.733696326296612,-0.237183860573543,SWI,NFNW,1,64,,,"",
2020-09-27,2020-10-17,cool,SWI1E+64.res1.NFNW,0.0582030744040987,0.122865828181283,-0.498157790890881,-0.319204965051687,SWI,NFNW,1,64,,,"",
2021-03-25,2021-04-06,cool,SWI1E+64.res1.NFNW,0.350546760891797,0.412948765562726,0.251422816248004,0.265090058070967,SWI,NFNW,1,64,,,"",
2021-09-05,2021-09-20,warm,SWI1E+64.res1.NFNW,0.0350095219158882,0.335274117003372,-0.509353591606888,0.00913145410538931,SWI,NFNW,1,64,,,"",
2017-08-27,2017-09-16,warm,SWI1E+64.res1.SSC1,0.498101051037104,0.506268423896757,0.295296539223545,0.259085462344693,SWI,SSC,1,64,1,,"",
2017-11-29,2017-12-14,cool,SWI1E+64.res1.SSC1,0.488934134910896,0.615607555078254,0.243393122748693,0.431461482372991,SWI,SSC,1,64,1,,"",
2017-12-22,2018-01-20,cool,SWI1E+64.res1.SSC1,0.58574454322454,0.610573240448817,0.508320400710805,0.496093315871029,SWI,SSC,1,64,1,,"",
2018-05-25,2018-06-07,warm,SWI1E+64.res1.SSC1,0.447546776821648,0.456925793565327,0.273895861852723,0.195317953544297,SWI,SSC,1,64,1,,"",
2019-03-30,2019-04-12,cool,SWI1E+64.res1.SSC1,0.536760042315492,0.650489642893427,0.289489220006248,0.440566949516729,SWI,SSC,1,64,1,,"",
2019-08-23,2019-09-13,warm,SWI1E+64.res1.SSC1,0.207841294670498,0.342336105282595,-0.20878827370922,-0.0240165937204143,SWI,SSC,1,64,1,,"",
2020-08-11,2020-08-26,warm,SWI1E+64.res1.SSC1,0.126933622055163,0.14215968402663,-0.556937552957057,-0.528002174808636,SWI,SSC,1,64,1,,"",
2020-09-01,2020-09-20,warm,SWI1E+64.res1.SSC1,0.0933416155274849,0.18457541997446,-0.616044338033889,-0.302680653916357,SWI,SSC,1,64,1,,"",
2020-09-27,2020-10-17,cool,SWI1E+64.res1.SSC1,0.0458411834489326,0.123955839620752,-0.678138485229964,-0.414607466175687,SWI,SSC,1,64,1,,"",
2021-03-25,2021-04-06,cool,SWI1E+64.res1.SSC1,0.442828645488663,0.488390600256784,0.391111503774508,0.396353238267827,SWI,SSC,1,64,1,,"",
2021-09-05,2021-09-20,warm,SWI1E+64.res1.SSC1,0.0801324833929441,0.334558131924064,-0.416527735433805,0.0907594869871346,SWI,SSC,1,64,1,,"",
2017-08-27,2017-09-16,warm,SWI1E+64.res1.SSC10,0.753089382022194,0.753097222669307,0.517730903108221,0.485856694857575,SWI,SSC,1,64,10,,"",
2017-11-29,2017-12-14,cool,SWI1E+64.res1.SSC10,0.468157861316168,0.631540165777889,0.273936173719746,0.411855718407245,SWI,SSC,1,64,10,,"",
2017-12-22,2018-01-20,cool,SWI1E+64.res1.SSC10,0.533553473679839,0.595762407993585,0.470002217574417,0.486806789328847,SWI,SSC,1,64,10,,"",
2018-05-25,2018-06-07,warm,SWI1E+64.res1.SSC10,0.385717219804442,0.388985752250828,0.110958767478869,0.046908864420347,SWI,SSC,1,64,10,,"",
2019-03-30,2019-04-12,cool,SWI1E+64.res1.SSC10,0.556335274561587,0.645960161364617,0.376577754085371,0.40883490866736,SWI,SSC,1,64,10,,"",
2019-08-23,2019-09-13,warm,SWI1E+64.res1.SSC10,0.573303588016163,0.652336957906691,0.411115810300163,0.432863643979016,SWI,SSC,1,64,10,,"",
2020-08-11,2020-08-26,warm,SWI1E+64.res1.SSC10,0.438216697151404,0.449599230485549,0.34689306018874,0.338270233108562,SWI,SSC,1,64,10,,"",
2020-09-01,2020-09-20,warm,SWI1E+64.res1.SSC10,0.333201901499499,0.37742931695606,0.214439634095986,0.231803483885226,SWI,SSC,1,64,10,,"",
2020-09-27,2020-10-17,cool,SWI1E+64.res1.SSC10,0.159331485948417,0.209013648953691,-0.0566101685329347,-0.0814796611923501,SWI,SSC,1,64,10,,"",
2021-03-25,2021-04-06,cool,SWI1E+64.res1.SSC10,0.333976260526822,0.390972840270632,0.229232605505924,0.211534401473152,SWI,SSC,1,64,10,,"",
2021-09-05,2021-09-20,warm,SWI1E+64.res1.SSC10,0.369620909779647,0.463273735213345,0.255413759149289,0.293071252841795,SWI,SSC,1,64,10,,"",
2017-08-27,2017-09-16,warm,SWI1E+64.res1.SSC2,0.4636699255885,0.463873454298714,0.223829754953788,0.199484003683554,SWI,SSC,1,64,2,,"",
2017-11-29,2017-12-14,cool,SWI1E+64.res1.SSC2,0.360228435720283,0.567445200912657,-0.21129146732359,0.363666759805164,SWI,SSC,1,64,2,,"",
2017-12-22,2018-01-20,cool,SWI1E+64.res1.SSC2,0.478176458447501,0.543203674566728,0.387834611881257,0.409172085356687,SWI,SSC,1,64,2,,"",
2018-05-25,2018-06-07,warm,SWI1E+64.res1.SSC2,0.526532510160448,0.528787246401902,0.443376017290482,0.401594179734946,SWI,SSC,1,64,2,,"",
2019-03-30,2019-04-12,cool,SWI1E+64.res1.SSC2,0.628854727189839,0.679098307467055,0.479969807824192,0.498901758271205,SWI,SSC,1,64,2,,"",
2019-08-23,2019-09-13,warm,SWI1E+64.res1.SSC2,0.0874700703198085,0.30185846520042,-0.580257059805729,-0.0675240883729305,SWI,SSC,1,64,2,,"",
2020-08-11,2020-08-26,warm,SWI1E+64.res1.SSC2,0.175305310637351,0.190661617107198,-0.351088565926517,-0.32333849537464,SWI,SSC,1,64,2,,"",
2020-09-01,2020-09-20,warm,SWI1E+64.res1.SSC2,0.123749338796745,0.21010931083834,-0.435146147806874,-0.145264159301472,SWI,SSC,1,64,2,,"",
2020-09-27,2020-10-17,cool,SWI1E+64.res1.SSC2,0.0218615526858389,0.120096650177199,-0.663961975208305,-0.336375607929832,SWI,SSC,1,64,2,,"",
2021-03-25,2021-04-06,cool,SWI1E+64.res1.SSC2,0.395233932013436,0.434557710974928,0.310151040919589,0.308566193837306,SWI,SSC,1,64,2,,"",
2021-09-05,2021-09-20,warm,SWI1E+64.res1.SSC2,0.0679450944572221,0.332327846456831,-0.282136409437438,0.0905792777318453,SWI,SSC,1,64,2,,"",
2017-08-27,2017-09-16,warm,SWI1E+64.res1.SSC3,0.542676181533152,0.542700804011545,0.276688014528442,0.253119577422233,SWI,SSC,1,64,3,,"",
2017-11-29,2017-12-14,cool,SWI1E+64.res1.SSC3,0.454167874437842,0.647208941336584,0.327789879235741,0.522695244589702,SWI,SSC,1,64,3,,"",
2017-12-22,2018-01-20,cool,SWI1E+64.res1.SSC3,0.520864852340045,0.584194382885337,0.429407887785255,0.449175515529983,SWI,SSC,1,64,3,,"",
2018-05-25,2018-06-07,warm,SWI1E+64.res1.SSC3,0.429794022181169,0.434953980957416,0.288237203837467,0.196016744712217,SWI,SSC,1,64,3,,"",
2019-03-30,2019-04-12,cool,SWI1E+64.res1.SSC3,0.640061998800148,0.706754553603578,0.514807928064202,0.532645241935275,SWI,SSC,1,64,3,,"",
2019-08-23,2019-09-13,warm,SWI1E+64.res1.SSC3,0.457854117873629,0.577384326346855,0.00969047390428918,0.147857829489355,SWI,SSC,1,64,3,,"",
2020-08-11,2020-08-26,warm,SWI1E+64.res1.SSC3,0.202637239066897,0.214180309249888,-0.214137994176219,-0.214329142504248,SWI,SSC,1,64,3,,"",
2020-09-01,2020-09-20,warm,SWI1E+64.res1.SSC3,0.129472372466477,0.210654426015488,-0.435271202526666,-0.170848681710778,SWI,SSC,1,64,3,,"",
2020-09-27,2020-10-17,cool,SWI1E+64.res1.SSC3,0.0313519194279586,0.120943963473283,-0.642362024123367,-0.354054724522478,SWI,SSC,1,64,3,,"",
2021-03-25,2021-04-06,cool,SWI1E+64.res1.SSC3,0.459493592670012,0.495286172683594,0.371246856200629,0.364620327189523,SWI,SSC,1,64,3,,"",
2021-09-05,2021-09-20,warm,SWI1E+64.res1.SSC3,0.142469889188251,0.342264868314458,-0.15443536134292,0.0837131020925066,SWI,SSC,1,64,3,,"",
2017-08-27,2017-09-16,warm,SWI1E+64.res1.SSC4,0.644258981927534,0.644299915650908,0.35994553799326,0.336043948273478,SWI,SSC,1,64,4,,"",
2017-11-29,2017-12-14,cool,SWI1E+64.res1.SSC4,0.505266476592632,0.686519971660553,0.413240926625997,0.576307099037411,SWI,SSC,1,64,4,,"",
2017-12-22,2018-01-20,cool,SWI1E+64.res1.SSC4,0.556754292916297,0.619794175065501,0.482645412751735,0.506206141637637,SWI,SSC,1,64,4,,"",
2018-05-25,2018-06-07,warm,SWI1E+64.res1.SSC4,0.441265108745728,0.446056327880579,0.268498195547492,0.193716254327166,SWI,SSC,1,64,4,,"",
2019-03-30,2019-04-12,cool,SWI1E+64.res1.SSC4,0.665255873608974,0.73806712680468,0.508889802504979,0.536621762072605,SWI,SSC,1,64,4,,"",
2019-08-23,2019-09-13,warm,SWI1E+64.res1.SSC4,0.550900489026322,0.643972983353438,0.299382349442976,0.354361467565958,SWI,SSC,1,64,4,,"",
2020-08-11,2020-08-26,warm,SWI1E+64.res1.SSC4,0.284431978598061,0.295648453270596,0.0959594730770716,0.0844224907206215,SWI,SSC,1,64,4,,"",
2020-09-01,2020-09-20,warm,SWI1E+64.res1.SSC4,0.196113127662507,0.259188954385778,-0.0700269926037937,-0.0099830459369463,SWI,SSC,1,64,4,,"",
2020-09-27,2020-10-17,cool,SWI1E+64.res1.SSC4,0.0222307852649292,0.125421584771577,-0.560190680830624,-0.30465863690087,SWI,SSC,1,64,4,,"",
2021-03-25,2021-04-06,cool,SWI1E+64.res1.SSC4,0.484303390610909,0.519856001767885,0.408658188297649,0.401037776685082,SWI,SSC,1,64,4,,"",
2021-09-05,2021-09-20,warm,SWI1E+64.res1.SSC4,0.252289065504961,0.384164562539237,0.0215764983731969,0.131917070093491,SWI,SSC,1,64,4,,"",
2017-08-27,2017-09-16,warm,SWI1E+64.res1.SSC5,0.67306338320951,0.673088380346068,0.396943402360024,0.368551134658106,SWI,SSC,1,64,5,,"",
2017-11-29,2017-12-14,cool,SWI1E+64.res1.SSC5,0.510418676079608,0.673989154540633,0.398629907895349,0.546984983444026,SWI,SSC,1,64,5,,"",
2017-12-22,2018-01-20,cool,SWI1E+64.res1.SSC5,0.552416912248484,0.612611927702767,0.490521041538037,0.510694011514526,SWI,SSC,1,64,5,,"",
2018-05-25,2018-06-07,warm,SWI1E+64.res1.SSC5,0.414150430096562,0.418843094647598,0.170338998744467,0.0877423502865517,SWI,SSC,1,64,5,,"",
2019-03-30,2019-04-12,cool,SWI1E+64.res1.SSC5,0.615499491590271,0.702011402389549,0.428969776230867,0.468723077651088,SWI,SSC,1,64,5,,"",
2019-08-23,2019-09-13,warm,SWI1E+64.res1.SSC5,0.587611139609243,0.667571806835632,0.399935559192661,0.45716067557925,SWI,SSC,1,64,5,,"",
2020-08-11,2020-08-26,warm,SWI1E+64.res1.SSC5,0.35826338926179,0.36897508268813,0.260308918794124,0.251878930257041,SWI,SSC,1,64,5,,"",
2020-09-01,2020-09-20,warm,SWI1E+64.res1.SSC5,0.277478136882338,0.323762474370443,0.149640308317202,0.158386083516213,SWI,SSC,1,64,5,,"",
2020-09-27,2020-10-17,cool,SWI1E+64.res1.SSC5,0.110754394555125,0.169704007465424,-0.183454663153785,-0.167837798420569,SWI,SSC,1,64,5,,"",
2021-03-25,2021-04-06,cool,SWI1E+64.res1.SSC5,0.468595446849896,0.508713997974937,0.396123044178013,0.389973902240231,SWI,SSC,1,64,5,,"",
2021-09-05,2021-09-20,warm,SWI1E+64.res1.SSC5,0.331315074409122,0.428045167992927,0.148447806901507,0.194536661908572,SWI,SSC,1,64,5,,"",
2017-08-27,2017-09-16,warm,SWI1E+64.res1.SSC7,0.718988206250792,0.718999870317637,0.462649514262823,0.432466452927942,SWI,SSC,1,64,7,,"",
2017-11-29,2017-12-14,cool,SWI1E+64.res1.SSC7,0.504215982298876,0.659521454257848,0.358598537698959,0.494328874924048,SWI,SSC,1,64,7,,"",
2017-12-22,2018-01-20,cool,SWI1E+64.res1.SSC7,0.557309393252699,0.616727243159695,0.501595001774478,0.521849878354809,SWI,SSC,1,64,7,,"",
2018-05-25,2018-06-07,warm,SWI1E+64.res1.SSC7,0.377989582997239,0.38203020074174,0.0736641294707326,-0.00362580104703297,SWI,SSC,1,64,7,,"",
2019-03-30,2019-04-12,cool,SWI1E+64.res1.SSC7,0.581960316783027,0.672258338954112,0.392654090441817,0.430701911808188,SWI,SSC,1,64,7,,"",
2019-08-23,2019-09-13,warm,SWI1E+64.res1.SSC7,0.62291318590739,0.698000377994436,0.494069849045821,0.53825165027048,SWI,SSC,1,64,7,,"",
2020-08-11,2020-08-26,warm,SWI1E+64.res1.SSC7,0.422535849553251,0.435937451058764,0.338900369700122,0.336001094716661,SWI,SSC,1,64,7,,"",
2020-09-01,2020-09-20,warm,SWI1E+64.res1.SSC7,0.338916435153026,0.379692796006704,0.227458831470829,0.243581129275819,SWI,SSC,1,64,7,,"",
2020-09-27,2020-10-17,cool,SWI1E+64.res1.SSC7,0.177977140832287,0.222449496146465,-0.0288002405811661,-0.0531190272289129,SWI,SSC,1,64,7,,"",
2021-03-25,2021-04-06,cool,SWI1E+64.res1.SSC7,0.431996688356636,0.481258490296526,0.364942326664674,0.366974454654756,SWI,SSC,1,64,7,,"",
2021-09-05,2021-09-20,warm,SWI1E+64.res1.SSC7,0.363535656285219,0.450306179598258,0.234939941598394,0.260515367141303,SWI,SSC,1,64,7,,"",
2017-08-27,2017-09-16,warm,SWI1E+64.res10.NFNW,0.720354790599111,0.721916973350387,0.548970816090816,0.501520834199568,SWI,NFNW,10,64,,,"",
2017-11-29,2017-12-14,cool,SWI1E+64.res10.NFNW,0.527892833304754,0.664875674151081,0.37691431473118,0.477087168799042,SWI,NFNW,10,64,,,"",
2017-12-22,2018-01-20,cool,SWI1E+64.res10.NFNW,0.553872087695965,0.603268452509651,0.484674689121759,0.488759732813156,SWI,NFNW,10,64,,,"",
2018-05-25,2018-06-07,warm,SWI1E+64.res10.NFNW,0.352470067082213,0.356940505857213,0.080880053583964,0.00673771367599674,SWI,NFNW,10,64,,,"",
2019-03-30,2019-04-12,cool,SWI1E+64.res10.NFNW,0.568880840409888,0.679076724025342,0.38859650216104,0.463193259599675,SWI,NFNW,10,64,,,"",
2019-08-23,2019-09-13,warm,SWI1E+64.res10.NFNW,0.584187736296548,0.641512639104515,0.353320721884159,0.361551928311178,SWI,NFNW,10,64,,,"",
2020-08-11,2020-08-26,warm,SWI1E+64.res10.NFNW,0.464590142291591,0.469774632975065,0.401085514920934,0.38417659440577,SWI,NFNW,10,64,,,"",
2020-09-01,2020-09-20,warm,SWI1E+64.res10.NFNW,0.335832392956015,0.371096439245118,0.229204103441576,0.221142992197919,SWI,NFNW,10,64,,,"",
2020-09-27,2020-10-17,cool,SWI1E+64.res10.NFNW,0.142770051276994,0.189886954428506,-0.102558534854263,-0.118838300940996,SWI,NFNW,10,64,,,"",
2021-03-25,2021-04-06,cool,SWI1E+64.res10.NFNW,0.402293060574472,0.466541342168509,0.32857467869711,0.355205497520474,SWI,NFNW,10,64,,,"",
2021-09-05,2021-09-20,warm,SWI1E+64.res10.NFNW,0.366028607816827,0.469878832884583,0.276495139877839,0.344193069353567,SWI,NFNW,10,64,,,"",
2017-08-27,2017-09-16,warm,SWI1E+64.res2.NFNW,0.671825091681644,0.673477332911898,0.390009933875333,0.367869439073604,SWI,NFNW,2,64,,,"",
2017-11-29,2017-12-14,cool,SWI1E+64.res2.NFNW,0.475822340613963,0.617931839290259,0.307787170008606,0.447717509683853,SWI,NFNW,2,64,,,"",
2017-12-22,2018-01-20,cool,SWI1E+64.res2.NFNW,0.582610551224021,0.619143134759131,0.520973928529569,0.52333673235083,SWI,NFNW,2,64,,,"",
2018-05-25,2018-06-07,warm,SWI1E+64.res2.NFNW,0.494231027219121,0.502326684309365,0.407429441152386,0.363091260627063,SWI,NFNW,2,64,,,"",
2019-03-30,2019-04-12,cool,SWI1E+64.res2.NFNW,0.587569756084533,0.692372955168237,0.446035505327595,0.514874524544133,SWI,NFNW,2,64,,,"",
2019-08-23,2019-09-13,warm,SWI1E+64.res2.NFNW,0.419087338170685,0.508406702409657,0.265497553770345,0.272291948592608,SWI,NFNW,2,64,,,"",
2020-08-11,2020-08-26,warm,SWI1E+64.res2.NFNW,0.202368050061254,0.212273283342658,-0.283854629814861,-0.288263073682462,SWI,NFNW,2,64,,,"",
2020-09-01,2020-09-20,warm,SWI1E+64.res2.NFNW,0.128152129431987,0.201278295822026,-0.518950260431204,-0.26829838627946,SWI,NFNW,2,64,,,"",
2020-09-27,2020-10-17,cool,SWI1E+64.res2.NFNW,0.037052025484242,0.123497858358265,-0.614812786937768,-0.376155790194142,SWI,NFNW,2,64,,,"",
2021-03-25,2021-04-06,cool,SWI1E+64.res2.NFNW,0.453124161144131,0.503597017471346,0.396047307825221,0.407744724359387,SWI,NFNW,2,64,,,"",
2021-09-05,2021-09-20,warm,SWI1E+64.res2.NFNW,0.254523235921764,0.394848388972323,0.0327550239225159,0.166320226268434,SWI,NFNW,2,64,,,"",
2017-08-27,2017-09-16,warm,SWI1E+64.res3.NFNW,0.766949294424694,0.767240914621608,0.58110680517216,0.544050031375221,SWI,NFNW,3,64,,,"",
2017-11-29,2017-12-14,cool,SWI1E+64.res3.NFNW,0.536307485328294,0.681957288322121,0.370122392549705,0.492268279069214,SWI,NFNW,3,64,,,"",
2017-12-22,2018-01-20,cool,SWI1E+64.res3.NFNW,0.638404935654813,0.692777909923419,0.592881425885809,0.619836093885274,SWI,NFNW,3,64,,,"",
2018-05-25,2018-06-07,warm,SWI1E+64.res3.NFNW,0.390980802359892,0.395728964467489,0.117755159097676,0.069422702270809,SWI,NFNW,3,64,,,"",
2019-03-30,2019-04-12,cool,SWI1E+64.res3.NFNW,0.625246052592451,0.715651559388992,0.472022512649163,0.51466832018513,SWI,NFNW,3,64,,,"",
2019-08-23,2019-09-13,warm,SWI1E+64.res3.NFNW,0.637379587079612,0.707601624996797,0.546868824384162,0.556191669548865,SWI,NFNW,3,64,,,"",
2020-08-11,2020-08-26,warm,SWI1E+64.res3.NFNW,0.317112449317779,0.329497464888212,0.150163939528221,0.143090886118337,SWI,NFNW,3,64,,,"",
2020-09-01,2020-09-20,warm,SWI1E+64.res3.NFNW,0.210690726460379,0.267580445615535,-0.0443847641948719,-0.0122016260979802,SWI,NFNW,3,64,,,"",
2020-09-27,2020-10-17,cool,SWI1E+64.res3.NFNW,0.025542832113938,0.125411487407176,-0.681798841055475,-0.325122070797098,SWI,NFNW,3,64,,,"",
2021-03-25,2021-04-06,cool,SWI1E+64.res3.NFNW,0.453998834283645,0.504552261076113,0.394011437381179,0.412949814733743,SWI,NFNW,3,64,,,"",
2021-09-05,2021-09-20,warm,SWI1E+64.res3.NFNW,0.303836588102633,0.430405794923106,0.175428296869052,0.261015594653147,SWI,NFNW,3,64,,,"",
2017-08-27,2017-09-16,warm,SWI1E+64.res4.NFNW,0.734089933172369,0.735561450068246,0.530381067224179,0.486832617076999,SWI,NFNW,4,64,,,"",
2017-11-29,2017-12-14,cool,SWI1E+64.res4.NFNW,0.543096622017368,0.675473333019637,0.421659051272907,0.524131992071548,SWI,NFNW,4,64,,,"",
2017-12-22,2018-01-20,cool,SWI1E+64.res4.NFNW,0.588767552595767,0.635332552046746,0.547373643565326,0.556143442570474,SWI,NFNW,4,64,,,"",
2018-05-25,2018-06-07,warm,SWI1E+64.res4.NFNW,0.476959074831968,0.482063751051591,0.337365224970289,0.285819583534258,SWI,NFNW,4,64,,,"",
2019-03-30,2019-04-12,cool,SWI1E+64.res4.NFNW,0.607335760535688,0.71327040648807,0.480907272465329,0.551665154612839,SWI,NFNW,4,64,,,"",
2019-08-23,2019-09-13,warm,SWI1E+64.res4.NFNW,0.505107575642099,0.572762247817048,0.357773775697158,0.372118242869028,SWI,NFNW,4,64,,,"",
2020-08-11,2020-08-26,warm,SWI1E+64.res4.NFNW,0.386869820678555,0.39314646717732,0.299116139166331,0.288358515976195,SWI,NFNW,4,64,,,"",
2020-09-01,2020-09-20,warm,SWI1E+64.res4.NFNW,0.265651004337349,0.305602326640116,0.123838759464078,0.116282260399966,SWI,NFNW,4,64,,,"",
2020-09-27,2020-10-17,cool,SWI1E+64.res4.NFNW,0.0695458010230843,0.139945122953325,-0.438304514735968,-0.269891285360658,SWI,NFNW,4,64,,,"",
2021-03-25,2021-04-06,cool,SWI1E+64.res4.NFNW,0.45182904645083,0.50415875297169,0.393678002360859,0.40535702304203,SWI,NFNW,4,64,,,"",
2021-09-05,2021-09-20,warm,SWI1E+64.res4.NFNW,0.358809303202429,0.462535455779964,0.213656370472384,0.270598446788914,SWI,NFNW,4,64,,,"",
2017-08-27,2017-09-16,warm,SWI1E+64.res5.NFNW,0.774407859877779,0.774784746412006,0.6190765604205,0.578011624932456,SWI,NFNW,5,64,,,"",
2017-11-29,2017-12-14,cool,SWI1E+64.res5.NFNW,0.537958917920579,0.676476375732469,0.37235619551031,0.48700635966661,SWI,NFNW,5,64,,,"",
2017-12-22,2018-01-20,cool,SWI1E+64.res5.NFNW,0.620351619897438,0.673017124936813,0.574676874763907,0.598355192441833,SWI,NFNW,5,64,,,"",
2018-05-25,2018-06-07,warm,SWI1E+64.res5.NFNW,0.368919743740392,0.372953126931473,0.0923977478701771,0.035705761756699,SWI,NFNW,5,64,,,"",
2019-03-30,2019-04-12,cool,SWI1E+64.res5.NFNW,0.611959484117702,0.706867920382924,0.479725338697306,0.530369232136252,SWI,NFNW,5,64,,,"",
2019-08-23,2019-09-13,warm,SWI1E+64.res5.NFNW,0.632406737776032,0.696923469244778,0.504267010607585,0.508205897170459,SWI,NFNW,5,64,,,"",
2020-08-11,2020-08-26,warm,SWI1E+64.res5.NFNW,0.42363840424278,0.437153033396128,0.346014369044731,0.3414083351648,SWI,NFNW,5,64,,,"",
2020-09-01,2020-09-20,warm,SWI1E+64.res5.NFNW,0.306430772577878,0.34949430696426,0.193830903146777,0.205330726292182,SWI,NFNW,5,64,,,"",
2020-09-27,2020-10-17,cool,SWI1E+64.res5.NFNW,0.12029153009597,0.176327276059484,-0.178491674386429,-0.166024419037451,SWI,NFNW,5,64,,,"",
2021-03-25,2021-04-06,cool,SWI1E+64.res5.NFNW,0.434032573050708,0.488810188650529,0.371150250627099,0.390914900469688,SWI,NFNW,5,64,,,"",
2021-09-05,2021-09-20,warm,SWI1E+64.res5.NFNW,0.326700448515512,0.44225585360953,0.218676220378608,0.290665388432882,SWI,NFNW,5,64,,,"",
2017-08-27,2017-09-16,warm,SWI1E+64.res7.NFNW,0.768908934945886,0.770362397815424,0.625748366794506,0.584550169696037,SWI,NFNW,7,64,,,"",
2017-11-29,2017-12-14,cool,SWI1E+64.res7.NFNW,0.574373054548652,0.70083075346474,0.417952417333889,0.514681321807482,SWI,NFNW,7,64,,,"",
2017-12-22,2018-01-20,cool,SWI1E+64.res7.NFNW,0.63991297380834,0.684894611227576,0.589976989324397,0.60437610064953,SWI,NFNW,7,64,,,"",
2018-05-25,2018-06-07,warm,SWI1E+64.res7.NFNW,0.374146819910009,0.379231942157661,0.0865983796342572,0.0330135828565085,SWI,NFNW,7,64,,,"",
2019-03-30,2019-04-12,cool,SWI1E+64.res7.NFNW,0.592916921352205,0.699466344444432,0.448111372831411,0.51404563532324,SWI,NFNW,7,64,,,"",
2019-08-23,2019-09-13,warm,SWI1E+64.res7.NFNW,0.653803228625236,0.707918339288428,0.509662128959514,0.502985390264882,SWI,NFNW,7,64,,,"",
2020-08-11,2020-08-26,warm,SWI1E+64.res7.NFNW,0.450159751488328,0.460038363961272,0.383827233846347,0.37074765877849,SWI,NFNW,7,64,,,"",
2020-09-01,2020-09-20,warm,SWI1E+64.res7.NFNW,0.328518234978578,0.367276690350768,0.224069174475454,0.227223641218196,SWI,NFNW,7,64,,,"",
2020-09-27,2020-10-17,cool,SWI1E+64.res7.NFNW,0.140541598876028,0.190084735676686,-0.109067587946172,-0.122597358900752,SWI,NFNW,7,64,,,"",
2021-03-25,2021-04-06,cool,SWI1E+64.res7.NFNW,0.40823772366526,0.463477664991242,0.341458665196668,0.363353329240656,SWI,NFNW,7,64,,,"",
2021-09-05,2021-09-20,warm,SWI1E+64.res7.NFNW,0.346909298259888,0.455165336302701,0.251024296709142,0.321489467230347,SWI,NFNW,7,64,,,"",
2017-08-27,2017-09-16,warm,SWI1E+8.res1.gauss_0.5sigma,0.565336667017318,0.567729283492498,0.356572306828243,0.317026031816352,SWI,gauss,1,8,,0.5,"",
2017-11-29,2017-12-14,cool,SWI1E+8.res1.gauss_0.5sigma,0.58328508254296,0.717105504687306,0.52013477116745,0.62400549999349,SWI,gauss,1,8,,0.5,"",
2017-12-22,2018-01-20,cool,SWI1E+8.res1.gauss_0.5sigma,0.592227569574238,0.621392211066415,0.531405052204735,0.506691600328284,SWI,gauss,1,8,,0.5,"",
2018-05-25,2018-06-07,warm,SWI1E+8.res1.gauss_0.5sigma,0.293482669805706,0.30917261645658,-0.328844733181788,-0.383345862498651,SWI,gauss,1,8,,0.5,"",
2019-03-30,2019-04-12,cool,SWI1E+8.res1.gauss_0.5sigma,0.443360706000206,0.59065960402891,0.243128875766065,0.375366175355983,SWI,gauss,1,8,,0.5,"",
2019-08-23,2019-09-13,warm,SWI1E+8.res1.gauss_0.5sigma,0.626802249976339,0.675212104925604,0.0852943694202682,0.101946761903613,SWI,gauss,1,8,,0.5,"",
2020-08-11,2020-08-26,warm,SWI1E+8.res1.gauss_0.5sigma,0.196725624300731,0.207682403508303,-0.226400021790583,-0.227287022507121,SWI,gauss,1,8,,0.5,"",
2020-09-01,2020-09-20,warm,SWI1E+8.res1.gauss_0.5sigma,0.11353581753041,0.198120129163766,-0.520026917866975,-0.216425931347204,SWI,gauss,1,8,,0.5,"",
2020-09-27,2020-10-17,cool,SWI1E+8.res1.gauss_0.5sigma,0.0626862777674196,0.129054993435003,-0.505174252896535,-0.354361487196558,SWI,gauss,1,8,,0.5,"",
2021-03-25,2021-04-06,cool,SWI1E+8.res1.gauss_0.5sigma,0.441604488556696,0.490777479443811,0.369537383209162,0.373810658170847,SWI,gauss,1,8,,0.5,"",
2021-09-05,2021-09-20,warm,SWI1E+8.res1.gauss_0.5sigma,0.138283628964319,0.346049006276884,-0.237898884612799,0.0586892142192472,SWI,gauss,1,8,,0.5,"",
2017-08-27,2017-09-16,warm,SWI1E+8.res1.gauss_1.0sigma,0.517782374940705,0.519877584900429,0.278679550535459,0.243019238295381,SWI,gauss,1,8,,1,"",
2017-11-29,2017-12-14,cool,SWI1E+8.res1.gauss_1.0sigma,0.436825903025352,0.599573596174409,0.220268743479694,0.418240791951771,SWI,gauss,1,8,,1,"",
2017-12-22,2018-01-20,cool,SWI1E+8.res1.gauss_1.0sigma,0.523068217849249,0.565911549200712,0.442776837514698,0.437826317435398,SWI,gauss,1,8,,1,"",
2018-05-25,2018-06-07,warm,SWI1E+8.res1.gauss_1.0sigma,0.383333772416091,0.394113630366847,0.130645173929862,0.0338630267768553,SWI,gauss,1,8,,1,"",
2019-03-30,2019-04-12,cool,SWI1E+8.res1.gauss_1.0sigma,0.600737525751082,0.691359898681285,0.453411811111906,0.51949692959188,SWI,gauss,1,8,,1,"",
2019-08-23,2019-09-13,warm,SWI1E+8.res1.gauss_1.0sigma,0.404861839687049,0.492986750350476,-0.171072895551674,-0.0482661693033146,SWI,gauss,1,8,,1,"",
2020-08-11,2020-08-26,warm,SWI1E+8.res1.gauss_1.0sigma,0.156845112391547,0.168007978155355,-0.439920832893062,-0.43357479174099,SWI,gauss,1,8,,1,"",
2020-09-01,2020-09-20,warm,SWI1E+8.res1.gauss_1.0sigma,0.109859286192553,0.192167751570139,-0.517787286825688,-0.244177988169789,SWI,gauss,1,8,,1,"",
2020-09-27,2020-10-17,cool,SWI1E+8.res1.gauss_1.0sigma,0.0498021476896281,0.125975429746187,-0.568084215968264,-0.354568826739404,SWI,gauss,1,8,,1,"",
2021-03-25,2021-04-06,cool,SWI1E+8.res1.gauss_1.0sigma,0.408481887691143,0.457640937958112,0.327311151606311,0.330188245244713,SWI,gauss,1,8,,1,"",
2021-09-05,2021-09-20,warm,SWI1E+8.res1.gauss_1.0sigma,0.175820143987417,0.351088166252783,-0.137364084364829,0.0860743654998994,SWI,gauss,1,8,,1,"",
2017-08-27,2017-09-16,warm,SWI1E+8.res1.gauss_1.5sigma,0.581632023988038,0.582074328477286,0.29923628015656,0.274043672577111,SWI,gauss,1,8,,1.5,"",
2017-11-29,2017-12-14,cool,SWI1E+8.res1.gauss_1.5sigma,0.437990254670185,0.610477928104423,0.274853803408104,0.4625757366324,SWI,gauss,1,8,,1.5,"",
2017-12-22,2018-01-20,cool,SWI1E+8.res1.gauss_1.5sigma,0.508087033082086,0.558323272598582,0.42823292799438,0.431876882223949,SWI,gauss,1,8,,1.5,"",
2018-05-25,2018-06-07,warm,SWI1E+8.res1.gauss_1.5sigma,0.413870162699652,0.422125832872034,0.248980471893472,0.161785600798338,SWI,gauss,1,8,,1.5,"",
2019-03-30,2019-04-12,cool,SWI1E+8.res1.gauss_1.5sigma,0.603711793961188,0.689351859897051,0.453649624559389,0.497667347887774,SWI,gauss,1,8,,1.5,"",
2019-08-23,2019-09-13,warm,SWI1E+8.res1.gauss_1.5sigma,0.440147249573317,0.534928479849916,-0.140291126620898,0.0121888681809606,SWI,gauss,1,8,,1.5,"",
2020-08-11,2020-08-26,warm,SWI1E+8.res1.gauss_1.5sigma,0.20706682417113,0.216703037311703,-0.192249614220728,-0.207090347193758,SWI,gauss,1,8,,1.5,"",
2020-09-01,2020-09-20,warm,SWI1E+8.res1.gauss_1.5sigma,0.133159064579802,0.208290277079527,-0.39906481313702,-0.184458891585126,SWI,gauss,1,8,,1.5,"",
2020-09-27,2020-10-17,cool,SWI1E+8.res1.gauss_1.5sigma,0.0355558242029555,0.12238777049873,-0.587104595041276,-0.347897329255709,SWI,gauss,1,8,,1.5,"",
2021-03-25,2021-04-06,cool,SWI1E+8.res1.gauss_1.5sigma,0.45429843695115,0.497074552911831,0.371825724249906,0.371469788310255,SWI,gauss,1,8,,1.5,"",
2021-09-05,2021-09-20,warm,SWI1E+8.res1.gauss_1.5sigma,0.246130909559746,0.379849109121128,-0.00159024888700222,0.126044508530281,SWI,gauss,1,8,,1.5,"",
2017-08-27,2017-09-16,warm,SWI1E+8.res1.gauss_2.0sigma,0.644777429739841,0.644921690453095,0.355135958012815,0.32989475914381,SWI,gauss,1,8,,2,"",
2017-11-29,2017-12-14,cool,SWI1E+8.res1.gauss_2.0sigma,0.511239255775961,0.675261281226742,0.425409226716496,0.566739864447407,SWI,gauss,1,8,,2,"",
2017-12-22,2018-01-20,cool,SWI1E+8.res1.gauss_2.0sigma,0.550085158733394,0.602597808148906,0.476496115767119,0.487500740577057,SWI,gauss,1,8,,2,"",
2018-05-25,2018-06-07,warm,SWI1E+8.res1.gauss_2.0sigma,0.467001506435281,0.474037922746924,0.340458536390056,0.277374840866151,SWI,gauss,1,8,,2,"",
2019-03-30,2019-04-12,cool,SWI1E+8.res1.gauss_2.0sigma,0.643620761232544,0.729483828767237,0.48175835946231,0.524552326828506,SWI,gauss,1,8,,2,"",
2019-08-23,2019-09-13,warm,SWI1E+8.res1.gauss_2.0sigma,0.517290971561628,0.598842912777632,0.288264910212602,0.321405354872071,SWI,gauss,1,8,,2,"",
2020-08-11,2020-08-26,warm,SWI1E+8.res1.gauss_2.0sigma,0.279151937070029,0.287777388240868,0.0780551340773075,0.0585925120891673,SWI,gauss,1,8,,2,"",
2020-09-01,2020-09-20,warm,SWI1E+8.res1.gauss_2.0sigma,0.186872022043596,0.246251870013841,-0.106209757141011,-0.0492276316196488,SWI,gauss,1,8,,2,"",
2020-09-27,2020-10-17,cool,SWI1E+8.res1.gauss_2.0sigma,0.00733835695563928,0.121198750048172,-0.598779098006708,-0.326398825673058,SWI,gauss,1,8,,2,"",
2021-03-25,2021-04-06,cool,SWI1E+8.res1.gauss_2.0sigma,0.469120556250768,0.509537012180648,0.388069528526096,0.384777936944749,SWI,gauss,1,8,,2,"",
2021-09-05,2021-09-20,warm,SWI1E+8.res1.gauss_2.0sigma,0.297338579303976,0.40681909873742,0.0952825009633968,0.172150220223348,SWI,gauss,1,8,,2,"",
2017-08-27,2017-09-16,warm,SWI1E+8.res1.gauss_2.5sigma,0.662732665712859,0.662813818498632,0.379361301192307,0.352833095026018,SWI,gauss,1,8,,2.5,"",
2017-11-29,2017-12-14,cool,SWI1E+8.res1.gauss_2.5sigma,0.529296513019066,0.690789932237954,0.445155825183504,0.582708608896953,SWI,gauss,1,8,,2.5,"",
2017-12-22,2018-01-20,cool,SWI1E+8.res1.gauss_2.5sigma,0.560791174583412,0.616789238021545,0.490706646117126,0.507889434491825,SWI,gauss,1,8,,2.5,"",
2018-05-25,2018-06-07,warm,SWI1E+8.res1.gauss_2.5sigma,0.448922451131445,0.454707195593539,0.273291632051126,0.204029083507882,SWI,gauss,1,8,,2.5,"",
2019-03-30,2019-04-12,cool,SWI1E+8.res1.gauss_2.5sigma,0.648469664760383,0.731371535434652,0.475276713946736,0.51396120132611,SWI,gauss,1,8,,2.5,"",
2019-08-23,2019-09-13,warm,SWI1E+8.res1.gauss_2.5sigma,0.570447721776495,0.648923648748991,0.370146655806776,0.405739111854175,SWI,gauss,1,8,,2.5,"",
2020-08-11,2020-08-26,warm,SWI1E+8.res1.gauss_2.5sigma,0.331661304589654,0.341168507185201,0.211338064376608,0.197717883698364,SWI,gauss,1,8,,2.5,"",
2020-09-01,2020-09-20,warm,SWI1E+8.res1.gauss_2.5sigma,0.241948672173131,0.291871108988018,0.0783541615663639,0.0888555048697067,SWI,gauss,1,8,,2.5,"",
2020-09-27,2020-10-17,cool,SWI1E+8.res1.gauss_2.5sigma,0.0643839990543935,0.140506615792126,-0.335509214899045,-0.240419385658372,SWI,gauss,1,8,,2.5,"",
2021-03-25,2021-04-06,cool,SWI1E+8.res1.gauss_2.5sigma,0.47151426213892,0.512164677267467,0.393878381587108,0.389704199955498,SWI,gauss,1,8,,2.5,"",
2021-09-05,2021-09-20,warm,SWI1E+8.res1.gauss_2.5sigma,0.317294353587941,0.416778470787749,0.151260982717022,0.206478338685043,SWI,gauss,1,8,,2.5,"",
2017-08-27,2017-09-16,warm,SWI1E+8.res1.gauss_3.5sigma,0.706033359259489,0.70604690213366,0.430763696482125,0.403057711560435,SWI,gauss,1,8,,3.5,"",
2017-11-29,2017-12-14,cool,SWI1E+8.res1.gauss_3.5sigma,0.498151918961911,0.657350882231795,0.361791750716681,0.502812375781769,SWI,gauss,1,8,,3.5,"",
2017-12-22,2018-01-20,cool,SWI1E+8.res1.gauss_3.5sigma,0.544517529408044,0.603476780403868,0.485155552695714,0.504789588161242,SWI,gauss,1,8,,3.5,"",
2018-05-25,2018-06-07,warm,SWI1E+8.res1.gauss_3.5sigma,0.411097695418044,0.415367981598873,0.158197337718462,0.0854963871197809,SWI,gauss,1,8,,3.5,"",
2019-03-30,2019-04-12,cool,SWI1E+8.res1.gauss_3.5sigma,0.601066238644631,0.686650045759136,0.41288815796432,0.448096124261791,SWI,gauss,1,8,,3.5,"",
2019-08-23,2019-09-13,warm,SWI1E+8.res1.gauss_3.5sigma,0.585005739846131,0.663023165803859,0.416673274286043,0.455515191275586,SWI,gauss,1,8,,3.5,"",
2020-08-11,2020-08-26,warm,SWI1E+8.res1.gauss_3.5sigma,0.391878261874188,0.403667629880169,0.307248878695156,0.300436732750435,SWI,gauss,1,8,,3.5,"",
2020-09-01,2020-09-20,warm,SWI1E+8.res1.gauss_3.5sigma,0.309964763015291,0.352366946206704,0.197195352025272,0.207316242568899,SWI,gauss,1,8,,3.5,"",
2020-09-27,2020-10-17,cool,SWI1E+8.res1.gauss_3.5sigma,0.144390193500385,0.194478922499009,-0.0923483892985128,-0.109261544908013,SWI,gauss,1,8,,3.5,"",
2021-03-25,2021-04-06,cool,SWI1E+8.res1.gauss_3.5sigma,0.440745135582022,0.488890981593744,0.372918627110254,0.374250165783419,SWI,gauss,1,8,,3.5,"",
2021-09-05,2021-09-20,warm,SWI1E+8.res1.gauss_3.5sigma,0.353389669106056,0.441091904940776,0.223990341536802,0.252699971227731,SWI,gauss,1,8,,3.5,"",
2017-08-27,2017-09-16,warm,SWI1E+8.res1.gauss_5.0sigma,0.744227425322526,0.74424614384901,0.500588545070285,0.468555514300216,SWI,gauss,1,8,,5,"",
2017-11-29,2017-12-14,cool,SWI1E+8.res1.gauss_5.0sigma,0.509994685535043,0.665242847920984,0.359451110197864,0.48560051670055,SWI,gauss,1,8,,5,"",
2017-12-22,2018-01-20,cool,SWI1E+8.res1.gauss_5.0sigma,0.554494804002969,0.612589084703761,0.497376682252457,0.513385809478861,SWI,gauss,1,8,,5,"",
2018-05-25,2018-06-07,warm,SWI1E+8.res1.gauss_5.0sigma,0.415566924679428,0.419555087560956,0.162319042603175,0.101244494892687,SWI,gauss,1,8,,5,"",
2019-03-30,2019-04-12,cool,SWI1E+8.res1.gauss_5.0sigma,0.581869022529212,0.672959048885284,0.403463619865658,0.4417198117256,SWI,gauss,1,8,,5,"",
2019-08-23,2019-09-13,warm,SWI1E+8.res1.gauss_5.0sigma,0.588105312841655,0.660278217078803,0.453550552704678,0.469155958722714,SWI,gauss,1,8,,5,"",
2020-08-11,2020-08-26,warm,SWI1E+8.res1.gauss_5.0sigma,0.437675797827889,0.447805139611805,0.356070376388648,0.347978306648574,SWI,gauss,1,8,,5,"",
2020-09-01,2020-09-20,warm,SWI1E+8.res1.gauss_5.0sigma,0.330319018908696,0.371076884575682,0.218878353370972,0.229961350279059,SWI,gauss,1,8,,5,"",
2020-09-27,2020-10-17,cool,SWI1E+8.res1.gauss_5.0sigma,0.149809907605806,0.198809996351955,-0.0808377082997599,-0.103406770716619,SWI,gauss,1,8,,5,"",
2021-03-25,2021-04-06,cool,SWI1E+8.res1.gauss_5.0sigma,0.339884290721106,0.394514193743385,0.237254667189029,0.219234433219633,SWI,gauss,1,8,,5,"",
2021-09-05,2021-09-20,warm,SWI1E+8.res1.gauss_5.0sigma,0.365293293125704,0.457543819791558,0.238265846269036,0.274518328399856,SWI,gauss,1,8,,5,"",
2017-08-27,2017-09-16,warm,SWI1E+8.res1.NFNW,0.54165722111649,0.543098876199355,0.313921648498881,0.273282098320651,SWI,NFNW,1,8,,,"",
2017-11-29,2017-12-14,cool,SWI1E+8.res1.NFNW,0.491274857515134,0.645182679718001,0.361230518337115,0.49403699554095,SWI,NFNW,1,8,,,"",
2017-12-22,2018-01-20,cool,SWI1E+8.res1.NFNW,0.560825086612517,0.593784930927829,0.494349229498119,0.466902808391942,SWI,NFNW,1,8,,,"",
2018-05-25,2018-06-07,warm,SWI1E+8.res1.NFNW,0.340807763944608,0.353099474816464,-0.0373259021732281,-0.123872808823387,SWI,NFNW,1,8,,,"",
2019-03-30,2019-04-12,cool,SWI1E+8.res1.NFNW,0.518599144591765,0.639110559286761,0.32913693974386,0.42708117720115,SWI,NFNW,1,8,,,"",
2019-08-23,2019-09-13,warm,SWI1E+8.res1.NFNW,0.500100209639681,0.567401388687129,-0.0526503904154957,0.0109298059710514,SWI,NFNW,1,8,,,"",
2020-08-11,2020-08-26,warm,SWI1E+8.res1.NFNW,0.144484875299596,0.154774957739692,-0.507365000613679,-0.457815939190195,SWI,NFNW,1,8,,,"",
2020-09-01,2020-09-20,warm,SWI1E+8.res1.NFNW,0.0804154537467026,0.178036242929689,-0.716694763357116,-0.26908972015742,SWI,NFNW,1,8,,,"",
2020-09-27,2020-10-17,cool,SWI1E+8.res1.NFNW,0.0667814949736104,0.130241785764207,-0.462135560407155,-0.333108649665482,SWI,NFNW,1,8,,,"",
2021-03-25,2021-04-06,cool,SWI1E+8.res1.NFNW,0.410284479191114,0.461726560979589,0.337952988395214,0.339831434862954,SWI,NFNW,1,8,,,"",
2021-09-05,2021-09-20,warm,SWI1E+8.res1.NFNW,0.166264560625837,0.350302157962017,-0.206388838494791,0.0589418884774052,SWI,NFNW,1,8,,,"",
2017-08-27,2017-09-16,warm,SWI1E+8.res1.SSC1,0.521419625412193,0.528927326203553,0.331003510195916,0.284459291906376,SWI,SSC,1,8,1,,"",
2017-11-29,2017-12-14,cool,SWI1E+8.res1.SSC1,0.545913064584025,0.666124944191323,0.442065182990886,0.54176514076804,SWI,SSC,1,8,1,,"",
2017-12-22,2018-01-20,cool,SWI1E+8.res1.SSC1,0.604970039860168,0.62878137479338,0.540693714662758,0.520857183544085,SWI,SSC,1,8,1,,"",
2018-05-25,2018-06-07,warm,SWI1E+8.res1.SSC1,0.338311742929847,0.35673365798275,-0.0824961503700314,-0.134251432543973,SWI,SSC,1,8,1,,"",
2019-03-30,2019-04-12,cool,SWI1E+8.res1.SSC1,0.543756564914917,0.686003246479142,0.360969854673766,0.519603603059737,SWI,SSC,1,8,1,,"",
2019-08-23,2019-09-13,warm,SWI1E+8.res1.SSC1,0.509900816886259,0.556764813168898,0.0834083323835544,0.0970508469051135,SWI,SSC,1,8,1,,"",
2020-08-11,2020-08-26,warm,SWI1E+8.res1.SSC1,0.115422941115679,0.125668608351703,-0.653011353567656,-0.622494210111632,SWI,SSC,1,8,1,,"",
2020-09-01,2020-09-20,warm,SWI1E+8.res1.SSC1,0.0779178300929887,0.168633061130886,-0.709554877854042,-0.383776217723579,SWI,SSC,1,8,1,,"",
2020-09-27,2020-10-17,cool,SWI1E+8.res1.SSC1,0.0866757516553238,0.145108961596211,-0.510642887521471,-0.369741337756061,SWI,SSC,1,8,1,,"",
2021-03-25,2021-04-06,cool,SWI1E+8.res1.SSC1,0.401801932647463,0.460497741918346,0.328672934534629,0.342494873230004,SWI,SSC,1,8,1,,"",
2021-09-05,2021-09-20,warm,SWI1E+8.res1.SSC1,0.124012388106574,0.34102239773375,-0.300764669696199,0.0768667975533201,SWI,SSC,1,8,1,,"",
2017-08-27,2017-09-16,warm,SWI1E+8.res1.SSC10,0.753089382022194,0.753097222669307,0.517730903108221,0.485856694857575,SWI,SSC,1,8,10,,"",
2017-11-29,2017-12-14,cool,SWI1E+8.res1.SSC10,0.468157861316168,0.631540165777889,0.273936173719746,0.411855718407245,SWI,SSC,1,8,10,,"",
2017-12-22,2018-01-20,cool,SWI1E+8.res1.SSC10,0.533553473679839,0.595762407993585,0.470002217574417,0.486806789328847,SWI,SSC,1,8,10,,"",
2018-05-25,2018-06-07,warm,SWI1E+8.res1.SSC10,0.385717219804442,0.388985752250828,0.110958767478869,0.046908864420347,SWI,SSC,1,8,10,,"",
2019-03-30,2019-04-12,cool,SWI1E+8.res1.SSC10,0.556335274561587,0.645960161364617,0.376577754085371,0.40883490866736,SWI,SSC,1,8,10,,"",
2019-08-23,2019-09-13,warm,SWI1E+8.res1.SSC10,0.573303588016163,0.652336957906691,0.411115810300163,0.432863643979016,SWI,SSC,1,8,10,,"",
2020-08-11,2020-08-26,warm,SWI1E+8.res1.SSC10,0.438216697151404,0.449599230485549,0.34689306018874,0.338270233108562,SWI,SSC,1,8,10,,"",
2020-09-01,2020-09-20,warm,SWI1E+8.res1.SSC10,0.333201901499499,0.37742931695606,0.214439634095986,0.231803483885226,SWI,SSC,1,8,10,,"",
2020-09-27,2020-10-17,cool,SWI1E+8.res1.SSC10,0.159331485948417,0.209013648953691,-0.0566101685329347,-0.0814796611923501,SWI,SSC,1,8,10,,"",
2021-03-25,2021-04-06,cool,SWI1E+8.res1.SSC10,0.333976260526822,0.390972840270632,0.229232605505924,0.211534401473152,SWI,SSC,1,8,10,,"",
2021-09-05,2021-09-20,warm,SWI1E+8.res1.SSC10,0.370801118276458,0.463729149336572,0.257800435686746,0.29460224397394,SWI,SSC,1,8,10,,"",
2017-08-27,2017-09-16,warm,SWI1E+8.res1.SSC2,0.508671980002848,0.510281831786835,0.256810811104902,0.220649142532946,SWI,SSC,1,8,2,,"",
2017-11-29,2017-12-14,cool,SWI1E+8.res1.SSC2,0.373621616176292,0.549798773311232,-0.0521713904184398,0.266697017905834,SWI,SSC,1,8,2,,"",
2017-12-22,2018-01-20,cool,SWI1E+8.res1.SSC2,0.483312106488899,0.530656682002949,0.394933826219623,0.388846700218787,SWI,SSC,1,8,2,,"",
2018-05-25,2018-06-07,warm,SWI1E+8.res1.SSC2,0.396800790191857,0.405390095090443,0.195599450661782,0.0971062950992089,SWI,SSC,1,8,2,,"",
2019-03-30,2019-04-12,cool,SWI1E+8.res1.SSC2,0.601416754372689,0.682718765207062,0.454725742101558,0.506236486953796,SWI,SSC,1,8,2,,"",
2019-08-23,2019-09-13,warm,SWI1E+8.res1.SSC2,0.322533633433055,0.430411918338571,-0.28710519742287,-0.106428049628781,SWI,SSC,1,8,2,,"",
2020-08-11,2020-08-26,warm,SWI1E+8.res1.SSC2,0.137128363352477,0.147872561574746,-0.548108796142224,-0.51968917100526,SWI,SSC,1,8,2,,"",
2020-09-01,2020-09-20,warm,SWI1E+8.res1.SSC2,0.0924552897396892,0.181862716115579,-0.620217843833815,-0.282082370702688,SWI,SSC,1,8,2,,"",
2020-09-27,2020-10-17,cool,SWI1E+8.res1.SSC2,0.0616242174322084,0.129784373996944,-0.507776811832561,-0.342383156878757,SWI,SSC,1,8,2,,"",
2021-03-25,2021-04-06,cool,SWI1E+8.res1.SSC2,0.394103751370397,0.444730131157257,0.313433704998972,0.316585010206,SWI,SSC,1,8,2,,"",
2021-09-05,2021-09-20,warm,SWI1E+8.res1.SSC2,0.187815973034928,0.354830303319546,-0.103212940289993,0.0946079060820446,SWI,SSC,1,8,2,,"",
2017-08-27,2017-09-16,warm,SWI1E+8.res1.SSC3,0.583272901267676,0.583633328522026,0.306453858928114,0.277359242500179,SWI,SSC,1,8,3,,"",
2017-11-29,2017-12-14,cool,SWI1E+8.res1.SSC3,0.43693206935372,0.61276846819195,0.273544748506885,0.454431465519347,SWI,SSC,1,8,3,,"",
2017-12-22,2018-01-20,cool,SWI1E+8.res1.SSC3,0.506155768693269,0.558974906087633,0.428252602939224,0.432309497654614,SWI,SSC,1,8,3,,"",
2018-05-25,2018-06-07,warm,SWI1E+8.res1.SSC3,0.405263640553246,0.413810231125942,0.207762519817156,0.120597221822011,SWI,SSC,1,8,3,,"",
2019-03-30,2019-04-12,cool,SWI1E+8.res1.SSC3,0.597915530256843,0.68690119689613,0.44799332826555,0.491672922429955,SWI,SSC,1,8,3,,"",
2019-08-23,2019-09-13,warm,SWI1E+8.res1.SSC3,0.466124166781485,0.554442654662762,-0.083351164940339,0.0387409774336169,SWI,SSC,1,8,3,,"",
2020-08-11,2020-08-26,warm,SWI1E+8.res1.SSC3,0.197147608185654,0.205694174161949,-0.263408086699825,-0.284074724207142,SWI,SSC,1,8,3,,"",
2020-09-01,2020-09-20,warm,SWI1E+8.res1.SSC3,0.120701771294971,0.198890271236538,-0.510507701053967,-0.241510166387385,SWI,SSC,1,8,3,,"",
2020-09-27,2020-10-17,cool,SWI1E+8.res1.SSC3,0.0493584437016125,0.126014992361355,-0.539294650030726,-0.350881309877181,SWI,SSC,1,8,3,,"",
2021-03-25,2021-04-06,cool,SWI1E+8.res1.SSC3,0.454289690924124,0.497572908325095,0.373102052915905,0.370419683830645,SWI,SSC,1,8,3,,"",
2021-09-05,2021-09-20,warm,SWI1E+8.res1.SSC3,0.248972748504799,0.381338248127836,0.00557174172428988,0.129111855040523,SWI,SSC,1,8,3,,"",
2017-08-27,2017-09-16,warm,SWI1E+8.res1.SSC4,0.662917439167109,0.662917767475959,0.377554818329951,0.351563441420112,SWI,SSC,1,8,4,,"",
2017-11-29,2017-12-14,cool,SWI1E+8.res1.SSC4,0.497826939563976,0.672225030643853,0.395694107363047,0.55318745267526,SWI,SSC,1,8,4,,"",
2017-12-22,2018-01-20,cool,SWI1E+8.res1.SSC4,0.550282327559244,0.609069694689882,0.482424417211273,0.49951793674381,SWI,SSC,1,8,4,,"",
2018-05-25,2018-06-07,warm,SWI1E+8.res1.SSC4,0.443519702269631,0.449293976523958,0.267872867127168,0.198961533518299,SWI,SSC,1,8,4,,"",
2019-03-30,2019-04-12,cool,SWI1E+8.res1.SSC4,0.643680117772242,0.724555855607987,0.472382975904906,0.50798165493902,SWI,SSC,1,8,4,,"",
2019-08-23,2019-09-13,warm,SWI1E+8.res1.SSC4,0.535600905292946,0.620605280081525,0.271777304205665,0.320119247158257,SWI,SSC,1,8,4,,"",
2020-08-11,2020-08-26,warm,SWI1E+8.res1.SSC4,0.281605199423951,0.29136923506117,0.0854740114069952,0.0683718467352029,SWI,SSC,1,8,4,,"",
2020-09-01,2020-09-20,warm,SWI1E+8.res1.SSC4,0.192054428465716,0.25329671449694,-0.0890581180586653,-0.0324615810333755,SWI,SSC,1,8,4,,"",
2020-09-27,2020-10-17,cool,SWI1E+8.res1.SSC4,0.0164691264716678,0.123338155453355,-0.588355873343709,-0.317454409042686,SWI,SSC,1,8,4,,"",
2021-03-25,2021-04-06,cool,SWI1E+8.res1.SSC4,0.484128427283764,0.522209314562049,0.412009192277885,0.4063566295275,SWI,SSC,1,8,4,,"",
2021-09-05,2021-09-20,warm,SWI1E+8.res1.SSC4,0.306300217487108,0.410837914111743,0.120859717648184,0.182896584924504,SWI,SSC,1,8,4,,"",
2017-08-27,2017-09-16,warm,SWI1E+8.res1.SSC5,0.680884334074367,0.680921728382172,0.405285025729651,0.376727860149651,SWI,SSC,1,8,5,,"",
2017-11-29,2017-12-14,cool,SWI1E+8.res1.SSC5,0.524356244250339,0.6853352980033,0.424484251064585,0.56691578063414,SWI,SSC,1,8,5,,"",
2017-12-22,2018-01-20,cool,SWI1E+8.res1.SSC5,0.563438252818108,0.622768525892564,0.501013738056089,0.521539083855289,SWI,SSC,1,8,5,,"",
2018-05-25,2018-06-07,warm,SWI1E+8.res1.SSC5,0.421701374107577,0.426610631429128,0.18750780859567,0.10901992372245,SWI,SSC,1,8,5,,"",
2019-03-30,2019-04-12,cool,SWI1E+8.res1.SSC5,0.618629550217763,0.705554653301075,0.43295259807813,0.473550442446497,SWI,SSC,1,8,5,,"",
2019-08-23,2019-09-13,warm,SWI1E+8.res1.SSC5,0.588399322993832,0.667267014594265,0.404476488950413,0.458276553853456,SWI,SSC,1,8,5,,"",
2020-08-11,2020-08-26,warm,SWI1E+8.res1.SSC5,0.361953262230893,0.372519614613198,0.265513285500175,0.257328263999839,SWI,SSC,1,8,5,,"",
2020-09-01,2020-09-20,warm,SWI1E+8.res1.SSC5,0.279044180991696,0.324818660398426,0.151919819848186,0.160128771395998,SWI,SSC,1,8,5,,"",
2020-09-27,2020-10-17,cool,SWI1E+8.res1.SSC5,0.109725060294715,0.168766393828447,-0.187589849407409,-0.170824585752189,SWI,SSC,1,8,5,,"",
2021-03-25,2021-04-06,cool,SWI1E+8.res1.SSC5,0.480331176672218,0.519947456282605,0.409615823807318,0.404198211487155,SWI,SSC,1,8,5,,"",
2021-09-05,2021-09-20,warm,SWI1E+8.res1.SSC5,0.348043683906896,0.434375849843888,0.212914986735547,0.238326586255118,SWI,SSC,1,8,5,,"",
2017-08-27,2017-09-16,warm,SWI1E+8.res1.SSC7,0.723875045753228,0.723887880342414,0.468093179997582,0.437999673560118,SWI,SSC,1,8,7,,"",
2017-11-29,2017-12-14,cool,SWI1E+8.res1.SSC7,0.511375501685109,0.665547910205586,0.371788348927476,0.50500928779407,SWI,SSC,1,8,7,,"",
2017-12-22,2018-01-20,cool,SWI1E+8.res1.SSC7,0.563251322777139,0.622397963917813,0.507908132576935,0.528515575404068,SWI,SSC,1,8,7,,"",
2018-05-25,2018-06-07,warm,SWI1E+8.res1.SSC7,0.382260794775164,0.386343300095545,0.0809659801714468,0.00569206395614969,SWI,SSC,1,8,7,,"",
2019-03-30,2019-04-12,cool,SWI1E+8.res1.SSC7,0.581960316783027,0.672258338954112,0.392654090441817,0.430701911808188,SWI,SSC,1,8,7,,"",
2019-08-23,2019-09-13,warm,SWI1E+8.res1.SSC7,0.62291318590739,0.698000377994436,0.494069849045821,0.53825165027048,SWI,SSC,1,8,7,,"",
2020-08-11,2020-08-26,warm,SWI1E+8.res1.SSC7,0.422535849553251,0.435937451058764,0.338900369700122,0.336001094716661,SWI,SSC,1,8,7,,"",
2020-09-01,2020-09-20,warm,SWI1E+8.res1.SSC7,0.338916435153026,0.379692796006704,0.227458831470829,0.243581129275819,SWI,SSC,1,8,7,,"",
2020-09-27,2020-10-17,cool,SWI1E+8.res1.SSC7,0.177977140832287,0.222449496146465,-0.0288002405811661,-0.0531190272289129,SWI,SSC,1,8,7,,"",
2021-03-25,2021-04-06,cool,SWI1E+8.res1.SSC7,0.439304137643221,0.48796807630039,0.374186747648764,0.376925040295792,SWI,SSC,1,8,7,,"",
2021-09-05,2021-09-20,warm,SWI1E+8.res1.SSC7,0.367880122100641,0.451542994565586,0.251393870862747,0.271402206312807,SWI,SSC,1,8,7,,"",
2017-08-27,2017-09-16,warm,SWI1E+8.res10.NFNW,0.503209551667722,0.520777992434684,0.29108950604814,0.229347951914349,SWI,NFNW,10,8,,,"",
2017-11-29,2017-12-14,cool,SWI1E+8.res10.NFNW,0.480005822673972,0.582027473146338,0.352789789930295,0.378970550523245,SWI,NFNW,10,8,,,"",
2017-12-22,2018-01-20,cool,SWI1E+8.res10.NFNW,0.22029652838155,0.261570459696689,-0.135574900597479,-0.184355454192494,SWI,NFNW,10,8,,,"",
2018-05-25,2018-06-07,warm,SWI1E+8.res10.NFNW,0.356496464019276,0.369195384596038,0.199754513339815,0.113462724419823,SWI,NFNW,10,8,,,"",
2019-03-30,2019-04-12,cool,SWI1E+8.res10.NFNW,0.520000979797744,0.637342459371247,0.24085387960937,0.315389054316614,SWI,NFNW,10,8,,,"",
2019-08-23,2019-09-13,warm,SWI1E+8.res10.NFNW,0.248905821022684,0.346824265401743,-0.209613345432447,-0.0960553567413398,SWI,NFNW,10,8,,,"",
2020-08-11,2020-08-26,warm,SWI1E+8.res10.NFNW,0.436913833410364,0.437075639028723,0.293224437781435,0.279393985643994,SWI,NFNW,10,8,,,"",
2020-09-01,2020-09-20,warm,SWI1E+8.res10.NFNW,0.366119785005956,0.378138345057827,0.164470604323083,0.134649553191065,SWI,NFNW,10,8,,,"",
2020-09-27,2020-10-17,cool,SWI1E+8.res10.NFNW,0.193505196548492,0.214856292010781,-0.197658481788984,-0.222893509949813,SWI,NFNW,10,8,,,"",
2021-03-25,2021-04-06,cool,SWI1E+8.res10.NFNW,0.34406915461932,0.420576864807956,0.187648837852378,0.235515264482815,SWI,NFNW,10,8,,,"",
2021-09-05,2021-09-20,warm,SWI1E+8.res10.NFNW,0.361513224686591,0.442835841923274,0.226358927611522,0.268423515258504,SWI,NFNW,10,8,,,"",
2017-08-27,2017-09-16,warm,SWI1E+8.res2.NFNW,0.676685952148594,0.681172490416125,0.473998817336063,0.426652411259257,SWI,NFNW,2,8,,,"",
2017-11-29,2017-12-14,cool,SWI1E+8.res2.NFNW,0.563684777891052,0.681026338621331,0.466990627801222,0.539931936523286,SWI,NFNW,2,8,,,"",
2017-12-22,2018-01-20,cool,SWI1E+8.res2.NFNW,0.639257514978734,0.666256870267077,0.587007078707805,0.575758899316069,SWI,NFNW,2,8,,,"",
2018-05-25,2018-06-07,warm,SWI1E+8.res2.NFNW,0.411622059971396,0.427768577408072,0.198569889173658,0.166081875247735,SWI,NFNW,2,8,,,"",
2019-03-30,2019-04-12,cool,SWI1E+8.res2.NFNW,0.568205128158318,0.708514953188143,0.422466146222374,0.541696093197981,SWI,NFNW,2,8,,,"",
2019-08-23,2019-09-13,warm,SWI1E+8.res2.NFNW,0.565367137462418,0.606683161193748,0.32612693291579,0.294233431311867,SWI,NFNW,2,8,,,"",
2020-08-11,2020-08-26,warm,SWI1E+8.res2.NFNW,0.245821179836586,0.252714554466588,-0.0710433312977633,-0.101137000112737,SWI,NFNW,2,8,,,"",
2020-09-01,2020-09-20,warm,SWI1E+8.res2.NFNW,0.165155403909821,0.221322152794541,-0.26574956588375,-0.176802375547847,SWI,NFNW,2,8,,,"",
2020-09-27,2020-10-17,cool,SWI1E+8.res2.NFNW,0.0202063123222984,0.121618444348572,-0.682286167516692,-0.359456184294347,SWI,NFNW,2,8,,,"",
2021-03-25,2021-04-06,cool,SWI1E+8.res2.NFNW,0.450050034633777,0.512164246287266,0.394056983021909,0.413664029278365,SWI,NFNW,2,8,,,"",
2021-09-05,2021-09-20,warm,SWI1E+8.res2.NFNW,0.245111343575942,0.393006894639427,0.0243111349601533,0.177432705272806,SWI,NFNW,2,8,,,"",
2017-08-27,2017-09-16,warm,SWI1E+8.res3.NFNW,0.761301774804044,0.764893914694757,0.610308650282675,0.565252047389008,SWI,NFNW,3,8,,,"",
2017-11-29,2017-12-14,cool,SWI1E+8.res3.NFNW,0.600640561595456,0.715131682961308,0.470586107282331,0.549915976915963,SWI,NFNW,3,8,,,"",
2017-12-22,2018-01-20,cool,SWI1E+8.res3.NFNW,0.658122774092431,0.696383140973915,0.608362281504641,0.618091390897806,SWI,NFNW,3,8,,,"",
2018-05-25,2018-06-07,warm,SWI1E+8.res3.NFNW,0.425004630241244,0.432495903010753,0.183031097457384,0.143440871117315,SWI,NFNW,3,8,,,"",
2019-03-30,2019-04-12,cool,SWI1E+8.res3.NFNW,0.619495300233226,0.728014219991511,0.488527913800151,0.557348133598506,SWI,NFNW,3,8,,,"",
2019-08-23,2019-09-13,warm,SWI1E+8.res3.NFNW,0.62165424386341,0.671934279127204,0.450540247952711,0.445704383270925,SWI,NFNW,3,8,,,"",
2020-08-11,2020-08-26,warm,SWI1E+8.res3.NFNW,0.356970103054797,0.364189030169902,0.252002504345844,0.237821922384354,SWI,NFNW,3,8,,,"",
2020-09-01,2020-09-20,warm,SWI1E+8.res3.NFNW,0.258007236402541,0.298391449303529,0.105187423763774,0.0985844343946348,SWI,NFNW,3,8,,,"",
2020-09-27,2020-10-17,cool,SWI1E+8.res3.NFNW,0.070428688677393,0.14015378628638,-0.467207672237823,-0.270916383010444,SWI,NFNW,3,8,,,"",
2021-03-25,2021-04-06,cool,SWI1E+8.res3.NFNW,0.478892302119313,0.537207307338488,0.422390169421923,0.448587380010711,SWI,NFNW,3,8,,,"",
2021-09-05,2021-09-20,warm,SWI1E+8.res3.NFNW,0.33430178219215,0.447013998494298,0.229164880599513,0.300777182283038,SWI,NFNW,3,8,,,"",
2017-08-27,2017-09-16,warm,SWI1E+8.res4.NFNW,0.721879039934842,0.728076405009218,0.562184232156772,0.512091472592391,SWI,NFNW,4,8,,,"",
2017-11-29,2017-12-14,cool,SWI1E+8.res4.NFNW,0.610002823414013,0.713193748804184,0.516596353747936,0.576500334965555,SWI,NFNW,4,8,,,"",
2017-12-22,2018-01-20,cool,SWI1E+8.res4.NFNW,0.593915047859036,0.632341100439062,0.533658413983186,0.533774397795753,SWI,NFNW,4,8,,,"",
2018-05-25,2018-06-07,warm,SWI1E+8.res4.NFNW,0.446426947820659,0.453152112706489,0.266014261405075,0.212391043576734,SWI,NFNW,4,8,,,"",
2019-03-30,2019-04-12,cool,SWI1E+8.res4.NFNW,0.591251612332277,0.696570319670573,0.456069390100769,0.521593772486074,SWI,NFNW,4,8,,,"",
2019-08-23,2019-09-13,warm,SWI1E+8.res4.NFNW,0.564202714730451,0.62251826959635,0.345832884579948,0.37112922049575,SWI,NFNW,4,8,,,"",
2020-08-11,2020-08-26,warm,SWI1E+8.res4.NFNW,0.326634024190153,0.331060657196898,0.189429382322033,0.167456543040051,SWI,NFNW,4,8,,,"",
2020-09-01,2020-09-20,warm,SWI1E+8.res4.NFNW,0.219159834551363,0.261293234537203,0.0110866970795407,0.00329607615962916,SWI,NFNW,4,8,,,"",
2020-09-27,2020-10-17,cool,SWI1E+8.res4.NFNW,0.0227217065898895,0.121860144449218,-0.735733909289529,-0.315188786490552,SWI,NFNW,4,8,,,"",
2021-03-25,2021-04-06,cool,SWI1E+8.res4.NFNW,0.487458693136673,0.542942372100729,0.433466768918221,0.450420801723256,SWI,NFNW,4,8,,,"",
2021-09-05,2021-09-20,warm,SWI1E+8.res4.NFNW,0.379879711558534,0.472915802036188,0.285233681353586,0.332040481712781,SWI,NFNW,4,8,,,"",
2017-08-27,2017-09-16,warm,SWI1E+8.res5.NFNW,0.751249989717816,0.757064245602926,0.608850230487733,0.565793377944315,SWI,NFNW,5,8,,,"",
2017-11-29,2017-12-14,cool,SWI1E+8.res5.NFNW,0.595253404853248,0.696444089147829,0.475237829942381,0.533374843218283,SWI,NFNW,5,8,,,"",
2017-12-22,2018-01-20,cool,SWI1E+8.res5.NFNW,0.551015405182016,0.585956723845431,0.460076179654673,0.446795328369157,SWI,NFNW,5,8,,,"",
2018-05-25,2018-06-07,warm,SWI1E+8.res5.NFNW,0.419823565768337,0.426235113217045,0.233555796372877,0.179925601429621,SWI,NFNW,5,8,,,"",
2019-03-30,2019-04-12,cool,SWI1E+8.res5.NFNW,0.602741713487592,0.694801922607866,0.476635889567948,0.521970219193433,SWI,NFNW,5,8,,,"",
2019-08-23,2019-09-13,warm,SWI1E+8.res5.NFNW,0.596944601740898,0.66264649159314,0.414439510783841,0.439104014162148,SWI,NFNW,5,8,,,"",
2020-08-11,2020-08-26,warm,SWI1E+8.res5.NFNW,0.373038564069933,0.381899414609476,0.286236087550477,0.273063455926461,SWI,NFNW,5,8,,,"",
2020-09-01,2020-09-20,warm,SWI1E+8.res5.NFNW,0.266592638895668,0.307327441845749,0.13569143530537,0.130303592671018,SWI,NFNW,5,8,,,"",
2020-09-27,2020-10-17,cool,SWI1E+8.res5.NFNW,0.0815305549586291,0.146931434905556,-0.371793815991273,-0.241712819109931,SWI,NFNW,5,8,,,"",
2021-03-25,2021-04-06,cool,SWI1E+8.res5.NFNW,0.49848261831696,0.554718612299253,0.442571964161179,0.464524365816943,SWI,NFNW,5,8,,,"",
2021-09-05,2021-09-20,warm,SWI1E+8.res5.NFNW,0.372070804083413,0.466694816045982,0.286500773629677,0.339443592733704,SWI,NFNW,5,8,,,"",
2017-08-27,2017-09-16,warm,SWI1E+8.res7.NFNW,0.674292599957335,0.684992724627254,0.504732772336323,0.460932698844436,SWI,NFNW,7,8,,,"",
2017-11-29,2017-12-14,cool,SWI1E+8.res7.NFNW,0.568179575562712,0.662591826894642,0.456068656386037,0.492356544972285,SWI,NFNW,7,8,,,"",
2017-12-22,2018-01-20,cool,SWI1E+8.res7.NFNW,0.423871436726502,0.453883662868326,0.238037140410652,0.192237849383122,SWI,NFNW,7,8,,,"",
2018-05-25,2018-06-07,warm,SWI1E+8.res7.NFNW,0.375242330672831,0.38550515451168,0.193741140758778,0.12679986396418,SWI,NFNW,7,8,,,"",
2019-03-30,2019-04-12,cool,SWI1E+8.res7.NFNW,0.57307462351196,0.67427720092048,0.412492317949499,0.465563320186167,SWI,NFNW,7,8,,,"",
2019-08-23,2019-09-13,warm,SWI1E+8.res7.NFNW,0.49872907557531,0.56144921538281,0.156904175429152,0.200725965780702,SWI,NFNW,7,8,,,"",
2020-08-11,2020-08-26,warm,SWI1E+8.res7.NFNW,0.480600878446284,0.484505624495906,0.420025495360721,0.399440741098135,SWI,NFNW,7,8,,,"",
2020-09-01,2020-09-20,warm,SWI1E+8.res7.NFNW,0.377304713440676,0.401461429835782,0.26773590009649,0.256797949874054,SWI,NFNW,7,8,,,"",
2020-09-27,2020-10-17,cool,SWI1E+8.res7.NFNW,0.191583207119616,0.223773232147943,-0.0676044625077164,-0.0993140130798368,SWI,NFNW,7,8,,,"",
2021-03-25,2021-04-06,cool,SWI1E+8.res7.NFNW,0.406472563470303,0.468138100852564,0.314105597446194,0.335886975629988,SWI,NFNW,7,8,,,"",
2021-09-05,2021-09-20,warm,SWI1E+8.res7.NFNW,0.372824352027588,0.457382442819571,0.288540473568328,0.325941297417912,SWI,NFNW,7,8,,,"",
2017-08-27,2017-09-16,warm,TWI.Braun.res1.gauss_0.5sigma,0.171394137506288,0.22238950782616,-0.412291924656446,-0.375140621791157,TWI,gauss,1,,,0.5,Braun,
2017-11-29,2017-12-14,cool,TWI.Braun.res1.gauss_0.5sigma,0.138563459950967,0.322982543761693,-0.305385167944265,-0.0989080020121157,TWI,gauss,1,,,0.5,Braun,
2017-12-22,2018-01-20,cool,TWI.Braun.res1.gauss_0.5sigma,0.0623921429134023,0.131192250245524,-0.53222239295532,-0.55055331922226,TWI,gauss,1,,,0.5,Braun,
2018-05-25,2018-06-07,warm,TWI.Braun.res1.gauss_0.5sigma,0.0905527761047489,0.117747114430886,-0.358163273717484,-0.420942131634281,TWI,gauss,1,,,0.5,Braun,
2019-03-30,2019-04-12,cool,TWI.Braun.res1.gauss_0.5sigma,0.194854800258156,0.430778861688111,-0.651916692201045,-0.058540336626581,TWI,gauss,1,,,0.5,Braun,
2019-08-23,2019-09-13,warm,TWI.Braun.res1.gauss_0.5sigma,0.203381698340203,0.319921511275726,-0.173424602110897,-0.0321396361507491,TWI,gauss,1,,,0.5,Braun,
2020-08-11,2020-08-26,warm,TWI.Braun.res1.gauss_0.5sigma,0.203322277140285,0.206067154704858,-0.0210249350416816,-0.0612125878623742,TWI,gauss,1,,,0.5,Braun,
2020-09-01,2020-09-20,warm,TWI.Braun.res1.gauss_0.5sigma,0.0689917603393016,0.155329899580868,-0.350094677602132,-0.202105963260182,TWI,gauss,1,,,0.5,Braun,
2020-09-27,2020-10-17,cool,TWI.Braun.res1.gauss_0.5sigma,0.00232147759916258,0.120600816515503,-0.568357752678195,-0.292090561738916,TWI,gauss,1,,,0.5,Braun,
2021-03-25,2021-04-06,cool,TWI.Braun.res1.gauss_0.5sigma,0.182601724867431,0.286895248517379,-0.0844175082352962,0.0598257697475451,TWI,gauss,1,,,0.5,Braun,
2021-09-05,2021-09-20,warm,TWI.Braun.res1.gauss_0.5sigma,0.159366902468143,0.381848530308027,-0.0596186100139977,0.192975039436593,TWI,gauss,1,,,0.5,Braun,
2017-08-27,2017-09-16,warm,TWI.Braun.res1.gauss_1.0sigma,0.481083295187204,0.485656195198403,0.128099870188911,0.0975983796110133,TWI,gauss,1,,,1,Braun,
2017-11-29,2017-12-14,cool,TWI.Braun.res1.gauss_1.0sigma,0.13440781283893,0.355843118748894,-0.492629005993517,-0.0824936961673464,TWI,gauss,1,,,1,Braun,
2017-12-22,2018-01-20,cool,TWI.Braun.res1.gauss_1.0sigma,0.398969211256074,0.435282118045121,0.243554609072432,0.232140255781713,TWI,gauss,1,,,1,Braun,
2018-05-25,2018-06-07,warm,TWI.Braun.res1.gauss_1.0sigma,0.473912490266682,0.474045510493133,0.295903000227912,0.237053828932051,TWI,gauss,1,,,1,Braun,
2019-03-30,2019-04-12,cool,TWI.Braun.res1.gauss_1.0sigma,0.5468274819451,0.611412728364361,0.353623580739666,0.405486027861797,TWI,gauss,1,,,1,Braun,
2019-08-23,2019-09-13,warm,TWI.Braun.res1.gauss_1.0sigma,0.0760761778565489,0.248194780404521,-0.389686549082095,-0.143926084852215,TWI,gauss,1,,,1,Braun,
2020-08-11,2020-08-26,warm,TWI.Braun.res1.gauss_1.0sigma,0.112257138246464,0.137401353491906,-0.507681557069403,-0.425729887782477,TWI,gauss,1,,,1,Braun,
2020-09-01,2020-09-20,warm,TWI.Braun.res1.gauss_1.0sigma,0.101512396858816,0.207684578765075,-0.445782096094694,-0.154884105820855,TWI,gauss,1,,,1,Braun,
2020-09-27,2020-10-17,cool,TWI.Braun.res1.gauss_1.0sigma,0.0193363890117015,0.131982963249233,-0.645234886116293,-0.324177674716566,TWI,gauss,1,,,1,Braun,
2021-03-25,2021-04-06,cool,TWI.Braun.res1.gauss_1.0sigma,0.387182433474795,0.435047745770818,0.317287685283216,0.327860826957878,TWI,gauss,1,,,1,Braun,
2021-09-05,2021-09-20,warm,TWI.Braun.res1.gauss_1.0sigma,0.0203001218094532,0.332475168423209,-0.560366178447047,0.120423988781231,TWI,gauss,1,,,1,Braun,
2017-08-27,2017-09-16,warm,TWI.Braun.res1.gauss_1.5sigma,0.42299402816345,0.426762508309869,0.177303325031058,0.145381088039833,TWI,gauss,1,,,1.5,Braun,
2017-11-29,2017-12-14,cool,TWI.Braun.res1.gauss_1.5sigma,0.335759761650468,0.51806380974409,0.00637547885164052,0.329050850729256,TWI,gauss,1,,,1.5,Braun,
2017-12-22,2018-01-20,cool,TWI.Braun.res1.gauss_1.5sigma,0.436869646832347,0.48437109972513,0.332236062374426,0.330992172677543,TWI,gauss,1,,,1.5,Braun,
2018-05-25,2018-06-07,warm,TWI.Braun.res1.gauss_1.5sigma,0.449903907964437,0.45578642326536,0.362230838594556,0.306334739057607,TWI,gauss,1,,,1.5,Braun,
2019-03-30,2019-04-12,cool,TWI.Braun.res1.gauss_1.5sigma,0.609023084660501,0.675000205772358,0.450955033406842,0.495176712686256,TWI,gauss,1,,,1.5,Braun,
2019-08-23,2019-09-13,warm,TWI.Braun.res1.gauss_1.5sigma,0.101677351983758,0.304894891114992,-0.486942252636309,-0.139475595321186,TWI,gauss,1,,,1.5,Braun,
2020-08-11,2020-08-26,warm,TWI.Braun.res1.gauss_1.5sigma,0.152013298963392,0.162170825831376,-0.507845738108736,-0.500590819899838,TWI,gauss,1,,,1.5,Braun,
2020-09-01,2020-09-20,warm,TWI.Braun.res1.gauss_1.5sigma,0.101856904554306,0.188845426812112,-0.583271196797184,-0.217696869394407,TWI,gauss,1,,,1.5,Braun,
2020-09-27,2020-10-17,cool,TWI.Braun.res1.gauss_1.5sigma,0.0426423511825347,0.123483177029677,-0.59487135437803,-0.333347399733447,TWI,gauss,1,,,1.5,Braun,
2021-03-25,2021-04-06,cool,TWI.Braun.res1.gauss_1.5sigma,0.404367087772141,0.444415655135077,0.329784782145401,0.32962054087661,TWI,gauss,1,,,1.5,Braun,
2021-09-05,2021-09-20,warm,TWI.Braun.res1.gauss_1.5sigma,0.0352659893168016,0.337586764517179,-0.499371801557704,0.133978965008218,TWI,gauss,1,,,1.5,Braun,
2017-08-27,2017-09-16,warm,TWI.Braun.res1.gauss_2.0sigma,0.476685840225291,0.478417250276243,0.237174927771704,0.205445981611801,TWI,gauss,1,,,2,Braun,
2017-11-29,2017-12-14,cool,TWI.Braun.res1.gauss_2.0sigma,0.411565947476884,0.589157525553344,0.210600664265142,0.431971701798745,TWI,gauss,1,,,2,Braun,
2017-12-22,2018-01-20,cool,TWI.Braun.res1.gauss_2.0sigma,0.462599428335567,0.512493607787915,0.369005121710576,0.367228353501033,TWI,gauss,1,,,2,Braun,
2018-05-25,2018-06-07,warm,TWI.Braun.res1.gauss_2.0sigma,0.438880414250423,0.447502405052593,0.341118203436248,0.265578403328631,TWI,gauss,1,,,2,Braun,
2019-03-30,2019-04-12,cool,TWI.Braun.res1.gauss_2.0sigma,0.640307446762464,0.709700278450614,0.526797742857018,0.558659471037366,TWI,gauss,1,,,2,Braun,
2019-08-23,2019-09-13,warm,TWI.Braun.res1.gauss_2.0sigma,0.269417505182643,0.401688312721304,-0.456462067336342,-0.203816033089612,TWI,gauss,1,,,2,Braun,
2020-08-11,2020-08-26,warm,TWI.Braun.res1.gauss_2.0sigma,0.143026402139478,0.151810913547949,-0.555899777504189,-0.54304216008801,TWI,gauss,1,,,2,Braun,
2020-09-01,2020-09-20,warm,TWI.Braun.res1.gauss_2.0sigma,0.0861119282458568,0.176738526017828,-0.667263203835311,-0.28184266699724,TWI,gauss,1,,,2,Braun,
2020-09-27,2020-10-17,cool,TWI.Braun.res1.gauss_2.0sigma,0.0702598995334674,0.134109986517056,-0.411612483281073,-0.30656416216067,TWI,gauss,1,,,2,Braun,
2021-03-25,2021-04-06,cool,TWI.Braun.res1.gauss_2.0sigma,0.393022729087944,0.436305355590935,0.308920771340131,0.30611206465569,TWI,gauss,1,,,2,Braun,
2021-09-05,2021-09-20,warm,TWI.Braun.res1.gauss_2.0sigma,0.0202903401234919,0.336279125471415,-0.452988246425991,0.110735473895294,TWI,gauss,1,,,2,Braun,
2017-08-27,2017-09-16,warm,TWI.Braun.res1.gauss_2.5sigma,0.513437426607227,0.51473529091704,0.26713783525456,0.235182321247942,TWI,gauss,1,,,2.5,Braun,
2017-11-29,2017-12-14,cool,TWI.Braun.res1.gauss_2.5sigma,0.449059779238075,0.618738082244884,0.30822283848347,0.473416045997802,TWI,gauss,1,,,2.5,Braun,
2017-12-22,2018-01-20,cool,TWI.Braun.res1.gauss_2.5sigma,0.486250960056199,0.537376483689433,0.396662713187104,0.398764739377594,TWI,gauss,1,,,2.5,Braun,
2018-05-25,2018-06-07,warm,TWI.Braun.res1.gauss_2.5sigma,0.431607473911437,0.440505938383818,0.285667304676106,0.201614841400245,TWI,gauss,1,,,2.5,Braun,
2019-03-30,2019-04-12,cool,TWI.Braun.res1.gauss_2.5sigma,0.643103631316527,0.718880719177749,0.535523628792696,0.566327377079581,TWI,gauss,1,,,2.5,Braun,
2019-08-23,2019-09-13,warm,TWI.Braun.res1.gauss_2.5sigma,0.380390873331346,0.483485676732325,-0.351055023172796,-0.163484829938634,TWI,gauss,1,,,2.5,Braun,
2020-08-11,2020-08-26,warm,TWI.Braun.res1.gauss_2.5sigma,0.208037151623412,0.216202633757298,-0.109324499326933,-0.136892659527704,TWI,gauss,1,,,2.5,Braun,
2020-09-01,2020-09-20,warm,TWI.Braun.res1.gauss_2.5sigma,0.151408484689285,0.217471472143918,-0.198726805767053,-0.0948809670297938,TWI,gauss,1,,,2.5,Braun,
2020-09-27,2020-10-17,cool,TWI.Braun.res1.gauss_2.5sigma,0.00856074868360273,0.120093084008701,-0.58102778339985,-0.299488981266203,TWI,gauss,1,,,2.5,Braun,
2021-03-25,2021-04-06,cool,TWI.Braun.res1.gauss_2.5sigma,0.391493316591169,0.436253494152695,0.300618221581348,0.296737527580735,TWI,gauss,1,,,2.5,Braun,
2021-09-05,2021-09-20,warm,TWI.Braun.res1.gauss_2.5sigma,0.0348937363128367,0.332324468695384,-0.305687577314556,0.0824429643426212,TWI,gauss,1,,,2.5,Braun,
2017-08-27,2017-09-16,warm,TWI.Braun.res1.gauss_3.5sigma,0.533938797167886,0.535656106455003,0.281149545100791,0.248423552411012,TWI,gauss,1,,,3.5,Braun,
2017-11-29,2017-12-14,cool,TWI.Braun.res1.gauss_3.5sigma,0.483943951067215,0.638893209267395,0.385851834980757,0.508983479734219,TWI,gauss,1,,,3.5,Braun,
2017-12-22,2018-01-20,cool,TWI.Braun.res1.gauss_3.5sigma,0.505798645415718,0.565657150732725,0.418138061448873,0.435145942858045,TWI,gauss,1,,,3.5,Braun,
2018-05-25,2018-06-07,warm,TWI.Braun.res1.gauss_3.5sigma,0.429442183178377,0.434667962479581,0.249165853690198,0.142158088033259,TWI,gauss,1,,,3.5,Braun,
2019-03-30,2019-04-12,cool,TWI.Braun.res1.gauss_3.5sigma,0.607739686678326,0.684293110104409,0.486754355552826,0.508848284737677,TWI,gauss,1,,,3.5,Braun,
2019-08-23,2019-09-13,warm,TWI.Braun.res1.gauss_3.5sigma,0.4537501080579,0.553498759612294,-0.114059390166818,0.0309300332941078,TWI,gauss,1,,,3.5,Braun,
2020-08-11,2020-08-26,warm,TWI.Braun.res1.gauss_3.5sigma,0.396193844329443,0.403262173697964,0.286434896108753,0.268249651181959,TWI,gauss,1,,,3.5,Braun,
2020-09-01,2020-09-20,warm,TWI.Braun.res1.gauss_3.5sigma,0.350629049274512,0.381688102744552,0.211766258552716,0.207924852846794,TWI,gauss,1,,,3.5,Braun,
2020-09-27,2020-10-17,cool,TWI.Braun.res1.gauss_3.5sigma,0.193636198041677,0.229276525987656,-0.0498824795507585,-0.0672653609310201,TWI,gauss,1,,,3.5,Braun,
2021-03-25,2021-04-06,cool,TWI.Braun.res1.gauss_3.5sigma,0.380138092684188,0.426942612721471,0.276648358502035,0.273212795197387,TWI,gauss,1,,,3.5,Braun,
2021-09-05,2021-09-20,warm,TWI.Braun.res1.gauss_3.5sigma,0.209499397345652,0.361755949246533,-0.030539672815688,0.109463543947539,TWI,gauss,1,,,3.5,Braun,
2017-08-27,2017-09-16,warm,TWI.Braun.res1.gauss_5.0sigma,0.55158088431714,0.554093273220042,0.284832616904338,0.251963658804265,TWI,gauss,1,,,5,Braun,
2017-11-29,2017-12-14,cool,TWI.Braun.res1.gauss_5.0sigma,0.4937966088735,0.63763043167472,0.409847565849397,0.509100374107562,TWI,gauss,1,,,5,Braun,
2017-12-22,2018-01-20,cool,TWI.Braun.res1.gauss_5.0sigma,0.498269116724565,0.558232606080967,0.412985125904821,0.42807839076603,TWI,gauss,1,,,5,Braun,
2018-05-25,2018-06-07,warm,TWI.Braun.res1.gauss_5.0sigma,0.426130481740888,0.431008068204069,0.248852861246951,0.137236317989297,TWI,gauss,1,,,5,Braun,
2019-03-30,2019-04-12,cool,TWI.Braun.res1.gauss_5.0sigma,0.548999061848008,0.639555772962561,0.394933294963943,0.422453937658394,TWI,gauss,1,,,5,Braun,
2019-08-23,2019-09-13,warm,TWI.Braun.res1.gauss_5.0sigma,0.473083600898548,0.56501458762237,-0.0259281592362096,0.0964065236752916,TWI,gauss,1,,,5,Braun,
2020-08-11,2020-08-26,warm,TWI.Braun.res1.gauss_5.0sigma,0.469195777112743,0.473272602871053,0.348618002717615,0.332209020689677,TWI,gauss,1,,,5,Braun,
2020-09-01,2020-09-20,warm,TWI.Braun.res1.gauss_5.0sigma,0.418496927871629,0.439578997734048,0.258327655219357,0.252688585575223,TWI,gauss,1,,,5,Braun,
2020-09-27,2020-10-17,cool,TWI.Braun.res1.gauss_5.0sigma,0.255262857379666,0.279199465354672,-0.0134378185153549,-0.0315963702914,TWI,gauss,1,,,5,Braun,
2021-03-25,2021-04-06,cool,TWI.Braun.res1.gauss_5.0sigma,0.321052880381096,0.376919783807906,0.197224892887619,0.197983881213243,TWI,gauss,1,,,5,Braun,
2021-09-05,2021-09-20,warm,TWI.Braun.res1.gauss_5.0sigma,0.31864524376728,0.413207390947937,0.126353581397042,0.195318759503941,TWI,gauss,1,,,5,Braun,
2017-08-27,2017-09-16,warm,TWI.Braun.res1.NFNW,0.14015715247138,0.20530946426282,-0.367717694599018,-0.365611855958903,TWI,NFNW,1,,,,Braun,
2017-11-29,2017-12-14,cool,TWI.Braun.res1.NFNW,0.00724811429716993,0.296666391575753,-0.669578189665557,-0.131771305055158,TWI,NFNW,1,,,,Braun,
2017-12-22,2018-01-20,cool,TWI.Braun.res1.NFNW,0.000804720954579897,0.122077647509173,-0.77588833601209,-0.538807214563598,TWI,NFNW,1,,,,Braun,
2018-05-25,2018-06-07,warm,TWI.Braun.res1.NFNW,0.0191480732820521,0.0762534393526357,-0.647095668088425,-0.580457656115881,TWI,NFNW,1,,,,Braun,
2019-03-30,2019-04-12,cool,TWI.Braun.res1.NFNW,0.251510017877548,0.461661610682656,-0.505188969959858,0.060604605791199,TWI,NFNW,1,,,,Braun,
2019-08-23,2019-09-13,warm,TWI.Braun.res1.NFNW,0.160857488594783,0.29528538262544,-0.1971116728467,-0.0381936859582993,TWI,NFNW,1,,,,Braun,
2020-08-11,2020-08-26,warm,TWI.Braun.res1.NFNW,0.115490443215192,0.115701651824638,-0.201129621218545,-0.26243196542872,TWI,NFNW,1,,,,Braun,
2020-09-01,2020-09-20,warm,TWI.Braun.res1.NFNW,0.011992298165399,0.146081142917421,-0.591323819459058,-0.257178558602952,TWI,NFNW,1,,,,Braun,
2020-09-27,2020-10-17,cool,TWI.Braun.res1.NFNW,0.0694482078607868,0.146921677191821,-0.404684408873642,-0.301086372673848,TWI,NFNW,1,,,,Braun,
2021-03-25,2021-04-06,cool,TWI.Braun.res1.NFNW,0.20388127051448,0.30325546624671,0.00340679355416785,0.110223844697349,TWI,NFNW,1,,,,Braun,
2021-09-05,2021-09-20,warm,TWI.Braun.res1.NFNW,0.172834588287262,0.381402161229674,-0.0368896287363154,0.186052340563266,TWI,NFNW,1,,,,Braun,
2017-08-27,2017-09-16,warm,TWI.Braun.res1.SSC1,0.0471715358053752,0.150197021522712,-0.848816173985616,-0.591772036355331,TWI,SSC,1,,1,,Braun,
2017-11-29,2017-12-14,cool,TWI.Braun.res1.SSC1,0.349163996771632,0.436130131422144,-0.00373776699822208,0.0855268009871234,TWI,SSC,1,,1,,Braun,
2017-12-22,2018-01-20,cool,TWI.Braun.res1.SSC1,0.321785807741211,0.330503515966746,-0.0223833582158125,-0.0966630705142993,TWI,SSC,1,,1,,Braun,
2018-05-25,2018-06-07,warm,TWI.Braun.res1.SSC1,0.248647438194824,0.270710265110429,-0.0520292942845243,-0.126162875459882,TWI,SSC,1,,1,,Braun,
2019-03-30,2019-04-12,cool,TWI.Braun.res1.SSC1,0.220626494959616,0.463061374462133,-0.496620322107253,0.0640194054305904,TWI,SSC,1,,1,,Braun,
2019-08-23,2019-09-13,warm,TWI.Braun.res1.SSC1,0.183817706492283,0.310765177188806,-0.22554168827598,-0.0374408907330792,TWI,SSC,1,,1,,Braun,
2020-08-11,2020-08-26,warm,TWI.Braun.res1.SSC1,0.142741090192094,0.142750377688969,-0.202334177170596,-0.232397200808562,TWI,SSC,1,,1,,Braun,
2020-09-01,2020-09-20,warm,TWI.Braun.res1.SSC1,0.0247330602944528,0.147636592338251,-0.618034549535075,-0.22344101220252,TWI,SSC,1,,1,,Braun,
2020-09-27,2020-10-17,cool,TWI.Braun.res1.SSC1,0.00530468452032604,0.120321109853093,-0.681536036728649,-0.295047732137796,TWI,SSC,1,,1,,Braun,
2021-03-25,2021-04-06,cool,TWI.Braun.res1.SSC1,0.234647607611045,0.319391056854817,0.0301060111546379,0.113264892168092,TWI,SSC,1,,1,,Braun,
2021-09-05,2021-09-20,warm,TWI.Braun.res1.SSC1,0.0871184381115032,0.350686741505346,-0.250519993328448,0.166145449416324,TWI,SSC,1,,1,,Braun,
2017-08-27,2017-09-16,warm,TWI.Braun.res1.SSC10,0.582685408900391,0.585340089811896,0.309144525766215,0.272225070295799,TWI,SSC,1,,10,,Braun,
2017-11-29,2017-12-14,cool,TWI.Braun.res1.SSC10,0.485818953778248,0.625966911927202,0.387453360298205,0.47357471250416,TWI,SSC,1,,10,,Braun,
2017-12-22,2018-01-20,cool,TWI.Braun.res1.SSC10,0.474170662482171,0.533340328791568,0.391285585442525,0.39654756293021,TWI,SSC,1,,10,,Braun,
2018-05-25,2018-06-07,warm,TWI.Braun.res1.SSC10,0.416036110967052,0.421030192384335,0.212456052766231,0.101238298918358,TWI,SSC,1,,10,,Braun,
2019-03-30,2019-04-12,cool,TWI.Braun.res1.SSC10,0.495428736214026,0.597927772862896,0.313226517081265,0.345944359709509,TWI,SSC,1,,10,,Braun,
2019-08-23,2019-09-13,warm,TWI.Braun.res1.SSC10,0.457822989683102,0.547955226466225,-0.0496769033159704,0.0805694731733745,TWI,SSC,1,,10,,Braun,
2020-08-11,2020-08-26,warm,TWI.Braun.res1.SSC10,0.477149783815507,0.479636944591603,0.37504101971315,0.358804877346078,TWI,SSC,1,,10,,Braun,
2020-09-01,2020-09-20,warm,TWI.Braun.res1.SSC10,0.416562186077715,0.436900358881476,0.271665757679569,0.262659898327592,TWI,SSC,1,,10,,Braun,
2020-09-27,2020-10-17,cool,TWI.Braun.res1.SSC10,0.253051848730466,0.276516161813316,-0.0084475389463166,-0.0321802949398495,TWI,SSC,1,,10,,Braun,
2021-03-25,2021-04-06,cool,TWI.Braun.res1.SSC10,0.32129729874829,0.378807017025648,0.191114363602106,0.190233019190633,TWI,SSC,1,,10,,Braun,
2021-09-05,2021-09-20,warm,TWI.Braun.res1.SSC10,0.347447873711413,0.440955425875008,0.0950247900755197,0.153609914899915,TWI,SSC,1,,10,,Braun,
2017-08-27,2017-09-16,warm,TWI.Braun.res1.SSC2,0.430854756653902,0.436991262700383,0.0963866344258481,0.0577565449978779,TWI,SSC,1,,2,,Braun,
2017-11-29,2017-12-14,cool,TWI.Braun.res1.SSC2,0.145578084108018,0.363333031138617,-0.510251365786553,-0.0552332044554848,TWI,SSC,1,,2,,Braun,
2017-12-22,2018-01-20,cool,TWI.Braun.res1.SSC2,0.393273933822355,0.431787051107736,0.246012610282566,0.233711337699579,TWI,SSC,1,,2,,Braun,
2018-05-25,2018-06-07,warm,TWI.Braun.res1.SSC2,0.470707839509813,0.471314323822748,0.301497670539828,0.241984640510607,TWI,SSC,1,,2,,Braun,
2019-03-30,2019-04-12,cool,TWI.Braun.res1.SSC2,0.535358888890038,0.606246594055202,0.334967909977974,0.393270141286916,TWI,SSC,1,,2,,Braun,
2019-08-23,2019-09-13,warm,TWI.Braun.res1.SSC2,0.087810644786313,0.248164670381348,-0.421481700020863,-0.143947086907358,TWI,SSC,1,,2,,Braun,
2020-08-11,2020-08-26,warm,TWI.Braun.res1.SSC2,0.113764905817337,0.132819907596949,-0.545560159318733,-0.474740371258651,TWI,SSC,1,,2,,Braun,
2020-09-01,2020-09-20,warm,TWI.Braun.res1.SSC2,0.0899409125493634,0.193884910427376,-0.548441826216682,-0.204831958192932,TWI,SSC,1,,2,,Braun,
2020-09-27,2020-10-17,cool,TWI.Braun.res1.SSC2,0.00521686484808512,0.122371534165958,-0.675392107330074,-0.349120765023311,TWI,SSC,1,,2,,Braun,
2021-03-25,2021-04-06,cool,TWI.Braun.res1.SSC2,0.386315476294347,0.431983181049279,0.317865755889191,0.322466183059764,TWI,SSC,1,,2,,Braun,
2021-09-05,2021-09-20,warm,TWI.Braun.res1.SSC2,0.0160947133162823,0.333070252904267,-0.503155949220088,0.12767209701037,TWI,SSC,1,,2,,Braun,
2017-08-27,2017-09-16,warm,TWI.Braun.res1.SSC3,0.432679206531328,0.434744065363839,0.187498067376942,0.150277562097679,TWI,SSC,1,,3,,Braun,
2017-11-29,2017-12-14,cool,TWI.Braun.res1.SSC3,0.322984968017187,0.521575986534224,-0.0660054796089924,0.306790168312504,TWI,SSC,1,,3,,Braun,
2017-12-22,2018-01-20,cool,TWI.Braun.res1.SSC3,0.428411795593627,0.484859408050953,0.324870321898692,0.330109319967882,TWI,SSC,1,,3,,Braun,
2018-05-25,2018-06-07,warm,TWI.Braun.res1.SSC3,0.443632623139978,0.449246518071043,0.364469229780127,0.303137046014171,TWI,SSC,1,,3,,Braun,
2019-03-30,2019-04-12,cool,TWI.Braun.res1.SSC3,0.627041945696714,0.688788191461829,0.49083858947759,0.516301098785486,TWI,SSC,1,,3,,Braun,
2019-08-23,2019-09-13,warm,TWI.Braun.res1.SSC3,0.146254685311646,0.328888174073631,-0.489487059758367,-0.158339452071276,TWI,SSC,1,,3,,Braun,
2020-08-11,2020-08-26,warm,TWI.Braun.res1.SSC3,0.120018094068046,0.129482895208406,-0.651773595974016,-0.623649297604168,TWI,SSC,1,,3,,Braun,
2020-09-01,2020-09-20,warm,TWI.Braun.res1.SSC3,0.0643554323394592,0.167455152726082,-0.699064021789023,-0.329726139751299,TWI,SSC,1,,3,,Braun,
2020-09-27,2020-10-17,cool,TWI.Braun.res1.SSC3,0.0857423122757323,0.14009178965588,-0.367695263788308,-0.304458927335639,TWI,SSC,1,,3,,Braun,
2021-03-25,2021-04-06,cool,TWI.Braun.res1.SSC3,0.387542846618935,0.430686505763299,0.31479649841201,0.310714427022315,TWI,SSC,1,,3,,Braun,
2021-09-05,2021-09-20,warm,TWI.Braun.res1.SSC3,0.046823418856171,0.340215597533753,-0.469518133372941,0.137187248884688,TWI,SSC,1,,3,,Braun,
2017-08-27,2017-09-16,warm,TWI.Braun.res1.SSC4,0.503606321472327,0.503996842657954,0.259076505441246,0.227161627672335,TWI,SSC,1,,4,,Braun,
2017-11-29,2017-12-14,cool,TWI.Braun.res1.SSC4,0.410167937280517,0.604287601600064,0.192790525376077,0.44402819424264,TWI,SSC,1,,4,,Braun,
2017-12-22,2018-01-20,cool,TWI.Braun.res1.SSC4,0.476729766869637,0.536641955733962,0.386275467860949,0.397540782171022,TWI,SSC,1,,4,,Braun,
2018-05-25,2018-06-07,warm,TWI.Braun.res1.SSC4,0.446776769063,0.453124501910673,0.338558471147707,0.264048475598717,TWI,SSC,1,,4,,Braun,
2019-03-30,2019-04-12,cool,TWI.Braun.res1.SSC4,0.664067353124028,0.725402776643123,0.57254766750089,0.586963540988248,TWI,SSC,1,,4,,Braun,
2019-08-23,2019-09-13,warm,TWI.Braun.res1.SSC4,0.310519587614241,0.441351449558789,-0.40410499116385,-0.156022509851382,TWI,SSC,1,,4,,Braun,
2020-08-11,2020-08-26,warm,TWI.Braun.res1.SSC4,0.15401044648998,0.163755673586139,-0.463858408874929,-0.467109305170099,TWI,SSC,1,,4,,Braun,
2020-09-01,2020-09-20,warm,TWI.Braun.res1.SSC4,0.0945799162167349,0.184024129428295,-0.636457216800982,-0.25695355767641,TWI,SSC,1,,4,,Braun,
2020-09-27,2020-10-17,cool,TWI.Braun.res1.SSC4,0.063773776472675,0.130210840494754,-0.449257318991839,-0.311357395689843,TWI,SSC,1,,4,,Braun,
2021-03-25,2021-04-06,cool,TWI.Braun.res1.SSC4,0.399162509134404,0.440252816591068,0.319985781998671,0.311928583531743,TWI,SSC,1,,4,,Braun,
2021-09-05,2021-09-20,warm,TWI.Braun.res1.SSC4,0.0260839337508295,0.337221701380759,-0.455810978036862,0.111739408060801,TWI,SSC,1,,4,,Braun,
2017-08-27,2017-09-16,warm,TWI.Braun.res1.SSC5,0.538054875291211,0.53870454336774,0.290671895535752,0.257479739914698,TWI,SSC,1,,5,,Braun,
2017-11-29,2017-12-14,cool,TWI.Braun.res1.SSC5,0.464658204761369,0.637533655889875,0.328340990382679,0.498652367648259,TWI,SSC,1,,5,,Braun,
2017-12-22,2018-01-20,cool,TWI.Braun.res1.SSC5,0.517946451202227,0.577278017291287,0.432473062470681,0.449644745323731,TWI,SSC,1,,5,,Braun,
2018-05-25,2018-06-07,warm,TWI.Braun.res1.SSC5,0.431759804701887,0.437963283230397,0.247913165017637,0.154605660278841,TWI,SSC,1,,5,,Braun,
2019-03-30,2019-04-12,cool,TWI.Braun.res1.SSC5,0.65088589429298,0.724333992769139,0.549328847131903,0.57680323286309,TWI,SSC,1,,5,,Braun,
2019-08-23,2019-09-13,warm,TWI.Braun.res1.SSC5,0.429348286880106,0.532283802984679,-0.257121805289522,-0.0796344406502152,TWI,SSC,1,,5,,Braun,
2020-08-11,2020-08-26,warm,TWI.Braun.res1.SSC5,0.318763904053192,0.328967277723989,0.193265647785317,0.175933156259126,TWI,SSC,1,,5,,Braun,
2020-09-01,2020-09-20,warm,TWI.Braun.res1.SSC5,0.271853873718882,0.31817196969279,0.134722668558104,0.139333597681307,TWI,SSC,1,,5,,Braun,
2020-09-27,2020-10-17,cool,TWI.Braun.res1.SSC5,0.116621951303094,0.17355311580123,-0.142057147922195,-0.14066087368586,TWI,SSC,1,,5,,Braun,
2021-03-25,2021-04-06,cool,TWI.Braun.res1.SSC5,0.398476394783233,0.440146514319985,0.310390818792297,0.301195037992625,TWI,SSC,1,,5,,Braun,
2021-09-05,2021-09-20,warm,TWI.Braun.res1.SSC5,0.0726678514515249,0.333424806706935,-0.240684993073922,0.0766873900408293,TWI,SSC,1,,5,,Braun,
2017-08-27,2017-09-16,warm,TWI.Braun.res1.SSC7,0.56248774840194,0.564004250918026,0.30251272334919,0.267545348231132,TWI,SSC,1,,7,,Braun,
2017-11-29,2017-12-14,cool,TWI.Braun.res1.SSC7,0.504247992898399,0.651702111363715,0.41649533917104,0.527899648497551,TWI,SSC,1,,7,,Braun,
2017-12-22,2018-01-20,cool,TWI.Braun.res1.SSC7,0.529224967465154,0.589658318502473,0.447069963995429,0.46685058865657,TWI,SSC,1,,7,,Braun,
2018-05-25,2018-06-07,warm,TWI.Braun.res1.SSC7,0.423359473653969,0.427672207751934,0.21635453196988,0.106363975465782,TWI,SSC,1,,7,,Braun,
2019-03-30,2019-04-12,cool,TWI.Braun.res1.SSC7,0.585165623800617,0.671275340113578,0.453154739413128,0.483752417628783,TWI,SSC,1,,7,,Braun,
2019-08-23,2019-09-13,warm,TWI.Braun.res1.SSC7,0.51109932120029,0.601428640499897,0.0595473973525021,0.180603368751398,TWI,SSC,1,,7,,Braun,
2020-08-11,2020-08-26,warm,TWI.Braun.res1.SSC7,0.451962239114442,0.458721760198755,0.344889493399152,0.3276996321903,TWI,SSC,1,,7,,Braun,
2020-09-01,2020-09-20,warm,TWI.Braun.res1.SSC7,0.401344591796898,0.42707537169464,0.260950476982091,0.257590937218817,TWI,SSC,1,,7,,Braun,
2020-09-27,2020-10-17,cool,TWI.Braun.res1.SSC7,0.248896567941982,0.276362097298255,0.000238161645327257,-0.0187790524751768,TWI,SSC,1,,7,,Braun,
2021-03-25,2021-04-06,cool,TWI.Braun.res1.SSC7,0.364020076478842,0.413285207862796,0.255246468266246,0.251306461497572,TWI,SSC,1,,7,,Braun,
2021-09-05,2021-09-20,warm,TWI.Braun.res1.SSC7,0.310159397599104,0.405681717966537,0.139189954308447,0.201012975551977,TWI,SSC,1,,7,,Braun,
2017-08-27,2017-09-16,warm,TWI.Braun.res10.NFNW,0.716216906428484,0.718197757659502,0.538496959845164,0.487444719638515,TWI,NFNW,10,,,,Braun,
2017-11-29,2017-12-14,cool,TWI.Braun.res10.NFNW,0.559480348209498,0.683062115528569,0.446966751319128,0.5197277563985,TWI,NFNW,10,,,,Braun,
2017-12-22,2018-01-20,cool,TWI.Braun.res10.NFNW,0.57307867530826,0.615563788442194,0.521218531419728,0.515199273698902,TWI,NFNW,10,,,,Braun,
2018-05-25,2018-06-07,warm,TWI.Braun.res10.NFNW,0.371248806729885,0.378014573342943,0.125420994765587,0.0615921611652593,TWI,NFNW,10,,,,Braun,
2019-03-30,2019-04-12,cool,TWI.Braun.res10.NFNW,0.524602989212398,0.644631650491175,0.356122713763696,0.447697437510014,TWI,NFNW,10,,,,Braun,
2019-08-23,2019-09-13,warm,TWI.Braun.res10.NFNW,0.566822826082939,0.623602701746032,0.322559536340303,0.328869585105929,TWI,NFNW,10,,,,Braun,
2020-08-11,2020-08-26,warm,TWI.Braun.res10.NFNW,0.445867296860399,0.451430126490703,0.377797085220762,0.354138240946197,TWI,NFNW,10,,,,Braun,
2020-09-01,2020-09-20,warm,TWI.Braun.res10.NFNW,0.311102099651934,0.346102162922383,0.19387736132321,0.179987646967719,TWI,NFNW,10,,,,Braun,
2020-09-27,2020-10-17,cool,TWI.Braun.res10.NFNW,0.116421825052661,0.168804772480813,-0.167581939720479,-0.163469112802085,TWI,NFNW,10,,,,Braun,
2021-03-25,2021-04-06,cool,TWI.Braun.res10.NFNW,0.365895721206863,0.436234433637279,0.280538781963744,0.306624461404192,TWI,NFNW,10,,,,Braun,
2021-09-05,2021-09-20,warm,TWI.Braun.res10.NFNW,0.306529564666335,0.431510733092994,0.17047805699218,0.26497176775677,TWI,NFNW,10,,,,Braun,
2017-08-27,2017-09-16,warm,TWI.Braun.res2.NFNW,0.591427155300296,0.593010491664888,0.271234690266002,0.247684569541213,TWI,NFNW,2,,,,Braun,
2017-11-29,2017-12-14,cool,TWI.Braun.res2.NFNW,0.165369639626616,0.377105341556207,-0.297740767668458,-0.0127679791679371,TWI,NFNW,2,,,,Braun,
2017-12-22,2018-01-20,cool,TWI.Braun.res2.NFNW,0.457199107786591,0.495736716103407,0.352009258966685,0.347050716736624,TWI,NFNW,2,,,,Braun,
2018-05-25,2018-06-07,warm,TWI.Braun.res2.NFNW,0.452821523382394,0.45355740262912,0.332354082853901,0.278422832328278,TWI,NFNW,2,,,,Braun,
2019-03-30,2019-04-12,cool,TWI.Braun.res2.NFNW,0.584489292754633,0.657424051049395,0.437789404271477,0.49153480217645,TWI,NFNW,2,,,,Braun,
2019-08-23,2019-09-13,warm,TWI.Braun.res2.NFNW,0.122383531404903,0.315533613313333,-0.535735592343257,-0.0330644189676922,TWI,NFNW,2,,,,Braun,
2020-08-11,2020-08-26,warm,TWI.Braun.res2.NFNW,0.139338702156187,0.159868443852215,-0.450618589933707,-0.368141898140851,TWI,NFNW,2,,,,Braun,
2020-09-01,2020-09-20,warm,TWI.Braun.res2.NFNW,0.101439831762788,0.200318422682814,-0.536397608097225,-0.216431500493884,TWI,NFNW,2,,,,Braun,
2020-09-27,2020-10-17,cool,TWI.Braun.res2.NFNW,0.00437670962061126,0.124222678168888,-0.677458875140611,-0.364026947443165,TWI,NFNW,2,,,,Braun,
2021-03-25,2021-04-06,cool,TWI.Braun.res2.NFNW,0.401919721405677,0.450926967713051,0.328942180453174,0.343779051940151,TWI,NFNW,2,,,,Braun,
2021-09-05,2021-09-20,warm,TWI.Braun.res2.NFNW,0.0232397876769089,0.333062375795538,-0.536784647406343,0.128317695305821,TWI,NFNW,2,,,,Braun,
2017-08-27,2017-09-16,warm,TWI.Braun.res3.NFNW,0.615574286896464,0.615967615288736,0.377108426217447,0.332471433313394,TWI,NFNW,3,,,,Braun,
2017-11-29,2017-12-14,cool,TWI.Braun.res3.NFNW,0.394010041713583,0.57133706941614,0.160354665090364,0.338621747581508,TWI,NFNW,3,,,,Braun,
2017-12-22,2018-01-20,cool,TWI.Braun.res3.NFNW,0.507507270255439,0.559189380956053,0.412657537320662,0.411816443746366,TWI,NFNW,3,,,,Braun,
2018-05-25,2018-06-07,warm,TWI.Braun.res3.NFNW,0.369995549264443,0.376645765450514,0.143207236283001,0.0757918967304334,TWI,NFNW,3,,,,Braun,
2019-03-30,2019-04-12,cool,TWI.Braun.res3.NFNW,0.651988141745219,0.727451024027792,0.540992800331824,0.568238944539975,TWI,NFNW,3,,,,Braun,
2019-08-23,2019-09-13,warm,TWI.Braun.res3.NFNW,0.395720019302718,0.494383237089597,-0.258112916226966,-0.101764185301977,TWI,NFNW,3,,,,Braun,
2020-08-11,2020-08-26,warm,TWI.Braun.res3.NFNW,0.14763790791148,0.158755355619496,-0.460001490013322,-0.43577005391177,TWI,NFNW,3,,,,Braun,
2020-09-01,2020-09-20,warm,TWI.Braun.res3.NFNW,0.088337292249709,0.180818087106058,-0.662584708965375,-0.276398382159527,TWI,NFNW,3,,,,Braun,
2020-09-27,2020-10-17,cool,TWI.Braun.res3.NFNW,0.0551945628567882,0.126900671076181,-0.468225332213126,-0.318922313371658,TWI,NFNW,3,,,,Braun,
2021-03-25,2021-04-06,cool,TWI.Braun.res3.NFNW,0.423448240197986,0.468170502530469,0.367865321099243,0.363178836148495,TWI,NFNW,3,,,,Braun,
2021-09-05,2021-09-20,warm,TWI.Braun.res3.NFNW,0.136652057494033,0.348538142032783,-0.188571895437555,0.114895511254359,TWI,NFNW,3,,,,Braun,
2017-08-27,2017-09-16,warm,TWI.Braun.res4.NFNW,0.687675926786649,0.688380027178561,0.438202314565618,0.398240102374198,TWI,NFNW,4,,,,Braun,
2017-11-29,2017-12-14,cool,TWI.Braun.res4.NFNW,0.546178311895173,0.687883173698175,0.45072472729102,0.567745150755697,TWI,NFNW,4,,,,Braun,
2017-12-22,2018-01-20,cool,TWI.Braun.res4.NFNW,0.564216171288428,0.614719649347111,0.50756976480332,0.516548681083573,TWI,NFNW,4,,,,Braun,
2018-05-25,2018-06-07,warm,TWI.Braun.res4.NFNW,0.478286494404463,0.484683551309961,0.324829949889498,0.265204102890085,TWI,NFNW,4,,,,Braun,
2019-03-30,2019-04-12,cool,TWI.Braun.res4.NFNW,0.608665064772387,0.711998248416221,0.469694346113466,0.528414201386277,TWI,NFNW,4,,,,Braun,
2019-08-23,2019-09-13,warm,TWI.Braun.res4.NFNW,0.476659352583655,0.554199988982289,0.186172401162117,0.253177719071137,TWI,NFNW,4,,,,Braun,
2020-08-11,2020-08-26,warm,TWI.Braun.res4.NFNW,0.422235686623565,0.42926500669672,0.348979361756305,0.340794316795819,TWI,NFNW,4,,,,Braun,
2020-09-01,2020-09-20,warm,TWI.Braun.res4.NFNW,0.337115785313552,0.36968709303952,0.236755783194122,0.236548939016613,TWI,NFNW,4,,,,Braun,
2020-09-27,2020-10-17,cool,TWI.Braun.res4.NFNW,0.172093294054277,0.211552439691749,-0.0455259402542154,-0.0772794014479829,TWI,NFNW,4,,,,Braun,
2021-03-25,2021-04-06,cool,TWI.Braun.res4.NFNW,0.445711076238836,0.484788605777397,0.377272430723175,0.367787055536218,TWI,NFNW,4,,,,Braun,
2021-09-05,2021-09-20,warm,TWI.Braun.res4.NFNW,0.376102503201853,0.453841191649442,0.252444793779663,0.261333352854866,TWI,NFNW,4,,,,Braun,
2017-08-27,2017-09-16,warm,TWI.Braun.res5.NFNW,0.791125019575467,0.791145867318987,0.651132986969859,0.616366582029899,TWI,NFNW,5,,,,Braun,
2017-11-29,2017-12-14,cool,TWI.Braun.res5.NFNW,0.460970666384849,0.613926878354373,0.231572569209524,0.361764978179818,TWI,NFNW,5,,,,Braun,
2017-12-22,2018-01-20,cool,TWI.Braun.res5.NFNW,0.563143375092469,0.624827718264284,0.486731742521441,0.5166254035136,TWI,NFNW,5,,,,Braun,
2018-05-25,2018-06-07,warm,TWI.Braun.res5.NFNW,0.312625896031181,0.315271003935676,0.00755508777114989,-0.0574357155011662,TWI,NFNW,5,,,,Braun,
2019-03-30,2019-04-12,cool,TWI.Braun.res5.NFNW,0.596765189818626,0.680908479976947,0.449141916019005,0.482105266507654,TWI,NFNW,5,,,,Braun,
2019-08-23,2019-09-13,warm,TWI.Braun.res5.NFNW,0.582148009589542,0.665873510145426,0.302093883471144,0.368776392962708,TWI,NFNW,5,,,,Braun,
2020-08-11,2020-08-26,warm,TWI.Braun.res5.NFNW,0.453906592660417,0.473976992631708,0.342780354074142,0.346470224642625,TWI,NFNW,5,,,,Braun,
2020-09-01,2020-09-20,warm,TWI.Braun.res5.NFNW,0.386069814914174,0.427946389408787,0.248666402021407,0.282273025281465,TWI,NFNW,5,,,,Braun,
2020-09-27,2020-10-17,cool,TWI.Braun.res5.NFNW,0.245697399759754,0.285205127055299,0.0710336500924153,0.0620271030558935,TWI,NFNW,5,,,,Braun,
2021-03-25,2021-04-06,cool,TWI.Braun.res5.NFNW,0.414226011215542,0.466799770921066,0.349915292611421,0.369205850551063,TWI,NFNW,5,,,,Braun,
2021-09-05,2021-09-20,warm,TWI.Braun.res5.NFNW,0.366237518748159,0.458544072132739,0.286113085923363,0.328644008732285,TWI,NFNW,5,,,,Braun,
2017-08-27,2017-09-16,warm,TWI.Braun.res7.NFNW,0.747701396466263,0.748790150301548,0.573686276160959,0.532759006492466,TWI,NFNW,7,,,,Braun,
2017-11-29,2017-12-14,cool,TWI.Braun.res7.NFNW,0.569953458602941,0.694445381687478,0.441118339336954,0.527172161108321,TWI,NFNW,7,,,,Braun,
2017-12-22,2018-01-20,cool,TWI.Braun.res7.NFNW,0.617375223526359,0.664313843553762,0.56996965479116,0.584086975818207,TWI,NFNW,7,,,,Braun,
2018-05-25,2018-06-07,warm,TWI.Braun.res7.NFNW,0.402280987332556,0.406513993284807,0.130627271729951,0.0730101419771444,TWI,NFNW,7,,,,Braun,
2019-03-30,2019-04-12,cool,TWI.Braun.res7.NFNW,0.537832175734318,0.641671030861829,0.4036164689117,0.46078429645935,TWI,NFNW,7,,,,Braun,
2019-08-23,2019-09-13,warm,TWI.Braun.res7.NFNW,0.625468331387856,0.691867481031926,0.449892564657775,0.467357085792812,TWI,NFNW,7,,,,Braun,
2020-08-11,2020-08-26,warm,TWI.Braun.res7.NFNW,0.429860132147776,0.441026999250215,0.358034808287455,0.339332074367509,TWI,NFNW,7,,,,Braun,
2020-09-01,2020-09-20,warm,TWI.Braun.res7.NFNW,0.33472086079063,0.372795990947561,0.22599499338794,0.228241584167424,TWI,NFNW,7,,,,Braun,
2020-09-27,2020-10-17,cool,TWI.Braun.res7.NFNW,0.179630880385169,0.221676993545707,-0.0363117258056908,-0.0626237383701513,TWI,NFNW,7,,,,Braun,
2021-03-25,2021-04-06,cool,TWI.Braun.res7.NFNW,0.371109635194984,0.427376329249667,0.299260306849638,0.303966286542786,TWI,NFNW,7,,,,Braun,
2021-09-05,2021-09-20,warm,TWI.Braun.res7.NFNW,0.329239510791261,0.435576259760293,0.219087231005364,0.283486212162279,TWI,NFNW,7,,,,Braun,
2017-08-27,2017-09-16,warm,TWI.DEMON.res1.gauss_0.5,0.323428219680133,0.32500476465445,-0.246586458935185,-0.290833929470395,TWI,gauss,1,,,0.5,DEMON,
2017-11-29,2017-12-14,cool,TWI.DEMON.res1.gauss_0.5,0.0847394552413483,0.297515208283122,-0.688950649030663,-0.305757362263159,TWI,gauss,1,,,0.5,DEMON,
2017-12-22,2018-01-20,cool,TWI.DEMON.res1.gauss_0.5,0.248992231140483,0.316355929703305,-0.0578400968246739,-0.0568848631652556,TWI,gauss,1,,,0.5,DEMON,
2018-05-25,2018-06-07,warm,TWI.DEMON.res1.gauss_0.5,0.326138669346006,0.328555379505434,-0.019622347792304,-0.0791839601605558,TWI,gauss,1,,,0.5,DEMON,
2019-03-30,2019-04-12,cool,TWI.DEMON.res1.gauss_0.5,0.523129620675315,0.559509692358951,0.319545733248823,0.355537670764339,TWI,gauss,1,,,0.5,DEMON,
2019-08-23,2019-09-13,warm,TWI.DEMON.res1.gauss_0.5,0.174312369396021,0.260030543624002,-0.236033404107632,-0.220799018819827,TWI,gauss,1,,,0.5,DEMON,
2020-08-11,2020-08-26,warm,TWI.DEMON.res1.gauss_0.5,0.00780593421680372,0.0329690095718998,-0.492551922488003,-0.475497913595281,TWI,gauss,1,,,0.5,DEMON,
2020-09-01,2020-09-20,warm,TWI.DEMON.res1.gauss_0.5,0.0374077395437,0.189570476093308,-0.651397470609972,-0.16534051809212,TWI,gauss,1,,,0.5,DEMON,
2020-09-27,2020-10-17,cool,TWI.DEMON.res1.gauss_0.5,0.0466714204322796,0.168054191591849,-0.575580673161279,-0.362954624237903,TWI,gauss,1,,,0.5,DEMON,
2021-03-25,2021-04-06,cool,TWI.DEMON.res1.gauss_0.5,0.190368871603545,0.293820088719845,-0.0166930817151306,0.0874926111251785,TWI,gauss,1,,,0.5,DEMON,
2021-09-05,2021-09-20,warm,TWI.DEMON.res1.gauss_0.5,0.188207336657365,0.396500989303152,-0.0198076288458367,0.231398446376993,TWI,gauss,1,,,0.5,DEMON,
2017-08-27,2017-09-16,warm,TWI.DEMON.res1.gauss_1.0,0.152612195363369,0.207937491252222,-0.436523085272758,-0.376541985330884,TWI,gauss,1,,,1,DEMON,
2017-11-29,2017-12-14,cool,TWI.DEMON.res1.gauss_1.0,0.27987583322583,0.421729119158766,-0.118917799276022,0.0956229343839733,TWI,gauss,1,,,1,DEMON,
2017-12-22,2018-01-20,cool,TWI.DEMON.res1.gauss_1.0,0.362449441756829,0.385105931446523,0.139273017688537,0.088245923095304,TWI,gauss,1,,,1,DEMON,
2018-05-25,2018-06-07,warm,TWI.DEMON.res1.gauss_1.0,0.362171120832846,0.369707148188553,0.168911999089243,0.0665037308399029,TWI,gauss,1,,,1,DEMON,
2019-03-30,2019-04-12,cool,TWI.DEMON.res1.gauss_1.0,0.437000888208517,0.560787031729668,0.158998167881142,0.303737921405528,TWI,gauss,1,,,1,DEMON,
2019-08-23,2019-09-13,warm,TWI.DEMON.res1.gauss_1.0,0.163861968624612,0.274185651964413,-0.238264969465281,-0.102619001982547,TWI,gauss,1,,,1,DEMON,
2020-08-11,2020-08-26,warm,TWI.DEMON.res1.gauss_1.0,0.0346632448146913,0.0503498958552357,-0.62218278801431,-0.543511601457291,TWI,gauss,1,,,1,DEMON,
2020-09-01,2020-09-20,warm,TWI.DEMON.res1.gauss_1.0,0.0630363430865758,0.167155939499624,-0.555954642537123,-0.243494302975974,TWI,gauss,1,,,1,DEMON,
2020-09-27,2020-10-17,cool,TWI.DEMON.res1.gauss_1.0,0.00567317965912183,0.120430722620829,-0.676598907887402,-0.328221831695885,TWI,gauss,1,,,1,DEMON,
2021-03-25,2021-04-06,cool,TWI.DEMON.res1.gauss_1.0,0.351447706209266,0.402913249145265,0.263839468634439,0.275151822471943,TWI,gauss,1,,,1,DEMON,
2021-09-05,2021-09-20,warm,TWI.DEMON.res1.gauss_1.0,0.00190013916405084,0.333195428558384,-0.62273732222576,0.132901114446659,TWI,gauss,1,,,1,DEMON,
2017-08-27,2017-09-16,warm,TWI.DEMON.res1.gauss_1.5,0.376200648452161,0.383206644899089,0.0249249575920989,-0.0248173973107998,TWI,gauss,1,,,1.5,DEMON,
2017-11-29,2017-12-14,cool,TWI.DEMON.res1.gauss_1.5,0.112786333505429,0.352477613230542,-0.597035867448018,-0.05469225100207,TWI,gauss,1,,,1.5,DEMON,
2017-12-22,2018-01-20,cool,TWI.DEMON.res1.gauss_1.5,0.379270125436429,0.428869018791116,0.230191480004966,0.229285342988667,TWI,gauss,1,,,1.5,DEMON,
2018-05-25,2018-06-07,warm,TWI.DEMON.res1.gauss_1.5,0.445929969097223,0.445947139823766,0.287974161640178,0.231003284850075,TWI,gauss,1,,,1.5,DEMON,
2019-03-30,2019-04-12,cool,TWI.DEMON.res1.gauss_1.5,0.628661769154224,0.671368536297961,0.4744573345964,0.483544379148737,TWI,gauss,1,,,1.5,DEMON,
2019-08-23,2019-09-13,warm,TWI.DEMON.res1.gauss_1.5,0.0710947787077237,0.249641800213116,-0.488402332360688,-0.145674895758431,TWI,gauss,1,,,1.5,DEMON,
2020-08-11,2020-08-26,warm,TWI.DEMON.res1.gauss_1.5,0.119982568299677,0.139595437043518,-0.499048208106271,-0.453669760866602,TWI,gauss,1,,,1.5,DEMON,
2020-09-01,2020-09-20,warm,TWI.DEMON.res1.gauss_1.5,0.0933768954007916,0.198526321234151,-0.524582782761937,-0.183163040361125,TWI,gauss,1,,,1.5,DEMON,
2020-09-27,2020-10-17,cool,TWI.DEMON.res1.gauss_1.5,0.0111385547838508,0.121712181942353,-0.679222769590047,-0.338773126919709,TWI,gauss,1,,,1.5,DEMON,
2021-03-25,2021-04-06,cool,TWI.DEMON.res1.gauss_1.5,0.392395392154108,0.435901866949693,0.322145450646261,0.322372081016914,TWI,gauss,1,,,1.5,DEMON,
2021-09-05,2021-09-20,warm,TWI.DEMON.res1.gauss_1.5,0.00302405933107499,0.332702604535472,-0.655626000485886,0.131080183546692,TWI,gauss,1,,,1.5,DEMON,
2017-08-27,2017-09-16,warm,TWI.DEMON.res1.gauss_2.0,0.374468448830136,0.388254014540871,0.100117312233441,0.0798861819040578,TWI,gauss,1,,,2,DEMON,
2017-11-29,2017-12-14,cool,TWI.DEMON.res1.gauss_2.0,0.230177878493211,0.407408535757599,-0.169866517132889,0.178109852013601,TWI,gauss,1,,,2,DEMON,
2017-12-22,2018-01-20,cool,TWI.DEMON.res1.gauss_2.0,0.396142249940154,0.432877411599576,0.255181872264912,0.236358252804219,TWI,gauss,1,,,2,DEMON,
2018-05-25,2018-06-07,warm,TWI.DEMON.res1.gauss_2.0,0.345464231646189,0.350149335905353,0.237045605285747,0.174219218793548,TWI,gauss,1,,,2,DEMON,
2019-03-30,2019-04-12,cool,TWI.DEMON.res1.gauss_2.0,0.651038571410105,0.696589242250598,0.52592857364899,0.532256389627924,TWI,gauss,1,,,2,DEMON,
2019-08-23,2019-09-13,warm,TWI.DEMON.res1.gauss_2.0,0.210480992654577,0.40053162212576,-0.338776695414734,0.00456311786297858,TWI,gauss,1,,,2,DEMON,
2020-08-11,2020-08-26,warm,TWI.DEMON.res1.gauss_2.0,0.175107114953024,0.184579629952024,-0.420373734030406,-0.405137132110525,TWI,gauss,1,,,2,DEMON,
2020-09-01,2020-09-20,warm,TWI.DEMON.res1.gauss_2.0,0.116158780507242,0.19860697596632,-0.539327596371756,-0.158771935354563,TWI,gauss,1,,,2,DEMON,
2020-09-27,2020-10-17,cool,TWI.DEMON.res1.gauss_2.0,0.0418838819193254,0.123232833213539,-0.624869353703382,-0.330825589733339,TWI,gauss,1,,,2,DEMON,
2021-03-25,2021-04-06,cool,TWI.DEMON.res1.gauss_2.0,0.406251704118589,0.460487316968016,0.321270313264696,0.346850225657499,TWI,gauss,1,,,2,DEMON,
2021-09-05,2021-09-20,warm,TWI.DEMON.res1.gauss_2.0,0.0121495320742514,0.332670653456919,-0.470501083291301,0.148946683709813,TWI,gauss,1,,,2,DEMON,
2017-08-27,2017-09-16,warm,TWI.DEMON.res1.gauss_2.5,0.587008057842682,0.587014113965755,0.35202981045361,0.319869638740155,TWI,gauss,1,,,2.5,DEMON,
2017-11-29,2017-12-14,cool,TWI.DEMON.res1.gauss_2.5,0.433545257059758,0.626727016442909,0.232923925907426,0.46305010974994,TWI,gauss,1,,,2.5,DEMON,
2017-12-22,2018-01-20,cool,TWI.DEMON.res1.gauss_2.5,0.564519694226483,0.623487909576927,0.488221272918697,0.510483400268312,TWI,gauss,1,,,2.5,DEMON,
2018-05-25,2018-06-07,warm,TWI.DEMON.res1.gauss_2.5,0.406905702321599,0.410918598204409,0.230308537408209,0.151104777075436,TWI,gauss,1,,,2.5,DEMON,
2019-03-30,2019-04-12,cool,TWI.DEMON.res1.gauss_2.5,0.615233504020202,0.691655925438471,0.490867358286879,0.532218434954586,TWI,gauss,1,,,2.5,DEMON,
2019-08-23,2019-09-13,warm,TWI.DEMON.res1.gauss_2.5,0.421523345844494,0.546404593175991,-0.0830471064904977,0.0793882354514265,TWI,gauss,1,,,2.5,DEMON,
2020-08-11,2020-08-26,warm,TWI.DEMON.res1.gauss_2.5,0.138430495419708,0.153439295548648,-0.498843873278098,-0.467162482740824,TWI,gauss,1,,,2.5,DEMON,
2020-09-01,2020-09-20,warm,TWI.DEMON.res1.gauss_2.5,0.0893832176371624,0.187868690199273,-0.63663112863629,-0.28109554112819,TWI,gauss,1,,,2.5,DEMON,
2020-09-27,2020-10-17,cool,TWI.DEMON.res1.gauss_2.5,0.0413243172201478,0.121672110976731,-0.602133176586422,-0.381159697340547,TWI,gauss,1,,,2.5,DEMON,
2021-03-25,2021-04-06,cool,TWI.DEMON.res1.gauss_2.5,0.470480379337794,0.505652334744125,0.426261820485138,0.418811149030998,TWI,gauss,1,,,2.5,DEMON,
2021-09-05,2021-09-20,warm,TWI.DEMON.res1.gauss_2.5,0.105963341091643,0.338767628548006,-0.250576230004351,0.111537823365412,TWI,gauss,1,,,2.5,DEMON,
2017-08-27,2017-09-16,warm,TWI.DEMON.res1.gauss_3.5,0.640257342916662,0.640340823451428,0.386109999913247,0.357274541841216,TWI,gauss,1,,,3.5,DEMON,
2017-11-29,2017-12-14,cool,TWI.DEMON.res1.gauss_3.5,0.472229932531113,0.652084168403446,0.310569696048847,0.494921419459992,TWI,gauss,1,,,3.5,DEMON,
2017-12-22,2018-01-20,cool,TWI.DEMON.res1.gauss_3.5,0.569870750585738,0.635789512432238,0.498780182989676,0.534046721679353,TWI,gauss,1,,,3.5,DEMON,
2018-05-25,2018-06-07,warm,TWI.DEMON.res1.gauss_3.5,0.410148271934819,0.41306936778607,0.176531812477915,0.0938586081423774,TWI,gauss,1,,,3.5,DEMON,
2019-03-30,2019-04-12,cool,TWI.DEMON.res1.gauss_3.5,0.629106272832031,0.704239974532334,0.50653916456724,0.536225551668405,TWI,gauss,1,,,3.5,DEMON,
2019-08-23,2019-09-13,warm,TWI.DEMON.res1.gauss_3.5,0.534784539309543,0.637524069282385,0.200200032370508,0.292392857151611,TWI,gauss,1,,,3.5,DEMON,
2020-08-11,2020-08-26,warm,TWI.DEMON.res1.gauss_3.5,0.261803532952245,0.278453114732853,0.0627772461451371,0.0533084886387042,TWI,gauss,1,,,3.5,DEMON,
2020-09-01,2020-09-20,warm,TWI.DEMON.res1.gauss_3.5,0.215755127176339,0.278244508272456,0.00793653701873885,0.0498926178907489,TWI,gauss,1,,,3.5,DEMON,
2020-09-27,2020-10-17,cool,TWI.DEMON.res1.gauss_3.5,0.0789757075033925,0.153436505888223,-0.377830060712072,-0.241458661820519,TWI,gauss,1,,,3.5,DEMON,
2021-03-25,2021-04-06,cool,TWI.DEMON.res1.gauss_3.5,0.452443066788262,0.49200164074822,0.393907532418606,0.387832106160584,TWI,gauss,1,,,3.5,DEMON,
2021-09-05,2021-09-20,warm,TWI.DEMON.res1.gauss_3.5,0.234931058749733,0.378361751500111,0.0355930223842833,0.161429300600249,TWI,gauss,1,,,3.5,DEMON,
2017-08-27,2017-09-16,warm,TWI.DEMON.res1.gauss_5.0,0.754189320834498,0.762206549561129,0.56095981500371,0.549335193442966,TWI,gauss,1,,,5,DEMON,
2017-11-29,2017-12-14,cool,TWI.DEMON.res1.gauss_5.0,0.243174212171436,0.482556761738134,-0.153756613650062,0.0955907345462147,TWI,gauss,1,,,5,DEMON,
2017-12-22,2018-01-20,cool,TWI.DEMON.res1.gauss_5.0,0.507086918059071,0.607679981853905,0.430450104204268,0.513461793103036,TWI,gauss,1,,,5,DEMON,
2018-05-25,2018-06-07,warm,TWI.DEMON.res1.gauss_5.0,0.417059797211853,0.417945952141285,0.238190239639199,0.202137424055124,TWI,gauss,1,,,5,DEMON,
2019-03-30,2019-04-12,cool,TWI.DEMON.res1.gauss_5.0,0.620224488538832,0.660150999574595,0.499449287661578,0.483612082516821,TWI,gauss,1,,,5,DEMON,
2019-08-23,2019-09-13,warm,TWI.DEMON.res1.gauss_5.0,0.333043051340067,0.488391336384575,-0.170601580517458,0.0923833869892369,TWI,gauss,1,,,5,DEMON,
2020-08-11,2020-08-26,warm,TWI.DEMON.res1.gauss_5.0,0.437242584242498,0.486987381517169,0.269072799352749,0.280434711405903,TWI,gauss,1,,,5,DEMON,
2020-09-01,2020-09-20,warm,TWI.DEMON.res1.gauss_5.0,0.394061787962143,0.469595774270943,0.204830107743448,0.26836157849139,TWI,gauss,1,,,5,DEMON,
2020-09-27,2020-10-17,cool,TWI.DEMON.res1.gauss_5.0,0.27960629196691,0.342796325166402,0.0798937718951515,0.100173300087118,TWI,gauss,1,,,5,DEMON,
2021-03-25,2021-04-06,cool,TWI.DEMON.res1.gauss_5.0,0.28197291574526,0.355415431021555,0.18771285502649,0.222817998532089,TWI,gauss,1,,,5,DEMON,
2021-09-05,2021-09-20,warm,TWI.DEMON.res1.gauss_5.0,0.216358460809392,0.370728950212649,0.0562054994372534,0.213644024325106,TWI,gauss,1,,,5,DEMON,
2017-08-27,2017-09-16,warm,TWI.DEMON.res1.NFNW,0.0101380030978037,0.152760742791509,-0.816786017745338,-0.466757289307893,TWI,NFNW,1,,,,DEMON,
2017-11-29,2017-12-14,cool,TWI.DEMON.res1.NFNW,0.104081005261888,0.334889804942322,-0.531331593154586,-0.105211926617739,TWI,NFNW,1,,,,DEMON,
2017-12-22,2018-01-20,cool,TWI.DEMON.res1.NFNW,0.0744950982579108,0.149165093882703,-0.548240426573111,-0.552771519604811,TWI,NFNW,1,,,,DEMON,
2018-05-25,2018-06-07,warm,TWI.DEMON.res1.NFNW,0.213377300926558,0.216509349752292,-0.0553751349494483,-0.183977771221694,TWI,NFNW,1,,,,DEMON,
2019-03-30,2019-04-12,cool,TWI.DEMON.res1.NFNW,0.356899264395075,0.469068686551271,0.056784695328862,0.166942413864462,TWI,NFNW,1,,,,DEMON,
2019-08-23,2019-09-13,warm,TWI.DEMON.res1.NFNW,0.285013834955505,0.340319644804394,-0.0720542724974387,-0.0864609202416534,TWI,NFNW,1,,,,DEMON,
2020-08-11,2020-08-26,warm,TWI.DEMON.res1.NFNW,0.189874086425093,0.207547186408209,-0.106796945257007,-0.118133076579945,TWI,NFNW,1,,,,DEMON,
2020-09-01,2020-09-20,warm,TWI.DEMON.res1.NFNW,0.118602065540218,0.166878530325952,-0.294433571771542,-0.248991562519638,TWI,NFNW,1,,,,DEMON,
2020-09-27,2020-10-17,cool,TWI.DEMON.res1.NFNW,0.101417953721283,0.13927831010887,-0.308671853102738,-0.290155344960778,TWI,NFNW,1,,,,DEMON,
2021-03-25,2021-04-06,cool,TWI.DEMON.res1.NFNW,0.203244136941393,0.300349706924273,-0.0182964783858715,0.0900754289985945,TWI,NFNW,1,,,,DEMON,
2021-09-05,2021-09-20,warm,TWI.DEMON.res1.NFNW,0.182841704506661,0.396211217363892,-0.00187160986089733,0.220665444947785,TWI,NFNW,1,,,,DEMON,
2017-08-27,2017-09-16,warm,TWI.DEMON.res1.SSC1,0.12114275951341,0.200484997171214,-0.49439950171691,-0.311183126761115,TWI,SSC,1,,1,,DEMON,
2017-11-29,2017-12-14,cool,TWI.DEMON.res1.SSC1,0.31116817458389,0.412851554726862,-0.0771283230984889,0.0362690602642507,TWI,SSC,1,,1,,DEMON,
2017-12-22,2018-01-20,cool,TWI.DEMON.res1.SSC1,0.237670873002842,0.2548305314985,-0.179136703969001,-0.251781677995284,TWI,SSC,1,,1,,DEMON,
2018-05-25,2018-06-07,warm,TWI.DEMON.res1.SSC1,0.236385910939142,0.254862987570865,-0.0692200118654636,-0.138543306090361,TWI,SSC,1,,1,,DEMON,
2019-03-30,2019-04-12,cool,TWI.DEMON.res1.SSC1,0.286638898478297,0.484421869670679,-0.319810949768467,0.177949307750769,TWI,SSC,1,,1,,DEMON,
2019-08-23,2019-09-13,warm,TWI.DEMON.res1.SSC1,0.0923668909319184,0.265873975112221,-0.577821605587383,-0.126074948909621,TWI,SSC,1,,1,,DEMON,
2020-08-11,2020-08-26,warm,TWI.DEMON.res1.SSC1,0.125312152456601,0.125743029179488,-0.23570161852434,-0.257769880353774,TWI,SSC,1,,1,,DEMON,
2020-09-01,2020-09-20,warm,TWI.DEMON.res1.SSC1,0.0285241865270594,0.147357741279144,-0.574318012781898,-0.228559606588995,TWI,SSC,1,,1,,DEMON,
2020-09-27,2020-10-17,cool,TWI.DEMON.res1.SSC1,0.0330196742414037,0.122911319770691,-0.485734288015831,-0.266043589481617,TWI,SSC,1,,1,,DEMON,
2021-03-25,2021-04-06,cool,TWI.DEMON.res1.SSC1,0.321908714564515,0.397257233650403,0.196234678132023,0.244426826264708,TWI,SSC,1,,1,,DEMON,
2021-09-05,2021-09-20,warm,TWI.DEMON.res1.SSC1,0.0574207595029448,0.338383800181537,-0.335370888946315,0.140514843788929,TWI,SSC,1,,1,,DEMON,
2017-08-27,2017-09-16,warm,TWI.DEMON.res1.SSC10,0.788296690511089,0.793965393811974,0.653672692049227,0.630857810464698,TWI,SSC,1,,10,,DEMON,
2017-11-29,2017-12-14,cool,TWI.DEMON.res1.SSC10,0.23430746715022,0.463656891065476,-0.124870241988963,0.0624348677933033,TWI,SSC,1,,10,,DEMON,
2017-12-22,2018-01-20,cool,TWI.DEMON.res1.SSC10,0.485951599653068,0.582171384073252,0.389936931491945,0.462213353675679,TWI,SSC,1,,10,,DEMON,
2018-05-25,2018-06-07,warm,TWI.DEMON.res1.SSC10,0.407173569188197,0.408073515505932,0.212576117117215,0.178492699453817,TWI,SSC,1,,10,,DEMON,
2019-03-30,2019-04-12,cool,TWI.DEMON.res1.SSC10,0.596326919978296,0.641384899911294,0.472664839415922,0.452052150091272,TWI,SSC,1,,10,,DEMON,
2019-08-23,2019-09-13,warm,TWI.DEMON.res1.SSC10,0.346397175803428,0.495130426447992,-0.13372377263169,0.0951344200268296,TWI,SSC,1,,10,,DEMON,
2020-08-11,2020-08-26,warm,TWI.DEMON.res1.SSC10,0.435812234241608,0.481846387314278,0.258579591161039,0.264428002169933,TWI,SSC,1,,10,,DEMON,
2020-09-01,2020-09-20,warm,TWI.DEMON.res1.SSC10,0.396587739774213,0.469120666720089,0.193673076619474,0.249530924909973,TWI,SSC,1,,10,,DEMON,
2020-09-27,2020-10-17,cool,TWI.DEMON.res1.SSC10,0.294463673973927,0.354917017291867,0.0892041565842471,0.110011842592697,TWI,SSC,1,,10,,DEMON,
2021-03-25,2021-04-06,cool,TWI.DEMON.res1.SSC10,0.275418747753249,0.351301586983374,0.181455808656339,0.2149439168017,TWI,SSC,1,,10,,DEMON,
2021-09-05,2021-09-20,warm,TWI.DEMON.res1.SSC10,0.280476718522623,0.398828884771913,0.138948545870661,0.260968109663507,TWI,SSC,1,,10,,DEMON,
2017-08-27,2017-09-16,warm,TWI.DEMON.res1.SSC2,0.189299546668251,0.232290012526062,-0.296267325773248,-0.317867002864807,TWI,SSC,1,,2,,DEMON,
2017-11-29,2017-12-14,cool,TWI.DEMON.res1.SSC2,0.225995129013223,0.39039803562692,-0.286963863341606,0.0259663618435896,TWI,SSC,1,,2,,DEMON,
2017-12-22,2018-01-20,cool,TWI.DEMON.res1.SSC2,0.390696184248724,0.41616387627989,0.224964367967428,0.185897445984377,TWI,SSC,1,,2,,DEMON,
2018-05-25,2018-06-07,warm,TWI.DEMON.res1.SSC2,0.401705495758793,0.40741986270408,0.235280293618547,0.148955750289807,TWI,SSC,1,,2,,DEMON,
2019-03-30,2019-04-12,cool,TWI.DEMON.res1.SSC2,0.459513292644651,0.575847427796798,0.216334807817521,0.337773546471122,TWI,SSC,1,,2,,DEMON,
2019-08-23,2019-09-13,warm,TWI.DEMON.res1.SSC2,0.161488954043392,0.267207663128,-0.315351972959097,-0.158331102661103,TWI,SSC,1,,2,,DEMON,
2020-08-11,2020-08-26,warm,TWI.DEMON.res1.SSC2,0.0604580850108933,0.0732224360697521,-0.600645190463568,-0.541553513203935,TWI,SSC,1,,2,,DEMON,
2020-09-01,2020-09-20,warm,TWI.DEMON.res1.SSC2,0.0708952657138845,0.171165042909485,-0.552167922220231,-0.247530841650853,TWI,SSC,1,,2,,DEMON,
2020-09-27,2020-10-17,cool,TWI.DEMON.res1.SSC2,0.0103847618119121,0.120168028012799,-0.695119331812769,-0.349483680137066,TWI,SSC,1,,2,,DEMON,
2021-03-25,2021-04-06,cool,TWI.DEMON.res1.SSC2,0.354641246677795,0.405732019016958,0.27199868141011,0.278299480823077,TWI,SSC,1,,2,,DEMON,
2021-09-05,2021-09-20,warm,TWI.DEMON.res1.SSC2,0.079399091103682,0.341518157952864,-0.301232548957441,0.148627711084506,TWI,SSC,1,,2,,DEMON,
2017-08-27,2017-09-16,warm,TWI.DEMON.res1.SSC3,0.400853713189675,0.405421329733832,0.0555179128343127,0.00424776586820159,TWI,SSC,1,,3,,DEMON,
2017-11-29,2017-12-14,cool,TWI.DEMON.res1.SSC3,0.0803286845841012,0.342527678502502,-0.605329601134528,-0.0842575020656288,TWI,SSC,1,,3,,DEMON,
2017-12-22,2018-01-20,cool,TWI.DEMON.res1.SSC3,0.368768756170419,0.426171548511344,0.218998963050944,0.227321710504323,TWI,SSC,1,,3,,DEMON,
2018-05-25,2018-06-07,warm,TWI.DEMON.res1.SSC3,0.470865065839278,0.470893577404688,0.323038649268686,0.269698790094091,TWI,SSC,1,,3,,DEMON,
2019-03-30,2019-04-12,cool,TWI.DEMON.res1.SSC3,0.615585264135944,0.66558867703375,0.454746909296063,0.457309931185763,TWI,SSC,1,,3,,DEMON,
2019-08-23,2019-09-13,warm,TWI.DEMON.res1.SSC3,0.0347951303179863,0.254515928860401,-0.737403525135743,-0.136154976517809,TWI,SSC,1,,3,,DEMON,
2020-08-11,2020-08-26,warm,TWI.DEMON.res1.SSC3,0.0925880933933536,0.108376222676954,-0.713451254575031,-0.613301877684218,TWI,SSC,1,,3,,DEMON,
2020-09-01,2020-09-20,warm,TWI.DEMON.res1.SSC3,0.0438808969504536,0.167675058611004,-0.810215193799817,-0.338108651234881,TWI,SSC,1,,3,,DEMON,
2020-09-27,2020-10-17,cool,TWI.DEMON.res1.SSC3,0.0642016947097929,0.125264400006489,-0.531047947436494,-0.376573985372095,TWI,SSC,1,,3,,DEMON,
2021-03-25,2021-04-06,cool,TWI.DEMON.res1.SSC3,0.391413983147277,0.434112229982715,0.309422820952759,0.310188442106948,TWI,SSC,1,,3,,DEMON,
2021-09-05,2021-09-20,warm,TWI.DEMON.res1.SSC3,0.0122940491630712,0.33326922056998,-0.62026508365064,0.123655137519121,TWI,SSC,1,,3,,DEMON,
2017-08-27,2017-09-16,warm,TWI.DEMON.res1.SSC4,0.357224663124973,0.370791467842915,0.0513005832948505,0.0301376779804418,TWI,SSC,1,,4,,DEMON,
2017-11-29,2017-12-14,cool,TWI.DEMON.res1.SSC4,0.14234639622482,0.35677584951104,-0.468360886056545,0.0831169965980952,TWI,SSC,1,,4,,DEMON,
2017-12-22,2018-01-20,cool,TWI.DEMON.res1.SSC4,0.327755013472932,0.371768317752772,0.161761138419554,0.143630315917272,TWI,SSC,1,,4,,DEMON,
2018-05-25,2018-06-07,warm,TWI.DEMON.res1.SSC4,0.325261609055523,0.327577411592844,0.186052859445502,0.126668524096273,TWI,SSC,1,,4,,DEMON,
2019-03-30,2019-04-12,cool,TWI.DEMON.res1.SSC4,0.683868001958906,0.712824228581497,0.587927869180676,0.563681297271121,TWI,SSC,1,,4,,DEMON,
2019-08-23,2019-09-13,warm,TWI.DEMON.res1.SSC4,0.161551632121462,0.373772428000338,-0.400175247909039,0.0390791023847248,TWI,SSC,1,,4,,DEMON,
2020-08-11,2020-08-26,warm,TWI.DEMON.res1.SSC4,0.177414900810995,0.188215122494326,-0.367234404124778,-0.360007958484534,TWI,SSC,1,,4,,DEMON,
2020-09-01,2020-09-20,warm,TWI.DEMON.res1.SSC4,0.111749124666146,0.199321131989295,-0.568340476544344,-0.17179509902737,TWI,SSC,1,,4,,DEMON,
2020-09-27,2020-10-17,cool,TWI.DEMON.res1.SSC4,0.0462491249165418,0.123350987890956,-0.581473921427453,-0.335735622295763,TWI,SSC,1,,4,,DEMON,
2021-03-25,2021-04-06,cool,TWI.DEMON.res1.SSC4,0.401915067975678,0.458199089283719,0.32320143116531,0.349268041321773,TWI,SSC,1,,4,,DEMON,
2021-09-05,2021-09-20,warm,TWI.DEMON.res1.SSC4,0.011206686055836,0.332310660419973,-0.679553438935019,0.139020858361814,TWI,SSC,1,,4,,DEMON,
2017-08-27,2017-09-16,warm,TWI.DEMON.res1.SSC5,0.593809079855421,0.593809106524315,0.373813063597436,0.336639131643189,TWI,SSC,1,,5,,DEMON,
2017-11-29,2017-12-14,cool,TWI.DEMON.res1.SSC5,0.401883616371726,0.596520537900364,0.13634604717915,0.381613829444491,TWI,SSC,1,,5,,DEMON,
2017-12-22,2018-01-20,cool,TWI.DEMON.res1.SSC5,0.577545554874207,0.633404337649976,0.508349934714009,0.525888528817341,TWI,SSC,1,,5,,DEMON,
2018-05-25,2018-06-07,warm,TWI.DEMON.res1.SSC5,0.368814386987521,0.37405985865292,0.145961464641312,0.0660696384467003,TWI,SSC,1,,5,,DEMON,
2019-03-30,2019-04-12,cool,TWI.DEMON.res1.SSC5,0.553570235053596,0.656797102468959,0.430381965558271,0.513329108125549,TWI,SSC,1,,5,,DEMON,
2019-08-23,2019-09-13,warm,TWI.DEMON.res1.SSC5,0.43231039395308,0.539255746936958,-0.0362138899756868,0.0704746755500619,TWI,SSC,1,,5,,DEMON,
2020-08-11,2020-08-26,warm,TWI.DEMON.res1.SSC5,0.18307052228857,0.200193550964654,-0.209977716279587,-0.203775136789121,TWI,SSC,1,,5,,DEMON,
2020-09-01,2020-09-20,warm,TWI.DEMON.res1.SSC5,0.153687762573814,0.233482604856296,-0.248133970679224,-0.102552706503275,TWI,SSC,1,,5,,DEMON,
2020-09-27,2020-10-17,cool,TWI.DEMON.res1.SSC5,0.0334185009175022,0.132263463103244,-0.649457816235889,-0.329964089639699,TWI,SSC,1,,5,,DEMON,
2021-03-25,2021-04-06,cool,TWI.DEMON.res1.SSC5,0.449182991811486,0.486640639029449,0.404897890573173,0.399434582242781,TWI,SSC,1,,5,,DEMON,
2021-09-05,2021-09-20,warm,TWI.DEMON.res1.SSC5,0.0703659115841152,0.33305744246115,-0.46144949544085,0.0922221236547084,TWI,SSC,1,,5,,DEMON,
2017-08-27,2017-09-16,warm,TWI.DEMON.res1.SSC7,0.727840090484828,0.727860922886163,0.49879253579492,0.452559041523296,TWI,SSC,1,,7,,DEMON,
2017-11-29,2017-12-14,cool,TWI.DEMON.res1.SSC7,0.474929196423707,0.62693876829949,0.267397436357944,0.386263028871419,TWI,SSC,1,,7,,DEMON,
2017-12-22,2018-01-20,cool,TWI.DEMON.res1.SSC7,0.507467004472075,0.557527458188174,0.422437051834113,0.390643369684796,TWI,SSC,1,,7,,DEMON,
2018-05-25,2018-06-07,warm,TWI.DEMON.res1.SSC7,0.410467659461351,0.417061374854324,0.13340862763829,0.0750483093064026,TWI,SSC,1,,7,,DEMON,
2019-03-30,2019-04-12,cool,TWI.DEMON.res1.SSC7,0.428030127762578,0.575497627882126,0.238782489381418,0.298676371641313,TWI,SSC,1,,7,,DEMON,
2019-08-23,2019-09-13,warm,TWI.DEMON.res1.SSC7,0.504106400703407,0.572496961804298,0.45113803389192,0.489470625072708,TWI,SSC,1,,7,,DEMON,
2020-08-11,2020-08-26,warm,TWI.DEMON.res1.SSC7,0.291445380219772,0.298808394405046,0.164623192825203,0.145533506674261,TWI,SSC,1,,7,,DEMON,
2020-09-01,2020-09-20,warm,TWI.DEMON.res1.SSC7,0.220809618187811,0.270355643121737,0.0729905805819656,0.074400211408564,TWI,SSC,1,,7,,DEMON,
2020-09-27,2020-10-17,cool,TWI.DEMON.res1.SSC7,0.114867846309932,0.170023176444813,-0.146136309715758,-0.169494119561929,TWI,SSC,1,,7,,DEMON,
2021-03-25,2021-04-06,cool,TWI.DEMON.res1.SSC7,0.405523415016151,0.454274787566912,0.337808099845375,0.330878056815034,TWI,SSC,1,,7,,DEMON,
2021-09-05,2021-09-20,warm,TWI.DEMON.res1.SSC7,0.467276016843592,0.526202616138774,0.298504933576406,0.247478819305901,TWI,SSC,1,,7,,DEMON,
2017-08-27,2017-09-16,warm,TWI.DEMON.res10.NFNW,0.737769208945207,0.739814421558922,0.567816263678787,0.517980326315096,TWI,NFNW,10,,,,DEMON,
2017-11-29,2017-12-14,cool,TWI.DEMON.res10.NFNW,0.5919494352288,0.709734820073238,0.489424891506969,0.559453193276126,TWI,NFNW,10,,,,DEMON,
2017-12-22,2018-01-20,cool,TWI.DEMON.res10.NFNW,0.57758151389473,0.61641803417871,0.522857781996412,0.515768335033011,TWI,NFNW,10,,,,DEMON,
2018-05-25,2018-06-07,warm,TWI.DEMON.res10.NFNW,0.393859135444757,0.401830223242297,0.157989729020715,0.10423425716003,TWI,NFNW,10,,,,DEMON,
2019-03-30,2019-04-12,cool,TWI.DEMON.res10.NFNW,0.519572566213637,0.640952791162924,0.357044759483085,0.449285771934301,TWI,NFNW,10,,,,DEMON,
2019-08-23,2019-09-13,warm,TWI.DEMON.res10.NFNW,0.587639988155977,0.64204239341199,0.365552289497574,0.366422449078936,TWI,NFNW,10,,,,DEMON,
2020-08-11,2020-08-26,warm,TWI.DEMON.res10.NFNW,0.453845639654157,0.460559319463021,0.385357465382945,0.363696868418539,TWI,NFNW,10,,,,DEMON,
2020-09-01,2020-09-20,warm,TWI.DEMON.res10.NFNW,0.319673503964692,0.353950285932453,0.204698180687078,0.193918191651415,TWI,NFNW,10,,,,DEMON,
2020-09-27,2020-10-17,cool,TWI.DEMON.res10.NFNW,0.124232627482347,0.174419748269049,-0.148490420301936,-0.152843156784647,TWI,NFNW,10,,,,DEMON,
2021-03-25,2021-04-06,cool,TWI.DEMON.res10.NFNW,0.324729119878531,0.394628151089888,0.213525544285235,0.231460614223908,TWI,NFNW,10,,,,DEMON,
2021-09-05,2021-09-20,warm,TWI.DEMON.res10.NFNW,0.309187654415734,0.431175484182972,0.172725249773369,0.262709412664546,TWI,NFNW,10,,,,DEMON,
2017-08-27,2017-09-16,warm,TWI.DEMON.res2.NFNW,0.464956812398775,0.474363834449948,0.0290008609106452,0.0100160476659525,TWI,NFNW,2,,,,DEMON,
2017-11-29,2017-12-14,cool,TWI.DEMON.res2.NFNW,0.0392069879841661,0.306745803339921,-0.617511232110231,-0.110738725845102,TWI,NFNW,2,,,,DEMON,
2017-12-22,2018-01-20,cool,TWI.DEMON.res2.NFNW,0.335559682323923,0.371682616200141,0.171508570395717,0.134178123694027,TWI,NFNW,2,,,,DEMON,
2018-05-25,2018-06-07,warm,TWI.DEMON.res2.NFNW,0.358310212080692,0.359941803421506,0.143971531272994,0.074542895939224,TWI,NFNW,2,,,,DEMON,
2019-03-30,2019-04-12,cool,TWI.DEMON.res2.NFNW,0.494526779855493,0.569618305644082,0.31210460980027,0.366409627907084,TWI,NFNW,2,,,,DEMON,
2019-08-23,2019-09-13,warm,TWI.DEMON.res2.NFNW,0.0522198151464459,0.283740127944685,-0.604802258802808,-0.0879385594375234,TWI,NFNW,2,,,,DEMON,
2020-08-11,2020-08-26,warm,TWI.DEMON.res2.NFNW,0.172431565904406,0.189146051952745,-0.372244345677711,-0.300276995766221,TWI,NFNW,2,,,,DEMON,
2020-09-01,2020-09-20,warm,TWI.DEMON.res2.NFNW,0.114562644132327,0.204549186839295,-0.514530362856084,-0.174588736873205,TWI,NFNW,2,,,,DEMON,
2020-09-27,2020-10-17,cool,TWI.DEMON.res2.NFNW,0.0157592150361375,0.120242313605696,-0.630528289764054,-0.331634371348649,TWI,NFNW,2,,,,DEMON,
2021-03-25,2021-04-06,cool,TWI.DEMON.res2.NFNW,0.32457619905055,0.403521810553005,0.242349119963478,0.283051284692194,TWI,NFNW,2,,,,DEMON,
2021-09-05,2021-09-20,warm,TWI.DEMON.res2.NFNW,0.0629436712782143,0.342984083551876,-0.395001111313623,0.16797793260475,TWI,NFNW,2,,,,DEMON,
2017-08-27,2017-09-16,warm,TWI.DEMON.res3.NFNW,0.625574647342015,0.629028916287307,0.147597027203668,0.139725446154599,TWI,NFNW,3,,,,DEMON,
2017-11-29,2017-12-14,cool,TWI.DEMON.res3.NFNW,0.101541191692088,0.376473284765414,-0.396005122361926,0.0482500177475858,TWI,NFNW,3,,,,DEMON,
2017-12-22,2018-01-20,cool,TWI.DEMON.res3.NFNW,0.318177958325304,0.39783784486298,0.16081604788508,0.198880564138893,TWI,NFNW,3,,,,DEMON,
2018-05-25,2018-06-07,warm,TWI.DEMON.res3.NFNW,0.272097462085343,0.275733039099496,0.120482431549272,0.0140552229364013,TWI,NFNW,3,,,,DEMON,
2019-03-30,2019-04-12,cool,TWI.DEMON.res3.NFNW,0.508923375809378,0.595917485116332,0.378428437695388,0.410195960339959,TWI,NFNW,3,,,,DEMON,
2019-08-23,2019-09-13,warm,TWI.DEMON.res3.NFNW,0.339107442840492,0.464991689618159,-0.427228239060295,-0.0592610023806023,TWI,NFNW,3,,,,DEMON,
2020-08-11,2020-08-26,warm,TWI.DEMON.res3.NFNW,0.230152000496248,0.24681424189277,-0.0640660186006447,-0.0734690693270497,TWI,NFNW,3,,,,DEMON,
2020-09-01,2020-09-20,warm,TWI.DEMON.res3.NFNW,0.150207236205628,0.230741742608724,-0.274740276787557,-0.121059712413693,TWI,NFNW,3,,,,DEMON,
2020-09-27,2020-10-17,cool,TWI.DEMON.res3.NFNW,0.00769981445076769,0.123614478151847,-0.48900792502494,-0.302081949424709,TWI,NFNW,3,,,,DEMON,
2021-03-25,2021-04-06,cool,TWI.DEMON.res3.NFNW,0.379882261164938,0.43373323722219,0.312889799734359,0.326787875750625,TWI,NFNW,3,,,,DEMON,
2021-09-05,2021-09-20,warm,TWI.DEMON.res3.NFNW,0.170606921194458,0.36796650003494,-0.23593487607799,0.0342273459097002,TWI,NFNW,3,,,,DEMON,
2017-08-27,2017-09-16,warm,TWI.DEMON.res4.NFNW,0.585286691643096,0.585538570098324,0.301652657426888,0.277648801094577,TWI,NFNW,4,,,,DEMON,
2017-11-29,2017-12-14,cool,TWI.DEMON.res4.NFNW,0.488620976587808,0.657351313445378,0.396435920353119,0.548691497506999,TWI,NFNW,4,,,,DEMON,
2017-12-22,2018-01-20,cool,TWI.DEMON.res4.NFNW,0.5195531177876,0.576783725325153,0.436250205557711,0.450308431476963,TWI,NFNW,4,,,,DEMON,
2018-05-25,2018-06-07,warm,TWI.DEMON.res4.NFNW,0.482203461640054,0.488735163024873,0.394438198337812,0.323800099097844,TWI,NFNW,4,,,,DEMON,
2019-03-30,2019-04-12,cool,TWI.DEMON.res4.NFNW,0.572723347606046,0.66167701781917,0.460740584932598,0.502586414304886,TWI,NFNW,4,,,,DEMON,
2019-08-23,2019-09-13,warm,TWI.DEMON.res4.NFNW,0.445593800693067,0.552282776370967,0.0934318435038874,0.222157507253378,TWI,NFNW,4,,,,DEMON,
2020-08-11,2020-08-26,warm,TWI.DEMON.res4.NFNW,0.274859920636684,0.284457539529263,0.086138334307339,0.0719128145330555,TWI,NFNW,4,,,,DEMON,
2020-09-01,2020-09-20,warm,TWI.DEMON.res4.NFNW,0.201810278823235,0.25956345033074,-0.0345200543670826,0.00722518439910973,TWI,NFNW,4,,,,DEMON,
2020-09-27,2020-10-17,cool,TWI.DEMON.res4.NFNW,0.0357388934474825,0.128541382195504,-0.46321899918781,-0.289012399838526,TWI,NFNW,4,,,,DEMON,
2021-03-25,2021-04-06,cool,TWI.DEMON.res4.NFNW,0.423718867435708,0.463328394854605,0.308486188470805,0.305472309585314,TWI,NFNW,4,,,,DEMON,
2021-09-05,2021-09-20,warm,TWI.DEMON.res4.NFNW,0.236835642411631,0.378217312956461,-0.031868810203605,0.079090450421702,TWI,NFNW,4,,,,DEMON,
2017-08-27,2017-09-16,warm,TWI.DEMON.res5.NFNW,0.651697291749681,0.65170071261079,0.353442382883663,0.332066710520711,TWI,NFNW,5,,,,DEMON,
2017-11-29,2017-12-14,cool,TWI.DEMON.res5.NFNW,0.49080846814575,0.661021910814339,0.376368771129587,0.531920792538382,TWI,NFNW,5,,,,DEMON,
2017-12-22,2018-01-20,cool,TWI.DEMON.res5.NFNW,0.551392620855721,0.615427352417036,0.474871114155681,0.502619043786583,TWI,NFNW,5,,,,DEMON,
2018-05-25,2018-06-07,warm,TWI.DEMON.res5.NFNW,0.466649046779183,0.469662319447176,0.329127416451975,0.258555005353416,TWI,NFNW,5,,,,DEMON,
2019-03-30,2019-04-12,cool,TWI.DEMON.res5.NFNW,0.617362104306654,0.691969985673367,0.475007237752788,0.501694375832215,TWI,NFNW,5,,,,DEMON,
2019-08-23,2019-09-13,warm,TWI.DEMON.res5.NFNW,0.517996504775279,0.62159513052635,0.347325622680832,0.416598079325672,TWI,NFNW,5,,,,DEMON,
2020-08-11,2020-08-26,warm,TWI.DEMON.res5.NFNW,0.351022587913259,0.363936614035631,0.250211999717747,0.239205233922861,TWI,NFNW,5,,,,DEMON,
2020-09-01,2020-09-20,warm,TWI.DEMON.res5.NFNW,0.281495935798544,0.32970774771263,0.154089807025692,0.164035008361163,TWI,NFNW,5,,,,DEMON,
2020-09-27,2020-10-17,cool,TWI.DEMON.res5.NFNW,0.118928820722405,0.177063761485671,-0.154006199798931,-0.145400409356576,TWI,NFNW,5,,,,DEMON,
2021-03-25,2021-04-06,cool,TWI.DEMON.res5.NFNW,0.417384305478878,0.45934246089244,0.332823908986329,0.327730928892594,TWI,NFNW,5,,,,DEMON,
2021-09-05,2021-09-20,warm,TWI.DEMON.res5.NFNW,0.259249352753048,0.38758172004455,0.038802873815822,0.137685391081871,TWI,NFNW,5,,,,DEMON,
2017-08-27,2017-09-16,warm,TWI.DEMON.res7.NFNW,0.750139607859996,0.750141348206761,0.528098777959713,0.498964675837583,TWI,NFNW,7,,,,DEMON,
2017-11-29,2017-12-14,cool,TWI.DEMON.res7.NFNW,0.504663580256799,0.654200896999483,0.338952393456941,0.464516480170396,TWI,NFNW,7,,,,DEMON,
2017-12-22,2018-01-20,cool,TWI.DEMON.res7.NFNW,0.564300191198105,0.615442839949375,0.502690279018336,0.516333387017197,TWI,NFNW,7,,,,DEMON,
2018-05-25,2018-06-07,warm,TWI.DEMON.res7.NFNW,0.351726329521979,0.356720499303084,0.028277274335555,-0.0348387759247983,TWI,NFNW,7,,,,DEMON,
2019-03-30,2019-04-12,cool,TWI.DEMON.res7.NFNW,0.49376259157501,0.593709172402643,0.351906897676636,0.389829682001791,TWI,NFNW,7,,,,DEMON,
2019-08-23,2019-09-13,warm,TWI.DEMON.res7.NFNW,0.656775217465647,0.740606135048124,0.598663443498624,0.632262781342696,TWI,NFNW,7,,,,DEMON,
2020-08-11,2020-08-26,warm,TWI.DEMON.res7.NFNW,0.369612545957804,0.390943777124751,0.276014554465833,0.27216139932201,TWI,NFNW,7,,,,DEMON,
2020-09-01,2020-09-20,warm,TWI.DEMON.res7.NFNW,0.293890140792051,0.349368897975113,0.174298632811252,0.202032719818809,TWI,NFNW,7,,,,DEMON,
2020-09-27,2020-10-17,cool,TWI.DEMON.res7.NFNW,0.155573124275537,0.211477747582709,-0.0671354350769949,-0.0760122836479647,TWI,NFNW,7,,,,DEMON,
2021-03-25,2021-04-06,cool,TWI.DEMON.res7.NFNW,0.386033854580656,0.436739558772395,0.317101436918836,0.319099956837883,TWI,NFNW,7,,,,DEMON,
2021-09-05,2021-09-20,warm,TWI.DEMON.res7.NFNW,0.310215093079162,0.418909476800344,0.177694221821891,0.234762924201517,TWI,NFNW,7,,,,DEMON,
2017-08-27,2017-09-16,warm,TWI.Dinf.res1.gauss_0.5sigma,0.225369301202368,0.257691348305012,-0.257643467653217,-0.309356197069589,TWI,gauss,1,,,0.5,Dinf,
2017-11-29,2017-12-14,cool,TWI.Dinf.res1.gauss_0.5sigma,0.00633989878182215,0.29790315987715,-0.785364270762483,-0.179017510274672,TWI,gauss,1,,,0.5,Dinf,
2017-12-22,2018-01-20,cool,TWI.Dinf.res1.gauss_0.5sigma,0.221788179701269,0.259484146351587,-0.0750829615781769,-0.120742209863744,TWI,gauss,1,,,0.5,Dinf,
2018-05-25,2018-06-07,warm,TWI.Dinf.res1.gauss_0.5sigma,0.267293647501548,0.270481461699719,-0.00384779907409312,-0.122606384854076,TWI,gauss,1,,,0.5,Dinf,
2019-03-30,2019-04-12,cool,TWI.Dinf.res1.gauss_0.5sigma,0.458041405096466,0.536535338573799,0.166752305872897,0.282674342215875,TWI,gauss,1,,,0.5,Dinf,
2019-08-23,2019-09-13,warm,TWI.Dinf.res1.gauss_0.5sigma,0.0763806345748455,0.248386272324747,-0.576837062785032,-0.20664798378086,TWI,gauss,1,,,0.5,Dinf,
2020-08-11,2020-08-26,warm,TWI.Dinf.res1.gauss_0.5sigma,0.0413832773619857,0.0660210232771651,-0.63040746950571,-0.536136215235038,TWI,gauss,1,,,0.5,Dinf,
2020-09-01,2020-09-20,warm,TWI.Dinf.res1.gauss_0.5sigma,0.0553313374560223,0.173836549271123,-0.690491958349158,-0.276518415762681,TWI,gauss,1,,,0.5,Dinf,
2020-09-27,2020-10-17,cool,TWI.Dinf.res1.gauss_0.5sigma,0.0257360134981862,0.120161285660841,-0.647820477542863,-0.35857394602013,TWI,gauss,1,,,0.5,Dinf,
2021-03-25,2021-04-06,cool,TWI.Dinf.res1.gauss_0.5sigma,0.291013082868075,0.363947037643494,0.188755913114393,0.222811883833132,TWI,gauss,1,,,0.5,Dinf,
2021-09-05,2021-09-20,warm,TWI.Dinf.res1.gauss_0.5sigma,0.167104643989492,0.367405809873277,-0.0698460795929868,0.171904552990721,TWI,gauss,1,,,0.5,Dinf,
2017-08-27,2017-09-16,warm,TWI.Dinf.res1.gauss_1.0sigma,0.397987417715876,0.414879041910318,0.0532386368465831,0.0337445764422684,TWI,gauss,1,,,1,Dinf,
2017-11-29,2017-12-14,cool,TWI.Dinf.res1.gauss_1.0sigma,0.105255320425011,0.32591630776369,-0.599941117135748,-0.097994960085354,TWI,gauss,1,,,1,Dinf,
2017-12-22,2018-01-20,cool,TWI.Dinf.res1.gauss_1.0sigma,0.321120546301505,0.351163715347987,0.16025050746101,0.120229004313482,TWI,gauss,1,,,1,Dinf,
2018-05-25,2018-06-07,warm,TWI.Dinf.res1.gauss_1.0sigma,0.388783445371502,0.391695985458399,0.20473720517891,0.142322540676056,TWI,gauss,1,,,1,Dinf,
2019-03-30,2019-04-12,cool,TWI.Dinf.res1.gauss_1.0sigma,0.50051672006082,0.575401482615515,0.276842768634981,0.351227781670433,TWI,gauss,1,,,1,Dinf,
2019-08-23,2019-09-13,warm,TWI.Dinf.res1.gauss_1.0sigma,0.0743578806327566,0.248139297902779,-0.346822146624162,-0.142095997541212,TWI,gauss,1,,,1,Dinf,
2020-08-11,2020-08-26,warm,TWI.Dinf.res1.gauss_1.0sigma,0.156212113372631,0.171821119792107,-0.466251494912514,-0.435548588320825,TWI,gauss,1,,,1,Dinf,
2020-09-01,2020-09-20,warm,TWI.Dinf.res1.gauss_1.0sigma,0.122779178595737,0.207678034808613,-0.398068904799953,-0.127376325726184,TWI,gauss,1,,,1,Dinf,
2020-09-27,2020-10-17,cool,TWI.Dinf.res1.gauss_1.0sigma,0.00851103670869513,0.120559086816485,-0.582416694349616,-0.298217257855087,TWI,gauss,1,,,1,Dinf,
2021-03-25,2021-04-06,cool,TWI.Dinf.res1.gauss_1.0sigma,0.341883792642602,0.410873920497451,0.265928257883623,0.29920674020073,TWI,gauss,1,,,1,Dinf,
2021-09-05,2021-09-20,warm,TWI.Dinf.res1.gauss_1.0sigma,0.0333283842884253,0.335527831106723,-0.496473450678411,0.147874341068132,TWI,gauss,1,,,1,Dinf,
2017-08-27,2017-09-16,warm,TWI.Dinf.res1.gauss_1.5sigma,0.448644691069075,0.455337528873765,0.138783232612501,0.112912867680566,TWI,gauss,1,,,1.5,Dinf,
2017-11-29,2017-12-14,cool,TWI.Dinf.res1.gauss_1.5sigma,0.188038290133061,0.387868165737957,-0.532691170593694,-0.00631980461275536,TWI,gauss,1,,,1.5,Dinf,
2017-12-22,2018-01-20,cool,TWI.Dinf.res1.gauss_1.5sigma,0.305726422724851,0.346802894491612,0.108005054691328,0.0705914532761675,TWI,gauss,1,,,1.5,Dinf,
2018-05-25,2018-06-07,warm,TWI.Dinf.res1.gauss_1.5sigma,0.380301378673344,0.386904641674896,0.249125531095819,0.170063510272157,TWI,gauss,1,,,1.5,Dinf,
2019-03-30,2019-04-12,cool,TWI.Dinf.res1.gauss_1.5sigma,0.569955291161182,0.636793350907333,0.413909320484544,0.442124240183371,TWI,gauss,1,,,1.5,Dinf,
2019-08-23,2019-09-13,warm,TWI.Dinf.res1.gauss_1.5sigma,0.000352550926792266,0.252989436825516,-0.418124449563987,-0.231093099552304,TWI,gauss,1,,,1.5,Dinf,
2020-08-11,2020-08-26,warm,TWI.Dinf.res1.gauss_1.5sigma,0.107815020437351,0.116762655675415,-0.659412437282899,-0.62125478262454,TWI,gauss,1,,,1.5,Dinf,
2020-09-01,2020-09-20,warm,TWI.Dinf.res1.gauss_1.5sigma,0.0517001202824243,0.160142610013316,-0.628088368603581,-0.34745103358953,TWI,gauss,1,,,1.5,Dinf,
2020-09-27,2020-10-17,cool,TWI.Dinf.res1.gauss_1.5sigma,0.0999416360254044,0.149433297752431,-0.282975433069713,-0.266931763591589,TWI,gauss,1,,,1.5,Dinf,
2021-03-25,2021-04-06,cool,TWI.Dinf.res1.gauss_1.5sigma,0.348502299227791,0.412035376495741,0.269789839268056,0.291858463909837,TWI,gauss,1,,,1.5,Dinf,
2021-09-05,2021-09-20,warm,TWI.Dinf.res1.gauss_1.5sigma,0.0358555595001817,0.333821570829715,-0.377968504125072,0.121024146920103,TWI,gauss,1,,,1.5,Dinf,
2017-08-27,2017-09-16,warm,TWI.Dinf.res1.gauss_2.0sigma,0.537181166189458,0.538478840441899,0.250786260809138,0.225701180197104,TWI,gauss,1,,,2,Dinf,
2017-11-29,2017-12-14,cool,TWI.Dinf.res1.gauss_2.0sigma,0.338756581700238,0.519266608323986,-0.118043557768431,0.250784377694222,TWI,gauss,1,,,2,Dinf,
2017-12-22,2018-01-20,cool,TWI.Dinf.res1.gauss_2.0sigma,0.412428997016665,0.459584921091583,0.303302577080025,0.286717190411503,TWI,gauss,1,,,2,Dinf,
2018-05-25,2018-06-07,warm,TWI.Dinf.res1.gauss_2.0sigma,0.445582767656861,0.453170628368904,0.355603320239976,0.288848552646604,TWI,gauss,1,,,2,Dinf,
2019-03-30,2019-04-12,cool,TWI.Dinf.res1.gauss_2.0sigma,0.607382917079903,0.680763429638958,0.485202335987453,0.511271821733171,TWI,gauss,1,,,2,Dinf,
2019-08-23,2019-09-13,warm,TWI.Dinf.res1.gauss_2.0sigma,0.186843974654396,0.334482140854059,-0.500965420361129,-0.253893614669869,TWI,gauss,1,,,2,Dinf,
2020-08-11,2020-08-26,warm,TWI.Dinf.res1.gauss_2.0sigma,0.137250581389856,0.145050019604409,-0.624526677787731,-0.585467488088121,TWI,gauss,1,,,2,Dinf,
2020-09-01,2020-09-20,warm,TWI.Dinf.res1.gauss_2.0sigma,0.0719665971993397,0.16781745458592,-0.720937136263312,-0.332540270488684,TWI,gauss,1,,,2,Dinf,
2020-09-27,2020-10-17,cool,TWI.Dinf.res1.gauss_2.0sigma,0.0907201416027931,0.145530783901369,-0.336724970566187,-0.280687972585428,TWI,gauss,1,,,2,Dinf,
2021-03-25,2021-04-06,cool,TWI.Dinf.res1.gauss_2.0sigma,0.372758892749613,0.427307726540541,0.291170981438747,0.300046680825897,TWI,gauss,1,,,2,Dinf,
2021-09-05,2021-09-20,warm,TWI.Dinf.res1.gauss_2.0sigma,0.0529809490073229,0.334108170569045,-0.305646906921424,0.0773765396467144,TWI,gauss,1,,,2,Dinf,
2017-08-27,2017-09-16,warm,TWI.Dinf.res1.gauss_2.5sigma,0.544203914895306,0.545619278277677,0.269386604723886,0.240521730546583,TWI,gauss,1,,,2.5,Dinf,
2017-11-29,2017-12-14,cool,TWI.Dinf.res1.gauss_2.5sigma,0.398749648574515,0.567882355479525,0.136390815814048,0.35006709456602,TWI,gauss,1,,,2.5,Dinf,
2017-12-22,2018-01-20,cool,TWI.Dinf.res1.gauss_2.5sigma,0.429964219308293,0.476301068985874,0.328921969982068,0.308142045647414,TWI,gauss,1,,,2.5,Dinf,
2018-05-25,2018-06-07,warm,TWI.Dinf.res1.gauss_2.5sigma,0.447603601646286,0.457986865739042,0.34400653903416,0.274645024447024,TWI,gauss,1,,,2.5,Dinf,
2019-03-30,2019-04-12,cool,TWI.Dinf.res1.gauss_2.5sigma,0.59673041110427,0.683159818535286,0.474096922023951,0.512242782599782,TWI,gauss,1,,,2.5,Dinf,
2019-08-23,2019-09-13,warm,TWI.Dinf.res1.gauss_2.5sigma,0.275542623945569,0.386822543757044,-0.473963823703648,-0.261117496088255,TWI,gauss,1,,,2.5,Dinf,
2020-08-11,2020-08-26,warm,TWI.Dinf.res1.gauss_2.5sigma,0.158115870899224,0.164413559018769,-0.464414752765566,-0.462135431958349,TWI,gauss,1,,,2.5,Dinf,
2020-09-01,2020-09-20,warm,TWI.Dinf.res1.gauss_2.5sigma,0.0920975811412853,0.175587881777575,-0.650754449292795,-0.290672935949788,TWI,gauss,1,,,2.5,Dinf,
2020-09-27,2020-10-17,cool,TWI.Dinf.res1.gauss_2.5sigma,0.0738843067719077,0.138734526104971,-0.394077166240135,-0.288528542976387,TWI,gauss,1,,,2.5,Dinf,
2021-03-25,2021-04-06,cool,TWI.Dinf.res1.gauss_2.5sigma,0.368488508517519,0.423478193408348,0.272375198099667,0.279288997282193,TWI,gauss,1,,,2.5,Dinf,
2021-09-05,2021-09-20,warm,TWI.Dinf.res1.gauss_2.5sigma,0.0908908605224444,0.337706147206642,-0.213697284984762,0.0526307261027602,TWI,gauss,1,,,2.5,Dinf,
2017-08-27,2017-09-16,warm,TWI.Dinf.res1.gauss_3.5sigma,0.508919432239501,0.512061575743149,0.253165206699759,0.221739857456064,TWI,gauss,1,,,3.5,Dinf,
2017-11-29,2017-12-14,cool,TWI.Dinf.res1.gauss_3.5sigma,0.453876690409484,0.605311513274258,0.33807655909203,0.449104208673879,TWI,gauss,1,,,3.5,Dinf,
2017-12-22,2018-01-20,cool,TWI.Dinf.res1.gauss_3.5sigma,0.437734963137767,0.486179465920098,0.345253370412495,0.330457902711892,TWI,gauss,1,,,3.5,Dinf,
2018-05-25,2018-06-07,warm,TWI.Dinf.res1.gauss_3.5sigma,0.438681815150256,0.449287009197277,0.311429001463674,0.224479482944914,TWI,gauss,1,,,3.5,Dinf,
2019-03-30,2019-04-12,cool,TWI.Dinf.res1.gauss_3.5sigma,0.595435252027167,0.684517971580167,0.466058609862041,0.503486335656562,TWI,gauss,1,,,3.5,Dinf,
2019-08-23,2019-09-13,warm,TWI.Dinf.res1.gauss_3.5sigma,0.369883625716355,0.458836376226665,-0.354793827610913,-0.197412641236704,TWI,gauss,1,,,3.5,Dinf,
2020-08-11,2020-08-26,warm,TWI.Dinf.res1.gauss_3.5sigma,0.267734872567369,0.271157663927925,0.102704309680136,0.0659271632893302,TWI,gauss,1,,,3.5,Dinf,
2020-09-01,2020-09-20,warm,TWI.Dinf.res1.gauss_3.5sigma,0.208602371371666,0.25139274124032,0.0264307137436803,0.0176300783747053,TWI,gauss,1,,,3.5,Dinf,
2020-09-27,2020-10-17,cool,TWI.Dinf.res1.gauss_3.5sigma,0.0400695249719273,0.125599147850489,-0.302193921429944,-0.2451459746627,TWI,gauss,1,,,3.5,Dinf,
2021-03-25,2021-04-06,cool,TWI.Dinf.res1.gauss_3.5sigma,0.345814295289499,0.403878662370831,0.225059817206525,0.234685942021591,TWI,gauss,1,,,3.5,Dinf,
2021-09-05,2021-09-20,warm,TWI.Dinf.res1.gauss_3.5sigma,0.237727671759405,0.372000364803972,-0.011201570809883,0.111989608997464,TWI,gauss,1,,,3.5,Dinf,
2017-08-27,2017-09-16,warm,TWI.Dinf.res1.gauss_5.0sigma,0.520122652427398,0.523772624006614,0.259466137846627,0.227235990081214,TWI,gauss,1,,,5,Dinf,
2017-11-29,2017-12-14,cool,TWI.Dinf.res1.gauss_5.0sigma,0.478531657468674,0.621441772901649,0.39404446891103,0.486465245247325,TWI,gauss,1,,,5,Dinf,
2017-12-22,2018-01-20,cool,TWI.Dinf.res1.gauss_5.0sigma,0.460464134258912,0.516169144677687,0.373670207068703,0.376121282979593,TWI,gauss,1,,,5,Dinf,
2018-05-25,2018-06-07,warm,TWI.Dinf.res1.gauss_5.0sigma,0.434992601165189,0.441698243677995,0.3002124343306,0.197275688781277,TWI,gauss,1,,,5,Dinf,
2019-03-30,2019-04-12,cool,TWI.Dinf.res1.gauss_5.0sigma,0.552733184184542,0.643194653783086,0.396731418687654,0.423600932202123,TWI,gauss,1,,,5,Dinf,
2019-08-23,2019-09-13,warm,TWI.Dinf.res1.gauss_5.0sigma,0.410547983003419,0.503238784002302,-0.150384868368893,-0.0237327836411614,TWI,gauss,1,,,5,Dinf,
2020-08-11,2020-08-26,warm,TWI.Dinf.res1.gauss_5.0sigma,0.434198865286976,0.436513512696948,0.305620628440027,0.288100853298536,TWI,gauss,1,,,5,Dinf,
2020-09-01,2020-09-20,warm,TWI.Dinf.res1.gauss_5.0sigma,0.379997153900194,0.400703544873384,0.214992235885263,0.205056614947798,TWI,gauss,1,,,5,Dinf,
2020-09-27,2020-10-17,cool,TWI.Dinf.res1.gauss_5.0sigma,0.211717691384589,0.238427644109971,-0.0553089257174447,-0.0750629629630332,TWI,gauss,1,,,5,Dinf,
2021-03-25,2021-04-06,cool,TWI.Dinf.res1.gauss_5.0sigma,0.298649488239064,0.362339942802662,0.169259104145792,0.180814818934725,TWI,gauss,1,,,5,Dinf,
2021-09-05,2021-09-20,warm,TWI.Dinf.res1.gauss_5.0sigma,0.28788041543198,0.397580101160261,0.0598633028318525,0.151104588472763,TWI,gauss,1,,,5,Dinf,
2017-08-27,2017-09-16,warm,TWI.Dinf.res1.NFNW,0.279407294263862,0.300401268227636,-0.100539905330995,-0.155572514128446,TWI,NFNW,1,,,,Dinf,
2017-11-29,2017-12-14,cool,TWI.Dinf.res1.NFNW,0.0359182661287549,0.308902405766021,-0.727658891251771,-0.108063234617785,TWI,NFNW,1,,,,Dinf,
2017-12-22,2018-01-20,cool,TWI.Dinf.res1.NFNW,0.0629150860866583,0.150709471951294,-0.668925531254607,-0.456037704703949,TWI,NFNW,1,,,,Dinf,
2018-05-25,2018-06-07,warm,TWI.Dinf.res1.NFNW,0.0920339746290147,0.111094576764601,-0.318748149615988,-0.4584797036341,TWI,NFNW,1,,,,Dinf,
2019-03-30,2019-04-12,cool,TWI.Dinf.res1.NFNW,0.102485188749571,0.39770307305292,-0.523603874601508,0.0162214791943035,TWI,NFNW,1,,,,Dinf,
2019-08-23,2019-09-13,warm,TWI.Dinf.res1.NFNW,0.134146472784849,0.298582521133987,-0.408190439561722,-0.0578632991898878,TWI,NFNW,1,,,,Dinf,
2020-08-11,2020-08-26,warm,TWI.Dinf.res1.NFNW,0.356157248379631,0.356158357488,0.137694844621123,0.118129323784378,TWI,NFNW,1,,,,Dinf,
2020-09-01,2020-09-20,warm,TWI.Dinf.res1.NFNW,0.291203068045344,0.331294966182244,0.0311779081244416,0.0181286646215012,TWI,NFNW,1,,,,Dinf,
2020-09-27,2020-10-17,cool,TWI.Dinf.res1.NFNW,0.243331870117762,0.275940135336096,-0.0631718505632894,-0.0819472138838431,TWI,NFNW,1,,,,Dinf,
2021-03-25,2021-04-06,cool,TWI.Dinf.res1.NFNW,0.173332891070309,0.292572642841755,-0.150451892170269,0.0470723040719755,TWI,NFNW,1,,,,Dinf,
2021-09-05,2021-09-20,warm,TWI.Dinf.res1.NFNW,0.155731840347725,0.369146888099319,-0.0498102784718928,0.184001014731473,TWI,NFNW,1,,,,Dinf,
2017-08-27,2017-09-16,warm,TWI.Dinf.res1.SSC1,0.112837177529112,0.172410190373091,-0.730088774259141,-0.569269486134021,TWI,SSC,1,,1,,Dinf,
2017-11-29,2017-12-14,cool,TWI.Dinf.res1.SSC1,0.290380888435305,0.388004007491624,-0.172950025608467,-0.0667834794765611,TWI,SSC,1,,1,,Dinf,
2017-12-22,2018-01-20,cool,TWI.Dinf.res1.SSC1,0.264344166714369,0.275903673069468,-0.175582536174691,-0.248301543423676,TWI,SSC,1,,1,,Dinf,
2018-05-25,2018-06-07,warm,TWI.Dinf.res1.SSC1,0.219744255573706,0.2445391824885,-0.144361556148426,-0.203880489352672,TWI,SSC,1,,1,,Dinf,
2019-03-30,2019-04-12,cool,TWI.Dinf.res1.SSC1,0.176662341844201,0.443257583605885,-0.584518255763289,0.00403042655666055,TWI,SSC,1,,1,,Dinf,
2019-08-23,2019-09-13,warm,TWI.Dinf.res1.SSC1,0.217038033355343,0.340179225756461,-0.201884805207911,-0.0315902058270362,TWI,SSC,1,,1,,Dinf,
2020-08-11,2020-08-26,warm,TWI.Dinf.res1.SSC1,0.125658163990617,0.125725340110589,-0.246775035520907,-0.276147311526182,TWI,SSC,1,,1,,Dinf,
2020-09-01,2020-09-20,warm,TWI.Dinf.res1.SSC1,0.0148845352066499,0.146381568908743,-0.667350718863461,-0.235954320456451,TWI,SSC,1,,1,,Dinf,
2020-09-27,2020-10-17,cool,TWI.Dinf.res1.SSC1,0.0443303817529586,0.126943986628833,-0.574437989469329,-0.29943023560635,TWI,SSC,1,,1,,Dinf,
2021-03-25,2021-04-06,cool,TWI.Dinf.res1.SSC1,0.166803621627311,0.280840010293735,-0.143036525204498,0.0225316603259809,TWI,SSC,1,,1,,Dinf,
2021-09-05,2021-09-20,warm,TWI.Dinf.res1.SSC1,0.164526174449081,0.377911542079278,-0.0560170009818799,0.192974314420873,TWI,SSC,1,,1,,Dinf,
2017-08-27,2017-09-16,warm,TWI.Dinf.res1.SSC10,0.560432485637932,0.563677624174909,0.285485015349616,0.250213799161616,TWI,SSC,1,,10,,Dinf,
2017-11-29,2017-12-14,cool,TWI.Dinf.res1.SSC10,0.476546001640141,0.616349470044673,0.379917338952814,0.462155687108453,TWI,SSC,1,,10,,Dinf,
2017-12-22,2018-01-20,cool,TWI.Dinf.res1.SSC10,0.442135474430064,0.497662324205758,0.353136681508276,0.344288654721943,TWI,SSC,1,,10,,Dinf,
2018-05-25,2018-06-07,warm,TWI.Dinf.res1.SSC10,0.42691976852521,0.433499306874789,0.258399666125852,0.150281270927016,TWI,SSC,1,,10,,Dinf,
2019-03-30,2019-04-12,cool,TWI.Dinf.res1.SSC10,0.479436222265524,0.587935777820628,0.29088611345494,0.331269163543767,TWI,SSC,1,,10,,Dinf,
2019-08-23,2019-09-13,warm,TWI.Dinf.res1.SSC10,0.400965566550221,0.49197430785576,-0.17497054554252,-0.0369635547465281,TWI,SSC,1,,10,,Dinf,
2020-08-11,2020-08-26,warm,TWI.Dinf.res1.SSC10,0.468793011972726,0.470193055908082,0.349411772833364,0.332360678437009,TWI,SSC,1,,10,,Dinf,
2020-09-01,2020-09-20,warm,TWI.Dinf.res1.SSC10,0.405607314315066,0.424509196386877,0.243860967609415,0.231614295099126,TWI,SSC,1,,10,,Dinf,
2020-09-27,2020-10-17,cool,TWI.Dinf.res1.SSC10,0.241690083317571,0.264639937684531,-0.0356096644823646,-0.0592129655953512,TWI,SSC,1,,10,,Dinf,
2021-03-25,2021-04-06,cool,TWI.Dinf.res1.SSC10,0.305012521273286,0.368327657922826,0.168734326859484,0.17740713525104,TWI,SSC,1,,10,,Dinf,
2021-09-05,2021-09-20,warm,TWI.Dinf.res1.SSC10,0.322849272186409,0.427400739142767,0.0361955276216686,0.100094202433231,TWI,SSC,1,,10,,Dinf,
2017-08-27,2017-09-16,warm,TWI.Dinf.res1.SSC2,0.404352338451427,0.410506186285169,0.0615353207138771,0.0387026313928181,TWI,SSC,1,,2,,Dinf,
2017-11-29,2017-12-14,cool,TWI.Dinf.res1.SSC2,0.106186982402375,0.344243090144833,-0.583958181042689,-0.0708835573550658,TWI,SSC,1,,2,,Dinf,
2017-12-22,2018-01-20,cool,TWI.Dinf.res1.SSC2,0.338074586833765,0.383646766143668,0.189530710152328,0.175494175765245,TWI,SSC,1,,2,,Dinf,
2018-05-25,2018-06-07,warm,TWI.Dinf.res1.SSC2,0.389068064407,0.391334071327076,0.20201110722063,0.14212340397102,TWI,SSC,1,,2,,Dinf,
2019-03-30,2019-04-12,cool,TWI.Dinf.res1.SSC2,0.500358371319401,0.57294079848857,0.282971824175974,0.348019388474281,TWI,SSC,1,,2,,Dinf,
2019-08-23,2019-09-13,warm,TWI.Dinf.res1.SSC2,0.0461173046991725,0.25089763987026,-0.388291157843362,-0.131118503054883,TWI,SSC,1,,2,,Dinf,
2020-08-11,2020-08-26,warm,TWI.Dinf.res1.SSC2,0.166231436063975,0.181178652396715,-0.40827119836683,-0.36403157601159,TWI,SSC,1,,2,,Dinf,
2020-09-01,2020-09-20,warm,TWI.Dinf.res1.SSC2,0.122380104490643,0.208717164982768,-0.417210926889872,-0.127084742840846,TWI,SSC,1,,2,,Dinf,
2020-09-27,2020-10-17,cool,TWI.Dinf.res1.SSC2,0.0107516406321656,0.120479761111525,-0.598878760655342,-0.30032809566711,TWI,SSC,1,,2,,Dinf,
2021-03-25,2021-04-06,cool,TWI.Dinf.res1.SSC2,0.367159606539233,0.42599610078768,0.293649287787223,0.314167768691304,TWI,SSC,1,,2,,Dinf,
2021-09-05,2021-09-20,warm,TWI.Dinf.res1.SSC2,0.0223837573004998,0.332747589825195,-0.409424498913992,0.137861927193288,TWI,SSC,1,,2,,Dinf,
2017-08-27,2017-09-16,warm,TWI.Dinf.res1.SSC3,0.535470323729276,0.535636752027685,0.226139778450909,0.203619026692736,TWI,SSC,1,,3,,Dinf,
2017-11-29,2017-12-14,cool,TWI.Dinf.res1.SSC3,0.272364557966181,0.480995923140365,-0.166660787377617,0.231306099864586,TWI,SSC,1,,3,,Dinf,
2017-12-22,2018-01-20,cool,TWI.Dinf.res1.SSC3,0.408656507665659,0.466064151755334,0.307764044215067,0.312575180861574,TWI,SSC,1,,3,,Dinf,
2018-05-25,2018-06-07,warm,TWI.Dinf.res1.SSC3,0.432730048442675,0.435795606672927,0.33921011096246,0.279422328278806,TWI,SSC,1,,3,,Dinf,
2019-03-30,2019-04-12,cool,TWI.Dinf.res1.SSC3,0.610031264293099,0.66913376564536,0.485421607185113,0.495977878486857,TWI,SSC,1,,3,,Dinf,
2019-08-23,2019-09-13,warm,TWI.Dinf.res1.SSC3,0.151609929594845,0.336344737401272,-0.463712936988705,-0.12180678937386,TWI,SSC,1,,3,,Dinf,
2020-08-11,2020-08-26,warm,TWI.Dinf.res1.SSC3,0.13931172592851,0.150311861924606,-0.610280175978167,-0.564162428345881,TWI,SSC,1,,3,,Dinf,
2020-09-01,2020-09-20,warm,TWI.Dinf.res1.SSC3,0.0646084376148435,0.169789589628608,-0.760474801437481,-0.335521265238906,TWI,SSC,1,,3,,Dinf,
2020-09-27,2020-10-17,cool,TWI.Dinf.res1.SSC3,0.0889770192874381,0.140175592297881,-0.383017228244478,-0.30873200641037,TWI,SSC,1,,3,,Dinf,
2021-03-25,2021-04-06,cool,TWI.Dinf.res1.SSC3,0.387992571882884,0.436477647560117,0.323062611488276,0.327524912012906,TWI,SSC,1,,3,,Dinf,
2021-09-05,2021-09-20,warm,TWI.Dinf.res1.SSC3,0.00140035241421978,0.332384898982876,-0.437170000651586,0.118895712854037,TWI,SSC,1,,3,,Dinf,
2017-08-27,2017-09-16,warm,TWI.Dinf.res1.SSC4,0.586419843476241,0.5864244384921,0.287620891855207,0.265172360139643,TWI,SSC,1,,4,,Dinf,
2017-11-29,2017-12-14,cool,TWI.Dinf.res1.SSC4,0.357585778160814,0.559261470443186,0.0113703564023422,0.336616330041384,TWI,SSC,1,,4,,Dinf,
2017-12-22,2018-01-20,cool,TWI.Dinf.res1.SSC4,0.450150200393238,0.510530986034805,0.361815404447529,0.370189173939915,TWI,SSC,1,,4,,Dinf,
2018-05-25,2018-06-07,warm,TWI.Dinf.res1.SSC4,0.465101737715881,0.47019764282158,0.379117331531957,0.321890177419796,TWI,SSC,1,,4,,Dinf,
2019-03-30,2019-04-12,cool,TWI.Dinf.res1.SSC4,0.624646329641397,0.693427519578386,0.51595569562921,0.531206605376262,TWI,SSC,1,,4,,Dinf,
2019-08-23,2019-09-13,warm,TWI.Dinf.res1.SSC4,0.265962392383657,0.401022781604896,-0.463893932143178,-0.189411078097709,TWI,SSC,1,,4,,Dinf,
2020-08-11,2020-08-26,warm,TWI.Dinf.res1.SSC4,0.160963450451624,0.170447918384807,-0.466472122619106,-0.458472782781951,TWI,SSC,1,,4,,Dinf,
2020-09-01,2020-09-20,warm,TWI.Dinf.res1.SSC4,0.0911852070507686,0.181408815730552,-0.696691272637017,-0.291460349631464,TWI,SSC,1,,4,,Dinf,
2020-09-27,2020-10-17,cool,TWI.Dinf.res1.SSC4,0.0716127483335399,0.133752492318976,-0.411639674223613,-0.300056174018757,TWI,SSC,1,,4,,Dinf,
2021-03-25,2021-04-06,cool,TWI.Dinf.res1.SSC4,0.389974374023037,0.438790833163055,0.317247663743045,0.317934148284831,TWI,SSC,1,,4,,Dinf,
2021-09-05,2021-09-20,warm,TWI.Dinf.res1.SSC4,0.034934937754325,0.332768632420543,-0.361574656103423,0.0752108343684844,TWI,SSC,1,,4,,Dinf,
2017-08-27,2017-09-16,warm,TWI.Dinf.res1.SSC5,0.584274764382064,0.584701888315607,0.304131063057191,0.275195908857788,TWI,SSC,1,,5,,Dinf,
2017-11-29,2017-12-14,cool,TWI.Dinf.res1.SSC5,0.403641058790443,0.579113150936867,0.111060466813069,0.344999922711101,TWI,SSC,1,,5,,Dinf,
2017-12-22,2018-01-20,cool,TWI.Dinf.res1.SSC5,0.467676879323955,0.520343349651984,0.382162304263346,0.378659766524366,TWI,SSC,1,,5,,Dinf,
2018-05-25,2018-06-07,warm,TWI.Dinf.res1.SSC5,0.440580979946833,0.448314787259633,0.294183635735471,0.218676790856312,TWI,SSC,1,,5,,Dinf,
2019-03-30,2019-04-12,cool,TWI.Dinf.res1.SSC5,0.588804546903568,0.675155075710815,0.468603181809586,0.50440177630507,TWI,SSC,1,,5,,Dinf,
2019-08-23,2019-09-13,warm,TWI.Dinf.res1.SSC5,0.340252883830217,0.443736195029609,-0.47123795703523,-0.250904399070232,TWI,SSC,1,,5,,Dinf,
2020-08-11,2020-08-26,warm,TWI.Dinf.res1.SSC5,0.223722927604667,0.231679786867964,-0.0609495341547213,-0.0944357065103517,TWI,SSC,1,,5,,Dinf,
2020-09-01,2020-09-20,warm,TWI.Dinf.res1.SSC5,0.163351220064472,0.225824130986558,-0.162677291754109,-0.090402489949709,TWI,SSC,1,,5,,Dinf,
2020-09-27,2020-10-17,cool,TWI.Dinf.res1.SSC5,0.00171829665328441,0.1204164469668,-0.56059705041109,-0.296376856200614,TWI,SSC,1,,5,,Dinf,
2021-03-25,2021-04-06,cool,TWI.Dinf.res1.SSC5,0.367528029340496,0.421694753550866,0.278331120861251,0.28042362504829,TWI,SSC,1,,5,,Dinf,
2021-09-05,2021-09-20,warm,TWI.Dinf.res1.SSC5,0.115476480014669,0.342542072040839,-0.196597104889131,0.052620977228638,TWI,SSC,1,,5,,Dinf,
2017-08-27,2017-09-16,warm,TWI.Dinf.res1.SSC7,0.560591786750331,0.562671943834949,0.286406752030393,0.252646050992217,TWI,SSC,1,,7,,Dinf,
2017-11-29,2017-12-14,cool,TWI.Dinf.res1.SSC7,0.468200390216785,0.614863798725313,0.353300491119389,0.453174884789969,TWI,SSC,1,,7,,Dinf,
2017-12-22,2018-01-20,cool,TWI.Dinf.res1.SSC7,0.466476309132313,0.51552511668031,0.384957642510533,0.373940605097283,TWI,SSC,1,,7,,Dinf,
2018-05-25,2018-06-07,warm,TWI.Dinf.res1.SSC7,0.441118507506743,0.45002657624893,0.284498775470874,0.198086680403998,TWI,SSC,1,,7,,Dinf,
2019-03-30,2019-04-12,cool,TWI.Dinf.res1.SSC7,0.556102274444587,0.658890186481245,0.403947061264741,0.454899949012772,TWI,SSC,1,,7,,Dinf,
2019-08-23,2019-09-13,warm,TWI.Dinf.res1.SSC7,0.437335164789014,0.515087733268462,-0.187112038413461,-0.0543224495216323,TWI,SSC,1,,7,,Dinf,
2020-08-11,2020-08-26,warm,TWI.Dinf.res1.SSC7,0.32166225779521,0.325174928783832,0.200388873095584,0.168859164004293,TWI,SSC,1,,7,,Dinf,
2020-09-01,2020-09-20,warm,TWI.Dinf.res1.SSC7,0.257565202988783,0.292188426858252,0.114465093841885,0.095249710045967,TWI,SSC,1,,7,,Dinf,
2020-09-27,2020-10-17,cool,TWI.Dinf.res1.SSC7,0.0967935422345359,0.151937247589442,-0.18277457875662,-0.18734654373892,TWI,SSC,1,,7,,Dinf,
2021-03-25,2021-04-06,cool,TWI.Dinf.res1.SSC7,0.331614814301159,0.392591522232125,0.209131653207293,0.217477225016079,TWI,SSC,1,,7,,Dinf,
2021-09-05,2021-09-20,warm,TWI.Dinf.res1.SSC7,0.318872633971394,0.412784964652227,0.147141241250787,0.198172223268668,TWI,SSC,1,,7,,Dinf,
2017-08-27,2017-09-16,warm,TWI.Dinf.res10.NFNW,0.75054224406774,0.75310378301686,0.592010221808765,0.541313858539534,TWI,NFNW,10,,,,Dinf,
2017-11-29,2017-12-14,cool,TWI.Dinf.res10.NFNW,0.561626173405424,0.678179599042976,0.431473577880957,0.499039883210679,TWI,NFNW,10,,,,Dinf,
2017-12-22,2018-01-20,cool,TWI.Dinf.res10.NFNW,0.55658384367033,0.59237476985559,0.496140327848594,0.481666419294064,TWI,NFNW,10,,,,Dinf,
2018-05-25,2018-06-07,warm,TWI.Dinf.res10.NFNW,0.367687341306248,0.377042766639061,0.107038820296506,0.0610393031044403,TWI,NFNW,10,,,,Dinf,
2019-03-30,2019-04-12,cool,TWI.Dinf.res10.NFNW,0.532542301069098,0.652215199200803,0.37829651312755,0.464892251688358,TWI,NFNW,10,,,,Dinf,
2019-08-23,2019-09-13,warm,TWI.Dinf.res10.NFNW,0.572493400019953,0.624581145845406,0.320718133289446,0.3166216020417,TWI,NFNW,10,,,,Dinf,
2020-08-11,2020-08-26,warm,TWI.Dinf.res10.NFNW,0.41786111464045,0.424208501291671,0.339780023319853,0.313994069463771,TWI,NFNW,10,,,,Dinf,
2020-09-01,2020-09-20,warm,TWI.Dinf.res10.NFNW,0.286539538483483,0.323095851874556,0.158731185050625,0.145046239272247,TWI,NFNW,10,,,,Dinf,
2020-09-27,2020-10-17,cool,TWI.Dinf.res10.NFNW,0.0948682568941954,0.153908709638951,-0.255116628209464,-0.208761359701581,TWI,NFNW,10,,,,Dinf,
2021-03-25,2021-04-06,cool,TWI.Dinf.res10.NFNW,0.355278979912958,0.431793934249319,0.266481755702236,0.304152903451833,TWI,NFNW,10,,,,Dinf,
2021-09-05,2021-09-20,warm,TWI.Dinf.res10.NFNW,0.310293881052182,0.43383112051078,0.185069757693737,0.274677772003492,TWI,NFNW,10,,,,Dinf,
2017-08-27,2017-09-16,warm,TWI.Dinf.res2.NFNW,0.581978885347596,0.581998306480681,0.305236590915053,0.284452790983802,TWI,NFNW,2,,,,Dinf,
2017-11-29,2017-12-14,cool,TWI.Dinf.res2.NFNW,0.275768067132382,0.472101005926503,-0.402537280486116,0.0410727841909793,TWI,NFNW,2,,,,Dinf,
2017-12-22,2018-01-20,cool,TWI.Dinf.res2.NFNW,0.457174820218073,0.507275969231251,0.36703210144682,0.373160562386655,TWI,NFNW,2,,,,Dinf,
2018-05-25,2018-06-07,warm,TWI.Dinf.res2.NFNW,0.565939718208377,0.567241870504415,0.466598952920522,0.425759079167983,TWI,NFNW,2,,,,Dinf,
2019-03-30,2019-04-12,cool,TWI.Dinf.res2.NFNW,0.453881499926513,0.542340625461519,0.265094455653696,0.326942137657112,TWI,NFNW,2,,,,Dinf,
2019-08-23,2019-09-13,warm,TWI.Dinf.res2.NFNW,0.0274210364466224,0.252244069621972,-0.375854257265815,-0.115802326555468,TWI,NFNW,2,,,,Dinf,
2020-08-11,2020-08-26,warm,TWI.Dinf.res2.NFNW,0.170201057434177,0.186072743321721,-0.416069971627346,-0.351119390580858,TWI,NFNW,2,,,,Dinf,
2020-09-01,2020-09-20,warm,TWI.Dinf.res2.NFNW,0.0919765018132974,0.191314753162203,-0.694948967076735,-0.25449187541766,TWI,NFNW,2,,,,Dinf,
2020-09-27,2020-10-17,cool,TWI.Dinf.res2.NFNW,0.0487630920835386,0.122716947806945,-0.527512618700008,-0.355831176268874,TWI,NFNW,2,,,,Dinf,
2021-03-25,2021-04-06,cool,TWI.Dinf.res2.NFNW,0.368556132251702,0.420643817076963,0.292715380762633,0.306876816445824,TWI,NFNW,2,,,,Dinf,
2021-09-05,2021-09-20,warm,TWI.Dinf.res2.NFNW,0.0446436947425059,0.333884593684656,-0.407082000502715,0.0737077203559081,TWI,NFNW,2,,,,Dinf,
2017-08-27,2017-09-16,warm,TWI.Dinf.res3.NFNW,0.598546206157019,0.600473003104965,0.387783822429612,0.34204602627516,TWI,NFNW,3,,,,Dinf,
2017-11-29,2017-12-14,cool,TWI.Dinf.res3.NFNW,0.417083669613896,0.575089905697146,0.203411289836391,0.33509072437898,TWI,NFNW,3,,,,Dinf,
2017-12-22,2018-01-20,cool,TWI.Dinf.res3.NFNW,0.52613936063134,0.567188162110068,0.442646984512693,0.427887563796771,TWI,NFNW,3,,,,Dinf,
2018-05-25,2018-06-07,warm,TWI.Dinf.res3.NFNW,0.341935647150883,0.351744313001447,0.0714044806439903,0.0123123695245951,TWI,NFNW,3,,,,Dinf,
2019-03-30,2019-04-12,cool,TWI.Dinf.res3.NFNW,0.598872598062057,0.691677488053074,0.480633566450542,0.525191720026378,TWI,NFNW,3,,,,Dinf,
2019-08-23,2019-09-13,warm,TWI.Dinf.res3.NFNW,0.453512396339286,0.528484905842981,-0.0587817624153518,0.000549399504673209,TWI,NFNW,3,,,,Dinf,
2020-08-11,2020-08-26,warm,TWI.Dinf.res3.NFNW,0.170552203416251,0.1800623212258,-0.341875683551309,-0.349024676263074,TWI,NFNW,3,,,,Dinf,
2020-09-01,2020-09-20,warm,TWI.Dinf.res3.NFNW,0.0909832851782168,0.179625495092946,-0.621345355810098,-0.287343364941579,TWI,NFNW,3,,,,Dinf,
2020-09-27,2020-10-17,cool,TWI.Dinf.res3.NFNW,0.0885959595273993,0.143200088298762,-0.388574300251492,-0.283804477226273,TWI,NFNW,3,,,,Dinf,
2021-03-25,2021-04-06,cool,TWI.Dinf.res3.NFNW,0.349633876831777,0.417547131349204,0.266282012238324,0.289541588188302,TWI,NFNW,3,,,,Dinf,
2021-09-05,2021-09-20,warm,TWI.Dinf.res3.NFNW,0.097581247239522,0.341155784435376,-0.255945506290871,0.134647710139049,TWI,NFNW,3,,,,Dinf,
2017-08-27,2017-09-16,warm,TWI.Dinf.res4.NFNW,0.655177214108304,0.660168153914549,0.41894038082143,0.362774581378569,TWI,NFNW,4,,,,Dinf,
2017-11-29,2017-12-14,cool,TWI.Dinf.res4.NFNW,0.477114750504969,0.602018970540935,0.327457238353306,0.405166823156358,TWI,NFNW,4,,,,Dinf,
2017-12-22,2018-01-20,cool,TWI.Dinf.res4.NFNW,0.461779799348986,0.498099175137836,0.365265680415868,0.324687321494047,TWI,NFNW,4,,,,Dinf,
2018-05-25,2018-06-07,warm,TWI.Dinf.res4.NFNW,0.475504528695654,0.489339599649693,0.333563705339016,0.284727068544764,TWI,NFNW,4,,,,Dinf,
2019-03-30,2019-04-12,cool,TWI.Dinf.res4.NFNW,0.531068965054748,0.657295550932052,0.359942362487216,0.436558645041354,TWI,NFNW,4,,,,Dinf,
2019-08-23,2019-09-13,warm,TWI.Dinf.res4.NFNW,0.376942936113517,0.446433059809606,-0.0775870160344277,0.00357716630797514,TWI,NFNW,4,,,,Dinf,
2020-08-11,2020-08-26,warm,TWI.Dinf.res4.NFNW,0.282117141853401,0.284419312122535,0.104678461503619,0.0615355020847113,TWI,NFNW,4,,,,Dinf,
2020-09-01,2020-09-20,warm,TWI.Dinf.res4.NFNW,0.203848295794406,0.244461222940822,-0.0189119621377206,-0.0361779381441404,TWI,NFNW,4,,,,Dinf,
2020-09-27,2020-10-17,cool,TWI.Dinf.res4.NFNW,0.0318064249464132,0.122710945559652,-0.589549654081037,-0.307338160567688,TWI,NFNW,4,,,,Dinf,
2021-03-25,2021-04-06,cool,TWI.Dinf.res4.NFNW,0.390701223710757,0.447696700277141,0.30284905988377,0.309517922705726,TWI,NFNW,4,,,,Dinf,
2021-09-05,2021-09-20,warm,TWI.Dinf.res4.NFNW,0.407362643011816,0.48601615448479,0.221322817649585,0.238000432803109,TWI,NFNW,4,,,,Dinf,
2017-08-27,2017-09-16,warm,TWI.Dinf.res5.NFNW,0.738710134087427,0.739256651401905,0.535070212311649,0.49300069877406,TWI,NFNW,5,,,,Dinf,
2017-11-29,2017-12-14,cool,TWI.Dinf.res5.NFNW,0.447509078169751,0.595861952355053,0.23922009268062,0.35904760803132,TWI,NFNW,5,,,,Dinf,
2017-12-22,2018-01-20,cool,TWI.Dinf.res5.NFNW,0.547185685621664,0.599317682895012,0.483898611879153,0.495262983942013,TWI,NFNW,5,,,,Dinf,
2018-05-25,2018-06-07,warm,TWI.Dinf.res5.NFNW,0.352664447650228,0.35792808927935,0.0539445051588251,-0.000912185325916619,TWI,NFNW,5,,,,Dinf,
2019-03-30,2019-04-12,cool,TWI.Dinf.res5.NFNW,0.576974102436952,0.669209594049237,0.419541757121363,0.458250520147098,TWI,NFNW,5,,,,Dinf,
2019-08-23,2019-09-13,warm,TWI.Dinf.res5.NFNW,0.573198292250196,0.642401524841453,0.272937040775177,0.286212752373047,TWI,NFNW,5,,,,Dinf,
2020-08-11,2020-08-26,warm,TWI.Dinf.res5.NFNW,0.356193370836679,0.368323019492742,0.255168983272952,0.240971208382574,TWI,NFNW,5,,,,Dinf,
2020-09-01,2020-09-20,warm,TWI.Dinf.res5.NFNW,0.281447177763337,0.325005595467254,0.154622609329924,0.162558572763102,TWI,NFNW,5,,,,Dinf,
2020-09-27,2020-10-17,cool,TWI.Dinf.res5.NFNW,0.118069568859258,0.173506176868654,-0.186057909229158,-0.180493589929335,TWI,NFNW,5,,,,Dinf,
2021-03-25,2021-04-06,cool,TWI.Dinf.res5.NFNW,0.367940371859295,0.432933967952329,0.294958951620971,0.313173797161633,TWI,NFNW,5,,,,Dinf,
2021-09-05,2021-09-20,warm,TWI.Dinf.res5.NFNW,0.323323073462696,0.435039037714397,0.209346526491025,0.272134039371,TWI,NFNW,5,,,,Dinf,
2017-08-27,2017-09-16,warm,TWI.Dinf.res7.NFNW,0.760046284877655,0.76142157415492,0.599545571850058,0.55649586873664,TWI,NFNW,7,,,,Dinf,
2017-11-29,2017-12-14,cool,TWI.Dinf.res7.NFNW,0.523375008191558,0.648221962278079,0.359681758401644,0.443272984915953,TWI,NFNW,7,,,,Dinf,
2017-12-22,2018-01-20,cool,TWI.Dinf.res7.NFNW,0.575331504238485,0.615532476602848,0.513863369699983,0.512901974647993,TWI,NFNW,7,,,,Dinf,
2018-05-25,2018-06-07,warm,TWI.Dinf.res7.NFNW,0.37846362558786,0.384432287176444,0.0915802745336119,0.0443116441545023,TWI,NFNW,7,,,,Dinf,
2019-03-30,2019-04-12,cool,TWI.Dinf.res7.NFNW,0.505362144609431,0.613572258534962,0.366043404156383,0.422909386473349,TWI,NFNW,7,,,,Dinf,
2019-08-23,2019-09-13,warm,TWI.Dinf.res7.NFNW,0.618589115309615,0.686835059298281,0.433582940009117,0.444506542539599,TWI,NFNW,7,,,,Dinf,
2020-08-11,2020-08-26,warm,TWI.Dinf.res7.NFNW,0.376991949880822,0.38977383172188,0.288088849687083,0.268727571574828,TWI,NFNW,7,,,,Dinf,
2020-09-01,2020-09-20,warm,TWI.Dinf.res7.NFNW,0.295091224383105,0.34065476565611,0.174658079572365,0.181326517729326,TWI,NFNW,7,,,,Dinf,
2020-09-27,2020-10-17,cool,TWI.Dinf.res7.NFNW,0.157335405687108,0.206112003583165,-0.0701187510662289,-0.0913278523427186,TWI,NFNW,7,,,,Dinf,
2021-03-25,2021-04-06,cool,TWI.Dinf.res7.NFNW,0.413529600204368,0.477031190694126,0.350314154030334,0.379868645820563,TWI,NFNW,7,,,,Dinf,
2021-09-05,2021-09-20,warm,TWI.Dinf.res7.NFNW,0.333000765068117,0.439867076598295,0.232707023790834,0.291614015529886,TWI,NFNW,7,,,,Dinf,
2017-08-27,2017-09-16,warm,TWI.FD8.res1.gauss_0.5sigma,0.526792406898281,0.530363990883527,-0.038928321323564,-0.0557551390203569,TWI,gauss,1,,,0.5,FD8,
2017-11-29,2017-12-14,cool,TWI.FD8.res1.gauss_0.5sigma,0.102236907128762,0.297457115305902,-0.637167083761674,-0.210131988105781,TWI,gauss,1,,,0.5,FD8,
2017-12-22,2018-01-20,cool,TWI.FD8.res1.gauss_0.5sigma,0.195148114898745,0.275670814000371,-0.46550309888748,-0.32206590322963,TWI,gauss,1,,,0.5,FD8,
2018-05-25,2018-06-07,warm,TWI.FD8.res1.gauss_0.5sigma,0.19881356037779,0.198825874007884,-0.177980262206217,-0.358902512249451,TWI,gauss,1,,,0.5,FD8,
2019-03-30,2019-04-12,cool,TWI.FD8.res1.gauss_0.5sigma,0.547150598443593,0.577667393711973,0.419199529778128,0.384125434415458,TWI,gauss,1,,,0.5,FD8,
2019-08-23,2019-09-13,warm,TWI.FD8.res1.gauss_0.5sigma,0.0140199297953493,0.270713436167123,-0.396401289670491,-0.228674806380573,TWI,gauss,1,,,0.5,FD8,
2020-08-11,2020-08-26,warm,TWI.FD8.res1.gauss_0.5sigma,0.124706568108462,0.187989499428124,-0.282903691229656,-0.180357227678717,TWI,gauss,1,,,0.5,FD8,
2020-09-01,2020-09-20,warm,TWI.FD8.res1.gauss_0.5sigma,0.125277763682482,0.264626172353906,-0.199507765696497,-0.0101605001122012,TWI,gauss,1,,,0.5,FD8,
2020-09-27,2020-10-17,cool,TWI.FD8.res1.gauss_0.5sigma,0.0846356087844761,0.200588994471658,-0.334441236668399,-0.194246830775747,TWI,gauss,1,,,0.5,FD8,
2021-03-25,2021-04-06,cool,TWI.FD8.res1.gauss_0.5sigma,0.247401575787851,0.337922847481636,0.121068981627064,0.182404030510865,TWI,gauss,1,,,0.5,FD8,
2021-09-05,2021-09-20,warm,TWI.FD8.res1.gauss_0.5sigma,0.0698799060343419,0.346189604906836,-0.350605615263087,0.166266321788193,TWI,gauss,1,,,0.5,FD8,
2017-08-27,2017-09-16,warm,TWI.FD8.res1.gauss_1.0sigma,0.0510608415135102,0.155715550485807,-0.687563765891908,-0.496104334891807,TWI,gauss,1,,,1,FD8,
2017-11-29,2017-12-14,cool,TWI.FD8.res1.gauss_1.0sigma,0.100818017184287,0.322339500550131,-0.517809340166831,-0.0990363146116062,TWI,gauss,1,,,1,FD8,
2017-12-22,2018-01-20,cool,TWI.FD8.res1.gauss_1.0sigma,0.127816371040204,0.180509313753111,-0.365544057100644,-0.397810119583933,TWI,gauss,1,,,1,FD8,
2018-05-25,2018-06-07,warm,TWI.FD8.res1.gauss_1.0sigma,0.0207060476760554,0.0774973536503291,-0.619630273980101,-0.609056955504595,TWI,gauss,1,,,1,FD8,
2019-03-30,2019-04-12,cool,TWI.FD8.res1.gauss_1.0sigma,0.294815639606553,0.507106071980631,-0.354734767095856,0.127403799989361,TWI,gauss,1,,,1,FD8,
2019-08-23,2019-09-13,warm,TWI.FD8.res1.gauss_1.0sigma,0.0347209861251632,0.250591141320725,-0.596480702304333,-0.186249506252915,TWI,gauss,1,,,1,FD8,
2020-08-11,2020-08-26,warm,TWI.FD8.res1.gauss_1.0sigma,0.0115359505830485,0.02848516194869,-0.598828211172923,-0.497655221037478,TWI,gauss,1,,,1,FD8,
2020-09-01,2020-09-20,warm,TWI.FD8.res1.gauss_1.0sigma,0.0561838539916537,0.155968186151731,-0.586321518483064,-0.256607143798296,TWI,gauss,1,,,1,FD8,
2020-09-27,2020-10-17,cool,TWI.FD8.res1.gauss_1.0sigma,0.00908290562855063,0.120361165714991,-0.725912676523222,-0.269160088516819,TWI,gauss,1,,,1,FD8,
2021-03-25,2021-04-06,cool,TWI.FD8.res1.gauss_1.0sigma,0.184035765689994,0.290976689308436,-0.163894250238512,0.0263896188438992,TWI,gauss,1,,,1,FD8,
2021-09-05,2021-09-20,warm,TWI.FD8.res1.gauss_1.0sigma,0.0528624667425675,0.336996813518517,-0.455010426999432,0.132877304744039,TWI,gauss,1,,,1,FD8,
2017-08-27,2017-09-16,warm,TWI.FD8.res1.gauss_1.5sigma,0.101993264957632,0.178467889419418,-0.660572860850245,-0.508968911395726,TWI,gauss,1,,,1.5,FD8,
2017-11-29,2017-12-14,cool,TWI.FD8.res1.gauss_1.5sigma,0.152324181628556,0.345177050866092,-0.558423909187335,-0.140363361698314,TWI,gauss,1,,,1.5,FD8,
2017-12-22,2018-01-20,cool,TWI.FD8.res1.gauss_1.5sigma,0.279485812673296,0.318584038188627,-0.0962285711523805,-0.129230054962974,TWI,gauss,1,,,1.5,FD8,
2018-05-25,2018-06-07,warm,TWI.FD8.res1.gauss_1.5sigma,0.268477362503067,0.281237045210413,-0.0423174104299475,-0.16649867794228,TWI,gauss,1,,,1.5,FD8,
2019-03-30,2019-04-12,cool,TWI.FD8.res1.gauss_1.5sigma,0.267831105540692,0.480284251059342,-0.448734574121784,-0.0420907923175498,TWI,gauss,1,,,1.5,FD8,
2019-08-23,2019-09-13,warm,TWI.FD8.res1.gauss_1.5sigma,0.0785711778954776,0.252663771850306,-0.482079046623733,-0.187531007426601,TWI,gauss,1,,,1.5,FD8,
2020-08-11,2020-08-26,warm,TWI.FD8.res1.gauss_1.5sigma,0.0724869588623954,0.0805509621472777,-0.60463561574592,-0.549841270451854,TWI,gauss,1,,,1.5,FD8,
2020-09-01,2020-09-20,warm,TWI.FD8.res1.gauss_1.5sigma,0.0840992101781195,0.173600860794032,-0.530209558097699,-0.353399888267708,TWI,gauss,1,,,1.5,FD8,
2020-09-27,2020-10-17,cool,TWI.FD8.res1.gauss_1.5sigma,0.174430657322435,0.218705183546618,-0.212294398697881,-0.206166358535886,TWI,gauss,1,,,1.5,FD8,
2021-03-25,2021-04-06,cool,TWI.FD8.res1.gauss_1.5sigma,0.302219053341866,0.369926605381113,0.156426289950103,0.184279326229098,TWI,gauss,1,,,1.5,FD8,
2021-09-05,2021-09-20,warm,TWI.FD8.res1.gauss_1.5sigma,0.0608783979891185,0.334077100364405,-0.386103034139023,0.116917865742455,TWI,gauss,1,,,1.5,FD8,
2017-08-27,2017-09-16,warm,TWI.FD8.res1.gauss_2.0sigma,0.32433903157294,0.337325900864572,0.0305735371540134,-0.0102949877063037,TWI,gauss,1,,,2,FD8,
2017-11-29,2017-12-14,cool,TWI.FD8.res1.gauss_2.0sigma,0.122906308254891,0.355682185876898,-0.566733785782602,-0.00236148409117292,TWI,gauss,1,,,2,FD8,
2017-12-22,2018-01-20,cool,TWI.FD8.res1.gauss_2.0sigma,0.290688641423631,0.345461895382705,0.0941658511722134,0.105922431479936,TWI,gauss,1,,,2,FD8,
2018-05-25,2018-06-07,warm,TWI.FD8.res1.gauss_2.0sigma,0.296534251188067,0.298849314619341,0.152454342068245,0.0394080295197435,TWI,gauss,1,,,2,FD8,
2019-03-30,2019-04-12,cool,TWI.FD8.res1.gauss_2.0sigma,0.531900224773041,0.584677875243726,0.305101486029862,0.328685503428776,TWI,gauss,1,,,2,FD8,
2019-08-23,2019-09-13,warm,TWI.FD8.res1.gauss_2.0sigma,0.0898518354372967,0.326187249933634,-0.540702190298315,-0.112959615232663,TWI,gauss,1,,,2,FD8,
2020-08-11,2020-08-26,warm,TWI.FD8.res1.gauss_2.0sigma,0.0912172791446003,0.103086359446695,-0.631218374383369,-0.613747332639859,TWI,gauss,1,,,2,FD8,
2020-09-01,2020-09-20,warm,TWI.FD8.res1.gauss_2.0sigma,0.0529518139869274,0.165331179725126,-0.649516013520704,-0.357609459287253,TWI,gauss,1,,,2,FD8,
2020-09-27,2020-10-17,cool,TWI.FD8.res1.gauss_2.0sigma,0.100904268999851,0.145715046714263,-0.290667395674465,-0.283567716211762,TWI,gauss,1,,,2,FD8,
2021-03-25,2021-04-06,cool,TWI.FD8.res1.gauss_2.0sigma,0.393878942013012,0.444045044952497,0.31696258992171,0.336328462278851,TWI,gauss,1,,,2,FD8,
2021-09-05,2021-09-20,warm,TWI.FD8.res1.gauss_2.0sigma,0.00936079664264197,0.332495378201022,-0.628700611033477,0.121926220666847,TWI,gauss,1,,,2,FD8,
2017-08-27,2017-09-16,warm,TWI.FD8.res1.gauss_2.5sigma,0.544812130585522,0.544871629488005,0.206712834966637,0.170990557842468,TWI,gauss,1,,,2.5,FD8,
2017-11-29,2017-12-14,cool,TWI.FD8.res1.gauss_2.5sigma,0.177020632914348,0.431402781883447,-0.234906234683411,0.0913338631195152,TWI,gauss,1,,,2.5,FD8,
2017-12-22,2018-01-20,cool,TWI.FD8.res1.gauss_2.5sigma,0.351526129202889,0.43916483291028,0.0610476624475214,0.141680301745103,TWI,gauss,1,,,2.5,FD8,
2018-05-25,2018-06-07,warm,TWI.FD8.res1.gauss_2.5sigma,0.147600204901227,0.15314351693342,-0.20025155679906,-0.385941339016466,TWI,gauss,1,,,2.5,FD8,
2019-03-30,2019-04-12,cool,TWI.FD8.res1.gauss_2.5sigma,0.507236157705442,0.578259763734905,0.290494788816436,0.316711826314265,TWI,gauss,1,,,2.5,FD8,
2019-08-23,2019-09-13,warm,TWI.FD8.res1.gauss_2.5sigma,0.36995870088658,0.53726440959794,-0.380777290329867,-0.0537041684191151,TWI,gauss,1,,,2.5,FD8,
2020-08-11,2020-08-26,warm,TWI.FD8.res1.gauss_2.5sigma,0.0169491126224283,0.0399060680294982,-0.720867541882097,-0.546479061764003,TWI,gauss,1,,,2.5,FD8,
2020-09-01,2020-09-20,warm,TWI.FD8.res1.gauss_2.5sigma,0.017302111351886,0.159116115194262,-0.760954305223048,-0.334303964019439,TWI,gauss,1,,,2.5,FD8,
2020-09-27,2020-10-17,cool,TWI.FD8.res1.gauss_2.5sigma,0.0563909161189643,0.122058546153556,-0.473729374620886,-0.339465478768963,TWI,gauss,1,,,2.5,FD8,
2021-03-25,2021-04-06,cool,TWI.FD8.res1.gauss_2.5sigma,0.489131622222757,0.517242437772888,0.4243553754469,0.434622359823717,TWI,gauss,1,,,2.5,FD8,
2021-09-05,2021-09-20,warm,TWI.FD8.res1.gauss_2.5sigma,0.173111030268333,0.350567626299243,-0.0752881265196309,0.160064439745596,TWI,gauss,1,,,2.5,FD8,
2017-08-27,2017-09-16,warm,TWI.FD8.res1.gauss_3.5sigma,0.661599876270122,0.661602564541908,0.448616046707138,0.410003169549707,TWI,gauss,1,,,3.5,FD8,
2017-11-29,2017-12-14,cool,TWI.FD8.res1.gauss_3.5sigma,0.294517749937502,0.50507099433911,0.0266717577391409,0.223777410380998,TWI,gauss,1,,,3.5,FD8,
2017-12-22,2018-01-20,cool,TWI.FD8.res1.gauss_3.5sigma,0.468184385695042,0.550877373955734,0.35397024551219,0.411132807962772,TWI,gauss,1,,,3.5,FD8,
2018-05-25,2018-06-07,warm,TWI.FD8.res1.gauss_3.5sigma,0.153501228925308,0.160555933228437,-0.18968761742173,-0.302458740753737,TWI,gauss,1,,,3.5,FD8,
2019-03-30,2019-04-12,cool,TWI.FD8.res1.gauss_3.5sigma,0.544407567076319,0.618739781932201,0.395667793613393,0.409951955991186,TWI,gauss,1,,,3.5,FD8,
2019-08-23,2019-09-13,warm,TWI.FD8.res1.gauss_3.5sigma,0.55614635820528,0.68355528321988,-0.0927928478858884,0.169968707930324,TWI,gauss,1,,,3.5,FD8,
2020-08-11,2020-08-26,warm,TWI.FD8.res1.gauss_3.5sigma,0.179814065440823,0.201088285916233,-0.268891018573768,-0.274120546533773,TWI,gauss,1,,,3.5,FD8,
2020-09-01,2020-09-20,warm,TWI.FD8.res1.gauss_3.5sigma,0.142055594233515,0.234236110434664,-0.321810369224475,-0.114083909426767,TWI,gauss,1,,,3.5,FD8,
2020-09-27,2020-10-17,cool,TWI.FD8.res1.gauss_3.5sigma,0.0251932175689893,0.132583108237792,-0.658333947220951,-0.301005149644822,TWI,gauss,1,,,3.5,FD8,
2021-03-25,2021-04-06,cool,TWI.FD8.res1.gauss_3.5sigma,0.483234969861902,0.519839058908746,0.417153757977573,0.439389725511666,TWI,gauss,1,,,3.5,FD8,
2021-09-05,2021-09-20,warm,TWI.FD8.res1.gauss_3.5sigma,0.254783712321913,0.392199882337858,0.122300009682846,0.245383711792658,TWI,gauss,1,,,3.5,FD8,
2017-08-27,2017-09-16,warm,TWI.FD8.res1.gauss_5.0sigma,0.727482704874933,0.733440843595425,0.572385522719231,0.547932064591019,TWI,gauss,1,,,5,FD8,
2017-11-29,2017-12-14,cool,TWI.FD8.res1.gauss_5.0sigma,0.212308810124529,0.473434419335608,-0.199606555036379,0.0644091929849761,TWI,gauss,1,,,5,FD8,
2017-12-22,2018-01-20,cool,TWI.FD8.res1.gauss_5.0sigma,0.473796301014259,0.591690128888442,0.374140394095846,0.478047223280661,TWI,gauss,1,,,5,FD8,
2018-05-25,2018-06-07,warm,TWI.FD8.res1.gauss_5.0sigma,0.559540781880834,0.566247899599576,0.465440602303007,0.46621745485994,TWI,gauss,1,,,5,FD8,
2019-03-30,2019-04-12,cool,TWI.FD8.res1.gauss_5.0sigma,0.739933768798334,0.755489984340431,0.644600965543601,0.611580453087476,TWI,gauss,1,,,5,FD8,
2019-08-23,2019-09-13,warm,TWI.FD8.res1.gauss_5.0sigma,0.195812959078124,0.386156183956322,-0.19334905162505,0.110014826012704,TWI,gauss,1,,,5,FD8,
2020-08-11,2020-08-26,warm,TWI.FD8.res1.gauss_5.0sigma,0.252869491574342,0.289453513655375,0.0746508921627918,0.0973977199908906,TWI,gauss,1,,,5,FD8,
2020-09-01,2020-09-20,warm,TWI.FD8.res1.gauss_5.0sigma,0.183893799256044,0.277901247214998,-0.0493862564143519,0.0470090888442109,TWI,gauss,1,,,5,FD8,
2020-09-27,2020-10-17,cool,TWI.FD8.res1.gauss_5.0sigma,0.0304204113326471,0.138124289381951,-0.581391315510879,-0.255802698996505,TWI,gauss,1,,,5,FD8,
2021-03-25,2021-04-06,cool,TWI.FD8.res1.gauss_5.0sigma,0.265778696117284,0.333943482497213,0.139320908504349,0.163558175116688,TWI,gauss,1,,,5,FD8,
2021-09-05,2021-09-20,warm,TWI.FD8.res1.gauss_5.0sigma,0.223696229299437,0.372670636557908,0.0417911707870777,0.201508555095869,TWI,gauss,1,,,5,FD8,
2017-08-27,2017-09-16,warm,TWI.FD8.res1.NFNW,0.0619401088347797,0.169935908989204,-0.655372091881821,-0.504304766009353,TWI,NFNW,1,,,,FD8,
2017-11-29,2017-12-14,cool,TWI.FD8.res1.NFNW,0.056512174314838,0.316087278764641,-0.572929604640377,-0.0606406975084637,TWI,NFNW,1,,,,FD8,
2017-12-22,2018-01-20,cool,TWI.FD8.res1.NFNW,0.154228889559933,0.189421294429243,-0.344578942481775,-0.342958919295038,TWI,NFNW,1,,,,FD8,
2018-05-25,2018-06-07,warm,TWI.FD8.res1.NFNW,0.067848649892064,0.0953815589634767,-0.420429509652785,-0.482928967625595,TWI,NFNW,1,,,,FD8,
2019-03-30,2019-04-12,cool,TWI.FD8.res1.NFNW,0.20116358494715,0.417342431696453,-0.566905210853212,-0.0756250900832958,TWI,NFNW,1,,,,FD8,
2019-08-23,2019-09-13,warm,TWI.FD8.res1.NFNW,0.247153328747261,0.334390474204774,-0.0975883389790303,-0.016412289881857,TWI,NFNW,1,,,,FD8,
2020-08-11,2020-08-26,warm,TWI.FD8.res1.NFNW,0.240710379570154,0.242368903455684,-0.0273810633776411,-0.0398253749249553,TWI,NFNW,1,,,,FD8,
2020-09-01,2020-09-20,warm,TWI.FD8.res1.NFNW,0.184884059474117,0.221251947932657,-0.128615545931388,-0.108416284160927,TWI,NFNW,1,,,,FD8,
2020-09-27,2020-10-17,cool,TWI.FD8.res1.NFNW,0.168199001701331,0.194534157496286,-0.169739622972159,-0.157051737243281,TWI,NFNW,1,,,,FD8,
2021-03-25,2021-04-06,cool,TWI.FD8.res1.NFNW,0.174893535128898,0.285899774422446,-0.10601029267114,0.0572850174293921,TWI,NFNW,1,,,,FD8,
2021-09-05,2021-09-20,warm,TWI.FD8.res1.NFNW,0.0367122173605849,0.3323278082167,-0.354685643626454,0.11518238202886,TWI,NFNW,1,,,,FD8,
2017-08-27,2017-09-16,warm,TWI.FD8.res1.SSC1,0.0892008513927234,0.153108710541413,-0.641863799697095,-0.518902386882936,TWI,SSC,1,,1,,FD8,
2017-11-29,2017-12-14,cool,TWI.FD8.res1.SSC1,0.155387290933418,0.305184213129906,-0.342792860043214,-0.162204783164017,TWI,SSC,1,,1,,FD8,
2017-12-22,2018-01-20,cool,TWI.FD8.res1.SSC1,0.23721243795684,0.244604833154904,-0.111342937752111,-0.227144577019452,TWI,SSC,1,,1,,FD8,
2018-05-25,2018-06-07,warm,TWI.FD8.res1.SSC1,0.105608883303112,0.146484004053251,-0.369516653411544,-0.419325883605806,TWI,SSC,1,,1,,FD8,
2019-03-30,2019-04-12,cool,TWI.FD8.res1.SSC1,0.140569453805939,0.458277774917766,-0.619262026947832,0.0586927867704993,TWI,SSC,1,,1,,FD8,
2019-08-23,2019-09-13,warm,TWI.FD8.res1.SSC1,0.02387519635929,0.249411356217259,-0.668802686512492,-0.170184198081106,TWI,SSC,1,,1,,FD8,
2020-08-11,2020-08-26,warm,TWI.FD8.res1.SSC1,0.258683115273351,0.262575542693683,-0.113411239061761,-0.140222757126566,TWI,SSC,1,,1,,FD8,
2020-09-01,2020-09-20,warm,TWI.FD8.res1.SSC1,0.146018682822288,0.227407062204861,-0.372757784486597,-0.241481662590429,TWI,SSC,1,,1,,FD8,
2020-09-27,2020-10-17,cool,TWI.FD8.res1.SSC1,0.166463482817461,0.225215857220363,-0.311752273695078,-0.252332125674611,TWI,SSC,1,,1,,FD8,
2021-03-25,2021-04-06,cool,TWI.FD8.res1.SSC1,0.221653385441977,0.374289220411007,0.031860247878275,0.197994489476704,TWI,SSC,1,,1,,FD8,
2021-09-05,2021-09-20,warm,TWI.FD8.res1.SSC1,0.188917842482691,0.349791667639797,-0.00595500675644366,0.169648449571909,TWI,SSC,1,,1,,FD8,
2017-08-27,2017-09-16,warm,TWI.FD8.res1.SSC10,0.736615920080451,0.738353660290026,0.566690752245067,0.536310648572429,TWI,SSC,1,,10,,FD8,
2017-11-29,2017-12-14,cool,TWI.FD8.res1.SSC10,0.181184226308443,0.428257544877556,-0.226431441179259,-0.0186868511199946,TWI,SSC,1,,10,,FD8,
2017-12-22,2018-01-20,cool,TWI.FD8.res1.SSC10,0.437905327658095,0.531075347115053,0.32320709047283,0.384412874024175,TWI,SSC,1,,10,,FD8,
2018-05-25,2018-06-07,warm,TWI.FD8.res1.SSC10,0.559975276220673,0.562671843665065,0.470724114188738,0.462460377496908,TWI,SSC,1,,10,,FD8,
2019-03-30,2019-04-12,cool,TWI.FD8.res1.SSC10,0.75703913317038,0.7827493022056,0.663868694870032,0.631939111315293,TWI,SSC,1,,10,,FD8,
2019-08-23,2019-09-13,warm,TWI.FD8.res1.SSC10,0.206314576977039,0.37311530363724,-0.10585722701236,0.102436988618474,TWI,SSC,1,,10,,FD8,
2020-08-11,2020-08-26,warm,TWI.FD8.res1.SSC10,0.227597839754226,0.252110941354015,-0.00510254701972393,-0.0148239636772034,TWI,SSC,1,,10,,FD8,
2020-09-01,2020-09-20,warm,TWI.FD8.res1.SSC10,0.168939081554725,0.252579122010514,-0.125566815999579,-0.0441264892392262,TWI,SSC,1,,10,,FD8,
2020-09-27,2020-10-17,cool,TWI.FD8.res1.SSC10,0.0332425381053369,0.134777010473794,-0.621152305785247,-0.253902281598942,TWI,SSC,1,,10,,FD8,
2021-03-25,2021-04-06,cool,TWI.FD8.res1.SSC10,0.272356050257619,0.34193255956671,0.149586147874892,0.181490874149287,TWI,SSC,1,,10,,FD8,
2021-09-05,2021-09-20,warm,TWI.FD8.res1.SSC10,0.295381289388592,0.406047348763146,0.145857503511688,0.256698975237418,TWI,SSC,1,,10,,FD8,
2017-08-27,2017-09-16,warm,TWI.FD8.res1.SSC2,0.125773007162497,0.20872374506991,-0.551995296074357,-0.388179521924036,TWI,SSC,1,,2,,FD8,
2017-11-29,2017-12-14,cool,TWI.FD8.res1.SSC2,0.339861441827987,0.433393668001436,0.122356907500096,0.165914542184979,TWI,SSC,1,,2,,FD8,
2017-12-22,2018-01-20,cool,TWI.FD8.res1.SSC2,0.360437230840614,0.372469252879546,0.201086885847375,0.114053138967395,TWI,SSC,1,,2,,FD8,
2018-05-25,2018-06-07,warm,TWI.FD8.res1.SSC2,0.252775375238634,0.277234330487004,0.00261971049781594,-0.102882831824098,TWI,SSC,1,,2,,FD8,
2019-03-30,2019-04-12,cool,TWI.FD8.res1.SSC2,0.296328209286489,0.523853381226473,-0.0970495812088879,0.237232609588573,TWI,SSC,1,,2,,FD8,
2019-08-23,2019-09-13,warm,TWI.FD8.res1.SSC2,0.0697422312798925,0.253822740939676,-0.524259831810902,-0.126064256952134,TWI,SSC,1,,2,,FD8,
2020-08-11,2020-08-26,warm,TWI.FD8.res1.SSC2,0.00592656213030201,0.0276934668398626,-0.668324601020434,-0.614333337060372,TWI,SSC,1,,2,,FD8,
2020-09-01,2020-09-20,warm,TWI.FD8.res1.SSC2,0.0237458005290756,0.146104820945513,-0.750054282279246,-0.359206258712752,TWI,SSC,1,,2,,FD8,
2020-09-27,2020-10-17,cool,TWI.FD8.res1.SSC2,0.0848269910267263,0.156216934889843,-0.416119581308035,-0.288566046187259,TWI,SSC,1,,2,,FD8,
2021-03-25,2021-04-06,cool,TWI.FD8.res1.SSC2,0.339568054830037,0.415468677792035,0.235646009742619,0.276402947423589,TWI,SSC,1,,2,,FD8,
2021-09-05,2021-09-20,warm,TWI.FD8.res1.SSC2,0.0951146423974935,0.338805882656677,-0.198772040117264,0.157396739109621,TWI,SSC,1,,2,,FD8,
2017-08-27,2017-09-16,warm,TWI.FD8.res1.SSC3,0.320662742042,0.329234189011327,-0.193256201816585,-0.241290478889604,TWI,SSC,1,,3,,FD8,
2017-11-29,2017-12-14,cool,TWI.FD8.res1.SSC3,0.142789145986418,0.301018946082529,-0.563644543919607,-0.18966583161565,TWI,SSC,1,,3,,FD8,
2017-12-22,2018-01-20,cool,TWI.FD8.res1.SSC3,0.242578387994719,0.316704686594793,-0.10270117999857,-0.0571899638342219,TWI,SSC,1,,3,,FD8,
2018-05-25,2018-06-07,warm,TWI.FD8.res1.SSC3,0.302634526512958,0.303395997339878,-0.00348921310172562,-0.121784130907835,TWI,SSC,1,,3,,FD8,
2019-03-30,2019-04-12,cool,TWI.FD8.res1.SSC3,0.425780126902735,0.533079596480208,0.133260868865721,0.238053038756653,TWI,SSC,1,,3,,FD8,
2019-08-23,2019-09-13,warm,TWI.FD8.res1.SSC3,0.106903852364568,0.252703604435681,-0.36025140527787,-0.112935267531035,TWI,SSC,1,,3,,FD8,
2020-08-11,2020-08-26,warm,TWI.FD8.res1.SSC3,0.0317058620413213,0.0381773108800409,-0.558809385830341,-0.365465500295874,TWI,SSC,1,,3,,FD8,
2020-09-01,2020-09-20,warm,TWI.FD8.res1.SSC3,0.00340648392404751,0.148340894471631,-0.703792169859815,-0.256271354619019,TWI,SSC,1,,3,,FD8,
2020-09-27,2020-10-17,cool,TWI.FD8.res1.SSC3,0.0310869341260444,0.120301930476456,-0.56876377867782,-0.293906097799728,TWI,SSC,1,,3,,FD8,
2021-03-25,2021-04-06,cool,TWI.FD8.res1.SSC3,0.216087784711138,0.307598964198065,0.0484204183019345,0.107856737014115,TWI,SSC,1,,3,,FD8,
2021-09-05,2021-09-20,warm,TWI.FD8.res1.SSC3,0.0972198077324065,0.342229836582986,-0.33799259788792,0.119672438235533,TWI,SSC,1,,3,,FD8,
2017-08-27,2017-09-16,warm,TWI.FD8.res1.SSC4,0.354112865467259,0.36523401830008,0.0246801791945385,-0.0169053553005399,TWI,SSC,1,,4,,FD8,
2017-11-29,2017-12-14,cool,TWI.FD8.res1.SSC4,0.0953521696906663,0.340292492543319,-0.623087339006839,-0.0192049831626627,TWI,SSC,1,,4,,FD8,
2017-12-22,2018-01-20,cool,TWI.FD8.res1.SSC4,0.283300955161321,0.341354015807925,0.0686691260612222,0.0818236162915346,TWI,SSC,1,,4,,FD8,
2018-05-25,2018-06-07,warm,TWI.FD8.res1.SSC4,0.238398774727403,0.24121403156506,0.0477287654151272,-0.137040046197501,TWI,SSC,1,,4,,FD8,
2019-03-30,2019-04-12,cool,TWI.FD8.res1.SSC4,0.537713392635326,0.588663860113309,0.367290398999469,0.369938545994374,TWI,SSC,1,,4,,FD8,
2019-08-23,2019-09-13,warm,TWI.FD8.res1.SSC4,0.130696338919184,0.349176824174372,-0.54271542488255,-0.175080191487294,TWI,SSC,1,,4,,FD8,
2020-08-11,2020-08-26,warm,TWI.FD8.res1.SSC4,0.129717859133639,0.14211296054819,-0.598419159347176,-0.60957977231874,TWI,SSC,1,,4,,FD8,
2020-09-01,2020-09-20,warm,TWI.FD8.res1.SSC4,0.0989469331781495,0.194229577811425,-0.636265915271832,-0.209953060451016,TWI,SSC,1,,4,,FD8,
2020-09-27,2020-10-17,cool,TWI.FD8.res1.SSC4,0.0586623773481044,0.125692030730402,-0.496981997630604,-0.33204207350251,TWI,SSC,1,,4,,FD8,
2021-03-25,2021-04-06,cool,TWI.FD8.res1.SSC4,0.433187558076917,0.47935299477875,0.371490127366315,0.387509123300412,TWI,SSC,1,,4,,FD8,
2021-09-05,2021-09-20,warm,TWI.FD8.res1.SSC4,0.0091858451962124,0.332307270421993,-0.639393248311827,0.146550212818529,TWI,SSC,1,,4,,FD8,
2017-08-27,2017-09-16,warm,TWI.FD8.res1.SSC5,0.567063726025356,0.568258028994248,0.238808142544898,0.204125170940271,TWI,SSC,1,,5,,FD8,
2017-11-29,2017-12-14,cool,TWI.FD8.res1.SSC5,0.167252261559576,0.430109877025931,-0.336534019310276,0.0567219102271903,TWI,SSC,1,,5,,FD8,
2017-12-22,2018-01-20,cool,TWI.FD8.res1.SSC5,0.377035304958781,0.480090700255759,0.140817208133253,0.240378938823902,TWI,SSC,1,,5,,FD8,
2018-05-25,2018-06-07,warm,TWI.FD8.res1.SSC5,0.238924223115663,0.239220554432984,-0.0224973364895656,-0.183484304309198,TWI,SSC,1,,5,,FD8,
2019-03-30,2019-04-12,cool,TWI.FD8.res1.SSC5,0.470805472969577,0.542705960119091,0.221906561384139,0.239254717579016,TWI,SSC,1,,5,,FD8,
2019-08-23,2019-09-13,warm,TWI.FD8.res1.SSC5,0.301101005409951,0.483715324705785,-0.437932481738817,-0.0789142177448058,TWI,SSC,1,,5,,FD8,
2020-08-11,2020-08-26,warm,TWI.FD8.res1.SSC5,0.10307496895333,0.125730454572118,-0.620042858055225,-0.477347036889316,TWI,SSC,1,,5,,FD8,
2020-09-01,2020-09-20,warm,TWI.FD8.res1.SSC5,0.0968796331239312,0.207251616740151,-0.571397141255229,-0.177301339687559,TWI,SSC,1,,5,,FD8,
2020-09-27,2020-10-17,cool,TWI.FD8.res1.SSC5,0.00674788617660292,0.12810757623165,-0.670642936896509,-0.325340915565773,TWI,SSC,1,,5,,FD8,
2021-03-25,2021-04-06,cool,TWI.FD8.res1.SSC5,0.443552417089974,0.473170399187524,0.386414926946908,0.382819526265601,TWI,SSC,1,,5,,FD8,
2021-09-05,2021-09-20,warm,TWI.FD8.res1.SSC5,0.15511860817914,0.343809350361395,-0.104619034557137,0.146487492848289,TWI,SSC,1,,5,,FD8,
2017-08-27,2017-09-16,warm,TWI.FD8.res1.SSC7,0.748157254478955,0.765717626768554,0.6152924469582,0.549435066512973,TWI,SSC,1,,7,,FD8,
2017-11-29,2017-12-14,cool,TWI.FD8.res1.SSC7,0.405543378403787,0.510359133673839,0.175799876243819,0.221093239726956,TWI,SSC,1,,7,,FD8,
2017-12-22,2018-01-20,cool,TWI.FD8.res1.SSC7,0.440363675920933,0.463766748877792,0.297583298367191,0.255777803842331,TWI,SSC,1,,7,,FD8,
2018-05-25,2018-06-07,warm,TWI.FD8.res1.SSC7,0.347342124236939,0.360778118158963,0.150662024579535,0.107525880222322,TWI,SSC,1,,7,,FD8,
2019-03-30,2019-04-12,cool,TWI.FD8.res1.SSC7,0.387682032249046,0.58475787788406,0.132391056170286,0.317878899863414,TWI,SSC,1,,7,,FD8,
2019-08-23,2019-09-13,warm,TWI.FD8.res1.SSC7,0.460180148532139,0.509295490901268,0.373233830286678,0.349851877606054,TWI,SSC,1,,7,,FD8,
2020-08-11,2020-08-26,warm,TWI.FD8.res1.SSC7,0.288368088749179,0.288387288088756,0.132988903792659,0.099150129616834,TWI,SSC,1,,7,,FD8,
2020-09-01,2020-09-20,warm,TWI.FD8.res1.SSC7,0.181228119724353,0.222331407179428,-0.0655017128075554,-0.113629654041763,TWI,SSC,1,,7,,FD8,
2020-09-27,2020-10-17,cool,TWI.FD8.res1.SSC7,0.0365298121166468,0.122636018564421,-0.598245919698769,-0.299487715772382,TWI,SSC,1,,7,,FD8,
2021-03-25,2021-04-06,cool,TWI.FD8.res1.SSC7,0.411097137392241,0.482110788619834,0.33012072971718,0.381964414340246,TWI,SSC,1,,7,,FD8,
2021-09-05,2021-09-20,warm,TWI.FD8.res1.SSC7,0.513376038617736,0.607599539509834,0.367308489374216,0.41729353460634,TWI,SSC,1,,7,,FD8,
2017-08-27,2017-09-16,warm,TWI.FD8.res10.NFNW,0.742701162679749,0.743692988361157,0.576671818123343,0.531511590648385,TWI,NFNW,10,,,,FD8,
2017-11-29,2017-12-14,cool,TWI.FD8.res10.NFNW,0.596311878443959,0.724009812675845,0.490998953787299,0.588654792134835,TWI,NFNW,10,,,,FD8,
2017-12-22,2018-01-20,cool,TWI.FD8.res10.NFNW,0.644347041298238,0.684571055510525,0.60561510017631,0.610987902156934,TWI,NFNW,10,,,,FD8,
2018-05-25,2018-06-07,warm,TWI.FD8.res10.NFNW,0.387241920321659,0.394979565054572,0.144353545981492,0.0906307965675054,TWI,NFNW,10,,,,FD8,
2019-03-30,2019-04-12,cool,TWI.FD8.res10.NFNW,0.53451449655704,0.6604836434938,0.385618814555649,0.490479912207813,TWI,NFNW,10,,,,FD8,
2019-08-23,2019-09-13,warm,TWI.FD8.res10.NFNW,0.63136570519565,0.685170860611457,0.454182816486687,0.444009336910029,TWI,NFNW,10,,,,FD8,
2020-08-11,2020-08-26,warm,TWI.FD8.res10.NFNW,0.416655105868343,0.427641672681914,0.32994353185612,0.322104128178614,TWI,NFNW,10,,,,FD8,
2020-09-01,2020-09-20,warm,TWI.FD8.res10.NFNW,0.28269109521105,0.326729880361671,0.139857585321474,0.145041469574316,TWI,NFNW,10,,,,FD8,
2020-09-27,2020-10-17,cool,TWI.FD8.res10.NFNW,0.0841870961350562,0.151168097836005,-0.310894095838707,-0.226825100744166,TWI,NFNW,10,,,,FD8,
2021-03-25,2021-04-06,cool,TWI.FD8.res10.NFNW,0.423018751182277,0.476788597762525,0.361765463941711,0.377942267500599,TWI,NFNW,10,,,,FD8,
2021-09-05,2021-09-20,warm,TWI.FD8.res10.NFNW,0.28651005975931,0.41699112246013,0.126796300454954,0.230791301820433,TWI,NFNW,10,,,,FD8,
2017-08-27,2017-09-16,warm,TWI.FD8.res2.NFNW,0.45756952632723,0.480606280632408,-0.0217183204415276,-0.046696397110587,TWI,NFNW,2,,,,FD8,
2017-11-29,2017-12-14,cool,TWI.FD8.res2.NFNW,0.0510614913423008,0.302718302594413,-0.60292468085968,-0.118202351853902,TWI,NFNW,2,,,,FD8,
2017-12-22,2018-01-20,cool,TWI.FD8.res2.NFNW,0.323706296127486,0.344595741118203,0.145917134947625,0.0799390186808882,TWI,NFNW,2,,,,FD8,
2018-05-25,2018-06-07,warm,TWI.FD8.res2.NFNW,0.308953416724667,0.320072536482206,0.0912823696160458,-0.0107879713166781,TWI,NFNW,2,,,,FD8,
2019-03-30,2019-04-12,cool,TWI.FD8.res2.NFNW,0.406839865170179,0.56429886285485,-0.147124889787849,0.310821961564016,TWI,NFNW,2,,,,FD8,
2019-08-23,2019-09-13,warm,TWI.FD8.res2.NFNW,0.188328150994237,0.321754410717266,-0.0870111736226698,0.0112660448242506,TWI,NFNW,2,,,,FD8,
2020-08-11,2020-08-26,warm,TWI.FD8.res2.NFNW,0.16334482133176,0.170790825044107,-0.421933168955742,-0.368018564633504,TWI,NFNW,2,,,,FD8,
2020-09-01,2020-09-20,warm,TWI.FD8.res2.NFNW,0.113116399643599,0.1864756006164,-0.505426511140136,-0.242021918582281,TWI,NFNW,2,,,,FD8,
2020-09-27,2020-10-17,cool,TWI.FD8.res2.NFNW,0.0282816838704844,0.122850841832055,-0.609849263047375,-0.306567369492798,TWI,NFNW,2,,,,FD8,
2021-03-25,2021-04-06,cool,TWI.FD8.res2.NFNW,0.190538247945847,0.31846438400215,-0.0317571355601798,0.132913278934749,TWI,NFNW,2,,,,FD8,
2021-09-05,2021-09-20,warm,TWI.FD8.res2.NFNW,0.0516039062723054,0.343090748348454,-0.453739530427254,0.173321040047979,TWI,NFNW,2,,,,FD8,
2017-08-27,2017-09-16,warm,TWI.FD8.res3.NFNW,0.599397618824473,0.600930369244365,0.150251483168611,0.13659538593838,TWI,NFNW,3,,,,FD8,
2017-11-29,2017-12-14,cool,TWI.FD8.res3.NFNW,0.0814839356933399,0.358286206666455,-0.463986599544157,-0.0619004373045956,TWI,NFNW,3,,,,FD8,
2017-12-22,2018-01-20,cool,TWI.FD8.res3.NFNW,0.293011220917497,0.368201989258235,0.12918149939879,0.146975137532986,TWI,NFNW,3,,,,FD8,
2018-05-25,2018-06-07,warm,TWI.FD8.res3.NFNW,0.399684766820976,0.401614711543186,0.262233338398184,0.18948578289113,TWI,NFNW,3,,,,FD8,
2019-03-30,2019-04-12,cool,TWI.FD8.res3.NFNW,0.481100369409374,0.581040758110159,0.339203095073114,0.394518350351214,TWI,NFNW,3,,,,FD8,
2019-08-23,2019-09-13,warm,TWI.FD8.res3.NFNW,0.180525666544174,0.333256613838168,-0.0762832830715941,0.0587663645946333,TWI,NFNW,3,,,,FD8,
2020-08-11,2020-08-26,warm,TWI.FD8.res3.NFNW,0.203041133792612,0.218947360031273,-0.227363238275409,-0.22065273509285,TWI,NFNW,3,,,,FD8,
2020-09-01,2020-09-20,warm,TWI.FD8.res3.NFNW,0.141954658739216,0.21799123071079,-0.352320063935221,-0.186106709941091,TWI,NFNW,3,,,,FD8,
2020-09-27,2020-10-17,cool,TWI.FD8.res3.NFNW,0.00975494695966911,0.12272399832356,-0.514556962227015,-0.309540106623712,TWI,NFNW,3,,,,FD8,
2021-03-25,2021-04-06,cool,TWI.FD8.res3.NFNW,0.2829420133102,0.355479465143514,0.186896134921129,0.210189710634413,TWI,NFNW,3,,,,FD8,
2021-09-05,2021-09-20,warm,TWI.FD8.res3.NFNW,0.194401366750928,0.376398748684126,-0.137466767439637,0.0793954318711536,TWI,NFNW,3,,,,FD8,
2017-08-27,2017-09-16,warm,TWI.FD8.res4.NFNW,0.46826831104352,0.468271939527014,0.238818705254282,0.212747961247587,TWI,NFNW,4,,,,FD8,
2017-11-29,2017-12-14,cool,TWI.FD8.res4.NFNW,0.367415544710743,0.586350296850846,-0.36341859934991,0.360872996538224,TWI,NFNW,4,,,,FD8,
2017-12-22,2018-01-20,cool,TWI.FD8.res4.NFNW,0.455337155498031,0.532537880292752,0.365785969158723,0.400602940033526,TWI,NFNW,4,,,,FD8,
2018-05-25,2018-06-07,warm,TWI.FD8.res4.NFNW,0.511355430727447,0.512628872327846,0.438373522229647,0.384600253805249,TWI,NFNW,4,,,,FD8,
2019-03-30,2019-04-12,cool,TWI.FD8.res4.NFNW,0.603727411113934,0.646090749604852,0.494365400131692,0.495276584718199,TWI,NFNW,4,,,,FD8,
2019-08-23,2019-09-13,warm,TWI.FD8.res4.NFNW,0.123815955096666,0.333337665023436,-0.46247772973497,-0.102940560841391,TWI,NFNW,4,,,,FD8,
2020-08-11,2020-08-26,warm,TWI.FD8.res4.NFNW,0.143175060966258,0.160059520901985,-0.581096285974922,-0.566669241547316,TWI,NFNW,4,,,,FD8,
2020-09-01,2020-09-20,warm,TWI.FD8.res4.NFNW,0.107387285020135,0.20190438266784,-0.612392326231579,-0.207403173141309,TWI,NFNW,4,,,,FD8,
2020-09-27,2020-10-17,cool,TWI.FD8.res4.NFNW,0.0444113187626714,0.121869824766267,-0.628056705695423,-0.370417983793981,TWI,NFNW,4,,,,FD8,
2021-03-25,2021-04-06,cool,TWI.FD8.res4.NFNW,0.368810505646343,0.407731837728592,0.272592002587057,0.268404617254798,TWI,NFNW,4,,,,FD8,
2021-09-05,2021-09-20,warm,TWI.FD8.res4.NFNW,0.0537712280108625,0.332333156457586,-0.249259919872782,0.0867160814037418,TWI,NFNW,4,,,,FD8,
2017-08-27,2017-09-16,warm,TWI.FD8.res5.NFNW,0.628059353441775,0.628470145539254,0.337211618446422,0.318289942258856,TWI,NFNW,5,,,,FD8,
2017-11-29,2017-12-14,cool,TWI.FD8.res5.NFNW,0.447188387579756,0.639862062220825,0.251411297670454,0.49107691848579,TWI,NFNW,5,,,,FD8,
2017-12-22,2018-01-20,cool,TWI.FD8.res5.NFNW,0.517753039489839,0.587218517054749,0.441200995169145,0.470940250389674,TWI,NFNW,5,,,,FD8,
2018-05-25,2018-06-07,warm,TWI.FD8.res5.NFNW,0.42167496918604,0.424219691767179,0.213107880579736,0.110016164264455,TWI,NFNW,5,,,,FD8,
2019-03-30,2019-04-12,cool,TWI.FD8.res5.NFNW,0.60509563004053,0.667660148261678,0.453303934899505,0.472743377964029,TWI,NFNW,5,,,,FD8,
2019-08-23,2019-09-13,warm,TWI.FD8.res5.NFNW,0.515793649211248,0.637653362542648,0.10854724791645,0.316477995234585,TWI,NFNW,5,,,,FD8,
2020-08-11,2020-08-26,warm,TWI.FD8.res5.NFNW,0.212509604039949,0.228077557200795,-0.147674525774835,-0.142407021802172,TWI,NFNW,5,,,,FD8,
2020-09-01,2020-09-20,warm,TWI.FD8.res5.NFNW,0.152630814420783,0.231281642987582,-0.265620969440576,-0.0986051072507409,TWI,NFNW,5,,,,FD8,
2020-09-27,2020-10-17,cool,TWI.FD8.res5.NFNW,0.0034855703423975,0.122423510347029,-0.60924851864086,-0.326466463042509,TWI,NFNW,5,,,,FD8,
2021-03-25,2021-04-06,cool,TWI.FD8.res5.NFNW,0.440747748808474,0.470658775826207,0.362686925148873,0.3473985035487,TWI,NFNW,5,,,,FD8,
2021-09-05,2021-09-20,warm,TWI.FD8.res5.NFNW,0.205045577393838,0.362006497066981,-0.0500392254515225,0.0830184424865093,TWI,NFNW,5,,,,FD8,
2017-08-27,2017-09-16,warm,TWI.FD8.res7.NFNW,0.779361931441894,0.779768685311801,0.580910331435258,0.561419113021145,TWI,NFNW,7,,,,FD8,
2017-11-29,2017-12-14,cool,TWI.FD8.res7.NFNW,0.558657466197187,0.71928332988462,0.413544229462896,0.57543440464312,TWI,NFNW,7,,,,FD8,
2017-12-22,2018-01-20,cool,TWI.FD8.res7.NFNW,0.641629093680437,0.696580434037479,0.591854540898128,0.622536495516631,TWI,NFNW,7,,,,FD8,
2018-05-25,2018-06-07,warm,TWI.FD8.res7.NFNW,0.380993358395907,0.385170118105185,0.0698617178369122,0.0153928184688854,TWI,NFNW,7,,,,FD8,
2019-03-30,2019-04-12,cool,TWI.FD8.res7.NFNW,0.627513418017129,0.708480169138382,0.428650277782834,0.466418675209609,TWI,NFNW,7,,,,FD8,
2019-08-23,2019-09-13,warm,TWI.FD8.res7.NFNW,0.704924718781917,0.780904733916268,0.682072484822995,0.714582804421939,TWI,NFNW,7,,,,FD8,
2020-08-11,2020-08-26,warm,TWI.FD8.res7.NFNW,0.338768199454289,0.367853773470709,0.216247708084433,0.237369770198184,TWI,NFNW,7,,,,FD8,
2020-09-01,2020-09-20,warm,TWI.FD8.res7.NFNW,0.261491729078076,0.324377524186495,0.106800535982389,0.156862033625406,TWI,NFNW,7,,,,FD8,
2020-09-27,2020-10-17,cool,TWI.FD8.res7.NFNW,0.106421797686694,0.175580502826971,-0.25761056559191,-0.194272379350329,TWI,NFNW,7,,,,FD8,
2021-03-25,2021-04-06,cool,TWI.FD8.res7.NFNW,0.461948281221479,0.500414281876661,0.40569313841098,0.415929504753305,TWI,NFNW,7,,,,FD8,
2021-09-05,2021-09-20,warm,TWI.FD8.res7.NFNW,0.295276646861046,0.409292664924394,0.139941036281294,0.204001918574911,TWI,NFNW,7,,,,FD8,
2017-08-27,2017-09-16,warm,TWI.KRA.res1.gauss_0.5,0.360699470985148,0.367803915578107,-0.0414670188629994,-0.104092990775986,TWI,gauss,1,,,0.5,KRA,
2017-11-29,2017-12-14,cool,TWI.KRA.res1.gauss_0.5,0.0420021915147558,0.314822653987851,-0.631115547018969,-0.298788872458239,TWI,gauss,1,,,0.5,KRA,
2017-12-22,2018-01-20,cool,TWI.KRA.res1.gauss_0.5,0.300000692650224,0.339758060799891,0.00891162283126223,-0.0333307201306288,TWI,gauss,1,,,0.5,KRA,
2018-05-25,2018-06-07,warm,TWI.KRA.res1.gauss_0.5,0.403229772517163,0.403404495482676,0.177903347838196,0.10453964922594,TWI,gauss,1,,,0.5,KRA,
2019-03-30,2019-04-12,cool,TWI.KRA.res1.gauss_0.5,0.502242562677843,0.558038929891122,0.298442824725908,0.34820433104066,TWI,gauss,1,,,0.5,KRA,
2019-08-23,2019-09-13,warm,TWI.KRA.res1.gauss_0.5,0.150423918245053,0.261634352306028,-0.318771843328939,-0.173158313620047,TWI,gauss,1,,,0.5,KRA,
2020-08-11,2020-08-26,warm,TWI.KRA.res1.gauss_0.5,0.079841335138105,0.0838097641952131,-0.29426814711909,-0.308345686805808,TWI,gauss,1,,,0.5,KRA,
2020-09-01,2020-09-20,warm,TWI.KRA.res1.gauss_0.5,0.0251397684010444,0.149426579993349,-0.489517863690974,-0.268273758885914,TWI,gauss,1,,,0.5,KRA,
2020-09-27,2020-10-17,cool,TWI.KRA.res1.gauss_0.5,0.0159006630650953,0.124142307650487,-0.529713202533297,-0.344674311912885,TWI,gauss,1,,,0.5,KRA,
2021-03-25,2021-04-06,cool,TWI.KRA.res1.gauss_0.5,0.189411584479591,0.297026128193874,0.0242295714735777,0.111794974038634,TWI,gauss,1,,,0.5,KRA,
2021-09-05,2021-09-20,warm,TWI.KRA.res1.gauss_0.5,0.201589592110181,0.393343594455125,-0.000832523582948275,0.222190510887731,TWI,gauss,1,,,0.5,KRA,
2017-08-27,2017-09-16,warm,TWI.KRA.res1.gauss_1.0,0.1775628491834,0.229451147278452,-0.351055642253831,-0.316851172889372,TWI,gauss,1,,,1,KRA,
2017-11-29,2017-12-14,cool,TWI.KRA.res1.gauss_1.0,0.293028655294666,0.424018804045112,-0.102895195233914,0.0845290771819431,TWI,gauss,1,,,1,KRA,
2017-12-22,2018-01-20,cool,TWI.KRA.res1.gauss_1.0,0.37877464368792,0.396762484560636,0.162009846881539,0.107247951601551,TWI,gauss,1,,,1,KRA,
2018-05-25,2018-06-07,warm,TWI.KRA.res1.gauss_1.0,0.360638252580154,0.371123799425211,0.163962566805477,0.0651622061164139,TWI,gauss,1,,,1,KRA,
2019-03-30,2019-04-12,cool,TWI.KRA.res1.gauss_1.0,0.432054190745291,0.567719787871519,0.14286716574231,0.316112723462502,TWI,gauss,1,,,1,KRA,
2019-08-23,2019-09-13,warm,TWI.KRA.res1.gauss_1.0,0.101837121222145,0.25709927629688,-0.492308292280654,-0.159320127863359,TWI,gauss,1,,,1,KRA,
2020-08-11,2020-08-26,warm,TWI.KRA.res1.gauss_1.0,0.046069612600433,0.0605289292192375,-0.59829995661741,-0.530186253940524,TWI,gauss,1,,,1,KRA,
2020-09-01,2020-09-20,warm,TWI.KRA.res1.gauss_1.0,0.0852493078505765,0.176070310560798,-0.432517777751807,-0.215211986986744,TWI,gauss,1,,,1,KRA,
2020-09-27,2020-10-17,cool,TWI.KRA.res1.gauss_1.0,0.0223578065250779,0.124552782610425,-0.602625291317649,-0.31798849000058,TWI,gauss,1,,,1,KRA,
2021-03-25,2021-04-06,cool,TWI.KRA.res1.gauss_1.0,0.330766343280105,0.388348913173957,0.234178506807964,0.253393601549887,TWI,gauss,1,,,1,KRA,
2021-09-05,2021-09-20,warm,TWI.KRA.res1.gauss_1.0,0.00661340650162471,0.332640324594758,-0.622958858898913,0.131853854853416,TWI,gauss,1,,,1,KRA,
2017-08-27,2017-09-16,warm,TWI.KRA.res1.gauss_1.5,0.361776118700179,0.368975158649651,-0.0176456801149859,-0.0697583841196382,TWI,gauss,1,,,1.5,KRA,
2017-11-29,2017-12-14,cool,TWI.KRA.res1.gauss_1.5,0.0726061676043451,0.334555390072521,-0.688745926672733,-0.112230900775888,TWI,gauss,1,,,1.5,KRA,
2017-12-22,2018-01-20,cool,TWI.KRA.res1.gauss_1.5,0.356181670271004,0.413280569153167,0.183996409009361,0.197148106996953,TWI,gauss,1,,,1.5,KRA,
2018-05-25,2018-06-07,warm,TWI.KRA.res1.gauss_1.5,0.449905202686263,0.450061583907352,0.260202885873312,0.206206937537426,TWI,gauss,1,,,1.5,KRA,
2019-03-30,2019-04-12,cool,TWI.KRA.res1.gauss_1.5,0.607461477614434,0.647234660366015,0.434778073655004,0.434056049583986,TWI,gauss,1,,,1.5,KRA,
2019-08-23,2019-09-13,warm,TWI.KRA.res1.gauss_1.5,0.111068185390625,0.248214661682181,-0.454274301868051,-0.171698450808317,TWI,gauss,1,,,1.5,KRA,
2020-08-11,2020-08-26,warm,TWI.KRA.res1.gauss_1.5,0.136051062356041,0.156038360673637,-0.427271468983637,-0.398234755570355,TWI,gauss,1,,,1.5,KRA,
2020-09-01,2020-09-20,warm,TWI.KRA.res1.gauss_1.5,0.107130618392148,0.210572749975481,-0.453439935607761,-0.150961935831757,TWI,gauss,1,,,1.5,KRA,
2020-09-27,2020-10-17,cool,TWI.KRA.res1.gauss_1.5,0.00437298876083964,0.125936022814206,-0.698169814373708,-0.327037654398055,TWI,gauss,1,,,1.5,KRA,
2021-03-25,2021-04-06,cool,TWI.KRA.res1.gauss_1.5,0.400686956775745,0.440835978459368,0.32626071800137,0.324868752367237,TWI,gauss,1,,,1.5,KRA,
2021-09-05,2021-09-20,warm,TWI.KRA.res1.gauss_1.5,0.0385401691190492,0.332497241958547,-0.4858943930175,0.137527908899243,TWI,gauss,1,,,1.5,KRA,
2017-08-27,2017-09-16,warm,TWI.KRA.res1.gauss_2.0,0.366168467791086,0.3798411435755,0.0946819555578934,0.0738374333471946,TWI,gauss,1,,,2,KRA,
2017-11-29,2017-12-14,cool,TWI.KRA.res1.gauss_2.0,0.226762173146816,0.406512687063128,-0.176347987103873,0.17780342167373,TWI,gauss,1,,,2,KRA,
2017-12-22,2018-01-20,cool,TWI.KRA.res1.gauss_2.0,0.393805532240379,0.431893128136332,0.250838537430434,0.233007315251478,TWI,gauss,1,,,2,KRA,
2018-05-25,2018-06-07,warm,TWI.KRA.res1.gauss_2.0,0.342037075944541,0.346171128757498,0.233167209592279,0.169082137285013,TWI,gauss,1,,,2,KRA,
2019-03-30,2019-04-12,cool,TWI.KRA.res1.gauss_2.0,0.649050517312248,0.691281597907512,0.515752627167136,0.519394764283635,TWI,gauss,1,,,2,KRA,
2019-08-23,2019-09-13,warm,TWI.KRA.res1.gauss_2.0,0.216794277963771,0.41169885128796,-0.286780907904972,0.0431227063976973,TWI,gauss,1,,,2,KRA,
2020-08-11,2020-08-26,warm,TWI.KRA.res1.gauss_2.0,0.168949104811376,0.17891750217553,-0.483473258808371,-0.473490126606133,TWI,gauss,1,,,2,KRA,
2020-09-01,2020-09-20,warm,TWI.KRA.res1.gauss_2.0,0.110839927009884,0.195976893707477,-0.598209009254056,-0.180903876176019,TWI,gauss,1,,,2,KRA,
2020-09-27,2020-10-17,cool,TWI.KRA.res1.gauss_2.0,0.0438781596001464,0.123454103985368,-0.616580211656667,-0.33980806239836,TWI,gauss,1,,,2,KRA,
2021-03-25,2021-04-06,cool,TWI.KRA.res1.gauss_2.0,0.413076883768828,0.466420767221226,0.328956582505006,0.353784349036381,TWI,gauss,1,,,2,KRA,
2021-09-05,2021-09-20,warm,TWI.KRA.res1.gauss_2.0,0.00729439166376199,0.332398877870045,-0.524470940120448,0.148157705976298,TWI,gauss,1,,,2,KRA,
2017-08-27,2017-09-16,warm,TWI.KRA.res1.gauss_2.5,0.573119259326033,0.573132743829075,0.342880435657928,0.307081601702885,TWI,gauss,1,,,2.5,KRA,
2017-11-29,2017-12-14,cool,TWI.KRA.res1.gauss_2.5,0.424209771929731,0.619156414017174,0.212278496165424,0.448570739423774,TWI,gauss,1,,,2.5,KRA,
2017-12-22,2018-01-20,cool,TWI.KRA.res1.gauss_2.5,0.548713363259226,0.605240032606127,0.4710911230138,0.485413476887238,TWI,gauss,1,,,2.5,KRA,
2018-05-25,2018-06-07,warm,TWI.KRA.res1.gauss_2.5,0.403521060723394,0.40835000733009,0.229262693260277,0.149958987777928,TWI,gauss,1,,,2.5,KRA,
2019-03-30,2019-04-12,cool,TWI.KRA.res1.gauss_2.5,0.596261798058085,0.67853625430921,0.463870475996524,0.513205253430284,TWI,gauss,1,,,2.5,KRA,
2019-08-23,2019-09-13,warm,TWI.KRA.res1.gauss_2.5,0.392889454567158,0.516774788494228,-0.141626605701903,0.0294466119481608,TWI,gauss,1,,,2.5,KRA,
2020-08-11,2020-08-26,warm,TWI.KRA.res1.gauss_2.5,0.137118013795926,0.15113962888851,-0.475738577861679,-0.455783810559677,TWI,gauss,1,,,2.5,KRA,
2020-09-01,2020-09-20,warm,TWI.KRA.res1.gauss_2.5,0.0830384554372371,0.183817580658171,-0.631780567674285,-0.286742572194126,TWI,gauss,1,,,2.5,KRA,
2020-09-27,2020-10-17,cool,TWI.KRA.res1.gauss_2.5,0.0457780792130995,0.12249451705207,-0.576236939308798,-0.373804207579575,TWI,gauss,1,,,2.5,KRA,
2021-03-25,2021-04-06,cool,TWI.KRA.res1.gauss_2.5,0.464190769313433,0.50013586361627,0.421264091837011,0.41383879585047,TWI,gauss,1,,,2.5,KRA,
2021-09-05,2021-09-20,warm,TWI.KRA.res1.gauss_2.5,0.0800298968576574,0.335224767872497,-0.33691412604471,0.10550136814586,TWI,gauss,1,,,2.5,KRA,
2017-08-27,2017-09-16,warm,TWI.KRA.res1.gauss_3.5,0.644812834157373,0.644827900703342,0.391589031127379,0.36194974884974,TWI,gauss,1,,,3.5,KRA,
2017-11-29,2017-12-14,cool,TWI.KRA.res1.gauss_3.5,0.487988067453937,0.664826430809029,0.343916167249007,0.518254530292012,TWI,gauss,1,,,3.5,KRA,
2017-12-22,2018-01-20,cool,TWI.KRA.res1.gauss_3.5,0.58285783294242,0.648071653809394,0.513506592004633,0.549649563920965,TWI,gauss,1,,,3.5,KRA,
2018-05-25,2018-06-07,warm,TWI.KRA.res1.gauss_3.5,0.414948720532378,0.418195291139954,0.188954478639995,0.110654855120071,TWI,gauss,1,,,3.5,KRA,
2019-03-30,2019-04-12,cool,TWI.KRA.res1.gauss_3.5,0.642586338064587,0.7227077082716,0.519669104575439,0.554442482454534,TWI,gauss,1,,,3.5,KRA,
2019-08-23,2019-09-13,warm,TWI.KRA.res1.gauss_3.5,0.555488538879406,0.651212731124878,0.301369937534404,0.359287544185702,TWI,gauss,1,,,3.5,KRA,
2020-08-11,2020-08-26,warm,TWI.KRA.res1.gauss_3.5,0.285885184021904,0.30123132685115,0.119173945166013,0.109396906100804,TWI,gauss,1,,,3.5,KRA,
2020-09-01,2020-09-20,warm,TWI.KRA.res1.gauss_3.5,0.242465397606063,0.298264548438176,0.069764569421725,0.0961605385127996,TWI,gauss,1,,,3.5,KRA,
2020-09-27,2020-10-17,cool,TWI.KRA.res1.gauss_3.5,0.102946397887245,0.167571904416412,-0.267521507397806,-0.203081909726014,TWI,gauss,1,,,3.5,KRA,
2021-03-25,2021-04-06,cool,TWI.KRA.res1.gauss_3.5,0.458287794040354,0.499009644038323,0.399644762985936,0.39612815903305,TWI,gauss,1,,,3.5,KRA,
2021-09-05,2021-09-20,warm,TWI.KRA.res1.gauss_3.5,0.231185301733226,0.379342563791135,0.0300347092476711,0.163599904813192,TWI,gauss,1,,,3.5,KRA,
2017-08-27,2017-09-16,warm,TWI.KRA.res1.gauss_5.0,0.753152538955477,0.761632884178902,0.558056383235849,0.546308188861185,TWI,gauss,1,,,5,KRA,
2017-11-29,2017-12-14,cool,TWI.KRA.res1.gauss_5.0,0.233433152936567,0.47630108423835,-0.167054188749332,0.0856020103538075,TWI,gauss,1,,,5,KRA,
2017-12-22,2018-01-20,cool,TWI.KRA.res1.gauss_5.0,0.501415870739942,0.602468969697192,0.424218859317108,0.50585769113115,TWI,gauss,1,,,5,KRA,
2018-05-25,2018-06-07,warm,TWI.KRA.res1.gauss_5.0,0.40772091347247,0.408527788950492,0.228672341347744,0.188782432641629,TWI,gauss,1,,,5,KRA,
2019-03-30,2019-04-12,cool,TWI.KRA.res1.gauss_5.0,0.610657350381427,0.65138970398777,0.493222799927419,0.477044925912622,TWI,gauss,1,,,5,KRA,
2019-08-23,2019-09-13,warm,TWI.KRA.res1.gauss_5.0,0.32500830844862,0.481701806315677,-0.266618974273757,0.0481629297265978,TWI,gauss,1,,,5,KRA,
2020-08-11,2020-08-26,warm,TWI.KRA.res1.gauss_5.0,0.437307853058679,0.486701625516397,0.269475647472121,0.281058654690844,TWI,gauss,1,,,5,KRA,
2020-09-01,2020-09-20,warm,TWI.KRA.res1.gauss_5.0,0.392750725180808,0.470068978386781,0.203945832981719,0.268773295869635,TWI,gauss,1,,,5,KRA,
2020-09-27,2020-10-17,cool,TWI.KRA.res1.gauss_5.0,0.278199545778223,0.34278036247944,0.0784639183825755,0.0988204358714917,TWI,gauss,1,,,5,KRA,
2021-03-25,2021-04-06,cool,TWI.KRA.res1.gauss_5.0,0.278779394435421,0.353681394974989,0.184551458084961,0.220166808939274,TWI,gauss,1,,,5,KRA,
2021-09-05,2021-09-20,warm,TWI.KRA.res1.gauss_5.0,0.208506717504422,0.367695522731991,0.0492256662518331,0.210682910156687,TWI,gauss,1,,,5,KRA,
2017-08-27,2017-09-16,warm,TWI.KRA.res1.NFNW,0.0864080630874014,0.164397345210541,-0.654261237557145,-0.485919772769122,TWI,NFNW,1,,,,KRA,
2017-11-29,2017-12-14,cool,TWI.KRA.res1.NFNW,0.193158830323763,0.360278407868759,-0.392356918876008,-0.120455403640472,TWI,NFNW,1,,,,KRA,
2017-12-22,2018-01-20,cool,TWI.KRA.res1.NFNW,0.127963045269601,0.174194612898475,-0.485460493418958,-0.522910916582071,TWI,NFNW,1,,,,KRA,
2018-05-25,2018-06-07,warm,TWI.KRA.res1.NFNW,0.308261059790112,0.313371915551161,0.034637619740221,-0.0714313900200363,TWI,NFNW,1,,,,KRA,
2019-03-30,2019-04-12,cool,TWI.KRA.res1.NFNW,0.284860187430558,0.45341177616801,-0.0988990161029878,0.126714421555104,TWI,NFNW,1,,,,KRA,
2019-08-23,2019-09-13,warm,TWI.KRA.res1.NFNW,0.32800896459621,0.393589246561083,-0.02506271820065,-0.000789535669299344,TWI,NFNW,1,,,,KRA,
2020-08-11,2020-08-26,warm,TWI.KRA.res1.NFNW,0.0401609868029432,0.0426951063266032,-0.665023180305504,-0.560801090982507,TWI,NFNW,1,,,,KRA,
2020-09-01,2020-09-20,warm,TWI.KRA.res1.NFNW,0.0207362122041847,0.152309927644507,-0.614932206372719,-0.344375563237133,TWI,NFNW,1,,,,KRA,
2020-09-27,2020-10-17,cool,TWI.KRA.res1.NFNW,0.0710440266715643,0.150316283713234,-0.414817687122324,-0.338984306855043,TWI,NFNW,1,,,,KRA,
2021-03-25,2021-04-06,cool,TWI.KRA.res1.NFNW,0.149174994785917,0.275755407796596,-0.154510670568692,0.0431545746619745,TWI,NFNW,1,,,,KRA,
2021-09-05,2021-09-20,warm,TWI.KRA.res1.NFNW,0.240592938601824,0.409528773270274,0.0502804313712251,0.243830897734435,TWI,NFNW,1,,,,KRA,
2017-08-27,2017-09-16,warm,TWI.KRA.res1.SSC1,0.0962158903215905,0.195112249043007,-0.686874340743138,-0.414326987927977,TWI,SSC,1,,1,,KRA,
2017-11-29,2017-12-14,cool,TWI.KRA.res1.SSC1,0.341956482045937,0.415205386450854,-0.089868013014691,-0.0449230301138574,TWI,SSC,1,,1,,KRA,
2017-12-22,2018-01-20,cool,TWI.KRA.res1.SSC1,0.295402000012341,0.30250441487588,-0.105607770946753,-0.203305272482262,TWI,SSC,1,,1,,KRA,
2018-05-25,2018-06-07,warm,TWI.KRA.res1.SSC1,0.221278261988985,0.248345780099012,-0.176149070288575,-0.246849553365108,TWI,SSC,1,,1,,KRA,
2019-03-30,2019-04-12,cool,TWI.KRA.res1.SSC1,0.21290068465733,0.461411147471791,-0.442987588011555,0.0832246856601356,TWI,SSC,1,,1,,KRA,
2019-08-23,2019-09-13,warm,TWI.KRA.res1.SSC1,0.0897817070087625,0.272681015043155,-0.526837376857206,-0.134967403059683,TWI,SSC,1,,1,,KRA,
2020-08-11,2020-08-26,warm,TWI.KRA.res1.SSC1,0.0357119021906338,0.0422627468337905,-0.542553968220741,-0.501091726566825,TWI,SSC,1,,1,,KRA,
2020-09-01,2020-09-20,warm,TWI.KRA.res1.SSC1,0.0476602864126127,0.15125609198951,-0.560772228436339,-0.25468774620414,TWI,SSC,1,,1,,KRA,
2020-09-27,2020-10-17,cool,TWI.KRA.res1.SSC1,0.0382460933346092,0.124191651774278,-0.58540639180815,-0.319991531168601,TWI,SSC,1,,1,,KRA,
2021-03-25,2021-04-06,cool,TWI.KRA.res1.SSC1,0.310379000506249,0.403003745204841,0.171269164712324,0.237167214250755,TWI,SSC,1,,1,,KRA,
2021-09-05,2021-09-20,warm,TWI.KRA.res1.SSC1,0.0651473880639407,0.336467928575402,-0.418597757120435,0.135400001206938,TWI,SSC,1,,1,,KRA,
2017-08-27,2017-09-16,warm,TWI.KRA.res1.SSC10,0.786162486387149,0.791263996629911,0.646508265632804,0.622306035268261,TWI,SSC,1,,10,,KRA,
2017-11-29,2017-12-14,cool,TWI.KRA.res1.SSC10,0.234651674636152,0.46323472008411,-0.124060222304805,0.0624734809383145,TWI,SSC,1,,10,,KRA,
2017-12-22,2018-01-20,cool,TWI.KRA.res1.SSC10,0.476842932313645,0.571206835787649,0.379308643237678,0.448083205972561,TWI,SSC,1,,10,,KRA,
2018-05-25,2018-06-07,warm,TWI.KRA.res1.SSC10,0.406643876931314,0.407336582191077,0.212883806333567,0.17916307489174,TWI,SSC,1,,10,,KRA,
2019-03-30,2019-04-12,cool,TWI.KRA.res1.SSC10,0.596640687744968,0.643376410813038,0.47089288576225,0.451571738953833,TWI,SSC,1,,10,,KRA,
2019-08-23,2019-09-13,warm,TWI.KRA.res1.SSC10,0.3476083632739,0.493875479293515,-0.122943552141695,0.0954678408952825,TWI,SSC,1,,10,,KRA,
2020-08-11,2020-08-26,warm,TWI.KRA.res1.SSC10,0.4338455330709,0.476929415766058,0.258129079980549,0.261004404196252,TWI,SSC,1,,10,,KRA,
2020-09-01,2020-09-20,warm,TWI.KRA.res1.SSC10,0.395705207231475,0.465659502686273,0.194140393014042,0.246876587311577,TWI,SSC,1,,10,,KRA,
2020-09-27,2020-10-17,cool,TWI.KRA.res1.SSC10,0.292955985000085,0.351423412842096,0.0889231529254806,0.107585240220622,TWI,SSC,1,,10,,KRA,
2021-03-25,2021-04-06,cool,TWI.KRA.res1.SSC10,0.275515212207954,0.352601632681735,0.180825168622444,0.216263383348185,TWI,SSC,1,,10,,KRA,
2021-09-05,2021-09-20,warm,TWI.KRA.res1.SSC10,0.281598803436246,0.400225001441535,0.140935896890342,0.26324634960635,TWI,SSC,1,,10,,KRA,
2017-08-27,2017-09-16,warm,TWI.KRA.res1.SSC2,0.212637097238381,0.24728183920959,-0.240823032621997,-0.284062701997823,TWI,SSC,1,,2,,KRA,
2017-11-29,2017-12-14,cool,TWI.KRA.res1.SSC2,0.196366446570677,0.378154697322331,-0.393119074962021,-0.016661459167932,TWI,SSC,1,,2,,KRA,
2017-12-22,2018-01-20,cool,TWI.KRA.res1.SSC2,0.402888614247463,0.432733964279072,0.232614892355136,0.206676115772276,TWI,SSC,1,,2,,KRA,
2018-05-25,2018-06-07,warm,TWI.KRA.res1.SSC2,0.392126617075223,0.395485098607491,0.202610652602102,0.116310399642742,TWI,SSC,1,,2,,KRA,
2019-03-30,2019-04-12,cool,TWI.KRA.res1.SSC2,0.48397897457375,0.583752154040515,0.238921776918814,0.334681784052083,TWI,SSC,1,,2,,KRA,
2019-08-23,2019-09-13,warm,TWI.KRA.res1.SSC2,0.141364358908463,0.25698335764991,-0.37746327858188,-0.179042272754661,TWI,SSC,1,,2,,KRA,
2020-08-11,2020-08-26,warm,TWI.KRA.res1.SSC2,0.0711339209716518,0.0854153058592267,-0.562330590194586,-0.508088313061275,TWI,SSC,1,,2,,KRA,
2020-09-01,2020-09-20,warm,TWI.KRA.res1.SSC2,0.0806937483730434,0.1804474121514,-0.471868087163892,-0.205722553324165,TWI,SSC,1,,2,,KRA,
2020-09-27,2020-10-17,cool,TWI.KRA.res1.SSC2,0.00747634237809431,0.123212198176239,-0.651976164959494,-0.323393261338441,TWI,SSC,1,,2,,KRA,
2021-03-25,2021-04-06,cool,TWI.KRA.res1.SSC2,0.362625581798831,0.411408205823872,0.284844373435491,0.28800051594576,TWI,SSC,1,,2,,KRA,
2021-09-05,2021-09-20,warm,TWI.KRA.res1.SSC2,0.0850580971745569,0.343326690490106,-0.281401913245923,0.150223522017212,TWI,SSC,1,,2,,KRA,
2017-08-27,2017-09-16,warm,TWI.KRA.res1.SSC3,0.376726856980194,0.383281649776366,0.0141800310409612,-0.0401780479971838,TWI,SSC,1,,3,,KRA,
2017-11-29,2017-12-14,cool,TWI.KRA.res1.SSC3,0.0573514913808072,0.331333409961714,-0.652838512898393,-0.110697978310164,TWI,SSC,1,,3,,KRA,
2017-12-22,2018-01-20,cool,TWI.KRA.res1.SSC3,0.343960251105243,0.404293446256058,0.180658034681666,0.189964318658768,TWI,SSC,1,,3,,KRA,
2018-05-25,2018-06-07,warm,TWI.KRA.res1.SSC3,0.470221803372955,0.470274989074751,0.312081089142752,0.259221164119984,TWI,SSC,1,,3,,KRA,
2019-03-30,2019-04-12,cool,TWI.KRA.res1.SSC3,0.621839539538541,0.670043624986063,0.466627480103018,0.46086070433811,TWI,SSC,1,,3,,KRA,
2019-08-23,2019-09-13,warm,TWI.KRA.res1.SSC3,0.0448182237241771,0.252171060746987,-0.743998851178708,-0.162583210500142,TWI,SSC,1,,3,,KRA,
2020-08-11,2020-08-26,warm,TWI.KRA.res1.SSC3,0.117918198217484,0.133003365356229,-0.594299663141039,-0.551590173589464,TWI,SSC,1,,3,,KRA,
2020-09-01,2020-09-20,warm,TWI.KRA.res1.SSC3,0.0705738908777408,0.181764682951218,-0.745028660253538,-0.294720978054712,TWI,SSC,1,,3,,KRA,
2020-09-27,2020-10-17,cool,TWI.KRA.res1.SSC3,0.0409068491002141,0.12076746491953,-0.60376327694244,-0.378778526848938,TWI,SSC,1,,3,,KRA,
2021-03-25,2021-04-06,cool,TWI.KRA.res1.SSC3,0.393387697892073,0.435772074178816,0.309419873685634,0.309687719578498,TWI,SSC,1,,3,,KRA,
2021-09-05,2021-09-20,warm,TWI.KRA.res1.SSC3,0.0070368837252267,0.333050106125704,-0.592811142708033,0.123126139092649,TWI,SSC,1,,3,,KRA,
2017-08-27,2017-09-16,warm,TWI.KRA.res1.SSC4,0.364712808749136,0.377877785261561,0.0549790732803313,0.0337729013170137,TWI,SSC,1,,4,,KRA,
2017-11-29,2017-12-14,cool,TWI.KRA.res1.SSC4,0.141361004953542,0.356505092938193,-0.474038315040543,0.0802864678363874,TWI,SSC,1,,4,,KRA,
2017-12-22,2018-01-20,cool,TWI.KRA.res1.SSC4,0.322956021285151,0.368026185547528,0.156902002199399,0.139152171014846,TWI,SSC,1,,4,,KRA,
2018-05-25,2018-06-07,warm,TWI.KRA.res1.SSC4,0.330305288334727,0.332317493666121,0.188360086663965,0.129446874550267,TWI,SSC,1,,4,,KRA,
2019-03-30,2019-04-12,cool,TWI.KRA.res1.SSC4,0.689471809774125,0.716383748924982,0.588763422046399,0.560069874717602,TWI,SSC,1,,4,,KRA,
2019-08-23,2019-09-13,warm,TWI.KRA.res1.SSC4,0.164500882194987,0.376952351010909,-0.378689956105043,0.0584454411933801,TWI,SSC,1,,4,,KRA,
2020-08-11,2020-08-26,warm,TWI.KRA.res1.SSC4,0.175427835027456,0.186076377769331,-0.391687104849446,-0.389736751075649,TWI,SSC,1,,4,,KRA,
2020-09-01,2020-09-20,warm,TWI.KRA.res1.SSC4,0.107525278110612,0.196698118335796,-0.605996125801254,-0.201061647276815,TWI,SSC,1,,4,,KRA,
2020-09-27,2020-10-17,cool,TWI.KRA.res1.SSC4,0.052902340756583,0.124985546461271,-0.542226685284349,-0.348043328641856,TWI,SSC,1,,4,,KRA,
2021-03-25,2021-04-06,cool,TWI.KRA.res1.SSC4,0.402211792287474,0.456853704314171,0.324325146425905,0.348483945292638,TWI,SSC,1,,4,,KRA,
2021-09-05,2021-09-20,warm,TWI.KRA.res1.SSC4,0.00115708306642213,0.332477885375936,-0.674873063920337,0.142110391280522,TWI,SSC,1,,4,,KRA,
2017-08-27,2017-09-16,warm,TWI.KRA.res1.SSC5,0.600659044145325,0.600660371310708,0.381293932132511,0.345209786524786,TWI,SSC,1,,5,,KRA,
2017-11-29,2017-12-14,cool,TWI.KRA.res1.SSC5,0.432871115409892,0.623840204279584,0.209430669166284,0.435251282083117,TWI,SSC,1,,5,,KRA,
2017-12-22,2018-01-20,cool,TWI.KRA.res1.SSC5,0.603575532894538,0.65244586917452,0.54369354249493,0.54950755295558,TWI,SSC,1,,5,,KRA,
2018-05-25,2018-06-07,warm,TWI.KRA.res1.SSC5,0.383963439972782,0.391461687748394,0.172190059721068,0.107626524569133,TWI,SSC,1,,5,,KRA,
2019-03-30,2019-04-12,cool,TWI.KRA.res1.SSC5,0.58261138772927,0.694768368061618,0.449978848787474,0.547248709341955,TWI,SSC,1,,5,,KRA,
2019-08-23,2019-09-13,warm,TWI.KRA.res1.SSC5,0.4594471560232,0.551174360657773,0.0849582146648722,0.119646891062435,TWI,SSC,1,,5,,KRA,
2020-08-11,2020-08-26,warm,TWI.KRA.res1.SSC5,0.206386605964896,0.223866810657359,-0.142829291333008,-0.142977962238057,TWI,SSC,1,,5,,KRA,
2020-09-01,2020-09-20,warm,TWI.KRA.res1.SSC5,0.168607961423314,0.243906085906356,-0.198792768449306,-0.0811713510439934,TWI,SSC,1,,5,,KRA,
2020-09-27,2020-10-17,cool,TWI.KRA.res1.SSC5,0.0402101369091647,0.134643124752498,-0.631245662879166,-0.328082589368299,TWI,SSC,1,,5,,KRA,
2021-03-25,2021-04-06,cool,TWI.KRA.res1.SSC5,0.447590319076376,0.487558200470916,0.400718892253862,0.39837218659322,TWI,SSC,1,,5,,KRA,
2021-09-05,2021-09-20,warm,TWI.KRA.res1.SSC5,0.0409326129967964,0.332310840755038,-0.58858935815015,0.081153635486234,TWI,SSC,1,,5,,KRA,
2017-08-27,2017-09-16,warm,TWI.KRA.res1.SSC7,0.725484375177835,0.725519798769648,0.4963218647492,0.449415520597802,TWI,SSC,1,,7,,KRA,
2017-11-29,2017-12-14,cool,TWI.KRA.res1.SSC7,0.474519846151714,0.625801781578707,0.26766641929836,0.385404874339233,TWI,SSC,1,,7,,KRA,
2017-12-22,2018-01-20,cool,TWI.KRA.res1.SSC7,0.511522565233122,0.561879434855553,0.428030417510277,0.397027992437802,TWI,SSC,1,,7,,KRA,
2018-05-25,2018-06-07,warm,TWI.KRA.res1.SSC7,0.411872229537385,0.418166443588057,0.137135618866221,0.0768193180264933,TWI,SSC,1,,7,,KRA,
2019-03-30,2019-04-12,cool,TWI.KRA.res1.SSC7,0.432868374542621,0.578127175854154,0.24048416241321,0.300338956440413,TWI,SSC,1,,7,,KRA,
2019-08-23,2019-09-13,warm,TWI.KRA.res1.SSC7,0.506106194572034,0.574810397947746,0.453521911549189,0.493009935928144,TWI,SSC,1,,7,,KRA,
2020-08-11,2020-08-26,warm,TWI.KRA.res1.SSC7,0.286962277210274,0.294124433538915,0.156902952529,0.135702182196807,TWI,SSC,1,,7,,KRA,
2020-09-01,2020-09-20,warm,TWI.KRA.res1.SSC7,0.216980418004092,0.266881761859916,0.0648051167720125,0.0650151675877093,TWI,SSC,1,,7,,KRA,
2020-09-27,2020-10-17,cool,TWI.KRA.res1.SSC7,0.111349257575168,0.167377391991796,-0.17348325904841,-0.187067205312825,TWI,SSC,1,,7,,KRA,
2021-03-25,2021-04-06,cool,TWI.KRA.res1.SSC7,0.403131568636552,0.452386329739958,0.335267110550579,0.328027937032775,TWI,SSC,1,,7,,KRA,
2021-09-05,2021-09-20,warm,TWI.KRA.res1.SSC7,0.470414926072339,0.528969987534679,0.303825104485426,0.254241141888063,TWI,SSC,1,,7,,KRA,
2017-08-27,2017-09-16,warm,TWI.KRA.res10.NFNW,0.739059358496017,0.74141520489679,0.573043286668595,0.523587683336037,TWI,NFNW,10,,,,KRA,
2017-11-29,2017-12-14,cool,TWI.KRA.res10.NFNW,0.588023166731949,0.706148751043342,0.481246397441511,0.556559103439003,TWI,NFNW,10,,,,KRA,
2017-12-22,2018-01-20,cool,TWI.KRA.res10.NFNW,0.565017435145911,0.603775754022534,0.502073083412898,0.495090985949198,TWI,NFNW,10,,,,KRA,
2018-05-25,2018-06-07,warm,TWI.KRA.res10.NFNW,0.398408564265171,0.406670462662139,0.167800331753935,0.115125684634932,TWI,NFNW,10,,,,KRA,
2019-03-30,2019-04-12,cool,TWI.KRA.res10.NFNW,0.539416818615952,0.659136808972836,0.374588338701103,0.467750430637864,TWI,NFNW,10,,,,KRA,
2019-08-23,2019-09-13,warm,TWI.KRA.res10.NFNW,0.590368188027834,0.640537933127362,0.376047777796206,0.37341076834806,TWI,NFNW,10,,,,KRA,
2020-08-11,2020-08-26,warm,TWI.KRA.res10.NFNW,0.463353517565894,0.469359600409717,0.393523038110211,0.374599463287955,TWI,NFNW,10,,,,KRA,
2020-09-01,2020-09-20,warm,TWI.KRA.res10.NFNW,0.329062898162193,0.360304954671579,0.213851908266964,0.203084902633814,TWI,NFNW,10,,,,KRA,
2020-09-27,2020-10-17,cool,TWI.KRA.res10.NFNW,0.127517930291649,0.175374056915641,-0.143427807246511,-0.153314068775087,TWI,NFNW,10,,,,KRA,
2021-03-25,2021-04-06,cool,TWI.KRA.res10.NFNW,0.336625764009119,0.405048453287283,0.231392697434758,0.251702913426307,TWI,NFNW,10,,,,KRA,
2021-09-05,2021-09-20,warm,TWI.KRA.res10.NFNW,0.320419433356063,0.436671710717307,0.188321027511082,0.271443107981306,TWI,NFNW,10,,,,KRA,
2017-08-27,2017-09-16,warm,TWI.KRA.res2.NFNW,0.450720952418869,0.460904030113478,0.0116529666985376,-0.00867464461045272,TWI,NFNW,2,,,,KRA,
2017-11-29,2017-12-14,cool,TWI.KRA.res2.NFNW,0.00404879151364208,0.29864964375691,-0.568444682915779,-0.153920759502936,TWI,NFNW,2,,,,KRA,
2017-12-22,2018-01-20,cool,TWI.KRA.res2.NFNW,0.301186751399202,0.340609017499377,0.124290021369627,0.0886389596415494,TWI,NFNW,2,,,,KRA,
2018-05-25,2018-06-07,warm,TWI.KRA.res2.NFNW,0.378843170783966,0.379824783128515,0.142943109495576,0.0797043108836806,TWI,NFNW,2,,,,KRA,
2019-03-30,2019-04-12,cool,TWI.KRA.res2.NFNW,0.48145590315027,0.556667535177078,0.294095495257217,0.34608931091861,TWI,NFNW,2,,,,KRA,
2019-08-23,2019-09-13,warm,TWI.KRA.res2.NFNW,0.0128931740485412,0.258382919932632,-0.55614092239873,-0.125040746403704,TWI,NFNW,2,,,,KRA,
2020-08-11,2020-08-26,warm,TWI.KRA.res2.NFNW,0.187636835231932,0.204448418765679,-0.258987962543396,-0.209976256538065,TWI,NFNW,2,,,,KRA,
2020-09-01,2020-09-20,warm,TWI.KRA.res2.NFNW,0.132118104791091,0.216962950595775,-0.361852726976814,-0.120480900854478,TWI,NFNW,2,,,,KRA,
2020-09-27,2020-10-17,cool,TWI.KRA.res2.NFNW,0.00255931143114071,0.122508417179299,-0.590152504977674,-0.304842665223005,TWI,NFNW,2,,,,KRA,
2021-03-25,2021-04-06,cool,TWI.KRA.res2.NFNW,0.316805487205238,0.396163369971683,0.22693339687899,0.267468750091186,TWI,NFNW,2,,,,KRA,
2021-09-05,2021-09-20,warm,TWI.KRA.res2.NFNW,0.0766840388166059,0.345753825085302,-0.332634504890585,0.175167169712785,TWI,NFNW,2,,,,KRA,
2017-08-27,2017-09-16,warm,TWI.KRA.res3.NFNW,0.626412687307798,0.629509974991544,0.150989429487678,0.141693317795334,TWI,NFNW,3,,,,KRA,
2017-11-29,2017-12-14,cool,TWI.KRA.res3.NFNW,0.108475806256344,0.380458374380668,-0.372655737664329,0.059003076051439,TWI,NFNW,3,,,,KRA,
2017-12-22,2018-01-20,cool,TWI.KRA.res3.NFNW,0.322311822869162,0.402388081255175,0.166548394857316,0.206218286523211,TWI,NFNW,3,,,,KRA,
2018-05-25,2018-06-07,warm,TWI.KRA.res3.NFNW,0.262176395737983,0.266194408508653,0.105809187334738,-0.00292736258009983,TWI,NFNW,3,,,,KRA,
2019-03-30,2019-04-12,cool,TWI.KRA.res3.NFNW,0.514651414724161,0.600398533757213,0.383346884510341,0.414332105874388,TWI,NFNW,3,,,,KRA,
2019-08-23,2019-09-13,warm,TWI.KRA.res3.NFNW,0.349086218280076,0.473660244466523,-0.427371880280191,-0.0726997446345895,TWI,NFNW,3,,,,KRA,
2020-08-11,2020-08-26,warm,TWI.KRA.res3.NFNW,0.216092309715972,0.231760780154958,-0.138704408944922,-0.14597722171893,TWI,NFNW,3,,,,KRA,
2020-09-01,2020-09-20,warm,TWI.KRA.res3.NFNW,0.135204434314615,0.218984264046166,-0.400427105300855,-0.171497673308187,TWI,NFNW,3,,,,KRA,
2020-09-27,2020-10-17,cool,TWI.KRA.res3.NFNW,0.0111223683883627,0.120508624979747,-0.439801340685005,-0.300300428845744,TWI,NFNW,3,,,,KRA,
2021-03-25,2021-04-06,cool,TWI.KRA.res3.NFNW,0.383771072898022,0.436320495618604,0.318015275932786,0.330068938846682,TWI,NFNW,3,,,,KRA,
2021-09-05,2021-09-20,warm,TWI.KRA.res3.NFNW,0.152819641433964,0.363088972600079,-0.289741801042889,0.02470070550272,TWI,NFNW,3,,,,KRA,
2017-08-27,2017-09-16,warm,TWI.KRA.res4.NFNW,0.579819829380697,0.580086046946316,0.303827294264363,0.27754846587024,TWI,NFNW,4,,,,KRA,
2017-11-29,2017-12-14,cool,TWI.KRA.res4.NFNW,0.473316487971614,0.646592904518074,0.361827527900338,0.528521017747846,TWI,NFNW,4,,,,KRA,
2017-12-22,2018-01-20,cool,TWI.KRA.res4.NFNW,0.496957662286514,0.556313524523275,0.421181339467494,0.434009005166234,TWI,NFNW,4,,,,KRA,
2018-05-25,2018-06-07,warm,TWI.KRA.res4.NFNW,0.467838248701332,0.474037755035295,0.364674196829954,0.284667405579196,TWI,NFNW,4,,,,KRA,
2019-03-30,2019-04-12,cool,TWI.KRA.res4.NFNW,0.557530611103914,0.648348232258839,0.459173465272887,0.496885745283903,TWI,NFNW,4,,,,KRA,
2019-08-23,2019-09-13,warm,TWI.KRA.res4.NFNW,0.41212714915305,0.522386111259069,-0.0537226037019471,0.109448918502162,TWI,NFNW,4,,,,KRA,
2020-08-11,2020-08-26,warm,TWI.KRA.res4.NFNW,0.307484465430038,0.316567813153212,0.170417098129712,0.155846309317129,TWI,NFNW,4,,,,KRA,
2020-09-01,2020-09-20,warm,TWI.KRA.res4.NFNW,0.23221089954694,0.285491751468509,0.060027482855153,0.0784457729607749,TWI,NFNW,4,,,,KRA,
2020-09-27,2020-10-17,cool,TWI.KRA.res4.NFNW,0.0696536050318333,0.144317294270756,-0.29695746705785,-0.222226632473038,TWI,NFNW,4,,,,KRA,
2021-03-25,2021-04-06,cool,TWI.KRA.res4.NFNW,0.406523575751393,0.447694705299679,0.300274720224896,0.295975117351173,TWI,NFNW,4,,,,KRA,
2021-09-05,2021-09-20,warm,TWI.KRA.res4.NFNW,0.240165767369784,0.380377293749575,-0.0225269726274178,0.089590489801626,TWI,NFNW,4,,,,KRA,
2017-08-27,2017-09-16,warm,TWI.KRA.res5.NFNW,0.653671166749507,0.653689996639789,0.35865118788204,0.337226362535784,TWI,NFNW,5,,,,KRA,
2017-11-29,2017-12-14,cool,TWI.KRA.res5.NFNW,0.487051194091365,0.658201967317031,0.368455507041662,0.527506258338234,TWI,NFNW,5,,,,KRA,
2017-12-22,2018-01-20,cool,TWI.KRA.res5.NFNW,0.552786818224646,0.616474562070302,0.477014253465017,0.504798930029936,TWI,NFNW,5,,,,KRA,
2018-05-25,2018-06-07,warm,TWI.KRA.res5.NFNW,0.449857853617042,0.452889550918814,0.2956001511797,0.216957626631077,TWI,NFNW,5,,,,KRA,
2019-03-30,2019-04-12,cool,TWI.KRA.res5.NFNW,0.575527936081044,0.660416479714403,0.449958794352046,0.48572814754,TWI,NFNW,5,,,,KRA,
2019-08-23,2019-09-13,warm,TWI.KRA.res5.NFNW,0.512920019751424,0.614106005397727,0.320393399022687,0.387260046590135,TWI,NFNW,5,,,,KRA,
2020-08-11,2020-08-26,warm,TWI.KRA.res5.NFNW,0.38296761103086,0.397137801791228,0.292725619964542,0.283675351140592,TWI,NFNW,5,,,,KRA,
2020-09-01,2020-09-20,warm,TWI.KRA.res5.NFNW,0.317810983821495,0.363827682593697,0.202163516034004,0.213424875414953,TWI,NFNW,5,,,,KRA,
2020-09-27,2020-10-17,cool,TWI.KRA.res5.NFNW,0.163228894588555,0.212647096960948,-0.0694912161798025,-0.0789120236743463,TWI,NFNW,5,,,,KRA,
2021-03-25,2021-04-06,cool,TWI.KRA.res5.NFNW,0.406243390595147,0.448590859343563,0.322956021475011,0.316835198325088,TWI,NFNW,5,,,,KRA,
2021-09-05,2021-09-20,warm,TWI.KRA.res5.NFNW,0.261278888809827,0.38806511017223,0.0426799163177124,0.140617405736534,TWI,NFNW,5,,,,KRA,
2017-08-27,2017-09-16,warm,TWI.KRA.res7.NFNW,0.74438876006275,0.744391088765064,0.525251557812911,0.49299999145974,TWI,NFNW,7,,,,KRA,
2017-11-29,2017-12-14,cool,TWI.KRA.res7.NFNW,0.500186955626077,0.647806703173847,0.335224587672974,0.451091227124401,TWI,NFNW,7,,,,KRA,
2017-12-22,2018-01-20,cool,TWI.KRA.res7.NFNW,0.547300949473324,0.598873159951137,0.481964872987756,0.490896063806909,TWI,NFNW,7,,,,KRA,
2018-05-25,2018-06-07,warm,TWI.KRA.res7.NFNW,0.351371157055842,0.356044216638013,0.0353322562259083,-0.0326430587129297,TWI,NFNW,7,,,,KRA,
2019-03-30,2019-04-12,cool,TWI.KRA.res7.NFNW,0.481703507997232,0.582526470041599,0.343766854145481,0.382185038784463,TWI,NFNW,7,,,,KRA,
2019-08-23,2019-09-13,warm,TWI.KRA.res7.NFNW,0.629149844276919,0.717800490937074,0.464393754849995,0.516631548872994,TWI,NFNW,7,,,,KRA,
2020-08-11,2020-08-26,warm,TWI.KRA.res7.NFNW,0.386651502088039,0.405736704615135,0.296315158907987,0.285943487279113,TWI,NFNW,7,,,,KRA,
2020-09-01,2020-09-20,warm,TWI.KRA.res7.NFNW,0.307408695754065,0.360721984129773,0.188672605469742,0.211182159589593,TWI,NFNW,7,,,,KRA,
2020-09-27,2020-10-17,cool,TWI.KRA.res7.NFNW,0.173855759777607,0.226140936861314,-0.0373907347061178,-0.0511581899274593,TWI,NFNW,7,,,,KRA,
2021-03-25,2021-04-06,cool,TWI.KRA.res7.NFNW,0.434648051037621,0.484156872222915,0.372022771528702,0.383989410834454,TWI,NFNW,7,,,,KRA,
2021-09-05,2021-09-20,warm,TWI.KRA.res7.NFNW,0.318204204678067,0.422614168774584,0.191478582707003,0.243497920890573,TWI,NFNW,7,,,,KRA,
2017-08-27,2017-09-16,warm,TWI.MFD0.5.res1.gauss_0.5sigma,0.21519969352332,0.229713213530294,-0.214130359143054,-0.289975751853686,TWI,gauss,1,,,0.5,MFD,0.5
2017-11-29,2017-12-14,cool,TWI.MFD0.5.res1.gauss_0.5sigma,0.0705147644081208,0.352138592975422,-0.672294372396301,-0.0158717849125962,TWI,gauss,1,,,0.5,MFD,0.5
2017-12-22,2018-01-20,cool,TWI.MFD0.5.res1.gauss_0.5sigma,0.306933862631244,0.368825997310612,0.103550900830766,0.107094677143244,TWI,gauss,1,,,0.5,MFD,0.5
2018-05-25,2018-06-07,warm,TWI.MFD0.5.res1.gauss_0.5sigma,0.174607886163817,0.181825088399258,-0.100691150261607,-0.278696724168633,TWI,gauss,1,,,0.5,MFD,0.5
2019-03-30,2019-04-12,cool,TWI.MFD0.5.res1.gauss_0.5sigma,0.59042136711099,0.643831021101039,0.417143550199145,0.450590098475995,TWI,gauss,1,,,0.5,MFD,0.5
2019-08-23,2019-09-13,warm,TWI.MFD0.5.res1.gauss_0.5sigma,0.0626987368360446,0.286400288698342,-0.549514760244888,-0.114407972724742,TWI,gauss,1,,,0.5,MFD,0.5
2020-08-11,2020-08-26,warm,TWI.MFD0.5.res1.gauss_0.5sigma,0.109318947595061,0.13445151988151,-0.550074008980151,-0.530943079818462,TWI,gauss,1,,,0.5,MFD,0.5
2020-09-01,2020-09-20,warm,TWI.MFD0.5.res1.gauss_0.5sigma,0.0759723930689135,0.191701739860446,-0.632062207018448,-0.20364060100183,TWI,gauss,1,,,0.5,MFD,0.5
2020-09-27,2020-10-17,cool,TWI.MFD0.5.res1.gauss_0.5sigma,0.0565529574724908,0.122143271287327,-0.509925180464112,-0.34388492583316,TWI,gauss,1,,,0.5,MFD,0.5
2021-03-25,2021-04-06,cool,TWI.MFD0.5.res1.gauss_0.5sigma,0.443550691937082,0.487161210209333,0.39033939116803,0.389389821563307,TWI,gauss,1,,,0.5,MFD,0.5
2021-09-05,2021-09-20,warm,TWI.MFD0.5.res1.gauss_0.5sigma,0.065913354483267,0.356895770304709,-0.572188920996822,0.0848689522351691,TWI,gauss,1,,,0.5,MFD,0.5
2017-08-27,2017-09-16,warm,TWI.MFD0.5.res1.gauss_1.0sigma,0.587994326355791,0.588211322961818,0.322738192457697,0.303675106589233,TWI,gauss,1,,,1,MFD,0.5
2017-11-29,2017-12-14,cool,TWI.MFD0.5.res1.gauss_1.0sigma,0.464340958408748,0.630792429225119,0.261858317973131,0.490074991454743,TWI,gauss,1,,,1,MFD,0.5
2017-12-22,2018-01-20,cool,TWI.MFD0.5.res1.gauss_1.0sigma,0.569394719360692,0.616341387278274,0.4888917271964,0.499919486389697,TWI,gauss,1,,,1,MFD,0.5
2018-05-25,2018-06-07,warm,TWI.MFD0.5.res1.gauss_1.0sigma,0.510310796126667,0.515162105849233,0.437928822570023,0.388432720757988,TWI,gauss,1,,,1,MFD,0.5
2019-03-30,2019-04-12,cool,TWI.MFD0.5.res1.gauss_1.0sigma,0.62288928236235,0.686298756628329,0.503214069816484,0.532065031871292,TWI,gauss,1,,,1,MFD,0.5
2019-08-23,2019-09-13,warm,TWI.MFD0.5.res1.gauss_1.0sigma,0.306196962360635,0.447452134930194,-0.237589797312979,0.0110567248192813,TWI,gauss,1,,,1,MFD,0.5
2020-08-11,2020-08-26,warm,TWI.MFD0.5.res1.gauss_1.0sigma,0.172336183119431,0.189772181774732,-0.380900468042763,-0.336613014750702,TWI,gauss,1,,,1,MFD,0.5
2020-09-01,2020-09-20,warm,TWI.MFD0.5.res1.gauss_1.0sigma,0.114164486809017,0.203108215944651,-0.532662520602854,-0.201566696867425,TWI,gauss,1,,,1,MFD,0.5
2020-09-27,2020-10-17,cool,TWI.MFD0.5.res1.gauss_1.0sigma,0.0324153465208677,0.120692467389941,-0.630756893334352,-0.364050212268592,TWI,gauss,1,,,1,MFD,0.5
2021-03-25,2021-04-06,cool,TWI.MFD0.5.res1.gauss_1.0sigma,0.429591934851457,0.468425542089558,0.36521276994027,0.362840971377199,TWI,gauss,1,,,1,MFD,0.5
2021-09-05,2021-09-20,warm,TWI.MFD0.5.res1.gauss_1.0sigma,0.131595586638692,0.340660189165534,-0.18882821925588,0.084545580599796,TWI,gauss,1,,,1,MFD,0.5
2017-08-27,2017-09-16,warm,TWI.MFD0.5.res1.gauss_1.5sigma,0.637975147391902,0.638074627980634,0.36021506609667,0.337501681033133,TWI,gauss,1,,,1.5,MFD,0.5
2017-11-29,2017-12-14,cool,TWI.MFD0.5.res1.gauss_1.5sigma,0.498924727568492,0.661594459503876,0.382825031483617,0.537172271111379,TWI,gauss,1,,,1.5,MFD,0.5
2017-12-22,2018-01-20,cool,TWI.MFD0.5.res1.gauss_1.5sigma,0.579710649575973,0.629235557848963,0.502053082534174,0.516670025941001,TWI,gauss,1,,,1.5,MFD,0.5
2018-05-25,2018-06-07,warm,TWI.MFD0.5.res1.gauss_1.5sigma,0.454775570757705,0.461125869354032,0.315401660470726,0.252384625086684,TWI,gauss,1,,,1.5,MFD,0.5
2019-03-30,2019-04-12,cool,TWI.MFD0.5.res1.gauss_1.5sigma,0.628899036683803,0.705653095680919,0.499137064979469,0.531370492368822,TWI,gauss,1,,,1.5,MFD,0.5
2019-08-23,2019-09-13,warm,TWI.MFD0.5.res1.gauss_1.5sigma,0.485180966717454,0.587520776008143,0.0548660538296905,0.165581767921677,TWI,gauss,1,,,1.5,MFD,0.5
2020-08-11,2020-08-26,warm,TWI.MFD0.5.res1.gauss_1.5sigma,0.248020791237738,0.262548648600829,0.00961236506088995,0.00557634834955803,TWI,gauss,1,,,1.5,MFD,0.5
2020-09-01,2020-09-20,warm,TWI.MFD0.5.res1.gauss_1.5sigma,0.175168598754065,0.244327298515776,-0.131243344723978,-0.0388936291229542,TWI,gauss,1,,,1.5,MFD,0.5
2020-09-27,2020-10-17,cool,TWI.MFD0.5.res1.gauss_1.5sigma,0.0169014114730453,0.124511065719311,-0.575917993969886,-0.305937088490461,TWI,gauss,1,,,1.5,MFD,0.5
2021-03-25,2021-04-06,cool,TWI.MFD0.5.res1.gauss_1.5sigma,0.456772399244019,0.495527680214728,0.391323803126639,0.387549904928842,TWI,gauss,1,,,1.5,MFD,0.5
2021-09-05,2021-09-20,warm,TWI.MFD0.5.res1.gauss_1.5sigma,0.192876794848176,0.360705930962928,-0.0692888399091996,0.10634271669088,TWI,gauss,1,,,1.5,MFD,0.5
2017-08-27,2017-09-16,warm,TWI.MFD0.5.res1.gauss_2.0sigma,0.695717866085892,0.696004255055111,0.44863899250919,0.416807376574336,TWI,gauss,1,,,2,MFD,0.5
2017-11-29,2017-12-14,cool,TWI.MFD0.5.res1.gauss_2.0sigma,0.579436689321486,0.724906887033486,0.500382410513318,0.619905424322418,TWI,gauss,1,,,2,MFD,0.5
2017-12-22,2018-01-20,cool,TWI.MFD0.5.res1.gauss_2.0sigma,0.628136954660616,0.677075786418907,0.56262848517953,0.581979557838488,TWI,gauss,1,,,2,MFD,0.5
2018-05-25,2018-06-07,warm,TWI.MFD0.5.res1.gauss_2.0sigma,0.473078438804915,0.479479205310973,0.308730662652187,0.257409081363379,TWI,gauss,1,,,2,MFD,0.5
2019-03-30,2019-04-12,cool,TWI.MFD0.5.res1.gauss_2.0sigma,0.653031719229,0.741097304982452,0.528582593751132,0.572401711754294,TWI,gauss,1,,,2,MFD,0.5
2019-08-23,2019-09-13,warm,TWI.MFD0.5.res1.gauss_2.0sigma,0.564936944228171,0.64145393106411,0.352855098403699,0.378506303091349,TWI,gauss,1,,,2,MFD,0.5
2020-08-11,2020-08-26,warm,TWI.MFD0.5.res1.gauss_2.0sigma,0.37225802621762,0.38388846556165,0.279581862439956,0.270888754457682,TWI,gauss,1,,,2,MFD,0.5
2020-09-01,2020-09-20,warm,TWI.MFD0.5.res1.gauss_2.0sigma,0.274412807625544,0.321700225833861,0.144590956112894,0.152603808387439,TWI,gauss,1,,,2,MFD,0.5
2020-09-27,2020-10-17,cool,TWI.MFD0.5.res1.gauss_2.0sigma,0.0970391761871673,0.160668680622008,-0.241088645050579,-0.195646270925147,TWI,gauss,1,,,2,MFD,0.5
2021-03-25,2021-04-06,cool,TWI.MFD0.5.res1.gauss_2.0sigma,0.464219606401957,0.504569517032162,0.402494674641942,0.399017168955251,TWI,gauss,1,,,2,MFD,0.5
2021-09-05,2021-09-20,warm,TWI.MFD0.5.res1.gauss_2.0sigma,0.2609516915017,0.395039916442063,0.0530383735587312,0.162481427419219,TWI,gauss,1,,,2,MFD,0.5
2017-08-27,2017-09-16,warm,TWI.MFD0.5.res1.gauss_2.5sigma,0.708851014085513,0.709010680784461,0.463640533994544,0.430520201272697,TWI,gauss,1,,,2.5,MFD,0.5
2017-11-29,2017-12-14,cool,TWI.MFD0.5.res1.gauss_2.5sigma,0.562598031110935,0.708877023957727,0.469173662238843,0.590026363707009,TWI,gauss,1,,,2.5,MFD,0.5
2017-12-22,2018-01-20,cool,TWI.MFD0.5.res1.gauss_2.5sigma,0.614300395636616,0.667363790924468,0.553315758565716,0.576497002839172,TWI,gauss,1,,,2.5,MFD,0.5
2018-05-25,2018-06-07,warm,TWI.MFD0.5.res1.gauss_2.5sigma,0.447404786934034,0.452580534502674,0.239901660249129,0.182180046278003,TWI,gauss,1,,,2.5,MFD,0.5
2019-03-30,2019-04-12,cool,TWI.MFD0.5.res1.gauss_2.5sigma,0.62833878532112,0.717158993065492,0.491715691990333,0.535017575798497,TWI,gauss,1,,,2.5,MFD,0.5
2019-08-23,2019-09-13,warm,TWI.MFD0.5.res1.gauss_2.5sigma,0.580591416503842,0.657333226202024,0.374128037585432,0.410950669911101,TWI,gauss,1,,,2.5,MFD,0.5
2020-08-11,2020-08-26,warm,TWI.MFD0.5.res1.gauss_2.5sigma,0.413921888104935,0.426406888272135,0.338223412665248,0.332132637601604,TWI,gauss,1,,,2.5,MFD,0.5
2020-09-01,2020-09-20,warm,TWI.MFD0.5.res1.gauss_2.5sigma,0.321067372527623,0.3631174009257,0.216263935195722,0.224962928904444,TWI,gauss,1,,,2.5,MFD,0.5
2020-09-27,2020-10-17,cool,TWI.MFD0.5.res1.gauss_2.5sigma,0.150345755049455,0.199608829542764,-0.0895089387454331,-0.10312451618615,TWI,gauss,1,,,2.5,MFD,0.5
2021-03-25,2021-04-06,cool,TWI.MFD0.5.res1.gauss_2.5sigma,0.451343695542025,0.494077320119041,0.388848534556005,0.386207476424913,TWI,gauss,1,,,2.5,MFD,0.5
2021-09-05,2021-09-20,warm,TWI.MFD0.5.res1.gauss_2.5sigma,0.299167099060577,0.41468879906075,0.120922994173334,0.195632096341345,TWI,gauss,1,,,2.5,MFD,0.5
2017-08-27,2017-09-16,warm,TWI.MFD0.5.res1.gauss_3.5sigma,0.730435479427963,0.730548283780486,0.484360309948257,0.450948915755581,TWI,gauss,1,,,3.5,MFD,0.5
2017-11-29,2017-12-14,cool,TWI.MFD0.5.res1.gauss_3.5sigma,0.530875035166348,0.674770074856509,0.408649213378239,0.523951244541433,TWI,gauss,1,,,3.5,MFD,0.5
2017-12-22,2018-01-20,cool,TWI.MFD0.5.res1.gauss_3.5sigma,0.592835462590707,0.646910209473334,0.533183818153753,0.555765191222042,TWI,gauss,1,,,3.5,MFD,0.5
2018-05-25,2018-06-07,warm,TWI.MFD0.5.res1.gauss_3.5sigma,0.415251952124643,0.419729182939756,0.169238226714195,0.10727557323823,TWI,gauss,1,,,3.5,MFD,0.5
2019-03-30,2019-04-12,cool,TWI.MFD0.5.res1.gauss_3.5sigma,0.569788438348882,0.666139883597961,0.429125659012982,0.47554168578129,TWI,gauss,1,,,3.5,MFD,0.5
2019-08-23,2019-09-13,warm,TWI.MFD0.5.res1.gauss_3.5sigma,0.59363699287253,0.668500509699585,0.42683593284903,0.461424737776438,TWI,gauss,1,,,3.5,MFD,0.5
2020-08-11,2020-08-26,warm,TWI.MFD0.5.res1.gauss_3.5sigma,0.439673402421448,0.453321836683742,0.361754558528966,0.355146598918032,TWI,gauss,1,,,3.5,MFD,0.5
2020-09-01,2020-09-20,warm,TWI.MFD0.5.res1.gauss_3.5sigma,0.353823846323305,0.391889818673313,0.248336602980065,0.261240042065885,TWI,gauss,1,,,3.5,MFD,0.5
2020-09-27,2020-10-17,cool,TWI.MFD0.5.res1.gauss_3.5sigma,0.191272146422324,0.232593367072694,-0.0130733198523132,-0.0381912018756908,TWI,gauss,1,,,3.5,MFD,0.5
2021-03-25,2021-04-06,cool,TWI.MFD0.5.res1.gauss_3.5sigma,0.421500244847507,0.472661794508252,0.356391616608227,0.360033037706469,TWI,gauss,1,,,3.5,MFD,0.5
2021-09-05,2021-09-20,warm,TWI.MFD0.5.res1.gauss_3.5sigma,0.333781757790201,0.434265783039124,0.18879848042515,0.238240092346496,TWI,gauss,1,,,3.5,MFD,0.5
2017-08-27,2017-09-16,warm,TWI.MFD0.5.res1.gauss_5.0sigma,0.738184230293417,0.738490948605537,0.518184150904969,0.478556218253431,TWI,gauss,1,,,5,MFD,0.5
2017-11-29,2017-12-14,cool,TWI.MFD0.5.res1.gauss_5.0sigma,0.537240739249883,0.67765647277963,0.411478596737856,0.513938253716215,TWI,gauss,1,,,5,MFD,0.5
2017-12-22,2018-01-20,cool,TWI.MFD0.5.res1.gauss_5.0sigma,0.583847942394553,0.637008953054304,0.524635211762554,0.540786771855348,TWI,gauss,1,,,5,MFD,0.5
2018-05-25,2018-06-07,warm,TWI.MFD0.5.res1.gauss_5.0sigma,0.409949890750647,0.414184224703595,0.171497722623347,0.108852920072322,TWI,gauss,1,,,5,MFD,0.5
2019-03-30,2019-04-12,cool,TWI.MFD0.5.res1.gauss_5.0sigma,0.552039780932222,0.655229216091022,0.409007250629161,0.460618612441098,TWI,gauss,1,,,5,MFD,0.5
2019-08-23,2019-09-13,warm,TWI.MFD0.5.res1.gauss_5.0sigma,0.5893445769794,0.658625321785664,0.420204892547982,0.441308645938792,TWI,gauss,1,,,5,MFD,0.5
2020-08-11,2020-08-26,warm,TWI.MFD0.5.res1.gauss_5.0sigma,0.472328819708278,0.481681518840031,0.401226247668603,0.388087329309841,TWI,gauss,1,,,5,MFD,0.5
2020-09-01,2020-09-20,warm,TWI.MFD0.5.res1.gauss_5.0sigma,0.365290375217992,0.400442758090222,0.262143573663761,0.266852848024411,TWI,gauss,1,,,5,MFD,0.5
2020-09-27,2020-10-17,cool,TWI.MFD0.5.res1.gauss_5.0sigma,0.185853211565179,0.226436961084812,-0.0252018504036618,-0.0539094425933053,TWI,gauss,1,,,5,MFD,0.5
2021-03-25,2021-04-06,cool,TWI.MFD0.5.res1.gauss_5.0sigma,0.368553349132234,0.423993077374746,0.290069535462866,0.289603556656977,TWI,gauss,1,,,5,MFD,0.5
2021-09-05,2021-09-20,warm,TWI.MFD0.5.res1.gauss_5.0sigma,0.350518630412846,0.451298187713952,0.218681082275671,0.271598986405114,TWI,gauss,1,,,5,MFD,0.5
2017-08-27,2017-09-16,warm,TWI.MFD0.5.res1.NFNW,0.163283998908199,0.18759153386699,-0.397458750249457,-0.425842062185236,TWI,NFNW,1,,,,MFD,0.5
2017-11-29,2017-12-14,cool,TWI.MFD0.5.res1.NFNW,0.00847211630871799,0.32257931349407,-0.75101509803963,-0.0747067256200875,TWI,NFNW,1,,,,MFD,0.5
2017-12-22,2018-01-20,cool,TWI.MFD0.5.res1.NFNW,0.253111453515421,0.330767306011571,0.00551527146047263,0.0376327289180267,TWI,NFNW,1,,,,MFD,0.5
2018-05-25,2018-06-07,warm,TWI.MFD0.5.res1.NFNW,0.0949743133453994,0.110093931822164,-0.360106921942579,-0.544050838470071,TWI,NFNW,1,,,,MFD,0.5
2019-03-30,2019-04-12,cool,TWI.MFD0.5.res1.NFNW,0.488042122028893,0.543499922968061,0.247690146679633,0.268738115924779,TWI,NFNW,1,,,,MFD,0.5
2019-08-23,2019-09-13,warm,TWI.MFD0.5.res1.NFNW,0.0616160721281226,0.307950029262158,-0.53614359963729,-0.160003891082877,TWI,NFNW,1,,,,MFD,0.5
2020-08-11,2020-08-26,warm,TWI.MFD0.5.res1.NFNW,0.0368680671051701,0.0616335755519973,-0.702733978819245,-0.58578238266795,TWI,NFNW,1,,,,MFD,0.5
2020-09-01,2020-09-20,warm,TWI.MFD0.5.res1.NFNW,0.0103485146846408,0.160556103070352,-0.685642031354855,-0.330637050480618,TWI,NFNW,1,,,,MFD,0.5
2020-09-27,2020-10-17,cool,TWI.MFD0.5.res1.NFNW,0.106906505521391,0.138277256567445,-0.306345366569576,-0.306042725759176,TWI,NFNW,1,,,,MFD,0.5
2021-03-25,2021-04-06,cool,TWI.MFD0.5.res1.NFNW,0.418672688866604,0.463187808121672,0.3585310443784,0.352523717781719,TWI,NFNW,1,,,,MFD,0.5
2021-09-05,2021-09-20,warm,TWI.MFD0.5.res1.NFNW,0.0276369975289289,0.352965809163558,-0.539226466716375,0.061003060192077,TWI,NFNW,1,,,,MFD,0.5
2017-08-27,2017-09-16,warm,TWI.MFD0.5.res1.SSC1,0.581702726909408,0.584587615437663,0.376616185701199,0.351152359269944,TWI,SSC,1,,1,,MFD,0.5
2017-11-29,2017-12-14,cool,TWI.MFD0.5.res1.SSC1,0.571791986515431,0.69896432502545,0.485359939666794,0.61056321143253,TWI,SSC,1,,1,,MFD,0.5
2017-12-22,2018-01-20,cool,TWI.MFD0.5.res1.SSC1,0.651245068444336,0.680570613604558,0.589415689548814,0.588352622500511,TWI,SSC,1,,1,,MFD,0.5
2018-05-25,2018-06-07,warm,TWI.MFD0.5.res1.SSC1,0.488166285228843,0.495512964284593,0.39149129185163,0.329709163791895,TWI,SSC,1,,1,,MFD,0.5
2019-03-30,2019-04-12,cool,TWI.MFD0.5.res1.SSC1,0.618047358329391,0.702169712909877,0.470230156572626,0.553413818263418,TWI,SSC,1,,1,,MFD,0.5
2019-08-23,2019-09-13,warm,TWI.MFD0.5.res1.SSC1,0.343172400645148,0.457910912755832,-0.0146335300312296,0.0998514913507968,TWI,SSC,1,,1,,MFD,0.5
2020-08-11,2020-08-26,warm,TWI.MFD0.5.res1.SSC1,0.146151850883186,0.164671190637647,-0.529586317316694,-0.488442807463027,TWI,SSC,1,,1,,MFD,0.5
2020-09-01,2020-09-20,warm,TWI.MFD0.5.res1.SSC1,0.0826226683234671,0.181605744099894,-0.731915424147094,-0.335928970567805,TWI,SSC,1,,1,,MFD,0.5
2020-09-27,2020-10-17,cool,TWI.MFD0.5.res1.SSC1,0.0725063623955628,0.131477103733669,-0.561988767098206,-0.404887314401367,TWI,SSC,1,,1,,MFD,0.5
2021-03-25,2021-04-06,cool,TWI.MFD0.5.res1.SSC1,0.440582701330374,0.480267194223734,0.389994265454167,0.388462660179128,TWI,SSC,1,,1,,MFD,0.5
2021-09-05,2021-09-20,warm,TWI.MFD0.5.res1.SSC1,0.089116329852787,0.335055771540216,-0.372590868178681,0.0864810142029193,TWI,SSC,1,,1,,MFD,0.5
2017-08-27,2017-09-16,warm,TWI.MFD0.5.res1.SSC10,0.751592079594224,0.751725033756158,0.533621620352027,0.495464180255273,TWI,SSC,1,,10,,MFD,0.5
2017-11-29,2017-12-14,cool,TWI.MFD0.5.res1.SSC10,0.51449844020396,0.659843650203312,0.364366441637076,0.472095506497278,TWI,SSC,1,,10,,MFD,0.5
2017-12-22,2018-01-20,cool,TWI.MFD0.5.res1.SSC10,0.578896193720989,0.635925223262354,0.519495076652097,0.538807773167753,TWI,SSC,1,,10,,MFD,0.5
2018-05-25,2018-06-07,warm,TWI.MFD0.5.res1.SSC10,0.396739254268396,0.40022072840875,0.138453726474779,0.0750500138921139,TWI,SSC,1,,10,,MFD,0.5
2019-03-30,2019-04-12,cool,TWI.MFD0.5.res1.SSC10,0.544866602212409,0.64375914410578,0.3922813351289,0.436516406172499,TWI,SSC,1,,10,,MFD,0.5
2019-08-23,2019-09-13,warm,TWI.MFD0.5.res1.SSC10,0.595379239624059,0.668897359234757,0.44515541397735,0.468658271641376,TWI,SSC,1,,10,,MFD,0.5
2020-08-11,2020-08-26,warm,TWI.MFD0.5.res1.SSC10,0.474827031230387,0.485743736385072,0.396462355446867,0.383180043557911,TWI,SSC,1,,10,,MFD,0.5
2020-09-01,2020-09-20,warm,TWI.MFD0.5.res1.SSC10,0.37210291161012,0.409131917777475,0.262936979989626,0.273936579707969,TWI,SSC,1,,10,,MFD,0.5
2020-09-27,2020-10-17,cool,TWI.MFD0.5.res1.SSC10,0.197152927370359,0.237794889603196,-0.00406636325355499,-0.0319589353626879,TWI,SSC,1,,10,,MFD,0.5
2021-03-25,2021-04-06,cool,TWI.MFD0.5.res1.SSC10,0.369538254956222,0.425941968002165,0.293319700113792,0.295969016070081,TWI,SSC,1,,10,,MFD,0.5
2021-09-05,2021-09-20,warm,TWI.MFD0.5.res1.SSC10,0.355767068744463,0.456040475202288,0.233547595314435,0.284694065647315,TWI,SSC,1,,10,,MFD,0.5
2017-08-27,2017-09-16,warm,TWI.MFD0.5.res1.SSC2,0.573215629230433,0.573242413014049,0.305133287485188,0.285894885315787,TWI,SSC,1,,2,,MFD,0.5
2017-11-29,2017-12-14,cool,TWI.MFD0.5.res1.SSC2,0.447652474248071,0.625368481892387,0.221496592947188,0.472334794715642,TWI,SSC,1,,2,,MFD,0.5
2017-12-22,2018-01-20,cool,TWI.MFD0.5.res1.SSC2,0.557432137598807,0.611266189671444,0.473703446509613,0.490297219674614,TWI,SSC,1,,2,,MFD,0.5
2018-05-25,2018-06-07,warm,TWI.MFD0.5.res1.SSC2,0.529870495167071,0.533551296384171,0.464752633997288,0.421904514973562,TWI,SSC,1,,2,,MFD,0.5
2019-03-30,2019-04-12,cool,TWI.MFD0.5.res1.SSC2,0.619900558694375,0.681554421658223,0.501606311611936,0.523050559736462,TWI,SSC,1,,2,,MFD,0.5
2019-08-23,2019-09-13,warm,TWI.MFD0.5.res1.SSC2,0.278876189672937,0.433050199563505,-0.203894738345399,0.0555913340486474,TWI,SSC,1,,2,,MFD,0.5
2020-08-11,2020-08-26,warm,TWI.MFD0.5.res1.SSC2,0.183340899296634,0.200078705511556,-0.314004891384137,-0.272439815811451,TWI,SSC,1,,2,,MFD,0.5
2020-09-01,2020-09-20,warm,TWI.MFD0.5.res1.SSC2,0.120754521461701,0.207925808358677,-0.491695386779085,-0.178470364389503,TWI,SSC,1,,2,,MFD,0.5
2020-09-27,2020-10-17,cool,TWI.MFD0.5.res1.SSC2,0.0229498960342231,0.12011301138116,-0.659348266312849,-0.357993824483314,TWI,SSC,1,,2,,MFD,0.5
2021-03-25,2021-04-06,cool,TWI.MFD0.5.res1.SSC2,0.416451418411817,0.453956836780628,0.34641650769145,0.341200976323958,TWI,SSC,1,,2,,MFD,0.5
2021-09-05,2021-09-20,warm,TWI.MFD0.5.res1.SSC2,0.122954044505684,0.338417824935712,-0.195195384976603,0.0842342281581888,TWI,SSC,1,,2,,MFD,0.5
2017-08-27,2017-09-16,warm,TWI.MFD0.5.res1.SSC3,0.640630038467263,0.640630056197714,0.368121316663719,0.342778653805555,TWI,SSC,1,,3,,MFD,0.5
2017-11-29,2017-12-14,cool,TWI.MFD0.5.res1.SSC3,0.492582621269858,0.665519122872858,0.373515829139002,0.534608705938842,TWI,SSC,1,,3,,MFD,0.5
2017-12-22,2018-01-20,cool,TWI.MFD0.5.res1.SSC3,0.575117274842372,0.631821264810886,0.500067641549871,0.521311183131928,TWI,SSC,1,,3,,MFD,0.5
2018-05-25,2018-06-07,warm,TWI.MFD0.5.res1.SSC3,0.422338816924473,0.428099072461256,0.22015797767089,0.147552436221068,TWI,SSC,1,,3,,MFD,0.5
2019-03-30,2019-04-12,cool,TWI.MFD0.5.res1.SSC3,0.620283740526824,0.697884860608322,0.48616571449941,0.515843097702749,TWI,SSC,1,,3,,MFD,0.5
2019-08-23,2019-09-13,warm,TWI.MFD0.5.res1.SSC3,0.528635974786293,0.630562182589645,0.104653772729849,0.216558184734239,TWI,SSC,1,,3,,MFD,0.5
2020-08-11,2020-08-26,warm,TWI.MFD0.5.res1.SSC3,0.265190436730648,0.279592194639003,0.0591707664315457,0.0520161291391757,TWI,SSC,1,,3,,MFD,0.5
2020-09-01,2020-09-20,warm,TWI.MFD0.5.res1.SSC3,0.188101127861767,0.256290922095356,-0.082833452850388,-0.00814987697374943,TWI,SSC,1,,3,,MFD,0.5
2020-09-27,2020-10-17,cool,TWI.MFD0.5.res1.SSC3,0.0307299515286968,0.129347521539872,-0.541653506404813,-0.290039969295926,TWI,SSC,1,,3,,MFD,0.5
2021-03-25,2021-04-06,cool,TWI.MFD0.5.res1.SSC3,0.46470816949951,0.501220653195198,0.400292179031346,0.393198111224451,TWI,SSC,1,,3,,MFD,0.5
2021-09-05,2021-09-20,warm,TWI.MFD0.5.res1.SSC3,0.201269963720828,0.363135252124872,-0.0496421046801486,0.11342477255252,TWI,SSC,1,,3,,MFD,0.5
2017-08-27,2017-09-16,warm,TWI.MFD0.5.res1.SSC4,0.70542185684554,0.705456007262095,0.458492074853584,0.426333894940737,TWI,SSC,1,,4,,MFD,0.5
2017-11-29,2017-12-14,cool,TWI.MFD0.5.res1.SSC4,0.557145237835691,0.714005966952957,0.464422955776235,0.596889102493894,TWI,SSC,1,,4,,MFD,0.5
2017-12-22,2018-01-20,cool,TWI.MFD0.5.res1.SSC4,0.622989089635715,0.678856948442191,0.561958832072622,0.587713271193373,TWI,SSC,1,,4,,MFD,0.5
2018-05-25,2018-06-07,warm,TWI.MFD0.5.res1.SSC4,0.457535789738405,0.462826292926311,0.265710775227088,0.21146257068288,TWI,SSC,1,,4,,MFD,0.5
2019-03-30,2019-04-12,cool,TWI.MFD0.5.res1.SSC4,0.654328682842294,0.739456771937261,0.52204666752005,0.560626065481957,TWI,SSC,1,,4,,MFD,0.5
2019-08-23,2019-09-13,warm,TWI.MFD0.5.res1.SSC4,0.567733914401051,0.649097879367591,0.35593000745894,0.388707297865093,TWI,SSC,1,,4,,MFD,0.5
2020-08-11,2020-08-26,warm,TWI.MFD0.5.res1.SSC4,0.387958023675175,0.400313934636811,0.301829335739741,0.297375251517283,TWI,SSC,1,,4,,MFD,0.5
2020-09-01,2020-09-20,warm,TWI.MFD0.5.res1.SSC4,0.29343795296371,0.340882084984962,0.175113212692405,0.187195071178258,TWI,SSC,1,,4,,MFD,0.5
2020-09-27,2020-10-17,cool,TWI.MFD0.5.res1.SSC4,0.120814968076551,0.178697937650411,-0.169057076186147,-0.153066750901711,TWI,SSC,1,,4,,MFD,0.5
2021-03-25,2021-04-06,cool,TWI.MFD0.5.res1.SSC4,0.469528547905116,0.507863986585448,0.41073897924634,0.405700361825727,TWI,SSC,1,,4,,MFD,0.5
2021-09-05,2021-09-20,warm,TWI.MFD0.5.res1.SSC4,0.271940587021689,0.400225551564337,0.0738419612858625,0.168343346755237,TWI,SSC,1,,4,,MFD,0.5
2017-08-27,2017-09-16,warm,TWI.MFD0.5.res1.SSC5,0.716823779117358,0.716824110031491,0.468360905816616,0.437322601684117,TWI,SSC,1,,5,,MFD,0.5
2017-11-29,2017-12-14,cool,TWI.MFD0.5.res1.SSC5,0.531276981130489,0.686359366899775,0.413865327816472,0.549959765739267,TWI,SSC,1,,5,,MFD,0.5
2017-12-22,2018-01-20,cool,TWI.MFD0.5.res1.SSC5,0.603904045344668,0.663201945702231,0.545529741542522,0.574844092930551,TWI,SSC,1,,5,,MFD,0.5
2018-05-25,2018-06-07,warm,TWI.MFD0.5.res1.SSC5,0.419033593315336,0.423008670089756,0.175471290988215,0.109449490915097,TWI,SSC,1,,5,,MFD,0.5
2019-03-30,2019-04-12,cool,TWI.MFD0.5.res1.SSC5,0.605534389150722,0.692887323279969,0.460953730547779,0.502119152721841,TWI,SSC,1,,5,,MFD,0.5
2019-08-23,2019-09-13,warm,TWI.MFD0.5.res1.SSC5,0.585155891591166,0.667510123137414,0.388397212317891,0.44121200122849,TWI,SSC,1,,5,,MFD,0.5
2020-08-11,2020-08-26,warm,TWI.MFD0.5.res1.SSC5,0.431079880445214,0.446832813994978,0.353954685947641,0.354383874505887,TWI,SSC,1,,5,,MFD,0.5
2020-09-01,2020-09-20,warm,TWI.MFD0.5.res1.SSC5,0.346089750435942,0.389078083926008,0.242095339620741,0.261103420456262,TWI,SSC,1,,5,,MFD,0.5
2020-09-27,2020-10-17,cool,TWI.MFD0.5.res1.SSC5,0.184950918264736,0.230318962253361,-0.0212013940830397,-0.0406862746591395,TWI,SSC,1,,5,,MFD,0.5
2021-03-25,2021-04-06,cool,TWI.MFD0.5.res1.SSC5,0.441386787091365,0.483964730846476,0.378775549968453,0.374803631739595,TWI,SSC,1,,5,,MFD,0.5
2021-09-05,2021-09-20,warm,TWI.MFD0.5.res1.SSC5,0.316887061904931,0.422766026849103,0.15079836477703,0.204937620835272,TWI,SSC,1,,5,,MFD,0.5
2017-08-27,2017-09-16,warm,TWI.MFD0.5.res1.SSC7,0.738069076410357,0.738115299584957,0.501644074217049,0.468224252922164,TWI,SSC,1,,7,,MFD,0.5
2017-11-29,2017-12-14,cool,TWI.MFD0.5.res1.SSC7,0.513836476816078,0.659834867697715,0.367924313634474,0.489578519669485,TWI,SSC,1,,7,,MFD,0.5
2017-12-22,2018-01-20,cool,TWI.MFD0.5.res1.SSC7,0.586914994835789,0.643511664246247,0.52924904774943,0.553159962785658,TWI,SSC,1,,7,,MFD,0.5
2018-05-25,2018-06-07,warm,TWI.MFD0.5.res1.SSC7,0.38874983660605,0.392452087309153,0.108871612176417,0.0400075011293911,TWI,SSC,1,,7,,MFD,0.5
2019-03-30,2019-04-12,cool,TWI.MFD0.5.res1.SSC7,0.558135510589198,0.653842174194917,0.409239318280745,0.453831824046053,TWI,SSC,1,,7,,MFD,0.5
2019-08-23,2019-09-13,warm,TWI.MFD0.5.res1.SSC7,0.608564525555135,0.685725063231628,0.457350012168709,0.504313212874875,TWI,SSC,1,,7,,MFD,0.5
2020-08-11,2020-08-26,warm,TWI.MFD0.5.res1.SSC7,0.443317177125841,0.45880803360108,0.360006440113914,0.356978817755157,TWI,SSC,1,,7,,MFD,0.5
2020-09-01,2020-09-20,warm,TWI.MFD0.5.res1.SSC7,0.363045868252566,0.401966678297932,0.252601330476226,0.271578048519273,TWI,SSC,1,,7,,MFD,0.5
2020-09-27,2020-10-17,cool,TWI.MFD0.5.res1.SSC7,0.209155851491148,0.249212162116189,0.0177995306884907,-0.00511634584051466,TWI,SSC,1,,7,,MFD,0.5
2021-03-25,2021-04-06,cool,TWI.MFD0.5.res1.SSC7,0.40938705354856,0.461846667041948,0.343532604764779,0.347441115812711,TWI,SSC,1,,7,,MFD,0.5
2021-09-05,2021-09-20,warm,TWI.MFD0.5.res1.SSC7,0.359437996956403,0.448918083362469,0.238977045340182,0.268679435246519,TWI,SSC,1,,7,,MFD,0.5
2017-08-27,2017-09-16,warm,TWI.MFD0.5.res10.NFNW,0.713014776261453,0.715724835788254,0.536237837534649,0.483552369352338,TWI,NFNW,10,,,,MFD,0.5
2017-11-29,2017-12-14,cool,TWI.MFD0.5.res10.NFNW,0.533323570573987,0.657591537936678,0.405949783984498,0.482038741993661,TWI,NFNW,10,,,,MFD,0.5
2017-12-22,2018-01-20,cool,TWI.MFD0.5.res10.NFNW,0.513526003835483,0.560632715784144,0.434333446267502,0.428626160059469,TWI,NFNW,10,,,,MFD,0.5
2018-05-25,2018-06-07,warm,TWI.MFD0.5.res10.NFNW,0.366379343117347,0.370906108392812,0.126723144551183,0.0514749838360275,TWI,NFNW,10,,,,MFD,0.5
2019-03-30,2019-04-12,cool,TWI.MFD0.5.res10.NFNW,0.541710483394036,0.656662899860605,0.354927314829061,0.434813300536787,TWI,NFNW,10,,,,MFD,0.5
2019-08-23,2019-09-13,warm,TWI.MFD0.5.res10.NFNW,0.535017425538429,0.593880442918207,0.271689561204735,0.298766142964827,TWI,NFNW,10,,,,MFD,0.5
2020-08-11,2020-08-26,warm,TWI.MFD0.5.res10.NFNW,0.494526298992866,0.49748690195291,0.422422979303988,0.399739480803191,TWI,NFNW,10,,,,MFD,0.5
2020-09-01,2020-09-20,warm,TWI.MFD0.5.res10.NFNW,0.382770951704109,0.406102179715956,0.263794198149023,0.250202802964321,TWI,NFNW,10,,,,MFD,0.5
2020-09-27,2020-10-17,cool,TWI.MFD0.5.res10.NFNW,0.19873016242347,0.229484617469605,-0.04358256545838,-0.0772159819390461,TWI,NFNW,10,,,,MFD,0.5
2021-03-25,2021-04-06,cool,TWI.MFD0.5.res10.NFNW,0.370615605794761,0.443273355149841,0.276819233373916,0.307586812115125,TWI,NFNW,10,,,,MFD,0.5
2021-09-05,2021-09-20,warm,TWI.MFD0.5.res10.NFNW,0.390228324581626,0.480857115304652,0.296602494788257,0.348961309117242,TWI,NFNW,10,,,,MFD,0.5
2017-08-27,2017-09-16,warm,TWI.MFD0.5.res2.NFNW,0.705627108847125,0.706280777298478,0.446110261198745,0.420358988503007,TWI,NFNW,2,,,,MFD,0.5
2017-11-29,2017-12-14,cool,TWI.MFD0.5.res2.NFNW,0.498724055086616,0.639696934755532,0.34763395792235,0.47040566365903,TWI,NFNW,2,,,,MFD,0.5
2017-12-22,2018-01-20,cool,TWI.MFD0.5.res2.NFNW,0.60507467707001,0.644899997967312,0.549663920897733,0.558346559064744,TWI,NFNW,2,,,,MFD,0.5
2018-05-25,2018-06-07,warm,TWI.MFD0.5.res2.NFNW,0.477723269264023,0.484134991350613,0.361601607039955,0.314228140820473,TWI,NFNW,2,,,,MFD,0.5
2019-03-30,2019-04-12,cool,TWI.MFD0.5.res2.NFNW,0.573767344078004,0.673285153952895,0.449316285617209,0.508774848560759,TWI,NFNW,2,,,,MFD,0.5
2019-08-23,2019-09-13,warm,TWI.MFD0.5.res2.NFNW,0.451399401361885,0.544485412318973,0.268256619655198,0.292720748671744,TWI,NFNW,2,,,,MFD,0.5
2020-08-11,2020-08-26,warm,TWI.MFD0.5.res2.NFNW,0.230529162593253,0.242557710841496,-0.118524120668196,-0.125736276566273,TWI,NFNW,2,,,,MFD,0.5
2020-09-01,2020-09-20,warm,TWI.MFD0.5.res2.NFNW,0.139260112712538,0.212174437221432,-0.404625722591247,-0.20494049375855,TWI,NFNW,2,,,,MFD,0.5
2020-09-27,2020-10-17,cool,TWI.MFD0.5.res2.NFNW,0.024138807280927,0.120756840811465,-0.608531227323905,-0.361377526920523,TWI,NFNW,2,,,,MFD,0.5
2021-03-25,2021-04-06,cool,TWI.MFD0.5.res2.NFNW,0.438345415766681,0.487691236816542,0.382290494405908,0.392703250211319,TWI,NFNW,2,,,,MFD,0.5
2021-09-05,2021-09-20,warm,TWI.MFD0.5.res2.NFNW,0.255039735711626,0.396429350767619,0.0490450432743264,0.173788054042009,TWI,NFNW,2,,,,MFD,0.5
2017-08-27,2017-09-16,warm,TWI.MFD0.5.res3.NFNW,0.758997890011881,0.759807566543634,0.579969055237055,0.535528217815711,TWI,NFNW,3,,,,MFD,0.5
2017-11-29,2017-12-14,cool,TWI.MFD0.5.res3.NFNW,0.526655668936948,0.664881147895023,0.366086421655137,0.473508338886383,TWI,NFNW,3,,,,MFD,0.5
2017-12-22,2018-01-20,cool,TWI.MFD0.5.res3.NFNW,0.628861748217075,0.67843781530307,0.581084859273144,0.599718826125354,TWI,NFNW,3,,,,MFD,0.5
2018-05-25,2018-06-07,warm,TWI.MFD0.5.res3.NFNW,0.399874288980379,0.40538270368337,0.146059350666427,0.100190815280522,TWI,NFNW,3,,,,MFD,0.5
2019-03-30,2019-04-12,cool,TWI.MFD0.5.res3.NFNW,0.610562433100852,0.707656726532427,0.47896373763531,0.528243526537676,TWI,NFNW,3,,,,MFD,0.5
2019-08-23,2019-09-13,warm,TWI.MFD0.5.res3.NFNW,0.594553847485563,0.662310435539245,0.435899563095102,0.442338366619752,TWI,NFNW,3,,,,MFD,0.5
2020-08-11,2020-08-26,warm,TWI.MFD0.5.res3.NFNW,0.338951894540011,0.349355268345611,0.212632954056246,0.202213984483847,TWI,NFNW,3,,,,MFD,0.5
2020-09-01,2020-09-20,warm,TWI.MFD0.5.res3.NFNW,0.233422568508825,0.284219804351451,0.0459454876003479,0.0569245684421884,TWI,NFNW,3,,,,MFD,0.5
2020-09-27,2020-10-17,cool,TWI.MFD0.5.res3.NFNW,0.0512109664578497,0.134015626629098,-0.628502662364071,-0.296703737264162,TWI,NFNW,3,,,,MFD,0.5
2021-03-25,2021-04-06,cool,TWI.MFD0.5.res3.NFNW,0.431312593960545,0.484578745922309,0.373511470319005,0.39064717078911,TWI,NFNW,3,,,,MFD,0.5
2021-09-05,2021-09-20,warm,TWI.MFD0.5.res3.NFNW,0.314925120785366,0.438292403763789,0.18968691584217,0.26649312459271,TWI,NFNW,3,,,,MFD,0.5
2017-08-27,2017-09-16,warm,TWI.MFD0.5.res4.NFNW,0.741071294246116,0.74379010960842,0.551814426000138,0.503642985989751,TWI,NFNW,4,,,,MFD,0.5
2017-11-29,2017-12-14,cool,TWI.MFD0.5.res4.NFNW,0.543477897479762,0.663934220753306,0.414670175880869,0.500781909231376,TWI,NFNW,4,,,,MFD,0.5
2017-12-22,2018-01-20,cool,TWI.MFD0.5.res4.NFNW,0.601502181950784,0.642201246828186,0.555815530827039,0.561616661251954,TWI,NFNW,4,,,,MFD,0.5
2018-05-25,2018-06-07,warm,TWI.MFD0.5.res4.NFNW,0.4540604892883,0.460718199565937,0.288674320164034,0.241598529647271,TWI,NFNW,4,,,,MFD,0.5
2019-03-30,2019-04-12,cool,TWI.MFD0.5.res4.NFNW,0.574305981652752,0.692797690300108,0.454574933875457,0.538662571170091,TWI,NFNW,4,,,,MFD,0.5
2019-08-23,2019-09-13,warm,TWI.MFD0.5.res4.NFNW,0.521438635809514,0.580935622802972,0.350971959410832,0.358289847996357,TWI,NFNW,4,,,,MFD,0.5
2020-08-11,2020-08-26,warm,TWI.MFD0.5.res4.NFNW,0.417059152994861,0.423420789315634,0.348045063410263,0.336819425316757,TWI,NFNW,4,,,,MFD,0.5
2020-09-01,2020-09-20,warm,TWI.MFD0.5.res4.NFNW,0.30907005659476,0.341326300501045,0.202533936589913,0.194103765055543,TWI,NFNW,4,,,,MFD,0.5
2020-09-27,2020-10-17,cool,TWI.MFD0.5.res4.NFNW,0.121737503846526,0.170691571960265,-0.176565719244475,-0.178312459355721,TWI,NFNW,4,,,,MFD,0.5
2021-03-25,2021-04-06,cool,TWI.MFD0.5.res4.NFNW,0.41301318741423,0.471716369513627,0.348225914631912,0.363798734138944,TWI,NFNW,4,,,,MFD,0.5
2021-09-05,2021-09-20,warm,TWI.MFD0.5.res4.NFNW,0.34922249953123,0.458670558728554,0.20972828670994,0.272017856043655,TWI,NFNW,4,,,,MFD,0.5
2017-08-27,2017-09-16,warm,TWI.MFD0.5.res5.NFNW,0.760994056276258,0.762743163440016,0.598208992863772,0.553421392390371,TWI,NFNW,5,,,,MFD,0.5
2017-11-29,2017-12-14,cool,TWI.MFD0.5.res5.NFNW,0.550740711557853,0.674406960485267,0.404169549074719,0.497508153588325,TWI,NFNW,5,,,,MFD,0.5
2017-12-22,2018-01-20,cool,TWI.MFD0.5.res5.NFNW,0.622220035286697,0.668300277158836,0.575241043737739,0.593611178532368,TWI,NFNW,5,,,,MFD,0.5
2018-05-25,2018-06-07,warm,TWI.MFD0.5.res5.NFNW,0.404292799831247,0.40899052364589,0.170192529433413,0.118369203804547,TWI,NFNW,5,,,,MFD,0.5
2019-03-30,2019-04-12,cool,TWI.MFD0.5.res5.NFNW,0.596730851561301,0.701459262221477,0.480657947037716,0.545539703478583,TWI,NFNW,5,,,,MFD,0.5
2019-08-23,2019-09-13,warm,TWI.MFD0.5.res5.NFNW,0.590972164483722,0.651016357019361,0.421580865265954,0.428449205358131,TWI,NFNW,5,,,,MFD,0.5
2020-08-11,2020-08-26,warm,TWI.MFD0.5.res5.NFNW,0.436811807268057,0.446651050470533,0.367373901337404,0.354966525277595,TWI,NFNW,5,,,,MFD,0.5
2020-09-01,2020-09-20,warm,TWI.MFD0.5.res5.NFNW,0.334896529400128,0.367973564572529,0.232667745797837,0.233377353987835,TWI,NFNW,5,,,,MFD,0.5
2020-09-27,2020-10-17,cool,TWI.MFD0.5.res5.NFNW,0.152784333997041,0.196186633926924,-0.0853647883698923,-0.112944380403006,TWI,NFNW,5,,,,MFD,0.5
2021-03-25,2021-04-06,cool,TWI.MFD0.5.res5.NFNW,0.403243006523265,0.46424287046028,0.337352230675506,0.356913400579317,TWI,NFNW,5,,,,MFD,0.5
2021-09-05,2021-09-20,warm,TWI.MFD0.5.res5.NFNW,0.322874911495936,0.441244229267603,0.209182739494717,0.286903794597707,TWI,NFNW,5,,,,MFD,0.5
2017-08-27,2017-09-16,warm,TWI.MFD0.5.res7.NFNW,0.75594621851381,0.758353807560122,0.600011576148007,0.55670645898472,TWI,NFNW,7,,,,MFD,0.5
2017-11-29,2017-12-14,cool,TWI.MFD0.5.res7.NFNW,0.58244552719864,0.698803393735647,0.44860925314668,0.525328171498028,TWI,NFNW,7,,,,MFD,0.5
2017-12-22,2018-01-20,cool,TWI.MFD0.5.res7.NFNW,0.623467841843954,0.66579023977886,0.570368350025555,0.579480703447027,TWI,NFNW,7,,,,MFD,0.5
2018-05-25,2018-06-07,warm,TWI.MFD0.5.res7.NFNW,0.390078979859631,0.394981418922274,0.125403852893914,0.0678140989906968,TWI,NFNW,7,,,,MFD,0.5
2019-03-30,2019-04-12,cool,TWI.MFD0.5.res7.NFNW,0.558446083114173,0.669524014242117,0.410432303545213,0.479969947257654,TWI,NFNW,7,,,,MFD,0.5
2019-08-23,2019-09-13,warm,TWI.MFD0.5.res7.NFNW,0.628794385724135,0.685220373849053,0.455696340971871,0.460063956373424,TWI,NFNW,7,,,,MFD,0.5
2020-08-11,2020-08-26,warm,TWI.MFD0.5.res7.NFNW,0.467076994856084,0.474799327627416,0.406705021896426,0.386080885490301,TWI,NFNW,7,,,,MFD,0.5
2020-09-01,2020-09-20,warm,TWI.MFD0.5.res7.NFNW,0.356241277439333,0.388564881162684,0.257975523146966,0.253975198641474,TWI,NFNW,7,,,,MFD,0.5
2020-09-27,2020-10-17,cool,TWI.MFD0.5.res7.NFNW,0.175097559709655,0.214919837451072,-0.044421771968097,-0.0749653511591748,TWI,NFNW,7,,,,MFD,0.5
2021-03-25,2021-04-06,cool,TWI.MFD0.5.res7.NFNW,0.406924847830923,0.469675934007429,0.339319068739457,0.365796193997524,TWI,NFNW,7,,,,MFD,0.5
2021-09-05,2021-09-20,warm,TWI.MFD0.5.res7.NFNW,0.367867706707542,0.464029955677655,0.282816576587236,0.335907314931821,TWI,NFNW,7,,,,MFD,0.5
2017-08-27,2017-09-16,warm,TWI.MFD1.0.res1.gauss_0.5sigma,0.208503717650832,0.226079888748232,-0.234786003893404,-0.310616235660618,TWI,gauss,1,,,0.5,MFD,1
2017-11-29,2017-12-14,cool,TWI.MFD1.0.res1.gauss_0.5sigma,0.05663883504042,0.340956308247556,-0.744039874408625,-0.0554978359819503,TWI,gauss,1,,,0.5,MFD,1
2017-12-22,2018-01-20,cool,TWI.MFD1.0.res1.gauss_0.5sigma,0.305002963967122,0.365004310254734,0.108684383443007,0.107231819063516,TWI,gauss,1,,,0.5,MFD,1
2018-05-25,2018-06-07,warm,TWI.MFD1.0.res1.gauss_0.5sigma,0.235410097116106,0.239040327010841,-0.00521166287957198,-0.136585975775362,TWI,gauss,1,,,0.5,MFD,1
2019-03-30,2019-04-12,cool,TWI.MFD1.0.res1.gauss_0.5sigma,0.598957917765788,0.64817113283448,0.431030360844876,0.463391190321571,TWI,gauss,1,,,0.5,MFD,1
2019-08-23,2019-09-13,warm,TWI.MFD1.0.res1.gauss_0.5sigma,0.0194832900661231,0.255002853945799,-0.619616301330724,-0.132398757052088,TWI,gauss,1,,,0.5,MFD,1
2020-08-11,2020-08-26,warm,TWI.MFD1.0.res1.gauss_0.5sigma,0.10834801746285,0.133867871296772,-0.560526747014041,-0.550330537158508,TWI,gauss,1,,,0.5,MFD,1
2020-09-01,2020-09-20,warm,TWI.MFD1.0.res1.gauss_0.5sigma,0.0822340164305935,0.195143190943686,-0.602643675411362,-0.195577875111392,TWI,gauss,1,,,0.5,MFD,1
2020-09-27,2020-10-17,cool,TWI.MFD1.0.res1.gauss_0.5sigma,0.050814885801716,0.121302690595203,-0.544759000825211,-0.348024859410326,TWI,gauss,1,,,0.5,MFD,1
2021-03-25,2021-04-06,cool,TWI.MFD1.0.res1.gauss_0.5sigma,0.439762720715742,0.489266051107052,0.381188617168307,0.381955332374869,TWI,gauss,1,,,0.5,MFD,1
2021-09-05,2021-09-20,warm,TWI.MFD1.0.res1.gauss_0.5sigma,0.0851040772549086,0.361810887109966,-0.505689670906736,0.104401016084745,TWI,gauss,1,,,0.5,MFD,1
2017-08-27,2017-09-16,warm,TWI.MFD1.0.res1.gauss_1.0sigma,0.560268947763403,0.560769941283205,0.301707081898747,0.282563727497902,TWI,gauss,1,,,1,MFD,1
2017-11-29,2017-12-14,cool,TWI.MFD1.0.res1.gauss_1.0sigma,0.446770613333287,0.614124083616245,0.19196318331012,0.460833142243243,TWI,gauss,1,,,1,MFD,1
2017-12-22,2018-01-20,cool,TWI.MFD1.0.res1.gauss_1.0sigma,0.561209566395708,0.607492952756827,0.477491191829755,0.48711590412895,TWI,gauss,1,,,1,MFD,1
2018-05-25,2018-06-07,warm,TWI.MFD1.0.res1.gauss_1.0sigma,0.498662509676602,0.503305057704893,0.421018342518905,0.367617797942178,TWI,gauss,1,,,1,MFD,1
2019-03-30,2019-04-12,cool,TWI.MFD1.0.res1.gauss_1.0sigma,0.612923019600174,0.675505879207345,0.480026732606455,0.51297610231794,TWI,gauss,1,,,1,MFD,1
2019-08-23,2019-09-13,warm,TWI.MFD1.0.res1.gauss_1.0sigma,0.266720001813024,0.42089591128419,-0.314467830140145,-0.0224338550505894,TWI,gauss,1,,,1,MFD,1
2020-08-11,2020-08-26,warm,TWI.MFD1.0.res1.gauss_1.0sigma,0.168142593538818,0.185659337884585,-0.404148413367713,-0.358758694761937,TWI,gauss,1,,,1,MFD,1
2020-09-01,2020-09-20,warm,TWI.MFD1.0.res1.gauss_1.0sigma,0.114724802237565,0.204178879716971,-0.516262018604377,-0.186835889346918,TWI,gauss,1,,,1,MFD,1
2020-09-27,2020-10-17,cool,TWI.MFD1.0.res1.gauss_1.0sigma,0.02962127132441,0.120393332159543,-0.648660168515511,-0.358482031907388,TWI,gauss,1,,,1,MFD,1
2021-03-25,2021-04-06,cool,TWI.MFD1.0.res1.gauss_1.0sigma,0.425897688626112,0.465360075537782,0.359878084352128,0.359720025523418,TWI,gauss,1,,,1,MFD,1
2021-09-05,2021-09-20,warm,TWI.MFD1.0.res1.gauss_1.0sigma,0.0956277962693991,0.335165061307576,-0.257450731633272,0.0883600372550171,TWI,gauss,1,,,1,MFD,1
2017-08-27,2017-09-16,warm,TWI.MFD1.0.res1.gauss_1.5sigma,0.597519010015156,0.597593771016243,0.315468768280634,0.294796070695458,TWI,gauss,1,,,1.5,MFD,1
2017-11-29,2017-12-14,cool,TWI.MFD1.0.res1.gauss_1.5sigma,0.463286308301981,0.637332523313088,0.313988772191714,0.503610836273007,TWI,gauss,1,,,1.5,MFD,1
2017-12-22,2018-01-20,cool,TWI.MFD1.0.res1.gauss_1.5sigma,0.54784826739082,0.600000042852615,0.464255409337,0.476800783299931,TWI,gauss,1,,,1.5,MFD,1
2018-05-25,2018-06-07,warm,TWI.MFD1.0.res1.gauss_1.5sigma,0.469201873481148,0.475255735186412,0.368800182527447,0.305262526969226,TWI,gauss,1,,,1.5,MFD,1
2019-03-30,2019-04-12,cool,TWI.MFD1.0.res1.gauss_1.5sigma,0.623529687251427,0.694548333306474,0.498055873304277,0.525057528055602,TWI,gauss,1,,,1.5,MFD,1
2019-08-23,2019-09-13,warm,TWI.MFD1.0.res1.gauss_1.5sigma,0.403821293520916,0.523058635731946,-0.186771372657448,0.0276219005892851,TWI,gauss,1,,,1.5,MFD,1
2020-08-11,2020-08-26,warm,TWI.MFD1.0.res1.gauss_1.5sigma,0.204760689088583,0.218088459716297,-0.191916646298348,-0.185287216231164,TWI,gauss,1,,,1.5,MFD,1
2020-09-01,2020-09-20,warm,TWI.MFD1.0.res1.gauss_1.5sigma,0.131990440555713,0.212365137536444,-0.400240725092462,-0.159847912197157,TWI,gauss,1,,,1.5,MFD,1
2020-09-27,2020-10-17,cool,TWI.MFD1.0.res1.gauss_1.5sigma,0.0273063583130903,0.120538480792902,-0.614143215510136,-0.344226717915779,TWI,gauss,1,,,1.5,MFD,1
2021-03-25,2021-04-06,cool,TWI.MFD1.0.res1.gauss_1.5sigma,0.443829301091603,0.482609422708626,0.368900871599322,0.365515974948345,TWI,gauss,1,,,1.5,MFD,1
2021-09-05,2021-09-20,warm,TWI.MFD1.0.res1.gauss_1.5sigma,0.160988442357916,0.349235137595388,-0.127601751900508,0.0843600054466545,TWI,gauss,1,,,1.5,MFD,1
2017-08-27,2017-09-16,warm,TWI.MFD1.0.res1.gauss_2.0sigma,0.667369604332443,0.667489588021195,0.39007238862479,0.363888839054404,TWI,gauss,1,,,2,MFD,1
2017-11-29,2017-12-14,cool,TWI.MFD1.0.res1.gauss_2.0sigma,0.539213657066277,0.697071380153681,0.458170889259911,0.589253146140668,TWI,gauss,1,,,2,MFD,1
2017-12-22,2018-01-20,cool,TWI.MFD1.0.res1.gauss_2.0sigma,0.592341286537429,0.643504181164798,0.518039169265548,0.5342191262916,TWI,gauss,1,,,2,MFD,1
2018-05-25,2018-06-07,warm,TWI.MFD1.0.res1.gauss_2.0sigma,0.479590387717409,0.486290591239458,0.348596140231983,0.295179309557793,TWI,gauss,1,,,2,MFD,1
2019-03-30,2019-04-12,cool,TWI.MFD1.0.res1.gauss_2.0sigma,0.652414793762954,0.734629850916957,0.514864152852704,0.551853906750189,TWI,gauss,1,,,2,MFD,1
2019-08-23,2019-09-13,warm,TWI.MFD1.0.res1.gauss_2.0sigma,0.525646894303787,0.610651990646135,0.280532081008603,0.313807682546849,TWI,gauss,1,,,2,MFD,1
2020-08-11,2020-08-26,warm,TWI.MFD1.0.res1.gauss_2.0sigma,0.306033589667905,0.316921782572075,0.152855215564292,0.139907311149362,TWI,gauss,1,,,2,MFD,1
2020-09-01,2020-09-20,warm,TWI.MFD1.0.res1.gauss_2.0sigma,0.211533303341975,0.268697777016793,-0.00853960674540238,0.0242804248391528,TWI,gauss,1,,,2,MFD,1
2020-09-27,2020-10-17,cool,TWI.MFD1.0.res1.gauss_2.0sigma,0.0321594284616544,0.12760662613708,-0.518699830929189,-0.2926906713277,TWI,gauss,1,,,2,MFD,1
2021-03-25,2021-04-06,cool,TWI.MFD1.0.res1.gauss_2.0sigma,0.45346489599974,0.494111749070867,0.381910294087065,0.378320980942196,TWI,gauss,1,,,2,MFD,1
2021-09-05,2021-09-20,warm,TWI.MFD1.0.res1.gauss_2.0sigma,0.242709988989583,0.383977924301891,0.00702635109241613,0.132230839181671,TWI,gauss,1,,,2,MFD,1
2017-08-27,2017-09-16,warm,TWI.MFD1.0.res1.gauss_2.5sigma,0.686623718420973,0.686748202658853,0.415350129875386,0.386011202567906,TWI,gauss,1,,,2.5,MFD,1
2017-11-29,2017-12-14,cool,TWI.MFD1.0.res1.gauss_2.5sigma,0.531026726736007,0.685917833609626,0.435488113637706,0.563892103248115,TWI,gauss,1,,,2.5,MFD,1
2017-12-22,2018-01-20,cool,TWI.MFD1.0.res1.gauss_2.5sigma,0.580607067681216,0.634753345748585,0.514769650362285,0.533478303518624,TWI,gauss,1,,,2.5,MFD,1
2018-05-25,2018-06-07,warm,TWI.MFD1.0.res1.gauss_2.5sigma,0.455174155343135,0.460861233511183,0.273087773745765,0.21337853222361,TWI,gauss,1,,,2.5,MFD,1
2019-03-30,2019-04-12,cool,TWI.MFD1.0.res1.gauss_2.5sigma,0.633862552792774,0.718430512518249,0.479074798314139,0.516932337198431,TWI,gauss,1,,,2.5,MFD,1
2019-08-23,2019-09-13,warm,TWI.MFD1.0.res1.gauss_2.5sigma,0.549193103264287,0.629600027576821,0.3025771077681,0.343375393012226,TWI,gauss,1,,,2.5,MFD,1
2020-08-11,2020-08-26,warm,TWI.MFD1.0.res1.gauss_2.5sigma,0.360417195674506,0.37105430027317,0.264427441547126,0.2536140041616,TWI,gauss,1,,,2.5,MFD,1
2020-09-01,2020-09-20,warm,TWI.MFD1.0.res1.gauss_2.5sigma,0.270941675648048,0.317629660407077,0.140527648040653,0.14665977885332,TWI,gauss,1,,,2.5,MFD,1
2020-09-27,2020-10-17,cool,TWI.MFD1.0.res1.gauss_2.5sigma,0.0958529446023143,0.159329186981665,-0.231094451318934,-0.193367590596516,TWI,gauss,1,,,2.5,MFD,1
2021-03-25,2021-04-06,cool,TWI.MFD1.0.res1.gauss_2.5sigma,0.444428323428574,0.487778640110714,0.374874283976939,0.371867591733461,TWI,gauss,1,,,2.5,MFD,1
2021-09-05,2021-09-20,warm,TWI.MFD1.0.res1.gauss_2.5sigma,0.296196847992884,0.411074790724214,0.10205814059877,0.17905559470127,TWI,gauss,1,,,2.5,MFD,1
2017-08-27,2017-09-16,warm,TWI.MFD1.0.res1.gauss_3.5sigma,0.712224811798064,0.712321407471857,0.445303552569691,0.414129622752651,TWI,gauss,1,,,3.5,MFD,1
2017-11-29,2017-12-14,cool,TWI.MFD1.0.res1.gauss_3.5sigma,0.497218785632206,0.649210443090002,0.359228288927664,0.484814099788121,TWI,gauss,1,,,3.5,MFD,1
2017-12-22,2018-01-20,cool,TWI.MFD1.0.res1.gauss_3.5sigma,0.555361237500871,0.612214089651221,0.494725732441976,0.514119262020653,TWI,gauss,1,,,3.5,MFD,1
2018-05-25,2018-06-07,warm,TWI.MFD1.0.res1.gauss_3.5sigma,0.415615129917669,0.420016981520684,0.174002920432491,0.107418833624564,TWI,gauss,1,,,3.5,MFD,1
2019-03-30,2019-04-12,cool,TWI.MFD1.0.res1.gauss_3.5sigma,0.578502274687111,0.667835626951935,0.419439620171375,0.457103086104063,TWI,gauss,1,,,3.5,MFD,1
2019-08-23,2019-09-13,warm,TWI.MFD1.0.res1.gauss_3.5sigma,0.557296046006338,0.637560267492685,0.300317518367241,0.355366145621491,TWI,gauss,1,,,3.5,MFD,1
2020-08-11,2020-08-26,warm,TWI.MFD1.0.res1.gauss_3.5sigma,0.410576267004631,0.422520151782385,0.328830461759135,0.320378026743753,TWI,gauss,1,,,3.5,MFD,1
2020-09-01,2020-09-20,warm,TWI.MFD1.0.res1.gauss_3.5sigma,0.331027083088576,0.370486532451875,0.221126378251399,0.231562182522954,TWI,gauss,1,,,3.5,MFD,1
2020-09-27,2020-10-17,cool,TWI.MFD1.0.res1.gauss_3.5sigma,0.167937773503778,0.212699659338405,-0.0510473143997117,-0.0759627772225191,TWI,gauss,1,,,3.5,MFD,1
2021-03-25,2021-04-06,cool,TWI.MFD1.0.res1.gauss_3.5sigma,0.414572488586852,0.466229721610997,0.346259421955346,0.348844415282693,TWI,gauss,1,,,3.5,MFD,1
2021-09-05,2021-09-20,warm,TWI.MFD1.0.res1.gauss_3.5sigma,0.344772191884492,0.439123422620624,0.200463906511798,0.240824997404709,TWI,gauss,1,,,3.5,MFD,1
2017-08-27,2017-09-16,warm,TWI.MFD1.0.res1.gauss_5.0sigma,0.737744950233195,0.738071541557915,0.499445443149438,0.462249813166175,TWI,gauss,1,,,5,MFD,1
2017-11-29,2017-12-14,cool,TWI.MFD1.0.res1.gauss_5.0sigma,0.520073818434004,0.662969373205967,0.385363873376526,0.489763458910524,TWI,gauss,1,,,5,MFD,1
2017-12-22,2018-01-20,cool,TWI.MFD1.0.res1.gauss_5.0sigma,0.564352528145824,0.618817932074417,0.506447509652868,0.521093999372959,TWI,gauss,1,,,5,MFD,1
2018-05-25,2018-06-07,warm,TWI.MFD1.0.res1.gauss_5.0sigma,0.422380580723366,0.42679136889437,0.187593622582731,0.128830276145936,TWI,gauss,1,,,5,MFD,1
2019-03-30,2019-04-12,cool,TWI.MFD1.0.res1.gauss_5.0sigma,0.567857870354989,0.663161998037962,0.416627105598832,0.458830529198551,TWI,gauss,1,,,5,MFD,1
2019-08-23,2019-09-13,warm,TWI.MFD1.0.res1.gauss_5.0sigma,0.56478282072163,0.636967578096708,0.365807559727856,0.392242865479727,TWI,gauss,1,,,5,MFD,1
2020-08-11,2020-08-26,warm,TWI.MFD1.0.res1.gauss_5.0sigma,0.459098427736785,0.468301035026936,0.381923397664644,0.368803078220684,TWI,gauss,1,,,5,MFD,1
2020-09-01,2020-09-20,warm,TWI.MFD1.0.res1.gauss_5.0sigma,0.357699865905271,0.392384923114457,0.249344458703472,0.255580747736236,TWI,gauss,1,,,5,MFD,1
2020-09-27,2020-10-17,cool,TWI.MFD1.0.res1.gauss_5.0sigma,0.178038750050755,0.219137523301103,-0.0381324302713339,-0.0685161616208952,TWI,gauss,1,,,5,MFD,1
2021-03-25,2021-04-06,cool,TWI.MFD1.0.res1.gauss_5.0sigma,0.346256889157641,0.404557105586936,0.255613006472543,0.251189261089799,TWI,gauss,1,,,5,MFD,1
2021-09-05,2021-09-20,warm,TWI.MFD1.0.res1.gauss_5.0sigma,0.360318926306441,0.454965899547972,0.23121889013733,0.274415428134776,TWI,gauss,1,,,5,MFD,1
2017-08-27,2017-09-16,warm,TWI.MFD1.0.res1.NFNW,0.153261039020061,0.180890747910135,-0.45666047024474,-0.459922047825756,TWI,NFNW,1,,,,MFD,1
2017-11-29,2017-12-14,cool,TWI.MFD1.0.res1.NFNW,0.0385623535415305,0.312336013619239,-0.667090067037034,-0.123418821656036,TWI,NFNW,1,,,,MFD,1
2017-12-22,2018-01-20,cool,TWI.MFD1.0.res1.NFNW,0.220365600891449,0.302073196514077,-0.0543328115209195,-0.0168829040850278,TWI,NFNW,1,,,,MFD,1
2018-05-25,2018-06-07,warm,TWI.MFD1.0.res1.NFNW,0.163646572244919,0.167902936162422,-0.193241628706998,-0.362335926826083,TWI,NFNW,1,,,,MFD,1
2019-03-30,2019-04-12,cool,TWI.MFD1.0.res1.NFNW,0.491133021471935,0.539768842951461,0.241076216717101,0.26011564160177,TWI,NFNW,1,,,,MFD,1
2019-08-23,2019-09-13,warm,TWI.MFD1.0.res1.NFNW,0.0694948418925751,0.251372240218696,-0.447353975029996,-0.158850386971128,TWI,NFNW,1,,,,MFD,1
2020-08-11,2020-08-26,warm,TWI.MFD1.0.res1.NFNW,0.026065798717743,0.0522814163679578,-0.730632846658598,-0.602830022625799,TWI,NFNW,1,,,,MFD,1
2020-09-01,2020-09-20,warm,TWI.MFD1.0.res1.NFNW,0.011318437560402,0.161710500050417,-0.744379213813211,-0.336895128533481,TWI,NFNW,1,,,,MFD,1
2020-09-27,2020-10-17,cool,TWI.MFD1.0.res1.NFNW,0.100654802768857,0.134656113160248,-0.34514196140797,-0.323781487422463,TWI,NFNW,1,,,,MFD,1
2021-03-25,2021-04-06,cool,TWI.MFD1.0.res1.NFNW,0.394500015144186,0.440116319815189,0.322551077110866,0.318140835736475,TWI,NFNW,1,,,,MFD,1
2021-09-05,2021-09-20,warm,TWI.MFD1.0.res1.NFNW,0.00510416688066994,0.347431417940945,-0.553946804130185,0.0571992167380344,TWI,NFNW,1,,,,MFD,1
2017-08-27,2017-09-16,warm,TWI.MFD1.0.res1.SSC1,0.566956815149156,0.571104015885368,0.359372885135287,0.331878769088937,TWI,SSC,1,,1,,MFD,1
2017-11-29,2017-12-14,cool,TWI.MFD1.0.res1.SSC1,0.523696093240392,0.650258888083304,0.373468260910055,0.522985333985111,TWI,SSC,1,,1,,MFD,1
2017-12-22,2018-01-20,cool,TWI.MFD1.0.res1.SSC1,0.624748010494489,0.650513162371433,0.561636144007873,0.554940454368539,TWI,SSC,1,,1,,MFD,1
2018-05-25,2018-06-07,warm,TWI.MFD1.0.res1.SSC1,0.447358879159819,0.455960341004336,0.304818213123448,0.232938990886904,TWI,SSC,1,,1,,MFD,1
2019-03-30,2019-04-12,cool,TWI.MFD1.0.res1.SSC1,0.578202025023093,0.674803692461997,0.39829895924871,0.508561520484857,TWI,SSC,1,,1,,MFD,1
2019-08-23,2019-09-13,warm,TWI.MFD1.0.res1.SSC1,0.303216325410698,0.42016500528098,-0.105763726429143,0.0346257030135989,TWI,SSC,1,,1,,MFD,1
2020-08-11,2020-08-26,warm,TWI.MFD1.0.res1.SSC1,0.123130058365927,0.141591806006211,-0.617827210242418,-0.563755442584631,TWI,SSC,1,,1,,MFD,1
2020-09-01,2020-09-20,warm,TWI.MFD1.0.res1.SSC1,0.0765215833652839,0.177514589584449,-0.73379945884741,-0.345236517611645,TWI,SSC,1,,1,,MFD,1
2020-09-27,2020-10-17,cool,TWI.MFD1.0.res1.SSC1,0.0649875401238166,0.128772306489063,-0.597872501020769,-0.411868810064189,TWI,SSC,1,,1,,MFD,1
2021-03-25,2021-04-06,cool,TWI.MFD1.0.res1.SSC1,0.43905738648128,0.482215116644034,0.387894342131984,0.391184121312205,TWI,SSC,1,,1,,MFD,1
2021-09-05,2021-09-20,warm,TWI.MFD1.0.res1.SSC1,0.0672447702470259,0.333646424050642,-0.44687848791031,0.0876041729460546,TWI,SSC,1,,1,,MFD,1
2017-08-27,2017-09-16,warm,TWI.MFD1.0.res1.SSC10,0.746936113187965,0.747098243797105,0.51420156195302,0.47716117644409,TWI,SSC,1,,10,,MFD,1
2017-11-29,2017-12-14,cool,TWI.MFD1.0.res1.SSC10,0.49070352716573,0.63921848213566,0.325427075243169,0.436329991023224,TWI,SSC,1,,10,,MFD,1
2017-12-22,2018-01-20,cool,TWI.MFD1.0.res1.SSC10,0.54914393438723,0.607399761002683,0.488108833430907,0.504120537774064,TWI,SSC,1,,10,,MFD,1
2018-05-25,2018-06-07,warm,TWI.MFD1.0.res1.SSC10,0.401903765026901,0.405496320298769,0.149167355169516,0.087814619642659,TWI,SSC,1,,10,,MFD,1
2019-03-30,2019-04-12,cool,TWI.MFD1.0.res1.SSC10,0.550920123002483,0.643434513214946,0.393816836192566,0.429571123783567,TWI,SSC,1,,10,,MFD,1
2019-08-23,2019-09-13,warm,TWI.MFD1.0.res1.SSC10,0.555967357066416,0.633879960789672,0.333605848128093,0.369706147324401,TWI,SSC,1,,10,,MFD,1
2020-08-11,2020-08-26,warm,TWI.MFD1.0.res1.SSC10,0.460583505576976,0.470950741680968,0.376375564315797,0.361894905824731,TWI,SSC,1,,10,,MFD,1
2020-09-01,2020-09-20,warm,TWI.MFD1.0.res1.SSC10,0.36183005229684,0.39872439530127,0.246832825566761,0.257962862932812,TWI,SSC,1,,10,,MFD,1
2020-09-27,2020-10-17,cool,TWI.MFD1.0.res1.SSC10,0.186631384135871,0.228179367449939,-0.0219320053446016,-0.0518527174757154,TWI,SSC,1,,10,,MFD,1
2021-03-25,2021-04-06,cool,TWI.MFD1.0.res1.SSC10,0.344382254138903,0.40449467593471,0.254829795396916,0.253472642520053,TWI,SSC,1,,10,,MFD,1
2021-09-05,2021-09-20,warm,TWI.MFD1.0.res1.SSC10,0.364531290351677,0.459750505409868,0.246067364613651,0.290081111516194,TWI,SSC,1,,10,,MFD,1
2017-08-27,2017-09-16,warm,TWI.MFD1.0.res1.SSC2,0.539270293015715,0.539328021207223,0.280984715337234,0.261291675211062,TWI,SSC,1,,2,,MFD,1
2017-11-29,2017-12-14,cool,TWI.MFD1.0.res1.SSC2,0.425335817048164,0.610329927483153,0.120857779089773,0.445495802509067,TWI,SSC,1,,2,,MFD,1
2017-12-22,2018-01-20,cool,TWI.MFD1.0.res1.SSC2,0.541508593735467,0.597397919171324,0.454771428469119,0.471891421113075,TWI,SSC,1,,2,,MFD,1
2018-05-25,2018-06-07,warm,TWI.MFD1.0.res1.SSC2,0.520655898191522,0.524028873088841,0.449190261584169,0.403322829063802,TWI,SSC,1,,2,,MFD,1
2019-03-30,2019-04-12,cool,TWI.MFD1.0.res1.SSC2,0.617045073986755,0.674768461648705,0.485716413076532,0.508134997651643,TWI,SSC,1,,2,,MFD,1
2019-08-23,2019-09-13,warm,TWI.MFD1.0.res1.SSC2,0.227826032777553,0.398023611139997,-0.33997503376924,-0.00375243183754589,TWI,SSC,1,,2,,MFD,1
2020-08-11,2020-08-26,warm,TWI.MFD1.0.res1.SSC2,0.170742967102073,0.187703030440147,-0.389113065956114,-0.342623105295946,TWI,SSC,1,,2,,MFD,1
2020-09-01,2020-09-20,warm,TWI.MFD1.0.res1.SSC2,0.113280391321613,0.203901352140254,-0.534313290252051,-0.18734582855041,TWI,SSC,1,,2,,MFD,1
2020-09-27,2020-10-17,cool,TWI.MFD1.0.res1.SSC2,0.0284539098841836,0.120272174204875,-0.650466750427238,-0.356039724643025,TWI,SSC,1,,2,,MFD,1
2021-03-25,2021-04-06,cool,TWI.MFD1.0.res1.SSC2,0.407744387201955,0.445494955299107,0.333847187120604,0.329620345676419,TWI,SSC,1,,2,,MFD,1
2021-09-05,2021-09-20,warm,TWI.MFD1.0.res1.SSC2,0.081078154229897,0.333175938293832,-0.269902471866969,0.0843828294469278,TWI,SSC,1,,2,,MFD,1
2017-08-27,2017-09-16,warm,TWI.MFD1.0.res1.SSC3,0.603769575677863,0.603771926868379,0.324741677996613,0.3016979933713,TWI,SSC,1,,3,,MFD,1
2017-11-29,2017-12-14,cool,TWI.MFD1.0.res1.SSC3,0.462829648258297,0.646412500174488,0.320250441126945,0.506980448743155,TWI,SSC,1,,3,,MFD,1
2017-12-22,2018-01-20,cool,TWI.MFD1.0.res1.SSC3,0.551765956145212,0.610775346999787,0.468824025155282,0.48840264300595,TWI,SSC,1,,3,,MFD,1
2018-05-25,2018-06-07,warm,TWI.MFD1.0.res1.SSC3,0.433815872508842,0.439399183384865,0.270837799191834,0.193640660747893,TWI,SSC,1,,3,,MFD,1
2019-03-30,2019-04-12,cool,TWI.MFD1.0.res1.SSC3,0.613997622352573,0.687418125706359,0.486598712298184,0.511167078409377,TWI,SSC,1,,3,,MFD,1
2019-08-23,2019-09-13,warm,TWI.MFD1.0.res1.SSC3,0.476030085401975,0.589930006004429,-0.0531415303103691,0.117275019965415,TWI,SSC,1,,3,,MFD,1
2020-08-11,2020-08-26,warm,TWI.MFD1.0.res1.SSC3,0.212963453505204,0.226196626432405,-0.159158311632432,-0.15852086284336,TWI,SSC,1,,3,,MFD,1
2020-09-01,2020-09-20,warm,TWI.MFD1.0.res1.SSC3,0.136153652661916,0.216721697366538,-0.384943979421365,-0.155391076717183,TWI,SSC,1,,3,,MFD,1
2020-09-27,2020-10-17,cool,TWI.MFD1.0.res1.SSC3,0.0220454578201751,0.120152014624648,-0.626418809702933,-0.345945188469186,TWI,SSC,1,,3,,MFD,1
2021-03-25,2021-04-06,cool,TWI.MFD1.0.res1.SSC3,0.45166672175042,0.488685527190335,0.379400355582195,0.37231408146369,TWI,SSC,1,,3,,MFD,1
2021-09-05,2021-09-20,warm,TWI.MFD1.0.res1.SSC3,0.162200868602511,0.34927887518581,-0.121670265322714,0.0915604732937661,TWI,SSC,1,,3,,MFD,1
2017-08-27,2017-09-16,warm,TWI.MFD1.0.res1.SSC4,0.683767198816433,0.683790271137819,0.409987558015624,0.383883555697712,TWI,SSC,1,,4,,MFD,1
2017-11-29,2017-12-14,cool,TWI.MFD1.0.res1.SSC4,0.514187982285284,0.686245338866564,0.408695596511725,0.561572846910021,TWI,SSC,1,,4,,MFD,1
2017-12-22,2018-01-20,cool,TWI.MFD1.0.res1.SSC4,0.585976586683111,0.64554660587301,0.519772457525583,0.54392775578038,TWI,SSC,1,,4,,MFD,1
2018-05-25,2018-06-07,warm,TWI.MFD1.0.res1.SSC4,0.458242435294537,0.463216724203203,0.283752765223141,0.224845630278316,TWI,SSC,1,,4,,MFD,1
2019-03-30,2019-04-12,cool,TWI.MFD1.0.res1.SSC4,0.652973584780081,0.729664783691104,0.504880296464302,0.534542849688773,TWI,SSC,1,,4,,MFD,1
2019-08-23,2019-09-13,warm,TWI.MFD1.0.res1.SSC4,0.533206150476122,0.625100229830579,0.263469571579171,0.315793430671314,TWI,SSC,1,,4,,MFD,1
2020-08-11,2020-08-26,warm,TWI.MFD1.0.res1.SSC4,0.317883341724074,0.330397950567773,0.181653585051796,0.173254931780938,TWI,SSC,1,,4,,MFD,1
2020-09-01,2020-09-20,warm,TWI.MFD1.0.res1.SSC4,0.227701816414945,0.286025179959371,0.0385520523791961,0.0679663118975876,TWI,SSC,1,,4,,MFD,1
2020-09-27,2020-10-17,cool,TWI.MFD1.0.res1.SSC4,0.0556542214987176,0.138912858298049,-0.438597976012444,-0.260992455526202,TWI,SSC,1,,4,,MFD,1
2021-03-25,2021-04-06,cool,TWI.MFD1.0.res1.SSC4,0.461071299983203,0.499367313590971,0.39684093720879,0.391176637965388,TWI,SSC,1,,4,,MFD,1
2021-09-05,2021-09-20,warm,TWI.MFD1.0.res1.SSC4,0.254604392792098,0.388903818847743,0.0352578518551498,0.142472702663466,TWI,SSC,1,,4,,MFD,1
2017-08-27,2017-09-16,warm,TWI.MFD1.0.res1.SSC5,0.691710265406991,0.691713580032068,0.421235333071464,0.391938438651517,TWI,SSC,1,,5,,MFD,1
2017-11-29,2017-12-14,cool,TWI.MFD1.0.res1.SSC5,0.497709004698173,0.660312234309134,0.367451193160317,0.512885063570276,TWI,SSC,1,,5,,MFD,1
2017-12-22,2018-01-20,cool,TWI.MFD1.0.res1.SSC5,0.566152909779478,0.626562691442662,0.504882787144094,0.528920271267747,TWI,SSC,1,,5,,MFD,1
2018-05-25,2018-06-07,warm,TWI.MFD1.0.res1.SSC5,0.417995596086301,0.422344763134394,0.179112955502252,0.10714865893025,TWI,SSC,1,,5,,MFD,1
2019-03-30,2019-04-12,cool,TWI.MFD1.0.res1.SSC5,0.60173497696327,0.68738366981016,0.439177288047892,0.476253538489076,TWI,SSC,1,,5,,MFD,1
2019-08-23,2019-09-13,warm,TWI.MFD1.0.res1.SSC5,0.555550698617086,0.640890815666858,0.274596786848162,0.348437458487056,TWI,SSC,1,,5,,MFD,1
2020-08-11,2020-08-26,warm,TWI.MFD1.0.res1.SSC5,0.386338097637963,0.3992292401355,0.300983067397737,0.296271521601778,TWI,SSC,1,,5,,MFD,1
2020-09-01,2020-09-20,warm,TWI.MFD1.0.res1.SSC5,0.309318083174509,0.354225205661786,0.197309146929914,0.210934455987113,TWI,SSC,1,,5,,MFD,1
2020-09-27,2020-10-17,cool,TWI.MFD1.0.res1.SSC5,0.147431705604587,0.198540271630011,-0.0898543369520609,-0.10280684936248,TWI,SSC,1,,5,,MFD,1
2021-03-25,2021-04-06,cool,TWI.MFD1.0.res1.SSC5,0.436165264718803,0.479245636288424,0.368761328751825,0.363717730699608,TWI,SSC,1,,5,,MFD,1
2021-09-05,2021-09-20,warm,TWI.MFD1.0.res1.SSC5,0.320863305890621,0.423559363054849,0.144819073690474,0.196026474480869,TWI,SSC,1,,5,,MFD,1
2017-08-27,2017-09-16,warm,TWI.MFD1.0.res1.SSC7,0.725109048686091,0.725163663541489,0.474581977024907,0.441433865717016,TWI,SSC,1,,7,,MFD,1
2017-11-29,2017-12-14,cool,TWI.MFD1.0.res1.SSC7,0.491295124993587,0.642212997248568,0.33470340231617,0.460758847630684,TWI,SSC,1,,7,,MFD,1
2017-12-22,2018-01-20,cool,TWI.MFD1.0.res1.SSC7,0.558191398466639,0.616724284349766,0.500031375615185,0.520344480978825,TWI,SSC,1,,7,,MFD,1
2018-05-25,2018-06-07,warm,TWI.MFD1.0.res1.SSC7,0.381661596559888,0.38552843485196,0.0940780380523165,0.0218626569548222,TWI,SSC,1,,7,,MFD,1
2019-03-30,2019-04-12,cool,TWI.MFD1.0.res1.SSC7,0.559380830476296,0.651718673247371,0.396581036521009,0.435426306203952,TWI,SSC,1,,7,,MFD,1
2019-08-23,2019-09-13,warm,TWI.MFD1.0.res1.SSC7,0.588952309280673,0.668242904299842,0.380124986261175,0.440485824800156,TWI,SSC,1,,7,,MFD,1
2020-08-11,2020-08-26,warm,TWI.MFD1.0.res1.SSC7,0.429414669469525,0.443016892076638,0.34425212101462,0.339243456119186,TWI,SSC,1,,7,,MFD,1
2020-09-01,2020-09-20,warm,TWI.MFD1.0.res1.SSC7,0.350554059634085,0.389667879647914,0.237194949667716,0.253921145707238,TWI,SSC,1,,7,,MFD,1
2020-09-27,2020-10-17,cool,TWI.MFD1.0.res1.SSC7,0.194036671983349,0.235565505820418,-0.00494143260026197,-0.0307300391222517,TWI,SSC,1,,7,,MFD,1
2021-03-25,2021-04-06,cool,TWI.MFD1.0.res1.SSC7,0.402729166780057,0.455990561224172,0.334206714949504,0.336826069484391,TWI,SSC,1,,7,,MFD,1
2021-09-05,2021-09-20,warm,TWI.MFD1.0.res1.SSC7,0.369818895518683,0.454960163394075,0.251232769571936,0.274503633354842,TWI,SSC,1,,7,,MFD,1
2017-08-27,2017-09-16,warm,TWI.MFD1.0.res10.NFNW,0.721558068503855,0.724015657524734,0.547683365373394,0.495894856040016,TWI,NFNW,10,,,,MFD,1
2017-11-29,2017-12-14,cool,TWI.MFD1.0.res10.NFNW,0.542639775593436,0.666506503388106,0.415275199376086,0.492757872015778,TWI,NFNW,10,,,,MFD,1
2017-12-22,2018-01-20,cool,TWI.MFD1.0.res10.NFNW,0.543819410118885,0.591456154862065,0.478284661473825,0.478033416781075,TWI,NFNW,10,,,,MFD,1
2018-05-25,2018-06-07,warm,TWI.MFD1.0.res10.NFNW,0.368023557611967,0.372616451151168,0.122949954249252,0.0510068373968678,TWI,NFNW,10,,,,MFD,1
2019-03-30,2019-04-12,cool,TWI.MFD1.0.res10.NFNW,0.547741914699313,0.660748160291281,0.373536523456409,0.449788437853312,TWI,NFNW,10,,,,MFD,1
2019-08-23,2019-09-13,warm,TWI.MFD1.0.res10.NFNW,0.554871508929275,0.614501056414178,0.308277402106073,0.331398915263176,TWI,NFNW,10,,,,MFD,1
2020-08-11,2020-08-26,warm,TWI.MFD1.0.res10.NFNW,0.501072318652299,0.505089685421095,0.433341051671297,0.411165906524401,TWI,NFNW,10,,,,MFD,1
2020-09-01,2020-09-20,warm,TWI.MFD1.0.res10.NFNW,0.384354770453235,0.40971224665288,0.27040786764225,0.25973435750837,TWI,NFNW,10,,,,MFD,1
2020-09-27,2020-10-17,cool,TWI.MFD1.0.res10.NFNW,0.197463555214628,0.230036104235467,-0.0341447830557794,-0.0668460559605165,TWI,NFNW,10,,,,MFD,1
2021-03-25,2021-04-06,cool,TWI.MFD1.0.res10.NFNW,0.376585846012413,0.444830207634676,0.290173609204528,0.314846106517277,TWI,NFNW,10,,,,MFD,1
2021-09-05,2021-09-20,warm,TWI.MFD1.0.res10.NFNW,0.377350696768773,0.472556460521829,0.281060481603942,0.337129482813498,TWI,NFNW,10,,,,MFD,1
2017-08-27,2017-09-16,warm,TWI.MFD1.0.res2.NFNW,0.698080732540344,0.698935778890703,0.425713580134264,0.40257880025094,TWI,NFNW,2,,,,MFD,1
2017-11-29,2017-12-14,cool,TWI.MFD1.0.res2.NFNW,0.496786306258773,0.636688284608309,0.345417381123959,0.47136929234317,TWI,NFNW,2,,,,MFD,1
2017-12-22,2018-01-20,cool,TWI.MFD1.0.res2.NFNW,0.60842616077572,0.645747974309454,0.551544420898712,0.557378929534835,TWI,NFNW,2,,,,MFD,1
2018-05-25,2018-06-07,warm,TWI.MFD1.0.res2.NFNW,0.47432773464476,0.481610804035485,0.363437535603097,0.315014191589731,TWI,NFNW,2,,,,MFD,1
2019-03-30,2019-04-12,cool,TWI.MFD1.0.res2.NFNW,0.563038412844384,0.667517535025541,0.431995348157142,0.498044607133937,TWI,NFNW,2,,,,MFD,1
2019-08-23,2019-09-13,warm,TWI.MFD1.0.res2.NFNW,0.452885828313085,0.546028993613932,0.29606208534519,0.308541555964837,TWI,NFNW,2,,,,MFD,1
2020-08-11,2020-08-26,warm,TWI.MFD1.0.res2.NFNW,0.218590591161966,0.23063463981316,-0.179968458644381,-0.180265828393675,TWI,NFNW,2,,,,MFD,1
2020-09-01,2020-09-20,warm,TWI.MFD1.0.res2.NFNW,0.132546902003499,0.207599964656593,-0.461578555173287,-0.228395504625736,TWI,NFNW,2,,,,MFD,1
2020-09-27,2020-10-17,cool,TWI.MFD1.0.res2.NFNW,0.0265620737468169,0.121001913392504,-0.615910115906054,-0.371633257192609,TWI,NFNW,2,,,,MFD,1
2021-03-25,2021-04-06,cool,TWI.MFD1.0.res2.NFNW,0.440816705238884,0.489483118657459,0.384632984220838,0.395252830599092,TWI,NFNW,2,,,,MFD,1
2021-09-05,2021-09-20,warm,TWI.MFD1.0.res2.NFNW,0.239693722827377,0.389487386712134,0.00664410457780562,0.152584650441155,TWI,NFNW,2,,,,MFD,1
2017-08-27,2017-09-16,warm,TWI.MFD1.0.res3.NFNW,0.756878312241466,0.757367743809278,0.565136137663921,0.523499534517996,TWI,NFNW,3,,,,MFD,1
2017-11-29,2017-12-14,cool,TWI.MFD1.0.res3.NFNW,0.518848596605469,0.662688511316178,0.35530634079493,0.470275650335871,TWI,NFNW,3,,,,MFD,1
2017-12-22,2018-01-20,cool,TWI.MFD1.0.res3.NFNW,0.627772778633147,0.678876922651722,0.580516930635855,0.60064081569266,TWI,NFNW,3,,,,MFD,1
2018-05-25,2018-06-07,warm,TWI.MFD1.0.res3.NFNW,0.40164968027169,0.407197797666362,0.149484414200918,0.104093786349123,TWI,NFNW,3,,,,MFD,1
2019-03-30,2019-04-12,cool,TWI.MFD1.0.res3.NFNW,0.611067501780148,0.706361460052874,0.471539321571418,0.518772973322042,TWI,NFNW,3,,,,MFD,1
2019-08-23,2019-09-13,warm,TWI.MFD1.0.res3.NFNW,0.592033655060611,0.662489617953221,0.445912808616581,0.451687712106804,TWI,NFNW,3,,,,MFD,1
2020-08-11,2020-08-26,warm,TWI.MFD1.0.res3.NFNW,0.32031308875722,0.331338597834178,0.167551741705445,0.156731093171669,TWI,NFNW,3,,,,MFD,1
2020-09-01,2020-09-20,warm,TWI.MFD1.0.res3.NFNW,0.215396186779992,0.270469384662949,-0.0152612441736655,0.0079352205024772,TWI,NFNW,3,,,,MFD,1
2020-09-27,2020-10-17,cool,TWI.MFD1.0.res3.NFNW,0.0326780329054622,0.127336823840637,-0.6834737983342,-0.316577658966996,TWI,NFNW,3,,,,MFD,1
2021-03-25,2021-04-06,cool,TWI.MFD1.0.res3.NFNW,0.431980364012465,0.484570140779241,0.374179691557977,0.390746161593998,TWI,NFNW,3,,,,MFD,1
2021-09-05,2021-09-20,warm,TWI.MFD1.0.res3.NFNW,0.306302542082814,0.432882569434384,0.170817082814659,0.252275322671165,TWI,NFNW,3,,,,MFD,1
2017-08-27,2017-09-16,warm,TWI.MFD1.0.res4.NFNW,0.736024142122625,0.738010768556821,0.535853264007754,0.488956079407432,TWI,NFNW,4,,,,MFD,1
2017-11-29,2017-12-14,cool,TWI.MFD1.0.res4.NFNW,0.532524499894472,0.659409146815747,0.402977329549133,0.495753107734444,TWI,NFNW,4,,,,MFD,1
2017-12-22,2018-01-20,cool,TWI.MFD1.0.res4.NFNW,0.594267385861911,0.637273827189181,0.549652796883881,0.555678193559975,TWI,NFNW,4,,,,MFD,1
2018-05-25,2018-06-07,warm,TWI.MFD1.0.res4.NFNW,0.464170150881491,0.47056192897736,0.310920778136269,0.262890691179752,TWI,NFNW,4,,,,MFD,1
2019-03-30,2019-04-12,cool,TWI.MFD1.0.res4.NFNW,0.575466841958292,0.690400440500645,0.455368062240654,0.533316659314584,TWI,NFNW,4,,,,MFD,1
2019-08-23,2019-09-13,warm,TWI.MFD1.0.res4.NFNW,0.500854320048102,0.565818081325885,0.332207417954124,0.342684026093387,TWI,NFNW,4,,,,MFD,1
2020-08-11,2020-08-26,warm,TWI.MFD1.0.res4.NFNW,0.399131496937647,0.405694105051115,0.321578473375595,0.310482337066755,TWI,NFNW,4,,,,MFD,1
2020-09-01,2020-09-20,warm,TWI.MFD1.0.res4.NFNW,0.287054903609705,0.323403415821184,0.167317945581516,0.159178437197621,TWI,NFNW,4,,,,MFD,1
2020-09-27,2020-10-17,cool,TWI.MFD1.0.res4.NFNW,0.0966777860795477,0.154959289489579,-0.285973149794133,-0.225418495682218,TWI,NFNW,4,,,,MFD,1
2021-03-25,2021-04-06,cool,TWI.MFD1.0.res4.NFNW,0.416846478052997,0.473550753124128,0.353653734916487,0.367348385952718,TWI,NFNW,4,,,,MFD,1
2021-09-05,2021-09-20,warm,TWI.MFD1.0.res4.NFNW,0.348056175488858,0.457753052925117,0.197577696720963,0.260538280350012,TWI,NFNW,4,,,,MFD,1
2017-08-27,2017-09-16,warm,TWI.MFD1.0.res5.NFNW,0.765334979015497,0.766237734921119,0.598131772762734,0.555090079073727,TWI,NFNW,5,,,,MFD,1
2017-11-29,2017-12-14,cool,TWI.MFD1.0.res5.NFNW,0.537699745991583,0.669403739845945,0.382116993350047,0.485240698693945,TWI,NFNW,5,,,,MFD,1
2017-12-22,2018-01-20,cool,TWI.MFD1.0.res5.NFNW,0.618870069336792,0.668484320715694,0.571858558836374,0.593207984948967,TWI,NFNW,5,,,,MFD,1
2018-05-25,2018-06-07,warm,TWI.MFD1.0.res5.NFNW,0.395131790019289,0.399393450395014,0.150555403925922,0.0969798329468209,TWI,NFNW,5,,,,MFD,1
2019-03-30,2019-04-12,cool,TWI.MFD1.0.res5.NFNW,0.598208083481273,0.698128272811388,0.479399630518875,0.535549129885609,TWI,NFNW,5,,,,MFD,1
2019-08-23,2019-09-13,warm,TWI.MFD1.0.res5.NFNW,0.596328461121785,0.660640301629675,0.43986963144433,0.446289701223411,TWI,NFNW,5,,,,MFD,1
2020-08-11,2020-08-26,warm,TWI.MFD1.0.res5.NFNW,0.431398008726515,0.442863873571112,0.358137092703016,0.348030427897244,TWI,NFNW,5,,,,MFD,1
2020-09-01,2020-09-20,warm,TWI.MFD1.0.res5.NFNW,0.325049651824564,0.362339550583951,0.219415124075777,0.225060903225307,TWI,NFNW,5,,,,MFD,1
2020-09-27,2020-10-17,cool,TWI.MFD1.0.res5.NFNW,0.142047998703554,0.190090143040804,-0.110949354572117,-0.129203659457649,TWI,NFNW,5,,,,MFD,1
2021-03-25,2021-04-06,cool,TWI.MFD1.0.res5.NFNW,0.405526113082345,0.465156750082596,0.341374011707475,0.3610625844785,TWI,NFNW,5,,,,MFD,1
2021-09-05,2021-09-20,warm,TWI.MFD1.0.res5.NFNW,0.320773472512327,0.439970987455251,0.206489118650294,0.283849692223366,TWI,NFNW,5,,,,MFD,1
2017-08-27,2017-09-16,warm,TWI.MFD1.0.res7.NFNW,0.762661593129393,0.765199246362934,0.61077484609212,0.568529272206459,TWI,NFNW,7,,,,MFD,1
2017-11-29,2017-12-14,cool,TWI.MFD1.0.res7.NFNW,0.583708461269829,0.69754344284924,0.446592157965521,0.522914940792606,TWI,NFNW,7,,,,MFD,1
2017-12-22,2018-01-20,cool,TWI.MFD1.0.res7.NFNW,0.638754748415674,0.680107097839429,0.589640844370081,0.600928802645841,TWI,NFNW,7,,,,MFD,1
2018-05-25,2018-06-07,warm,TWI.MFD1.0.res7.NFNW,0.386895347340341,0.39222903518632,0.117533236842172,0.0630273588738616,TWI,NFNW,7,,,,MFD,1
2019-03-30,2019-04-12,cool,TWI.MFD1.0.res7.NFNW,0.56121983607792,0.670942382969633,0.423988340265236,0.491111915241339,TWI,NFNW,7,,,,MFD,1
2019-08-23,2019-09-13,warm,TWI.MFD1.0.res7.NFNW,0.6349376406289,0.691490519386902,0.472327949707729,0.473844294032062,TWI,NFNW,7,,,,MFD,1
2020-08-11,2020-08-26,warm,TWI.MFD1.0.res7.NFNW,0.464526556452389,0.473763938913814,0.403078125680732,0.383759210626778,TWI,NFNW,7,,,,MFD,1
2020-09-01,2020-09-20,warm,TWI.MFD1.0.res7.NFNW,0.352001020404341,0.385545184999933,0.25334777570813,0.252004193106884,TWI,NFNW,7,,,,MFD,1
2020-09-27,2020-10-17,cool,TWI.MFD1.0.res7.NFNW,0.169050894153466,0.210575465996776,-0.0534380683916126,-0.0820333089442877,TWI,NFNW,7,,,,MFD,1
2021-03-25,2021-04-06,cool,TWI.MFD1.0.res7.NFNW,0.398808138408023,0.460531789207752,0.33193089807942,0.356329194789576,TWI,NFNW,7,,,,MFD,1
2021-09-05,2021-09-20,warm,TWI.MFD1.0.res7.NFNW,0.357138040890648,0.457485700155523,0.266684034099411,0.32521452642953,TWI,NFNW,7,,,,MFD,1
2017-08-27,2017-09-16,warm,TWI.MFD1.1.res1.gauss_0.5sigma,0.209101539857979,0.226952834160623,-0.236295692851812,-0.311764081627748,TWI,gauss,1,,,0.5,MFD,1.1
2017-11-29,2017-12-14,cool,TWI.MFD1.1.res1.gauss_0.5sigma,0.054969188869551,0.339302173692997,-0.749103467979758,-0.0624984268198608,TWI,gauss,1,,,0.5,MFD,1.1
2017-12-22,2018-01-20,cool,TWI.MFD1.1.res1.gauss_0.5sigma,0.304435096470663,0.363866707571676,0.109125869527888,0.10640159185089,TWI,gauss,1,,,0.5,MFD,1.1
2018-05-25,2018-06-07,warm,TWI.MFD1.1.res1.gauss_0.5sigma,0.245283100417151,0.248543348542347,0.0070240471786895,-0.118479664129446,TWI,gauss,1,,,0.5,MFD,1.1
2019-03-30,2019-04-12,cool,TWI.MFD1.1.res1.gauss_0.5sigma,0.598952995521484,0.648105876597103,0.431256026201199,0.464703542202525,TWI,gauss,1,,,0.5,MFD,1.1
2019-08-23,2019-09-13,warm,TWI.MFD1.1.res1.gauss_0.5sigma,0.031651639618165,0.252304865025099,-0.611952967661305,-0.136524396827676,TWI,gauss,1,,,0.5,MFD,1.1
2020-08-11,2020-08-26,warm,TWI.MFD1.1.res1.gauss_0.5sigma,0.108438194107566,0.134052558258008,-0.560325663234373,-0.550795999195367,TWI,gauss,1,,,0.5,MFD,1.1
2020-09-01,2020-09-20,warm,TWI.MFD1.1.res1.gauss_0.5sigma,0.0834669512465257,0.195806330994973,-0.595674490407372,-0.193982731348961,TWI,gauss,1,,,0.5,MFD,1.1
2020-09-27,2020-10-17,cool,TWI.MFD1.1.res1.gauss_0.5sigma,0.0496276351538803,0.121157959638771,-0.551878835015915,-0.348981775063521,TWI,gauss,1,,,0.5,MFD,1.1
2021-03-25,2021-04-06,cool,TWI.MFD1.1.res1.gauss_0.5sigma,0.438442941862474,0.488965330855892,0.378897355399641,0.380050090256387,TWI,gauss,1,,,0.5,MFD,1.1
2021-09-05,2021-09-20,warm,TWI.MFD1.1.res1.gauss_0.5sigma,0.088055836670367,0.362346254252922,-0.491457890285406,0.108161630056518,TWI,gauss,1,,,0.5,MFD,1.1
2017-08-27,2017-09-16,warm,TWI.MFD1.1.res1.gauss_1.0sigma,0.555956257201307,0.556519779665144,0.298738540985235,0.279497447562917,TWI,gauss,1,,,1,MFD,1.1
2017-11-29,2017-12-14,cool,TWI.MFD1.1.res1.gauss_1.0sigma,0.443015473693111,0.610504641150724,0.175114940040916,0.453628681961117,TWI,gauss,1,,,1,MFD,1.1
2017-12-22,2018-01-20,cool,TWI.MFD1.1.res1.gauss_1.0sigma,0.559311889055383,0.605484270556098,0.47534328684235,0.484757106237858,TWI,gauss,1,,,1,MFD,1.1
2018-05-25,2018-06-07,warm,TWI.MFD1.1.res1.gauss_1.0sigma,0.497833694428589,0.502389871737532,0.419382736390219,0.365766868790647,TWI,gauss,1,,,1,MFD,1.1
2019-03-30,2019-04-12,cool,TWI.MFD1.1.res1.gauss_1.0sigma,0.611541602661558,0.673783273743944,0.476153059649473,0.509634739757822,TWI,gauss,1,,,1,MFD,1.1
2019-08-23,2019-09-13,warm,TWI.MFD1.1.res1.gauss_1.0sigma,0.256987558506844,0.414029783805708,-0.329106960300539,-0.0285786952996448,TWI,gauss,1,,,1,MFD,1.1
2020-08-11,2020-08-26,warm,TWI.MFD1.1.res1.gauss_1.0sigma,0.167750674293494,0.185292307175059,-0.405369287797926,-0.360135878350627,TWI,gauss,1,,,1,MFD,1.1
2020-09-01,2020-09-20,warm,TWI.MFD1.1.res1.gauss_1.0sigma,0.115140779534401,0.204566759873794,-0.510763900194478,-0.183213240033588,TWI,gauss,1,,,1,MFD,1.1
2020-09-27,2020-10-17,cool,TWI.MFD1.1.res1.gauss_1.0sigma,0.0287522997223432,0.120328232126962,-0.651587582196119,-0.356773768817889,TWI,gauss,1,,,1,MFD,1.1
2021-03-25,2021-04-06,cool,TWI.MFD1.1.res1.gauss_1.0sigma,0.424873689060402,0.464505178716599,0.358805505378443,0.359046859519556,TWI,gauss,1,,,1,MFD,1.1
2021-09-05,2021-09-20,warm,TWI.MFD1.1.res1.gauss_1.0sigma,0.0892726843530875,0.334522056087159,-0.270059388152353,0.0900684537196137,TWI,gauss,1,,,1,MFD,1.1
2017-08-27,2017-09-16,warm,TWI.MFD1.1.res1.gauss_1.5sigma,0.591031544209174,0.591113847037525,0.309628697816939,0.289103751875529,TWI,gauss,1,,,1.5,MFD,1.1
2017-11-29,2017-12-14,cool,TWI.MFD1.1.res1.gauss_1.5sigma,0.45825466818119,0.633619149934535,0.301654559508724,0.497859608054875,TWI,gauss,1,,,1.5,MFD,1.1
2017-12-22,2018-01-20,cool,TWI.MFD1.1.res1.gauss_1.5sigma,0.544017956334166,0.596475842561426,0.459607355263647,0.471941939118233,TWI,gauss,1,,,1.5,MFD,1.1
2018-05-25,2018-06-07,warm,TWI.MFD1.1.res1.gauss_1.5sigma,0.471266893811805,0.477258834670553,0.375335512684407,0.312146789381225,TWI,gauss,1,,,1.5,MFD,1.1
2019-03-30,2019-04-12,cool,TWI.MFD1.1.res1.gauss_1.5sigma,0.623234521276304,0.693410484539455,0.498067409132748,0.524242849227368,TWI,gauss,1,,,1.5,MFD,1.1
2019-08-23,2019-09-13,warm,TWI.MFD1.1.res1.gauss_1.5sigma,0.391156111293213,0.513210434919366,-0.216008676808201,0.0120023182296526,TWI,gauss,1,,,1.5,MFD,1.1
2020-08-11,2020-08-26,warm,TWI.MFD1.1.res1.gauss_1.5sigma,0.200139155758474,0.213303177793322,-0.218973602420587,-0.210712747008636,TWI,gauss,1,,,1.5,MFD,1.1
2020-09-01,2020-09-20,warm,TWI.MFD1.1.res1.gauss_1.5sigma,0.127618307064453,0.209295650802772,-0.434452344840426,-0.172518058271056,TWI,gauss,1,,,1.5,MFD,1.1
2020-09-27,2020-10-17,cool,TWI.MFD1.1.res1.gauss_1.5sigma,0.031738611623031,0.120992370198932,-0.605083555912035,-0.346180411287255,TWI,gauss,1,,,1.5,MFD,1.1
2021-03-25,2021-04-06,cool,TWI.MFD1.1.res1.gauss_1.5sigma,0.441538946154827,0.480407081107497,0.365351957271927,0.362148562833418,TWI,gauss,1,,,1.5,MFD,1.1
2021-09-05,2021-09-20,warm,TWI.MFD1.1.res1.gauss_1.5sigma,0.154661210285608,0.347397046266289,-0.137264867206169,0.0821102799162161,TWI,gauss,1,,,1.5,MFD,1.1
2017-08-27,2017-09-16,warm,TWI.MFD1.1.res1.gauss_2.0sigma,0.661515317409009,0.661625047434499,0.380772305239555,0.355298244322007,TWI,gauss,1,,,2,MFD,1.1
2017-11-29,2017-12-14,cool,TWI.MFD1.1.res1.gauss_2.0sigma,0.532310054277739,0.691970985554042,0.450188014050633,0.583198666538876,TWI,gauss,1,,,2,MFD,1.1
2017-12-22,2018-01-20,cool,TWI.MFD1.1.res1.gauss_2.0sigma,0.586627548484018,0.637995577568035,0.510962728367739,0.526489318491762,TWI,gauss,1,,,2,MFD,1.1
2018-05-25,2018-06-07,warm,TWI.MFD1.1.res1.gauss_2.0sigma,0.480410787474983,0.487173617390133,0.355016855086809,0.301226121241048,TWI,gauss,1,,,2,MFD,1.1
2019-03-30,2019-04-12,cool,TWI.MFD1.1.res1.gauss_2.0sigma,0.65180801809402,0.733288944583935,0.513106955799153,0.549264629721923,TWI,gauss,1,,,2,MFD,1.1
2019-08-23,2019-09-13,warm,TWI.MFD1.1.res1.gauss_2.0sigma,0.51736195383829,0.603967936900946,0.260737965644554,0.29690112790379,TWI,gauss,1,,,2,MFD,1.1
2020-08-11,2020-08-26,warm,TWI.MFD1.1.res1.gauss_2.0sigma,0.295002415698224,0.30574359050122,0.126425265201383,0.11272835010645,TWI,gauss,1,,,2,MFD,1.1
2020-09-01,2020-09-20,warm,TWI.MFD1.1.res1.gauss_2.0sigma,0.201449105187087,0.260468343101892,-0.0424399101494056,4.62097934487207e-06,TWI,gauss,1,,,2,MFD,1.1
2020-09-27,2020-10-17,cool,TWI.MFD1.1.res1.gauss_2.0sigma,0.022330764291458,0.12466759111259,-0.556872881018588,-0.30385760387777,TWI,gauss,1,,,2,MFD,1.1
2021-03-25,2021-04-06,cool,TWI.MFD1.1.res1.gauss_2.0sigma,0.451311118637213,0.492039778349519,0.378087013256474,0.374527097011348,TWI,gauss,1,,,2,MFD,1.1
2021-09-05,2021-09-20,warm,TWI.MFD1.1.res1.gauss_2.0sigma,0.238109042530111,0.381514059479047,-0.0025263447796106,0.126634507733265,TWI,gauss,1,,,2,MFD,1.1
2017-08-27,2017-09-16,warm,TWI.MFD1.1.res1.gauss_2.5sigma,0.68137261504455,0.681496838558266,0.406301984381152,0.377531869014147,TWI,gauss,1,,,2.5,MFD,1.1
2017-11-29,2017-12-14,cool,TWI.MFD1.1.res1.gauss_2.5sigma,0.525140988499448,0.681396073344743,0.42863062414887,0.558551356322482,TWI,gauss,1,,,2.5,MFD,1.1
2017-12-22,2018-01-20,cool,TWI.MFD1.1.res1.gauss_2.5sigma,0.574622626970122,0.628761495139808,0.50784371343136,0.525555027137888,TWI,gauss,1,,,2.5,MFD,1.1
2018-05-25,2018-06-07,warm,TWI.MFD1.1.res1.gauss_2.5sigma,0.456316730938687,0.462128736793167,0.279520663791005,0.219293427816084,TWI,gauss,1,,,2.5,MFD,1.1
2019-03-30,2019-04-12,cool,TWI.MFD1.1.res1.gauss_2.5sigma,0.633874156409685,0.717998954458172,0.476730411833095,0.51401206379023,TWI,gauss,1,,,2.5,MFD,1.1
2019-08-23,2019-09-13,warm,TWI.MFD1.1.res1.gauss_2.5sigma,0.541957282964617,0.623165879552883,0.281555120670553,0.324402114201098,TWI,gauss,1,,,2.5,MFD,1.1
2020-08-11,2020-08-26,warm,TWI.MFD1.1.res1.gauss_2.5sigma,0.34972467074697,0.360077843856164,0.247549992356086,0.235531914220692,TWI,gauss,1,,,2.5,MFD,1.1
2020-09-01,2020-09-20,warm,TWI.MFD1.1.res1.gauss_2.5sigma,0.261205689981952,0.308964933547075,0.122818883646174,0.129252431846632,TWI,gauss,1,,,2.5,MFD,1.1
2020-09-27,2020-10-17,cool,TWI.MFD1.1.res1.gauss_2.5sigma,0.0860712472063794,0.15304770224663,-0.264451673400167,-0.209021056087285,TWI,gauss,1,,,2.5,MFD,1.1
2021-03-25,2021-04-06,cool,TWI.MFD1.1.res1.gauss_2.5sigma,0.442715490774002,0.486173366391881,0.371587586149052,0.36848383071323,TWI,gauss,1,,,2.5,MFD,1.1
2021-09-05,2021-09-20,warm,TWI.MFD1.1.res1.gauss_2.5sigma,0.293960185665109,0.409440497678012,0.0958349473609453,0.174372479891315,TWI,gauss,1,,,2.5,MFD,1.1
2017-08-27,2017-09-16,warm,TWI.MFD1.1.res1.gauss_3.5sigma,0.707079517950725,0.707182695822238,0.436420660540394,0.405529314318642,TWI,gauss,1,,,3.5,MFD,1.1
2017-11-29,2017-12-14,cool,TWI.MFD1.1.res1.gauss_3.5sigma,0.491356206517005,0.644486491723332,0.350227586476803,0.477811819761909,TWI,gauss,1,,,3.5,MFD,1.1
2017-12-22,2018-01-20,cool,TWI.MFD1.1.res1.gauss_3.5sigma,0.548327272000072,0.605359837311347,0.486963539018854,0.505374503307991,TWI,gauss,1,,,3.5,MFD,1.1
2018-05-25,2018-06-07,warm,TWI.MFD1.1.res1.gauss_3.5sigma,0.4159075772666,0.420357311754095,0.176733512845482,0.108853207408531,TWI,gauss,1,,,3.5,MFD,1.1
2019-03-30,2019-04-12,cool,TWI.MFD1.1.res1.gauss_3.5sigma,0.578226262357573,0.666956038822585,0.417242379441467,0.454046456484809,TWI,gauss,1,,,3.5,MFD,1.1
2019-08-23,2019-09-13,warm,TWI.MFD1.1.res1.gauss_3.5sigma,0.548655365299867,0.629839880461033,0.260892368422445,0.323897248050796,TWI,gauss,1,,,3.5,MFD,1.1
2020-08-11,2020-08-26,warm,TWI.MFD1.1.res1.gauss_3.5sigma,0.404041693707266,0.415619301600872,0.321364001322279,0.312217111047783,TWI,gauss,1,,,3.5,MFD,1.1
2020-09-01,2020-09-20,warm,TWI.MFD1.1.res1.gauss_3.5sigma,0.325872968911149,0.365547019403321,0.215072642705334,0.224476169413346,TWI,gauss,1,,,3.5,MFD,1.1
2020-09-27,2020-10-17,cool,TWI.MFD1.1.res1.gauss_3.5sigma,0.163163431052193,0.208629858736846,-0.0598821475566139,-0.0841771693056161,TWI,gauss,1,,,3.5,MFD,1.1
2021-03-25,2021-04-06,cool,TWI.MFD1.1.res1.gauss_3.5sigma,0.412882043636094,0.464611724921104,0.343471890042458,0.345644047369049,TWI,gauss,1,,,3.5,MFD,1.1
2021-09-05,2021-09-20,warm,TWI.MFD1.1.res1.gauss_3.5sigma,0.345498863075435,0.439115592126714,0.19970927657601,0.239121182385636,TWI,gauss,1,,,3.5,MFD,1.1
2017-08-27,2017-09-16,warm,TWI.MFD1.1.res1.gauss_5.0sigma,0.735642060749689,0.735963468552407,0.492967239756665,0.456237410155218,TWI,gauss,1,,,5,MFD,1.1
2017-11-29,2017-12-14,cool,TWI.MFD1.1.res1.gauss_5.0sigma,0.515706260617425,0.659392759622806,0.379716467301585,0.48492313743821,TWI,gauss,1,,,5,MFD,1.1
2017-12-22,2018-01-20,cool,TWI.MFD1.1.res1.gauss_5.0sigma,0.559492747177749,0.614311723830672,0.501323017563062,0.515617451376814,TWI,gauss,1,,,5,MFD,1.1
2018-05-25,2018-06-07,warm,TWI.MFD1.1.res1.gauss_5.0sigma,0.42404277873352,0.428441149371391,0.191714647148143,0.132718322740709,TWI,gauss,1,,,5,MFD,1.1
2019-03-30,2019-04-12,cool,TWI.MFD1.1.res1.gauss_5.0sigma,0.569018677104779,0.663233547119024,0.416144663422351,0.457004194097104,TWI,gauss,1,,,5,MFD,1.1
2019-08-23,2019-09-13,warm,TWI.MFD1.1.res1.gauss_5.0sigma,0.558149823434731,0.631313237184691,0.347677953943821,0.377006868538623,TWI,gauss,1,,,5,MFD,1.1
2020-08-11,2020-08-26,warm,TWI.MFD1.1.res1.gauss_5.0sigma,0.456709580387652,0.465818171350168,0.378652872846078,0.365487326688265,TWI,gauss,1,,,5,MFD,1.1
2020-09-01,2020-09-20,warm,TWI.MFD1.1.res1.gauss_5.0sigma,0.356810741938542,0.391388672091291,0.247511877954556,0.253702010808573,TWI,gauss,1,,,5,MFD,1.1
2020-09-27,2020-10-17,cool,TWI.MFD1.1.res1.gauss_5.0sigma,0.1777337770757,0.218760631075826,-0.0392885796469711,-0.0698012306296388,TWI,gauss,1,,,5,MFD,1.1
2021-03-25,2021-04-06,cool,TWI.MFD1.1.res1.gauss_5.0sigma,0.34369745789936,0.40225697489533,0.251166946340261,0.246216291998877,TWI,gauss,1,,,5,MFD,1.1
2021-09-05,2021-09-20,warm,TWI.MFD1.1.res1.gauss_5.0sigma,0.361912764581834,0.455473976586895,0.232074573223065,0.273697834392501,TWI,gauss,1,,,5,MFD,1.1
2017-08-27,2017-09-16,warm,TWI.MFD1.1.res1.NFNW,0.151635730440228,0.17995276887629,-0.469359505131694,-0.465413180096721,TWI,NFNW,1,,,,MFD,1.1
2017-11-29,2017-12-14,cool,TWI.MFD1.1.res1.NFNW,0.0437247792723268,0.310642959951142,-0.657115028652871,-0.133329416561723,TWI,NFNW,1,,,,MFD,1.1
2017-12-22,2018-01-20,cool,TWI.MFD1.1.res1.NFNW,0.213491356346969,0.295682434119141,-0.0690366654448053,-0.0310846028423199,TWI,NFNW,1,,,,MFD,1.1
2018-05-25,2018-06-07,warm,TWI.MFD1.1.res1.NFNW,0.176537792032468,0.179771579564611,-0.175098036273066,-0.332864468566871,TWI,NFNW,1,,,,MFD,1.1
2019-03-30,2019-04-12,cool,TWI.MFD1.1.res1.NFNW,0.489388042910431,0.537821280276079,0.237437480531386,0.25828026325052,TWI,NFNW,1,,,,MFD,1.1
2019-08-23,2019-09-13,warm,TWI.MFD1.1.res1.NFNW,0.0926161128400944,0.248537599434026,-0.404734963403197,-0.159069628150101,TWI,NFNW,1,,,,MFD,1.1
2020-08-11,2020-08-26,warm,TWI.MFD1.1.res1.NFNW,0.0236516220605175,0.0502116219087833,-0.736971304620858,-0.606838515272799,TWI,NFNW,1,,,,MFD,1.1
2020-09-01,2020-09-20,warm,TWI.MFD1.1.res1.NFNW,0.0115618365865561,0.161934002356607,-0.757777019529897,-0.33788682809825,TWI,NFNW,1,,,,MFD,1.1
2020-09-27,2020-10-17,cool,TWI.MFD1.1.res1.NFNW,0.0989777105287337,0.13378744232897,-0.354825906356614,-0.327659083028928,TWI,NFNW,1,,,,MFD,1.1
2021-03-25,2021-04-06,cool,TWI.MFD1.1.res1.NFNW,0.388938554125768,0.435082430004057,0.313949596419628,0.310382740974116,TWI,NFNW,1,,,,MFD,1.1
2021-09-05,2021-09-20,warm,TWI.MFD1.1.res1.NFNW,0.000817528522975267,0.346359911063891,-0.555668927923481,0.0570210801090254,TWI,NFNW,1,,,,MFD,1.1
2017-08-27,2017-09-16,warm,TWI.MFD1.1.res1.SSC1,0.563488717036916,0.568021694962992,0.354331412426551,0.326279259299777,TWI,SSC,1,,1,,MFD,1.1
2017-11-29,2017-12-14,cool,TWI.MFD1.1.res1.SSC1,0.5140167072996,0.640124058689395,0.348300396146267,0.50184520688248,TWI,SSC,1,,1,,MFD,1.1
2017-12-22,2018-01-20,cool,TWI.MFD1.1.res1.SSC1,0.619181535974763,0.644185106426977,0.554076822590087,0.54620284119007,TWI,SSC,1,,1,,MFD,1.1
2018-05-25,2018-06-07,warm,TWI.MFD1.1.res1.SSC1,0.439626452095315,0.448446074341348,0.288045994629502,0.21458121370434,TWI,SSC,1,,1,,MFD,1.1
2019-03-30,2019-04-12,cool,TWI.MFD1.1.res1.SSC1,0.570919663686445,0.669887443755398,0.384628249191623,0.499863003748301,TWI,SSC,1,,1,,MFD,1.1
2019-08-23,2019-09-13,warm,TWI.MFD1.1.res1.SSC1,0.295643775760948,0.413206812893038,-0.120998386868898,0.0239926479217675,TWI,SSC,1,,1,,MFD,1.1
2020-08-11,2020-08-26,warm,TWI.MFD1.1.res1.SSC1,0.118687732578099,0.137061887965247,-0.633367804723524,-0.576105882855072,TWI,SSC,1,,1,,MFD,1.1
2020-09-01,2020-09-20,warm,TWI.MFD1.1.res1.SSC1,0.0752719421610471,0.176643490059635,-0.735596790963946,-0.347353933706565,TWI,SSC,1,,1,,MFD,1.1
2020-09-27,2020-10-17,cool,TWI.MFD1.1.res1.SSC1,0.0636254008761772,0.128347743799405,-0.604827315080908,-0.413242698596735,TWI,SSC,1,,1,,MFD,1.1
2021-03-25,2021-04-06,cool,TWI.MFD1.1.res1.SSC1,0.439231317659489,0.483074402307198,0.387893580541675,0.392182333549083,TWI,SSC,1,,1,,MFD,1.1
2021-09-05,2021-09-20,warm,TWI.MFD1.1.res1.SSC1,0.0637768845516381,0.333521491759687,-0.459354480401714,0.0884713566188757,TWI,SSC,1,,1,,MFD,1.1
2017-08-27,2017-09-16,warm,TWI.MFD1.1.res1.SSC10,0.745169005060699,0.745324613137576,0.508708541286705,0.47202044985362,TWI,SSC,1,,10,,MFD,1.1
2017-11-29,2017-12-14,cool,TWI.MFD1.1.res1.SSC10,0.485992069241644,0.635394086697699,0.318037481551999,0.430221707038387,TWI,SSC,1,,10,,MFD,1.1
2017-12-22,2018-01-20,cool,TWI.MFD1.1.res1.SSC10,0.543793551882679,0.602435166768717,0.482211647540658,0.497817154152407,TWI,SSC,1,,10,,MFD,1.1
2018-05-25,2018-06-07,warm,TWI.MFD1.1.res1.SSC10,0.403171561723413,0.406724382170645,0.152904792240718,0.0912157313648937,TWI,SSC,1,,10,,MFD,1.1
2019-03-30,2019-04-12,cool,TWI.MFD1.1.res1.SSC10,0.55104962709984,0.642619900164011,0.393401881973919,0.427826727371887,TWI,SSC,1,,10,,MFD,1.1
2019-08-23,2019-09-13,warm,TWI.MFD1.1.res1.SSC10,0.547800676412579,0.626920513230722,0.307457558508197,0.348527900408967,TWI,SSC,1,,10,,MFD,1.1
2020-08-11,2020-08-26,warm,TWI.MFD1.1.res1.SSC10,0.458519444925554,0.468802095904529,0.373444476328724,0.358883808867312,TWI,SSC,1,,10,,MFD,1.1
2020-09-01,2020-09-20,warm,TWI.MFD1.1.res1.SSC10,0.361116950582173,0.397967211416907,0.24505592150236,0.256171733180234,TWI,SSC,1,,10,,MFD,1.1
2020-09-27,2020-10-17,cool,TWI.MFD1.1.res1.SSC10,0.186590965590578,0.228078644778891,-0.0228523013146052,-0.0528771573883171,TWI,SSC,1,,10,,MFD,1.1
2021-03-25,2021-04-06,cool,TWI.MFD1.1.res1.SSC10,0.341715671354316,0.402164389243666,0.25032894853826,0.248442521872586,TWI,SSC,1,,10,,MFD,1.1
2021-09-05,2021-09-20,warm,TWI.MFD1.1.res1.SSC10,0.366050837124128,0.460348349758006,0.247148493026679,0.289798177554603,TWI,SSC,1,,10,,MFD,1.1
2017-08-27,2017-09-16,warm,TWI.MFD1.1.res1.SSC2,0.534340385800355,0.534408453650502,0.277690147088608,0.257817316243582,TWI,SSC,1,,2,,MFD,1.1
2017-11-29,2017-12-14,cool,TWI.MFD1.1.res1.SSC2,0.421441715041864,0.607369081982974,0.0997121366543393,0.439133629234499,TWI,SSC,1,,2,,MFD,1.1
2017-12-22,2018-01-20,cool,TWI.MFD1.1.res1.SSC2,0.539031548389746,0.59520318155308,0.452084462591477,0.469304919380942,TWI,SSC,1,,2,,MFD,1.1
2018-05-25,2018-06-07,warm,TWI.MFD1.1.res1.SSC2,0.520992159759372,0.524290541428078,0.448636726185654,0.402847880474647,TWI,SSC,1,,2,,MFD,1.1
2019-03-30,2019-04-12,cool,TWI.MFD1.1.res1.SSC2,0.616547324786461,0.673711483669188,0.483143587479145,0.505648281833535,TWI,SSC,1,,2,,MFD,1.1
2019-08-23,2019-09-13,warm,TWI.MFD1.1.res1.SSC2,0.216805582167754,0.390207102482841,-0.360374693981549,-0.0118997116875997,TWI,SSC,1,,2,,MFD,1.1
2020-08-11,2020-08-26,warm,TWI.MFD1.1.res1.SSC2,0.169535018314675,0.186479643764811,-0.396144512936445,-0.349784976996372,TWI,SSC,1,,2,,MFD,1.1
2020-09-01,2020-09-20,warm,TWI.MFD1.1.res1.SSC2,0.112729389335631,0.203620771262122,-0.536473340669462,-0.187296744067537,TWI,SSC,1,,2,,MFD,1.1
2020-09-27,2020-10-17,cool,TWI.MFD1.1.res1.SSC2,0.0287931866958355,0.120285370728258,-0.650142042582284,-0.355374037983592,TWI,SSC,1,,2,,MFD,1.1
2021-03-25,2021-04-06,cool,TWI.MFD1.1.res1.SSC2,0.406005428366166,0.443873311521057,0.331647836126107,0.327619057544036,TWI,SSC,1,,2,,MFD,1.1
2021-09-05,2021-09-20,warm,TWI.MFD1.1.res1.SSC2,0.0739134639762172,0.332777134724041,-0.282496409164001,0.0857246890767975,TWI,SSC,1,,2,,MFD,1.1
2017-08-27,2017-09-16,warm,TWI.MFD1.1.res1.SSC3,0.597761522347731,0.597763735987829,0.318900822408079,0.296074696926515,TWI,SSC,1,,3,,MFD,1.1
2017-11-29,2017-12-14,cool,TWI.MFD1.1.res1.SSC3,0.458533827823874,0.643606517675593,0.311050552435741,0.502600646842158,TWI,SSC,1,,3,,MFD,1.1
2017-12-22,2018-01-20,cool,TWI.MFD1.1.res1.SSC3,0.549049554454536,0.608466529077737,0.464920965583009,0.484466889016866,TWI,SSC,1,,3,,MFD,1.1
2018-05-25,2018-06-07,warm,TWI.MFD1.1.res1.SSC3,0.436178234622875,0.441690943426148,0.279995643421012,0.202723547456741,TWI,SSC,1,,3,,MFD,1.1
2019-03-30,2019-04-12,cool,TWI.MFD1.1.res1.SSC3,0.614022623625124,0.686587118096676,0.487512304576241,0.511073518348204,TWI,SSC,1,,3,,MFD,1.1
2019-08-23,2019-09-13,warm,TWI.MFD1.1.res1.SSC3,0.467033393734509,0.583127914510055,-0.0729570539316731,0.105699523873603,TWI,SSC,1,,3,,MFD,1.1
2020-08-11,2020-08-26,warm,TWI.MFD1.1.res1.SSC3,0.206667826471298,0.219769959663996,-0.193594331018636,-0.190929581719361,TWI,SSC,1,,3,,MFD,1.1
2020-09-01,2020-09-20,warm,TWI.MFD1.1.res1.SSC3,0.130126661661417,0.212434221117682,-0.431408900558407,-0.173770429464055,TWI,SSC,1,,3,,MFD,1.1
2020-09-27,2020-10-17,cool,TWI.MFD1.1.res1.SSC3,0.0280975218520285,0.120489167780314,-0.615882208864712,-0.349651246168469,TWI,SSC,1,,3,,MFD,1.1
2021-03-25,2021-04-06,cool,TWI.MFD1.1.res1.SSC3,0.449119898963787,0.486255787628813,0.375801191113682,0.368759575395408,TWI,SSC,1,,3,,MFD,1.1
2021-09-05,2021-09-20,warm,TWI.MFD1.1.res1.SSC3,0.15457160324548,0.347070167780247,-0.134314241821504,0.0891028934724018,TWI,SSC,1,,3,,MFD,1.1
2017-08-27,2017-09-16,warm,TWI.MFD1.1.res1.SSC4,0.678649223673947,0.678684955410633,0.401400000936054,0.37600804200917,TWI,SSC,1,,4,,MFD,1.1
2017-11-29,2017-12-14,cool,TWI.MFD1.1.res1.SSC4,0.506563231305224,0.680924011489511,0.397392435648768,0.554290704870165,TWI,SSC,1,,4,,MFD,1.1
2017-12-22,2018-01-20,cool,TWI.MFD1.1.res1.SSC4,0.579922361561321,0.63987258109261,0.512738911393256,0.536397801877043,TWI,SSC,1,,4,,MFD,1.1
2018-05-25,2018-06-07,warm,TWI.MFD1.1.res1.SSC4,0.458155405728036,0.46312636579151,0.287361836497398,0.227598352027765,TWI,SSC,1,,4,,MFD,1.1
2019-03-30,2019-04-12,cool,TWI.MFD1.1.res1.SSC4,0.651784729828378,0.727575764114162,0.502899531501507,0.531544364660903,TWI,SSC,1,,4,,MFD,1.1
2019-08-23,2019-09-13,warm,TWI.MFD1.1.res1.SSC4,0.525466376448846,0.619159462565967,0.23575546092224,0.294658162864784,TWI,SSC,1,,4,,MFD,1.1
2020-08-11,2020-08-26,warm,TWI.MFD1.1.res1.SSC4,0.305652211869511,0.318105740646864,0.155015210567286,0.145551708800705,TWI,SSC,1,,4,,MFD,1.1
2020-09-01,2020-09-20,warm,TWI.MFD1.1.res1.SSC4,0.216556556642714,0.276888140001959,0.0065032205542532,0.0432173246227525,TWI,SSC,1,,4,,MFD,1.1
2020-09-27,2020-10-17,cool,TWI.MFD1.1.res1.SSC4,0.0450930519415335,0.134057966270981,-0.489156775134153,-0.275619085977339,TWI,SSC,1,,4,,MFD,1.1
2021-03-25,2021-04-06,cool,TWI.MFD1.1.res1.SSC4,0.459151610230739,0.497506244012423,0.393931302144372,0.388121721617629,TWI,SSC,1,,4,,MFD,1.1
2021-09-05,2021-09-20,warm,TWI.MFD1.1.res1.SSC4,0.249757354533978,0.386181465127107,0.0256917004765895,0.137017645880679,TWI,SSC,1,,4,,MFD,1.1
2017-08-27,2017-09-16,warm,TWI.MFD1.1.res1.SSC5,0.686470636034545,0.686476527272275,0.412991989814469,0.383888394679598,TWI,SSC,1,,5,,MFD,1.1
2017-11-29,2017-12-14,cool,TWI.MFD1.1.res1.SSC5,0.49289656284355,0.656424478531412,0.360176864282845,0.507358228181354,TWI,SSC,1,,5,,MFD,1.1
2017-12-22,2018-01-20,cool,TWI.MFD1.1.res1.SSC5,0.560520008724749,0.620799072401654,0.498536326344461,0.521460810618751,TWI,SSC,1,,5,,MFD,1.1
2018-05-25,2018-06-07,warm,TWI.MFD1.1.res1.SSC5,0.418791719202741,0.423259649498551,0.182698929361613,0.109787007052327,TWI,SSC,1,,5,,MFD,1.1
2019-03-30,2019-04-12,cool,TWI.MFD1.1.res1.SSC5,0.600712948521909,0.686456978746223,0.436656746436576,0.473556079128936,TWI,SSC,1,,5,,MFD,1.1
2019-08-23,2019-09-13,warm,TWI.MFD1.1.res1.SSC5,0.549044470150125,0.63479046138662,0.245059805065247,0.324668430347234,TWI,SSC,1,,5,,MFD,1.1
2020-08-11,2020-08-26,warm,TWI.MFD1.1.res1.SSC5,0.377888515314534,0.390319427650556,0.290115207102682,0.284237017632157,TWI,SSC,1,,5,,MFD,1.1
2020-09-01,2020-09-20,warm,TWI.MFD1.1.res1.SSC5,0.30201993494431,0.347338683719294,0.187700887442895,0.200140267552266,TWI,SSC,1,,5,,MFD,1.1
2020-09-27,2020-10-17,cool,TWI.MFD1.1.res1.SSC5,0.140135805198313,0.192610444057291,-0.105824904154711,-0.115412495792705,TWI,SSC,1,,5,,MFD,1.1
2021-03-25,2021-04-06,cool,TWI.MFD1.1.res1.SSC5,0.435026028767869,0.478190269675258,0.366427563800402,0.361153194665511,TWI,SSC,1,,5,,MFD,1.1
2021-09-05,2021-09-20,warm,TWI.MFD1.1.res1.SSC5,0.319721721750473,0.422593980364336,0.140478867712339,0.192433648425664,TWI,SSC,1,,5,,MFD,1.1
2017-08-27,2017-09-16,warm,TWI.MFD1.1.res1.SSC7,0.721769299770815,0.721830195160714,0.46837846603721,0.435262673736505,TWI,SSC,1,,7,,MFD,1.1
2017-11-29,2017-12-14,cool,TWI.MFD1.1.res1.SSC7,0.488279806954774,0.639737789756979,0.330743041205525,0.457374284995041,TWI,SSC,1,,7,,MFD,1.1
2017-12-22,2018-01-20,cool,TWI.MFD1.1.res1.SSC7,0.553618519428849,0.612223876646431,0.495107857529793,0.514611022416373,TWI,SSC,1,,7,,MFD,1.1
2018-05-25,2018-06-07,warm,TWI.MFD1.1.res1.SSC7,0.381635611557667,0.385555390064378,0.0944275292815517,0.0213978575121262,TWI,SSC,1,,7,,MFD,1.1
2019-03-30,2019-04-12,cool,TWI.MFD1.1.res1.SSC7,0.559033061222992,0.651183927914695,0.394761129660317,0.433136892919825,TWI,SSC,1,,7,,MFD,1.1
2019-08-23,2019-09-13,warm,TWI.MFD1.1.res1.SSC7,0.584601828686861,0.664115871948963,0.361036962917402,0.42473583175417,TWI,SSC,1,,7,,MFD,1.1
2020-08-11,2020-08-26,warm,TWI.MFD1.1.res1.SSC7,0.426191898075673,0.439409441261927,0.34095082734328,0.33538365241404,TWI,SSC,1,,7,,MFD,1.1
2020-09-01,2020-09-20,warm,TWI.MFD1.1.res1.SSC7,0.347768736871567,0.38681158553222,0.234227037126871,0.250105903726697,TWI,SSC,1,,7,,MFD,1.1
2020-09-27,2020-10-17,cool,TWI.MFD1.1.res1.SSC7,0.19109886490432,0.23284156204006,-0.00989504444821545,-0.0361634760113373,TWI,SSC,1,,7,,MFD,1.1
2021-03-25,2021-04-06,cool,TWI.MFD1.1.res1.SSC7,0.401282428183539,0.454645322763441,0.331888327969717,0.334026317422702,TWI,SSC,1,,7,,MFD,1.1
2021-09-05,2021-09-20,warm,TWI.MFD1.1.res1.SSC7,0.370861493134382,0.455409881519205,0.251492301603398,0.273938794663242,TWI,SSC,1,,7,,MFD,1.1
2017-08-27,2017-09-16,warm,TWI.MFD1.1.res10.NFNW,0.722948644801701,0.72534493135665,0.549583619065182,0.497973190043455,TWI,NFNW,10,,,,MFD,1.1
2017-11-29,2017-12-14,cool,TWI.MFD1.1.res10.NFNW,0.543992996805668,0.667915054216612,0.416521158030585,0.494467726237398,TWI,NFNW,10,,,,MFD,1.1
2017-12-22,2018-01-20,cool,TWI.MFD1.1.res10.NFNW,0.548909409293961,0.596697907267719,0.485412314222979,0.486117783205966,TWI,NFNW,10,,,,MFD,1.1
2018-05-25,2018-06-07,warm,TWI.MFD1.1.res10.NFNW,0.36825427702781,0.372849341605853,0.122229979708297,0.0507664356914077,TWI,NFNW,10,,,,MFD,1.1
2019-03-30,2019-04-12,cool,TWI.MFD1.1.res10.NFNW,0.549016484394224,0.661549610646605,0.37723758400327,0.452691613117216,TWI,NFNW,10,,,,MFD,1.1
2019-08-23,2019-09-13,warm,TWI.MFD1.1.res10.NFNW,0.558018536145004,0.617879485593909,0.313981267162859,0.336518399835719,TWI,NFNW,10,,,,MFD,1.1
2020-08-11,2020-08-26,warm,TWI.MFD1.1.res10.NFNW,0.501759000774005,0.506006790129337,0.434554694842865,0.412564600501352,TWI,NFNW,10,,,,MFD,1.1
2020-09-01,2020-09-20,warm,TWI.MFD1.1.res10.NFNW,0.384143283225895,0.409943993601336,0.270906272181856,0.260787463211762,TWI,NFNW,10,,,,MFD,1.1
2020-09-27,2020-10-17,cool,TWI.MFD1.1.res10.NFNW,0.196751109949448,0.229753873225258,-0.0334384573084979,-0.0658634514406723,TWI,NFNW,10,,,,MFD,1.1
2021-03-25,2021-04-06,cool,TWI.MFD1.1.res10.NFNW,0.377792666319395,0.445438866793249,0.292752239188006,0.316679245427886,TWI,NFNW,10,,,,MFD,1.1
2021-09-05,2021-09-20,warm,TWI.MFD1.1.res10.NFNW,0.375259143388286,0.471266487040333,0.278451009671467,0.335223232206267,TWI,NFNW,10,,,,MFD,1.1
2017-08-27,2017-09-16,warm,TWI.MFD1.1.res2.NFNW,0.696657487166834,0.697564769226226,0.422317522892811,0.399603401194673,TWI,NFNW,2,,,,MFD,1.1
2017-11-29,2017-12-14,cool,TWI.MFD1.1.res2.NFNW,0.495445634171448,0.635072720649282,0.342689652707037,0.469245481612435,TWI,NFNW,2,,,,MFD,1.1
2017-12-22,2018-01-20,cool,TWI.MFD1.1.res2.NFNW,0.608657992633925,0.645410136496149,0.551398166712114,0.556536269961418,TWI,NFNW,2,,,,MFD,1.1
2018-05-25,2018-06-07,warm,TWI.MFD1.1.res2.NFNW,0.473531999710771,0.48097321934257,0.363468484615586,0.314880332237212,TWI,NFNW,2,,,,MFD,1.1
2019-03-30,2019-04-12,cool,TWI.MFD1.1.res2.NFNW,0.560637042447458,0.666108621917647,0.42831629137758,0.495764922896979,TWI,NFNW,2,,,,MFD,1.1
2019-08-23,2019-09-13,warm,TWI.MFD1.1.res2.NFNW,0.451983852239142,0.545207968986853,0.298220229784361,0.308375703530236,TWI,NFNW,2,,,,MFD,1.1
2020-08-11,2020-08-26,warm,TWI.MFD1.1.res2.NFNW,0.216542811797451,0.22859610525808,-0.189817550855058,-0.188717620822469,TWI,NFNW,2,,,,MFD,1.1
2020-09-01,2020-09-20,warm,TWI.MFD1.1.res2.NFNW,0.131759616213798,0.207094090051308,-0.467657902458874,-0.230236395139973,TWI,NFNW,2,,,,MFD,1.1
2020-09-27,2020-10-17,cool,TWI.MFD1.1.res2.NFNW,0.026209408089518,0.120952053879317,-0.618705876517014,-0.372752033487422,TWI,NFNW,2,,,,MFD,1.1
2021-03-25,2021-04-06,cool,TWI.MFD1.1.res2.NFNW,0.440386599256385,0.489178188426778,0.38414854132416,0.395049460038084,TWI,NFNW,2,,,,MFD,1.1
2021-09-05,2021-09-20,warm,TWI.MFD1.1.res2.NFNW,0.236052840862028,0.387954855769602,-0.00220623803791131,0.148860731858219,TWI,NFNW,2,,,,MFD,1.1
2017-08-27,2017-09-16,warm,TWI.MFD1.1.res3.NFNW,0.756392280243365,0.756846804309303,0.562157252708816,0.520968033155878,TWI,NFNW,3,,,,MFD,1.1
2017-11-29,2017-12-14,cool,TWI.MFD1.1.res3.NFNW,0.517764349579269,0.66233679345712,0.353968870158412,0.469962121297214,TWI,NFNW,3,,,,MFD,1.1
2017-12-22,2018-01-20,cool,TWI.MFD1.1.res3.NFNW,0.62778101400177,0.679061163471811,0.580623299945947,0.600960120628033,TWI,NFNW,3,,,,MFD,1.1
2018-05-25,2018-06-07,warm,TWI.MFD1.1.res3.NFNW,0.402196451719746,0.407769484606531,0.150636925472536,0.1053824415809,TWI,NFNW,3,,,,MFD,1.1
2019-03-30,2019-04-12,cool,TWI.MFD1.1.res3.NFNW,0.610888703292362,0.70601544900811,0.470023594353212,0.517098990915074,TWI,NFNW,3,,,,MFD,1.1
2019-08-23,2019-09-13,warm,TWI.MFD1.1.res3.NFNW,0.591730047669593,0.662615731295026,0.448701853084416,0.454459629461737,TWI,NFNW,3,,,,MFD,1.1
2020-08-11,2020-08-26,warm,TWI.MFD1.1.res3.NFNW,0.316198462931499,0.327292509051364,0.156943695365232,0.145799304016496,TWI,NFNW,3,,,,MFD,1.1
2020-09-01,2020-09-20,warm,TWI.MFD1.1.res3.NFNW,0.211654595053669,0.26750250088893,-0.0295540173184495,-0.00329493942247483,TWI,NFNW,3,,,,MFD,1.1
2020-09-27,2020-10-17,cool,TWI.MFD1.1.res3.NFNW,0.0290518824971482,0.126224949595464,-0.68315814498189,-0.319831755789774,TWI,NFNW,3,,,,MFD,1.1
2021-03-25,2021-04-06,cool,TWI.MFD1.1.res3.NFNW,0.432036768604739,0.484475126942011,0.374226960864432,0.390577246379167,TWI,NFNW,3,,,,MFD,1.1
2021-09-05,2021-09-20,warm,TWI.MFD1.1.res3.NFNW,0.304905366423816,0.43200540195873,0.1674176111121,0.24960821061252,TWI,NFNW,3,,,,MFD,1.1
2017-08-27,2017-09-16,warm,TWI.MFD1.1.res4.NFNW,0.73424600480924,0.736155928480056,0.531888496228378,0.485168060476534,TWI,NFNW,4,,,,MFD,1.1
2017-11-29,2017-12-14,cool,TWI.MFD1.1.res4.NFNW,0.530797628737768,0.658597523683077,0.401581328956781,0.495265898953142,TWI,NFNW,4,,,,MFD,1.1
2017-12-22,2018-01-20,cool,TWI.MFD1.1.res4.NFNW,0.592527402921149,0.635831465683826,0.547953207525484,0.553831800737055,TWI,NFNW,4,,,,MFD,1.1
2018-05-25,2018-06-07,warm,TWI.MFD1.1.res4.NFNW,0.466975597265699,0.473345162360691,0.317040676899316,0.268875373300213,TWI,NFNW,4,,,,MFD,1.1
2019-03-30,2019-04-12,cool,TWI.MFD1.1.res4.NFNW,0.575494587351712,0.690008578965269,0.455171771000809,0.532414894912853,TWI,NFNW,4,,,,MFD,1.1
2019-08-23,2019-09-13,warm,TWI.MFD1.1.res4.NFNW,0.496102859003494,0.562014941151806,0.32775886680108,0.339081195724837,TWI,NFNW,4,,,,MFD,1.1
2020-08-11,2020-08-26,warm,TWI.MFD1.1.res4.NFNW,0.395688920854289,0.402205092368876,0.316245344063619,0.304984331725554,TWI,NFNW,4,,,,MFD,1.1
2020-09-01,2020-09-20,warm,TWI.MFD1.1.res4.NFNW,0.283083767308832,0.32003848183961,0.160301309374969,0.152024780691953,TWI,NFNW,4,,,,MFD,1.1
2020-09-27,2020-10-17,cool,TWI.MFD1.1.res4.NFNW,0.0922298596862327,0.152284709134193,-0.309706656410102,-0.233590986877033,TWI,NFNW,4,,,,MFD,1.1
2021-03-25,2021-04-06,cool,TWI.MFD1.1.res4.NFNW,0.41742331804668,0.473718432835864,0.354315258539972,0.36750846802901,TWI,NFNW,4,,,,MFD,1.1
2021-09-05,2021-09-20,warm,TWI.MFD1.1.res4.NFNW,0.348250623350892,0.457757806012804,0.195357834872279,0.258247988256909,TWI,NFNW,4,,,,MFD,1.1
2017-08-27,2017-09-16,warm,TWI.MFD1.1.res5.NFNW,0.765667483567374,0.766459407885875,0.597269360535011,0.55457408805132,TWI,NFNW,5,,,,MFD,1.1
2017-11-29,2017-12-14,cool,TWI.MFD1.1.res5.NFNW,0.535287869432328,0.668368342722016,0.37842770090406,0.483200845885417,TWI,NFNW,5,,,,MFD,1.1
2017-12-22,2018-01-20,cool,TWI.MFD1.1.res5.NFNW,0.618042126962971,0.668237206005111,0.570984275945268,0.592822563538204,TWI,NFNW,5,,,,MFD,1.1
2018-05-25,2018-06-07,warm,TWI.MFD1.1.res5.NFNW,0.393793316240034,0.397994777761246,0.147745532452047,0.0939226786984368,TWI,NFNW,5,,,,MFD,1.1
2019-03-30,2019-04-12,cool,TWI.MFD1.1.res5.NFNW,0.598883804268479,0.697961885345189,0.479341450638194,0.534095019031487,TWI,NFNW,5,,,,MFD,1.1
2019-08-23,2019-09-13,warm,TWI.MFD1.1.res5.NFNW,0.596869153806647,0.661939296431656,0.44256150354088,0.44909097959896,TWI,NFNW,5,,,,MFD,1.1
2020-08-11,2020-08-26,warm,TWI.MFD1.1.res5.NFNW,0.429685983218581,0.441407174835504,0.35556246597028,0.345860740594237,TWI,NFNW,5,,,,MFD,1.1
2020-09-01,2020-09-20,warm,TWI.MFD1.1.res5.NFNW,0.322969073819662,0.360951274467277,0.216576500371423,0.223019686307852,TWI,NFNW,5,,,,MFD,1.1
2020-09-27,2020-10-17,cool,TWI.MFD1.1.res5.NFNW,0.139929220989284,0.188794216094278,-0.116712281562195,-0.132845957515879,TWI,NFNW,5,,,,MFD,1.1
2021-03-25,2021-04-06,cool,TWI.MFD1.1.res5.NFNW,0.405920615619615,0.465295600241425,0.341987103708921,0.361603962527402,TWI,NFNW,5,,,,MFD,1.1
2021-09-05,2021-09-20,warm,TWI.MFD1.1.res5.NFNW,0.320294099183104,0.43959658220703,0.205631228936187,0.282870247339797,TWI,NFNW,5,,,,MFD,1.1
2017-08-27,2017-09-16,warm,TWI.MFD1.1.res7.NFNW,0.764137465385889,0.76668366780236,0.613090994768993,0.571040916686576,TWI,NFNW,7,,,,MFD,1.1
2017-11-29,2017-12-14,cool,TWI.MFD1.1.res7.NFNW,0.584300182458037,0.697768803853475,0.446589356217307,0.5229594690943,TWI,NFNW,7,,,,MFD,1.1
2017-12-22,2018-01-20,cool,TWI.MFD1.1.res7.NFNW,0.641162185374848,0.682311865123124,0.592574500999378,0.604175454448601,TWI,NFNW,7,,,,MFD,1.1
2018-05-25,2018-06-07,warm,TWI.MFD1.1.res7.NFNW,0.386847643103969,0.392253448054366,0.116596378770444,0.0627973070343256,TWI,NFNW,7,,,,MFD,1.1
2019-03-30,2019-04-12,cool,TWI.MFD1.1.res7.NFNW,0.561988299838808,0.671591609721025,0.426181251969297,0.493130952377656,TWI,NFNW,7,,,,MFD,1.1
2019-08-23,2019-09-13,warm,TWI.MFD1.1.res7.NFNW,0.636399002235336,0.692828315196976,0.476202195599075,0.477120251515118,TWI,NFNW,7,,,,MFD,1.1
2020-08-11,2020-08-26,warm,TWI.MFD1.1.res7.NFNW,0.463372396521601,0.472854883667323,0.40156034054435,0.382513960616629,TWI,NFNW,7,,,,MFD,1.1
2020-09-01,2020-09-20,warm,TWI.MFD1.1.res7.NFNW,0.350903177014173,0.384627104933462,0.252127086798944,0.251201856145909,TWI,NFNW,7,,,,MFD,1.1
2020-09-27,2020-10-17,cool,TWI.MFD1.1.res7.NFNW,0.167949281838204,0.209740566909429,-0.0552251984102832,-0.0835602492137119,TWI,NFNW,7,,,,MFD,1.1
2021-03-25,2021-04-06,cool,TWI.MFD1.1.res7.NFNW,0.398171615591709,0.459812825790788,0.331508014432034,0.355798787537354,TWI,NFNW,7,,,,MFD,1.1
2021-09-05,2021-09-20,warm,TWI.MFD1.1.res7.NFNW,0.355206190184063,0.456329818611324,0.263759070436899,0.323277181554368,TWI,NFNW,7,,,,MFD,1.1
2017-08-27,2017-09-16,warm,TWI.MFD10.res1.gauss_0.5sigma,0.3526947652707,0.359490135085893,-0.219330036987532,-0.26200580127749,TWI,gauss,1,,,0.5,MFD,10
2017-11-29,2017-12-14,cool,TWI.MFD10.res1.gauss_0.5sigma,0.0111947717388612,0.305442032092971,-0.672347050847606,-0.159954569178814,TWI,gauss,1,,,0.5,MFD,10
2017-12-22,2018-01-20,cool,TWI.MFD10.res1.gauss_0.5sigma,0.246754944950017,0.301361176473308,-0.096280936468399,-0.118634539513766,TWI,gauss,1,,,0.5,MFD,10
2018-05-25,2018-06-07,warm,TWI.MFD10.res1.gauss_0.5sigma,0.171129868772094,0.175056262761262,-0.219940291572644,-0.407765935225305,TWI,gauss,1,,,0.5,MFD,10
2019-03-30,2019-04-12,cool,TWI.MFD10.res1.gauss_0.5sigma,0.516370944577764,0.583158655262156,0.302472494850282,0.384590097847214,TWI,gauss,1,,,0.5,MFD,10
2019-08-23,2019-09-13,warm,TWI.MFD10.res1.gauss_0.5sigma,0.0303358693631839,0.264552984442476,-0.599827016911704,-0.160986314002503,TWI,gauss,1,,,0.5,MFD,10
2020-08-11,2020-08-26,warm,TWI.MFD10.res1.gauss_0.5sigma,0.08281557470122,0.117795669861913,-0.552800745510394,-0.410375165328005,TWI,gauss,1,,,0.5,MFD,10
2020-09-01,2020-09-20,warm,TWI.MFD10.res1.gauss_0.5sigma,0.0987823177606796,0.216962403383389,-0.354162424072151,-0.0907107923960194,TWI,gauss,1,,,0.5,MFD,10
2020-09-27,2020-10-17,cool,TWI.MFD10.res1.gauss_0.5sigma,0.0458535259303868,0.152638914308131,-0.55769200133325,-0.278969801382439,TWI,gauss,1,,,0.5,MFD,10
2021-03-25,2021-04-06,cool,TWI.MFD10.res1.gauss_0.5sigma,0.280640205497163,0.365404640074791,0.162224495616475,0.214364654970436,TWI,gauss,1,,,0.5,MFD,10
2021-09-05,2021-09-20,warm,TWI.MFD10.res1.gauss_0.5sigma,0.129908066450227,0.357911707006591,-0.12970253909731,0.176482137756446,TWI,gauss,1,,,0.5,MFD,10
2017-08-27,2017-09-16,warm,TWI.MFD10.res1.gauss_1.0sigma,0.457510829137555,0.477511457936565,0.14744880093624,0.129538917915947,TWI,gauss,1,,,1,MFD,10
2017-11-29,2017-12-14,cool,TWI.MFD10.res1.gauss_1.0sigma,0.248211636850454,0.396034867510711,-0.197787199915819,0.0785147010808734,TWI,gauss,1,,,1,MFD,10
2017-12-22,2018-01-20,cool,TWI.MFD10.res1.gauss_1.0sigma,0.424054038726074,0.443070308636295,0.302865784157985,0.262221029792517,TWI,gauss,1,,,1,MFD,10
2018-05-25,2018-06-07,warm,TWI.MFD10.res1.gauss_1.0sigma,0.415163777056078,0.420605495761759,0.277210854864678,0.207752003666895,TWI,gauss,1,,,1,MFD,10
2019-03-30,2019-04-12,cool,TWI.MFD10.res1.gauss_1.0sigma,0.516649527701168,0.609461696496811,0.315641497047918,0.420775338825188,TWI,gauss,1,,,1,MFD,10
2019-08-23,2019-09-13,warm,TWI.MFD10.res1.gauss_1.0sigma,0.0580424871580591,0.273577641166176,-0.606110251408382,-0.141279495752776,TWI,gauss,1,,,1,MFD,10
2020-08-11,2020-08-26,warm,TWI.MFD10.res1.gauss_1.0sigma,0.165814701713383,0.182759568648613,-0.378491746399286,-0.351344107318061,TWI,gauss,1,,,1,MFD,10
2020-09-01,2020-09-20,warm,TWI.MFD10.res1.gauss_1.0sigma,0.141403078082606,0.217521329906785,-0.287588995874772,-0.116488077438892,TWI,gauss,1,,,1,MFD,10
2020-09-27,2020-10-17,cool,TWI.MFD10.res1.gauss_1.0sigma,0.0112346405130476,0.123027638517889,-0.55614811540952,-0.322534327000052,TWI,gauss,1,,,1,MFD,10
2021-03-25,2021-04-06,cool,TWI.MFD10.res1.gauss_1.0sigma,0.387155252783988,0.446996248198439,0.318901807654164,0.348117170830346,TWI,gauss,1,,,1,MFD,10
2021-09-05,2021-09-20,warm,TWI.MFD10.res1.gauss_1.0sigma,0.0575804818447826,0.339876052798423,-0.439235120649905,0.129821572978485,TWI,gauss,1,,,1,MFD,10
2017-08-27,2017-09-16,warm,TWI.MFD10.res1.gauss_1.5sigma,0.406399881522105,0.409346790489126,0.150813217706638,0.121306528907203,TWI,gauss,1,,,1.5,MFD,10
2017-11-29,2017-12-14,cool,TWI.MFD10.res1.gauss_1.5sigma,0.283895334170689,0.487099916892696,-0.33159035447699,0.241008566543878,TWI,gauss,1,,,1.5,MFD,10
2017-12-22,2018-01-20,cool,TWI.MFD10.res1.gauss_1.5sigma,0.40573756254793,0.464419484907803,0.294162860751081,0.302677350042983,TWI,gauss,1,,,1.5,MFD,10
2018-05-25,2018-06-07,warm,TWI.MFD10.res1.gauss_1.5sigma,0.447622151512808,0.451933683717653,0.343036714572138,0.286099855958861,TWI,gauss,1,,,1.5,MFD,10
2019-03-30,2019-04-12,cool,TWI.MFD10.res1.gauss_1.5sigma,0.572217449603086,0.638716522557921,0.393084202909659,0.424530680459814,TWI,gauss,1,,,1.5,MFD,10
2019-08-23,2019-09-13,warm,TWI.MFD10.res1.gauss_1.5sigma,0.0518971300964587,0.283621036885463,-0.480262657693922,-0.136680099423246,TWI,gauss,1,,,1.5,MFD,10
2020-08-11,2020-08-26,warm,TWI.MFD10.res1.gauss_1.5sigma,0.177159176172192,0.18596565137623,-0.363652876626977,-0.362833632749523,TWI,gauss,1,,,1.5,MFD,10
2020-09-01,2020-09-20,warm,TWI.MFD10.res1.gauss_1.5sigma,0.120096110542097,0.200879653809292,-0.468761809817788,-0.165551682679574,TWI,gauss,1,,,1.5,MFD,10
2020-09-27,2020-10-17,cool,TWI.MFD10.res1.gauss_1.5sigma,0.0339906849469831,0.121771242831856,-0.64614449656559,-0.3322195694374,TWI,gauss,1,,,1.5,MFD,10
2021-03-25,2021-04-06,cool,TWI.MFD10.res1.gauss_1.5sigma,0.40018141461019,0.439158883212807,0.3070581426936,0.309438607769156,TWI,gauss,1,,,1.5,MFD,10
2021-09-05,2021-09-20,warm,TWI.MFD10.res1.gauss_1.5sigma,0.00616434535872762,0.33310143867347,-0.349762214269169,0.109788244180503,TWI,gauss,1,,,1.5,MFD,10
2017-08-27,2017-09-16,warm,TWI.MFD10.res1.gauss_2.0sigma,0.494492263704607,0.494916836013762,0.217490975690673,0.196197398316762,TWI,gauss,1,,,2,MFD,10
2017-11-29,2017-12-14,cool,TWI.MFD10.res1.gauss_2.0sigma,0.356659398679309,0.555969636499274,0.0172244805476707,0.371214899423606,TWI,gauss,1,,,2,MFD,10
2017-12-22,2018-01-20,cool,TWI.MFD10.res1.gauss_2.0sigma,0.458493019046344,0.520943594418075,0.354578284947073,0.370244326822255,TWI,gauss,1,,,2,MFD,10
2018-05-25,2018-06-07,warm,TWI.MFD10.res1.gauss_2.0sigma,0.439541758219192,0.444600560844593,0.358086345867633,0.291030081815927,TWI,gauss,1,,,2,MFD,10
2019-03-30,2019-04-12,cool,TWI.MFD10.res1.gauss_2.0sigma,0.621835342731943,0.683710120388706,0.503352841232572,0.514369188691271,TWI,gauss,1,,,2,MFD,10
2019-08-23,2019-09-13,warm,TWI.MFD10.res1.gauss_2.0sigma,0.293846071422876,0.444940252109566,-0.447556581754388,-0.122060863049275,TWI,gauss,1,,,2,MFD,10
2020-08-11,2020-08-26,warm,TWI.MFD10.res1.gauss_2.0sigma,0.179973833440097,0.189313414722882,-0.359237665523463,-0.355813334501575,TWI,gauss,1,,,2,MFD,10
2020-09-01,2020-09-20,warm,TWI.MFD10.res1.gauss_2.0sigma,0.115790042080159,0.197745595015832,-0.539556559494901,-0.198355349165916,TWI,gauss,1,,,2,MFD,10
2020-09-27,2020-10-17,cool,TWI.MFD10.res1.gauss_2.0sigma,0.0487577918664341,0.125149203545342,-0.54843257488994,-0.330723313556237,TWI,gauss,1,,,2,MFD,10
2021-03-25,2021-04-06,cool,TWI.MFD10.res1.gauss_2.0sigma,0.404934799385901,0.445574414072834,0.310111930135933,0.309658624516531,TWI,gauss,1,,,2,MFD,10
2021-09-05,2021-09-20,warm,TWI.MFD10.res1.gauss_2.0sigma,0.0184589100630013,0.332589853787248,-0.319304039155977,0.0933985042589257,TWI,gauss,1,,,2,MFD,10
2017-08-27,2017-09-16,warm,TWI.MFD10.res1.gauss_2.5sigma,0.53036745372176,0.531038145677774,0.25422319070258,0.232439273802601,TWI,gauss,1,,,2.5,MFD,10
2017-11-29,2017-12-14,cool,TWI.MFD10.res1.gauss_2.5sigma,0.4134610269159,0.594324855795355,0.192969132893072,0.427792567981978,TWI,gauss,1,,,2.5,MFD,10
2017-12-22,2018-01-20,cool,TWI.MFD10.res1.gauss_2.5sigma,0.462962424465925,0.518462973375052,0.374327532725836,0.380022703321928,TWI,gauss,1,,,2.5,MFD,10
2018-05-25,2018-06-07,warm,TWI.MFD10.res1.gauss_2.5sigma,0.470208688057367,0.477647456037941,0.393980781889503,0.330876569542016,TWI,gauss,1,,,2.5,MFD,10
2019-03-30,2019-04-12,cool,TWI.MFD10.res1.gauss_2.5sigma,0.615703294071776,0.691050861316284,0.500029634244826,0.523022190107212,TWI,gauss,1,,,2.5,MFD,10
2019-08-23,2019-09-13,warm,TWI.MFD10.res1.gauss_2.5sigma,0.326120734385256,0.445461749944231,-0.430782152681484,-0.172598886558146,TWI,gauss,1,,,2.5,MFD,10
2020-08-11,2020-08-26,warm,TWI.MFD10.res1.gauss_2.5sigma,0.184767132429016,0.191843459591026,-0.326377634853516,-0.341236220582046,TWI,gauss,1,,,2.5,MFD,10
2020-09-01,2020-09-20,warm,TWI.MFD10.res1.gauss_2.5sigma,0.114371853907193,0.191579121026933,-0.56366657055718,-0.235236222868003,TWI,gauss,1,,,2.5,MFD,10
2020-09-27,2020-10-17,cool,TWI.MFD10.res1.gauss_2.5sigma,0.0596889490892549,0.130875087990083,-0.460664815804753,-0.310453199174438,TWI,gauss,1,,,2.5,MFD,10
2021-03-25,2021-04-06,cool,TWI.MFD10.res1.gauss_2.5sigma,0.387231061355825,0.433486567350931,0.284347508086334,0.285636957107311,TWI,gauss,1,,,2.5,MFD,10
2021-09-05,2021-09-20,warm,TWI.MFD10.res1.gauss_2.5sigma,0.10945106663844,0.337976088166708,-0.166920158498234,0.0642643744211673,TWI,gauss,1,,,2.5,MFD,10
2017-08-27,2017-09-16,warm,TWI.MFD10.res1.gauss_3.5sigma,0.538985620055618,0.541254305644673,0.274645314688509,0.244787291556273,TWI,gauss,1,,,3.5,MFD,10
2017-11-29,2017-12-14,cool,TWI.MFD10.res1.gauss_3.5sigma,0.458678844724005,0.614379145793025,0.329034342800788,0.453473627393795,TWI,gauss,1,,,3.5,MFD,10
2017-12-22,2018-01-20,cool,TWI.MFD10.res1.gauss_3.5sigma,0.446926813118682,0.496681094534096,0.357400191472599,0.343031282080157,TWI,gauss,1,,,3.5,MFD,10
2018-05-25,2018-06-07,warm,TWI.MFD10.res1.gauss_3.5sigma,0.463141148193949,0.473139190889651,0.353970085618786,0.277983826074142,TWI,gauss,1,,,3.5,MFD,10
2019-03-30,2019-04-12,cool,TWI.MFD10.res1.gauss_3.5sigma,0.621453889299894,0.70541070147502,0.48070521513348,0.513111849679855,TWI,gauss,1,,,3.5,MFD,10
2019-08-23,2019-09-13,warm,TWI.MFD10.res1.gauss_3.5sigma,0.351376165555339,0.442521235767401,-0.350839173152953,-0.191155140315521,TWI,gauss,1,,,3.5,MFD,10
2020-08-11,2020-08-26,warm,TWI.MFD10.res1.gauss_3.5sigma,0.247483260060778,0.251097951517029,0.0287801989323319,-0.0134509576341759,TWI,gauss,1,,,3.5,MFD,10
2020-09-01,2020-09-20,warm,TWI.MFD10.res1.gauss_3.5sigma,0.175305259997448,0.226278643640315,-0.096461965581269,-0.0719165723290551,TWI,gauss,1,,,3.5,MFD,10
2020-09-27,2020-10-17,cool,TWI.MFD10.res1.gauss_3.5sigma,0.00449159919138635,0.120265703478239,-0.560013434436479,-0.296117058854292,TWI,gauss,1,,,3.5,MFD,10
2021-03-25,2021-04-06,cool,TWI.MFD10.res1.gauss_3.5sigma,0.34815758180834,0.405643673213753,0.228585787749788,0.236697035113687,TWI,gauss,1,,,3.5,MFD,10
2021-09-05,2021-09-20,warm,TWI.MFD10.res1.gauss_3.5sigma,0.265608990309442,0.384815064055814,0.0339985770642595,0.135840721914949,TWI,gauss,1,,,3.5,MFD,10
2017-08-27,2017-09-16,warm,TWI.MFD10.res1.gauss_5.0sigma,0.606074566255347,0.608570605113753,0.321366223499932,0.285533818856179,TWI,gauss,1,,,5,MFD,10
2017-11-29,2017-12-14,cool,TWI.MFD10.res1.gauss_5.0sigma,0.469074645755851,0.610618351067129,0.343349050484668,0.434194567440659,TWI,gauss,1,,,5,MFD,10
2017-12-22,2018-01-20,cool,TWI.MFD10.res1.gauss_5.0sigma,0.445487251887702,0.499057382022975,0.358553035209028,0.344003540213541,TWI,gauss,1,,,5,MFD,10
2018-05-25,2018-06-07,warm,TWI.MFD10.res1.gauss_5.0sigma,0.459264539926333,0.46602173476674,0.325189072916587,0.241370865033006,TWI,gauss,1,,,5,MFD,10
2019-03-30,2019-04-12,cool,TWI.MFD10.res1.gauss_5.0sigma,0.529889033727669,0.629240895110187,0.3648612405878,0.401860556957876,TWI,gauss,1,,,5,MFD,10
2019-08-23,2019-09-13,warm,TWI.MFD10.res1.gauss_5.0sigma,0.369369727849936,0.461017729754781,-0.233466376198557,-0.0677711631325959,TWI,gauss,1,,,5,MFD,10
2020-08-11,2020-08-26,warm,TWI.MFD10.res1.gauss_5.0sigma,0.415886386170658,0.417803486051568,0.321346423021011,0.30192729535745,TWI,gauss,1,,,5,MFD,10
2020-09-01,2020-09-20,warm,TWI.MFD10.res1.gauss_5.0sigma,0.341071724810147,0.364980134845261,0.210739481084698,0.194785477446382,TWI,gauss,1,,,5,MFD,10
2020-09-27,2020-10-17,cool,TWI.MFD10.res1.gauss_5.0sigma,0.169013122633948,0.202862336492257,-0.0884233940886871,-0.118309210668707,TWI,gauss,1,,,5,MFD,10
2021-03-25,2021-04-06,cool,TWI.MFD10.res1.gauss_5.0sigma,0.301281969062896,0.364978088824807,0.167570537368047,0.172499421144929,TWI,gauss,1,,,5,MFD,10
2021-09-05,2021-09-20,warm,TWI.MFD10.res1.gauss_5.0sigma,0.385984570435494,0.460178986286467,0.205890061586461,0.232162297247774,TWI,gauss,1,,,5,MFD,10
2017-08-27,2017-09-16,warm,TWI.MFD10.res1.NFNW,0.106169353243128,0.192026991296188,-0.563521191466739,-0.422500760761387,TWI,NFNW,1,,,,MFD,10
2017-11-29,2017-12-14,cool,TWI.MFD10.res1.NFNW,0.0268684290217136,0.306231192138525,-0.694312865690232,-0.078837351436975,TWI,NFNW,1,,,,MFD,10
2017-12-22,2018-01-20,cool,TWI.MFD10.res1.NFNW,0.0906105850672279,0.145995261304928,-0.511402539761786,-0.437314007744058,TWI,NFNW,1,,,,MFD,10
2018-05-25,2018-06-07,warm,TWI.MFD10.res1.NFNW,0.0263974006320329,0.0766340624546381,-0.609317972835847,-0.610233154937881,TWI,NFNW,1,,,,MFD,10
2019-03-30,2019-04-12,cool,TWI.MFD10.res1.NFNW,0.229789344907138,0.421297953056924,-0.524550604381832,-0.0525999247034514,TWI,NFNW,1,,,,MFD,10
2019-08-23,2019-09-13,warm,TWI.MFD10.res1.NFNW,0.248003914518574,0.327599641930215,-0.0976258738416407,-0.0324283439970866,TWI,NFNW,1,,,,MFD,10
2020-08-11,2020-08-26,warm,TWI.MFD10.res1.NFNW,0.21675897858868,0.220828053165433,-0.0794425503521335,-0.0863336283126423,TWI,NFNW,1,,,,MFD,10
2020-09-01,2020-09-20,warm,TWI.MFD10.res1.NFNW,0.153508263782004,0.1932110099974,-0.206275119192379,-0.159568965639313,TWI,NFNW,1,,,,MFD,10
2020-09-27,2020-10-17,cool,TWI.MFD10.res1.NFNW,0.141815640106283,0.16976536758894,-0.234591136991693,-0.203617316688974,TWI,NFNW,1,,,,MFD,10
2021-03-25,2021-04-06,cool,TWI.MFD10.res1.NFNW,0.220617206073307,0.309442038567738,-0.0117218019324049,0.092660385757854,TWI,NFNW,1,,,,MFD,10
2021-09-05,2021-09-20,warm,TWI.MFD10.res1.NFNW,0.0399331111630398,0.344356319790264,-0.416990409494484,0.159647208126026,TWI,NFNW,1,,,,MFD,10
2017-08-27,2017-09-16,warm,TWI.MFD10.res1.SSC1,0.0702291417800759,0.148233875005043,-0.764334245652255,-0.497010332084638,TWI,SSC,1,,1,,MFD,10
2017-11-29,2017-12-14,cool,TWI.MFD10.res1.SSC1,0.153679127284949,0.301726552974043,-0.292378205319191,-0.164076492556859,TWI,SSC,1,,1,,MFD,10
2017-12-22,2018-01-20,cool,TWI.MFD10.res1.SSC1,0.203153754772845,0.210339592234278,-0.1642460738923,-0.268032178740424,TWI,SSC,1,,1,,MFD,10
2018-05-25,2018-06-07,warm,TWI.MFD10.res1.SSC1,0.0513005445534566,0.106341165891487,-0.518535744406246,-0.492787373158916,TWI,SSC,1,,1,,MFD,10
2019-03-30,2019-04-12,cool,TWI.MFD10.res1.SSC1,0.122897683579007,0.464388869355512,-0.667077269051592,0.116620969274223,TWI,SSC,1,,1,,MFD,10
2019-08-23,2019-09-13,warm,TWI.MFD10.res1.SSC1,0.00532758188723712,0.257343212298336,-0.683049391071509,-0.146145316459478,TWI,SSC,1,,1,,MFD,10
2020-08-11,2020-08-26,warm,TWI.MFD10.res1.SSC1,0.218342453255515,0.221387128188497,-0.0734416326454961,-0.102010196864297,TWI,SSC,1,,1,,MFD,10
2020-09-01,2020-09-20,warm,TWI.MFD10.res1.SSC1,0.0807704719199833,0.183415466557188,-0.42084526906129,-0.214239036093523,TWI,SSC,1,,1,,MFD,10
2020-09-27,2020-10-17,cool,TWI.MFD10.res1.SSC1,0.0407744125184537,0.136649609696546,-0.548399689359219,-0.322094122116245,TWI,SSC,1,,1,,MFD,10
2021-03-25,2021-04-06,cool,TWI.MFD10.res1.SSC1,0.2209024578742,0.359578405175534,0.0437927499624984,0.187412706731404,TWI,SSC,1,,1,,MFD,10
2021-09-05,2021-09-20,warm,TWI.MFD10.res1.SSC1,0.105715182053666,0.33532535499244,-0.226720748187576,0.146490880288434,TWI,SSC,1,,1,,MFD,10
2017-08-27,2017-09-16,warm,TWI.MFD10.res1.SSC10,0.65160475281394,0.652963298611851,0.363199817816799,0.325852496862673,TWI,SSC,1,,10,,MFD,10
2017-11-29,2017-12-14,cool,TWI.MFD10.res1.SSC10,0.443146615188125,0.590749160092821,0.257340767068681,0.365723704706221,TWI,SSC,1,,10,,MFD,10
2017-12-22,2018-01-20,cool,TWI.MFD10.res1.SSC10,0.437175617921931,0.495174798367225,0.339980864118752,0.32845156889749,TWI,SSC,1,,10,,MFD,10
2018-05-25,2018-06-07,warm,TWI.MFD10.res1.SSC10,0.457479329494104,0.46182203247349,0.307078149137759,0.226087875027332,TWI,SSC,1,,10,,MFD,10
2019-03-30,2019-04-12,cool,TWI.MFD10.res1.SSC10,0.491875856045325,0.591518005840948,0.31987686471348,0.350170977035709,TWI,SSC,1,,10,,MFD,10
2019-08-23,2019-09-13,warm,TWI.MFD10.res1.SSC10,0.357076899237016,0.458909365891957,-0.235964499991422,-0.0387171084981768,TWI,SSC,1,,10,,MFD,10
2020-08-11,2020-08-26,warm,TWI.MFD10.res1.SSC10,0.425242731258412,0.428303194344428,0.33674779888611,0.318266789977439,TWI,SSC,1,,10,,MFD,10
2020-09-01,2020-09-20,warm,TWI.MFD10.res1.SSC10,0.347997184570206,0.375647924003858,0.220777295816555,0.21183668867379,TWI,SSC,1,,10,,MFD,10
2020-09-27,2020-10-17,cool,TWI.MFD10.res1.SSC10,0.184675543313031,0.21899341594959,-0.0590085580037942,-0.0919153775447078,TWI,SSC,1,,10,,MFD,10
2021-03-25,2021-04-06,cool,TWI.MFD10.res1.SSC10,0.293181207740713,0.35863411388856,0.152940027940057,0.151666676080532,TWI,SSC,1,,10,,MFD,10
2021-09-05,2021-09-20,warm,TWI.MFD10.res1.SSC10,0.417357117415771,0.488805813842174,0.215275500450787,0.234211683468718,TWI,SSC,1,,10,,MFD,10
2017-08-27,2017-09-16,warm,TWI.MFD10.res1.SSC2,0.388391576540958,0.389819270101947,0.122182612725645,0.0862944969576521,TWI,SSC,1,,2,,MFD,10
2017-11-29,2017-12-14,cool,TWI.MFD10.res1.SSC2,0.267487600404536,0.487861674790742,-0.248001326277964,0.269098519405964,TWI,SSC,1,,2,,MFD,10
2017-12-22,2018-01-20,cool,TWI.MFD10.res1.SSC2,0.409764688689176,0.473149255469107,0.300903347660604,0.31633162185878,TWI,SSC,1,,2,,MFD,10
2018-05-25,2018-06-07,warm,TWI.MFD10.res1.SSC2,0.463837762695996,0.466342426160751,0.337550606893362,0.282487549086321,TWI,SSC,1,,2,,MFD,10
2019-03-30,2019-04-12,cool,TWI.MFD10.res1.SSC2,0.567983605323599,0.634336963355258,0.375557699027518,0.443625413372968,TWI,SSC,1,,2,,MFD,10
2019-08-23,2019-09-13,warm,TWI.MFD10.res1.SSC2,0.00808006128702293,0.258650699182727,-0.707230457411937,-0.126630954781876,TWI,SSC,1,,2,,MFD,10
2020-08-11,2020-08-26,warm,TWI.MFD10.res1.SSC2,0.174801887228596,0.190187233116376,-0.309037637622151,-0.285649471516109,TWI,SSC,1,,2,,MFD,10
2020-09-01,2020-09-20,warm,TWI.MFD10.res1.SSC2,0.132843421146182,0.215471003071063,-0.31750005850912,-0.102602378569626,TWI,SSC,1,,2,,MFD,10
2020-09-27,2020-10-17,cool,TWI.MFD10.res1.SSC2,0.000720849791661334,0.121807942480083,-0.573435587890728,-0.299511165816861,TWI,SSC,1,,2,,MFD,10
2021-03-25,2021-04-06,cool,TWI.MFD10.res1.SSC2,0.369754771283762,0.412219948823039,0.289554307543042,0.290388144372375,TWI,SSC,1,,2,,MFD,10
2021-09-05,2021-09-20,warm,TWI.MFD10.res1.SSC2,0.0592134456602819,0.342425828159296,-0.411392189236752,0.134086210734286,TWI,SSC,1,,2,,MFD,10
2017-08-27,2017-09-16,warm,TWI.MFD10.res1.SSC3,0.4576341267338,0.457847399257313,0.184995288157116,0.157070048017378,TWI,SSC,1,,3,,MFD,10
2017-11-29,2017-12-14,cool,TWI.MFD10.res1.SSC3,0.265693012914054,0.489905756580417,-0.451364027707233,0.137741985626763,TWI,SSC,1,,3,,MFD,10
2017-12-22,2018-01-20,cool,TWI.MFD10.res1.SSC3,0.437107324835207,0.509320817912571,0.330732147759731,0.355805860519705,TWI,SSC,1,,3,,MFD,10
2018-05-25,2018-06-07,warm,TWI.MFD10.res1.SSC3,0.428031198429079,0.430994087074214,0.328803674177632,0.258413744924107,TWI,SSC,1,,3,,MFD,10
2019-03-30,2019-04-12,cool,TWI.MFD10.res1.SSC3,0.543468838608126,0.613001075014296,0.356807757292915,0.386773914309957,TWI,SSC,1,,3,,MFD,10
2019-08-23,2019-09-13,warm,TWI.MFD10.res1.SSC3,0.216285887476651,0.395049001200552,-0.447736878498149,-0.0789817854246284,TWI,SSC,1,,3,,MFD,10
2020-08-11,2020-08-26,warm,TWI.MFD10.res1.SSC3,0.131474248751854,0.142364202371999,-0.665085699589676,-0.603696785928029,TWI,SSC,1,,3,,MFD,10
2020-09-01,2020-09-20,warm,TWI.MFD10.res1.SSC3,0.0800975833175181,0.178725753473752,-0.752693755980243,-0.304732805716571,TWI,SSC,1,,3,,MFD,10
2020-09-27,2020-10-17,cool,TWI.MFD10.res1.SSC3,0.0625147317323576,0.128255182783416,-0.526824889597271,-0.349027559013353,TWI,SSC,1,,3,,MFD,10
2021-03-25,2021-04-06,cool,TWI.MFD10.res1.SSC3,0.362798403970618,0.410392988324593,0.281783927678336,0.279830923847245,TWI,SSC,1,,3,,MFD,10
2021-09-05,2021-09-20,warm,TWI.MFD10.res1.SSC3,0.0391910894482183,0.337791741280392,-0.429501345577102,0.129596142899849,TWI,SSC,1,,3,,MFD,10
2017-08-27,2017-09-16,warm,TWI.MFD10.res1.SSC4,0.550781633380916,0.550967386207545,0.265939366978759,0.244775573457351,TWI,SSC,1,,4,,MFD,10
2017-11-29,2017-12-14,cool,TWI.MFD10.res1.SSC4,0.370093267116123,0.587088745203523,0.0805421740425727,0.406346034837981,TWI,SSC,1,,4,,MFD,10
2017-12-22,2018-01-20,cool,TWI.MFD10.res1.SSC4,0.498419047539465,0.572965200524382,0.403702684787482,0.433592184295495,TWI,SSC,1,,4,,MFD,10
2018-05-25,2018-06-07,warm,TWI.MFD10.res1.SSC4,0.454576740165559,0.457211658058325,0.369617044890411,0.307353427693952,TWI,SSC,1,,4,,MFD,10
2019-03-30,2019-04-12,cool,TWI.MFD10.res1.SSC4,0.636046992250201,0.692883441116351,0.53875635448937,0.538768153821751,TWI,SSC,1,,4,,MFD,10
2019-08-23,2019-09-13,warm,TWI.MFD10.res1.SSC4,0.344868122425976,0.494028252890747,-0.189561775166009,0.0712233666052522,TWI,SSC,1,,4,,MFD,10
2020-08-11,2020-08-26,warm,TWI.MFD10.res1.SSC4,0.181379499255672,0.193615903044432,-0.340341914637873,-0.332332742810783,TWI,SSC,1,,4,,MFD,10
2020-09-01,2020-09-20,warm,TWI.MFD10.res1.SSC4,0.111296323329659,0.199974210606449,-0.583672014639872,-0.227087524605272,TWI,SSC,1,,4,,MFD,10
2020-09-27,2020-10-17,cool,TWI.MFD10.res1.SSC4,0.0503046854681131,0.124104032805145,-0.542200649384682,-0.343408238247515,TWI,SSC,1,,4,,MFD,10
2021-03-25,2021-04-06,cool,TWI.MFD10.res1.SSC4,0.416912345106839,0.455303890792866,0.339328232031723,0.334145976225045,TWI,SSC,1,,4,,MFD,10
2021-09-05,2021-09-20,warm,TWI.MFD10.res1.SSC4,0.00510745821800367,0.333079352089233,-0.39086809182285,0.0999896887848154,TWI,SSC,1,,4,,MFD,10
2017-08-27,2017-09-16,warm,TWI.MFD10.res1.SSC5,0.595312146579966,0.595501204111621,0.309019595365388,0.284351524952862,TWI,SSC,1,,5,,MFD,10
2017-11-29,2017-12-14,cool,TWI.MFD10.res1.SSC5,0.455281953171358,0.630645063544338,0.288649414988928,0.470299943083629,TWI,SSC,1,,5,,MFD,10
2017-12-22,2018-01-20,cool,TWI.MFD10.res1.SSC5,0.502357021023783,0.5594925789156,0.425484227835633,0.435370242919061,TWI,SSC,1,,5,,MFD,10
2018-05-25,2018-06-07,warm,TWI.MFD10.res1.SSC5,0.477148475785413,0.483921037493325,0.36579651317813,0.296808732891432,TWI,SSC,1,,5,,MFD,10
2019-03-30,2019-04-12,cool,TWI.MFD10.res1.SSC5,0.572125058113628,0.664764151113347,0.450285893867146,0.489526120907177,TWI,SSC,1,,5,,MFD,10
2019-08-23,2019-09-13,warm,TWI.MFD10.res1.SSC5,0.402040916926551,0.504651359124547,-0.285838336670627,-0.0649513761648057,TWI,SSC,1,,5,,MFD,10
2020-08-11,2020-08-26,warm,TWI.MFD10.res1.SSC5,0.229164177053961,0.236822721837445,-0.0680666813701492,-0.0975707665235712,TWI,SSC,1,,5,,MFD,10
2020-09-01,2020-09-20,warm,TWI.MFD10.res1.SSC5,0.157149944005661,0.221958364751376,-0.232162628849099,-0.122982631372038,TWI,SSC,1,,5,,MFD,10
2020-09-27,2020-10-17,cool,TWI.MFD10.res1.SSC5,0.012500416485882,0.120176250735383,-0.588860883921348,-0.31832424799908,TWI,SSC,1,,5,,MFD,10
2021-03-25,2021-04-06,cool,TWI.MFD10.res1.SSC5,0.40770563487585,0.45055575419092,0.318321773992546,0.312033772531897,TWI,SSC,1,,5,,MFD,10
2021-09-05,2021-09-20,warm,TWI.MFD10.res1.SSC5,0.185704206596851,0.358323057822773,-0.0931023716271648,0.0694001213776957,TWI,SSC,1,,5,,MFD,10
2017-08-27,2017-09-16,warm,TWI.MFD10.res1.SSC7,0.614045891825938,0.615565105679042,0.331732091464452,0.297119259495614,TWI,SSC,1,,7,,MFD,10
2017-11-29,2017-12-14,cool,TWI.MFD10.res1.SSC7,0.489728751865618,0.634621610354047,0.386472662346015,0.485569181918211,TWI,SSC,1,,7,,MFD,10
2017-12-22,2018-01-20,cool,TWI.MFD10.res1.SSC7,0.483460120263789,0.532242243145553,0.409430020395236,0.39842374600744,TWI,SSC,1,,7,,MFD,10
2018-05-25,2018-06-07,warm,TWI.MFD10.res1.SSC7,0.43659610752639,0.445329910093355,0.252115134569151,0.173578110155046,TWI,SSC,1,,7,,MFD,10
2019-03-30,2019-04-12,cool,TWI.MFD10.res1.SSC7,0.571382778338668,0.673303620538672,0.390984157053748,0.440678240132857,TWI,SSC,1,,7,,MFD,10
2019-08-23,2019-09-13,warm,TWI.MFD10.res1.SSC7,0.480826078490423,0.55019021878034,-0.0386000871347383,0.0498959015272426,TWI,SSC,1,,7,,MFD,10
2020-08-11,2020-08-26,warm,TWI.MFD10.res1.SSC7,0.32082369814575,0.324462116220259,0.200423222406251,0.169840276289704,TWI,SSC,1,,7,,MFD,10
2020-09-01,2020-09-20,warm,TWI.MFD10.res1.SSC7,0.236688588806631,0.275420111059585,0.0780780575889446,0.0595511907509775,TWI,SSC,1,,7,,MFD,10
2020-09-27,2020-10-17,cool,TWI.MFD10.res1.SSC7,0.0602757469379664,0.133219453552528,-0.326435580826323,-0.250268710345317,TWI,SSC,1,,7,,MFD,10
2021-03-25,2021-04-06,cool,TWI.MFD10.res1.SSC7,0.358183191871852,0.415579869241635,0.245238290326143,0.248833333201635,TWI,SSC,1,,7,,MFD,10
2021-09-05,2021-09-20,warm,TWI.MFD10.res1.SSC7,0.347013769239247,0.433683390868464,0.181392517191793,0.217489230816322,TWI,SSC,1,,7,,MFD,10
2017-08-27,2017-09-16,warm,TWI.MFD10.res10.NFNW,0.757429379517272,0.758474773711015,0.597742160274381,0.551082890980517,TWI,NFNW,10,,,,MFD,10
2017-11-29,2017-12-14,cool,TWI.MFD10.res10.NFNW,0.564222610266609,0.692084741969402,0.426853331927195,0.521245316458519,TWI,NFNW,10,,,,MFD,10
2017-12-22,2018-01-20,cool,TWI.MFD10.res10.NFNW,0.625388133816005,0.670574965267397,0.580983827604629,0.59122911123655,TWI,NFNW,10,,,,MFD,10
2018-05-25,2018-06-07,warm,TWI.MFD10.res10.NFNW,0.362764795208299,0.368806865405111,0.0891113358952542,0.0325475881612029,TWI,NFNW,10,,,,MFD,10
2019-03-30,2019-04-12,cool,TWI.MFD10.res10.NFNW,0.554908674843926,0.668739516822407,0.415623410505111,0.492038128282493,TWI,NFNW,10,,,,MFD,10
2019-08-23,2019-09-13,warm,TWI.MFD10.res10.NFNW,0.631325054944058,0.689022406231958,0.463971219214877,0.459797173650077,TWI,NFNW,10,,,,MFD,10
2020-08-11,2020-08-26,warm,TWI.MFD10.res10.NFNW,0.460816627946829,0.471303881615006,0.391745077384139,0.37881250043002,TWI,NFNW,10,,,,MFD,10
2020-09-01,2020-09-20,warm,TWI.MFD10.res10.NFNW,0.331165072381348,0.369693473206323,0.22181370116108,0.223555403012789,TWI,NFNW,10,,,,MFD,10
2020-09-27,2020-10-17,cool,TWI.MFD10.res10.NFNW,0.139022055768746,0.18889628841973,-0.113877411260492,-0.124322590166255,TWI,NFNW,10,,,,MFD,10
2021-03-25,2021-04-06,cool,TWI.MFD10.res10.NFNW,0.405865807672317,0.465252114516695,0.341794467658583,0.362344868040128,TWI,NFNW,10,,,,MFD,10
2021-09-05,2021-09-20,warm,TWI.MFD10.res10.NFNW,0.319039816093166,0.437163648137119,0.198296389818702,0.277732801377144,TWI,NFNW,10,,,,MFD,10
2017-08-27,2017-09-16,warm,TWI.MFD10.res2.NFNW,0.568576488127449,0.575272103198092,0.266032081463964,0.253657233975191,TWI,NFNW,2,,,,MFD,10
2017-11-29,2017-12-14,cool,TWI.MFD10.res2.NFNW,0.300295824403586,0.450816820674683,-0.12078675619105,0.13870810525375,TWI,NFNW,2,,,,MFD,10
2017-12-22,2018-01-20,cool,TWI.MFD10.res2.NFNW,0.516047417269236,0.540988871503027,0.438385937242786,0.42283218261244,TWI,NFNW,2,,,,MFD,10
2018-05-25,2018-06-07,warm,TWI.MFD10.res2.NFNW,0.477061487178805,0.481561274027298,0.374227954412771,0.330835069281904,TWI,NFNW,2,,,,MFD,10
2019-03-30,2019-04-12,cool,TWI.MFD10.res2.NFNW,0.523418314231157,0.616422819142083,0.343121747269679,0.449887691568732,TWI,NFNW,2,,,,MFD,10
2019-08-23,2019-09-13,warm,TWI.MFD10.res2.NFNW,0.170534748703668,0.335992282233716,-0.188917560775281,0.0437547341609853,TWI,NFNW,2,,,,MFD,10
2020-08-11,2020-08-26,warm,TWI.MFD10.res2.NFNW,0.15989089733648,0.176196289640143,-0.488122984220654,-0.415319681647931,TWI,NFNW,2,,,,MFD,10
2020-09-01,2020-09-20,warm,TWI.MFD10.res2.NFNW,0.112574956815175,0.197618699434603,-0.555374394052219,-0.236052212570163,TWI,NFNW,2,,,,MFD,10
2020-09-27,2020-10-17,cool,TWI.MFD10.res2.NFNW,0.0224076273071849,0.120264214042568,-0.679306086180608,-0.376422541220455,TWI,NFNW,2,,,,MFD,10
2021-03-25,2021-04-06,cool,TWI.MFD10.res2.NFNW,0.330086836286779,0.399922306611428,0.253821942436767,0.285878729345346,TWI,NFNW,2,,,,MFD,10
2021-09-05,2021-09-20,warm,TWI.MFD10.res2.NFNW,0.0603470778341759,0.336948512626888,-0.405976752098739,0.132816772967951,TWI,NFNW,2,,,,MFD,10
2017-08-27,2017-09-16,warm,TWI.MFD10.res3.NFNW,0.683291252410189,0.683372423302422,0.373548825515079,0.349351929987665,TWI,NFNW,3,,,,MFD,10
2017-11-29,2017-12-14,cool,TWI.MFD10.res3.NFNW,0.376271359969746,0.562795751252206,0.069950053297004,0.296717734832761,TWI,NFNW,3,,,,MFD,10
2017-12-22,2018-01-20,cool,TWI.MFD10.res3.NFNW,0.53025944919257,0.591154882194799,0.459745641981196,0.485728044070712,TWI,NFNW,3,,,,MFD,10
2018-05-25,2018-06-07,warm,TWI.MFD10.res3.NFNW,0.380586276445691,0.385968158777937,0.156013600382035,0.0920843181821102,TWI,NFNW,3,,,,MFD,10
2019-03-30,2019-04-12,cool,TWI.MFD10.res3.NFNW,0.532982123084844,0.6292829881555,0.380178830093269,0.427269713212959,TWI,NFNW,3,,,,MFD,10
2019-08-23,2019-09-13,warm,TWI.MFD10.res3.NFNW,0.469503103776562,0.572020869039982,0.0169625472075445,0.182956859512482,TWI,NFNW,3,,,,MFD,10
2020-08-11,2020-08-26,warm,TWI.MFD10.res3.NFNW,0.207071608956219,0.221552906447319,-0.211071105157459,-0.215213620065529,TWI,NFNW,3,,,,MFD,10
2020-09-01,2020-09-20,warm,TWI.MFD10.res3.NFNW,0.152266685928651,0.22617407726627,-0.296103878788705,-0.149485416136033,TWI,NFNW,3,,,,MFD,10
2020-09-27,2020-10-17,cool,TWI.MFD10.res3.NFNW,0.0110948489333405,0.123083474768701,-0.59404481278675,-0.331367862880695,TWI,NFNW,3,,,,MFD,10
2021-03-25,2021-04-06,cool,TWI.MFD10.res3.NFNW,0.412399390165299,0.460954342453933,0.350290790033004,0.356639933523829,TWI,NFNW,3,,,,MFD,10
2021-09-05,2021-09-20,warm,TWI.MFD10.res3.NFNW,0.192195018341124,0.373975910857639,-0.125463591751581,0.072933835809909,TWI,NFNW,3,,,,MFD,10
2017-08-27,2017-09-16,warm,TWI.MFD10.res4.NFNW,0.647444232113439,0.647666276207444,0.358886716745162,0.330155640994021,TWI,NFNW,4,,,,MFD,10
2017-11-29,2017-12-14,cool,TWI.MFD10.res4.NFNW,0.486895253827643,0.648007378656522,0.376088051354646,0.514021484932064,TWI,NFNW,4,,,,MFD,10
2017-12-22,2018-01-20,cool,TWI.MFD10.res4.NFNW,0.537001514717093,0.590385840254541,0.472213661849296,0.477549438959236,TWI,NFNW,4,,,,MFD,10
2018-05-25,2018-06-07,warm,TWI.MFD10.res4.NFNW,0.546318897212387,0.552432661536263,0.484539173392568,0.433741304767039,TWI,NFNW,4,,,,MFD,10
2019-03-30,2019-04-12,cool,TWI.MFD10.res4.NFNW,0.577128206207338,0.674253482532337,0.421171164253175,0.468236264632388,TWI,NFNW,4,,,,MFD,10
2019-08-23,2019-09-13,warm,TWI.MFD10.res4.NFNW,0.364725805151244,0.469646166525453,0.132241717360473,0.221956379972875,TWI,NFNW,4,,,,MFD,10
2020-08-11,2020-08-26,warm,TWI.MFD10.res4.NFNW,0.332611151699794,0.339286434365112,0.213690298849419,0.195227185706975,TWI,NFNW,4,,,,MFD,10
2020-09-01,2020-09-20,warm,TWI.MFD10.res4.NFNW,0.237170630410637,0.287035992553961,0.0676665504423776,0.0751448471376036,TWI,NFNW,4,,,,MFD,10
2020-09-27,2020-10-17,cool,TWI.MFD10.res4.NFNW,0.0564748672996093,0.136265173930827,-0.423395917752804,-0.268613684982754,TWI,NFNW,4,,,,MFD,10
2021-03-25,2021-04-06,cool,TWI.MFD10.res4.NFNW,0.443596287462768,0.480181159820148,0.35941289009186,0.352959651007969,TWI,NFNW,4,,,,MFD,10
2021-09-05,2021-09-20,warm,TWI.MFD10.res4.NFNW,0.275315724276902,0.40562707415575,-0.0228696378305631,0.0717589581130413,TWI,NFNW,4,,,,MFD,10
2017-08-27,2017-09-16,warm,TWI.MFD10.res5.NFNW,0.745461281067395,0.745604117734569,0.490040622067283,0.464024045093743,TWI,NFNW,5,,,,MFD,10
2017-11-29,2017-12-14,cool,TWI.MFD10.res5.NFNW,0.514022879078545,0.677004337334263,0.370542287796997,0.508333722247217,TWI,NFNW,5,,,,MFD,10
2017-12-22,2018-01-20,cool,TWI.MFD10.res5.NFNW,0.61730850524284,0.681246787854369,0.567257238407331,0.600802890488617,TWI,NFNW,5,,,,MFD,10
2018-05-25,2018-06-07,warm,TWI.MFD10.res5.NFNW,0.418831702481846,0.421640785496428,0.172270673487141,0.112717029778571,TWI,NFNW,5,,,,MFD,10
2019-03-30,2019-04-12,cool,TWI.MFD10.res5.NFNW,0.615283591669438,0.694682166337184,0.443213301347904,0.472063925703936,TWI,NFNW,5,,,,MFD,10
2019-08-23,2019-09-13,warm,TWI.MFD10.res5.NFNW,0.618220420639216,0.708381655344284,0.571752727388561,0.608403828208753,TWI,NFNW,5,,,,MFD,10
2020-08-11,2020-08-26,warm,TWI.MFD10.res5.NFNW,0.417301110206448,0.434120229738685,0.330836528583484,0.326230605531816,TWI,NFNW,5,,,,MFD,10
2020-09-01,2020-09-20,warm,TWI.MFD10.res5.NFNW,0.321866989087373,0.371190037545116,0.207548569481206,0.229510065117186,TWI,NFNW,5,,,,MFD,10
2020-09-27,2020-10-17,cool,TWI.MFD10.res5.NFNW,0.153433711040761,0.207028989116055,-0.0789842656440893,-0.0893837380068817,TWI,NFNW,5,,,,MFD,10
2021-03-25,2021-04-06,cool,TWI.MFD10.res5.NFNW,0.426524276863733,0.472005182616261,0.363150642640291,0.367800872712962,TWI,NFNW,5,,,,MFD,10
2021-09-05,2021-09-20,warm,TWI.MFD10.res5.NFNW,0.304050509395441,0.418726162262597,0.152458087450319,0.221174516209078,TWI,NFNW,5,,,,MFD,10
2017-08-27,2017-09-16,warm,TWI.MFD10.res7.NFNW,0.788165879591535,0.788467969091608,0.61014581432686,0.576620090768109,TWI,NFNW,7,,,,MFD,10
2017-11-29,2017-12-14,cool,TWI.MFD10.res7.NFNW,0.561603497251221,0.695209453291593,0.4009735807802,0.507161636398105,TWI,NFNW,7,,,,MFD,10
2017-12-22,2018-01-20,cool,TWI.MFD10.res7.NFNW,0.656400842583065,0.697271040682082,0.606650567998499,0.619600781157534,TWI,NFNW,7,,,,MFD,10
2018-05-25,2018-06-07,warm,TWI.MFD10.res7.NFNW,0.368573924467908,0.376082454304427,0.0494524969340374,0.0133578245806645,TWI,NFNW,7,,,,MFD,10
2019-03-30,2019-04-12,cool,TWI.MFD10.res7.NFNW,0.541249651547774,0.658111429598171,0.38408981165354,0.444441695265777,TWI,NFNW,7,,,,MFD,10
2019-08-23,2019-09-13,warm,TWI.MFD10.res7.NFNW,0.714007641266861,0.769189775049995,0.698665423115335,0.700871114116226,TWI,NFNW,7,,,,MFD,10
2020-08-11,2020-08-26,warm,TWI.MFD10.res7.NFNW,0.350329430725244,0.36646057180544,0.236241901269092,0.229505312140069,TWI,NFNW,7,,,,MFD,10
2020-09-01,2020-09-20,warm,TWI.MFD10.res7.NFNW,0.255649940575557,0.307488953718726,0.099604536049963,0.117962651862093,TWI,NFNW,7,,,,MFD,10
2020-09-27,2020-10-17,cool,TWI.MFD10.res7.NFNW,0.0908995961688424,0.158010735636136,-0.3407764316333,-0.2387685350347,TWI,NFNW,7,,,,MFD,10
2021-03-25,2021-04-06,cool,TWI.MFD10.res7.NFNW,0.437088568428782,0.487563146309379,0.374912164921497,0.397070120868262,TWI,NFNW,7,,,,MFD,10
2021-09-05,2021-09-20,warm,TWI.MFD10.res7.NFNW,0.296060011862966,0.417960913911326,0.152947699027717,0.235311029340705,TWI,NFNW,7,,,,MFD,10
2017-08-27,2017-09-16,warm,TWI.MFD2.res1.gauss_0.5sigma,0.230665884021586,0.248121649023602,-0.221065670731341,-0.291820410119259,TWI,gauss,1,,,0.5,MFD,2
2017-11-29,2017-12-14,cool,TWI.MFD2.res1.gauss_0.5sigma,0.0565445229130425,0.333183864627824,-0.729762435798839,-0.0970951518725933,TWI,gauss,1,,,0.5,MFD,2
2017-12-22,2018-01-20,cool,TWI.MFD2.res1.gauss_0.5sigma,0.308508965723219,0.361710045672435,0.119736457069029,0.105187991412131,TWI,gauss,1,,,0.5,MFD,2
2018-05-25,2018-06-07,warm,TWI.MFD2.res1.gauss_0.5sigma,0.28234981477849,0.284626515506741,0.0490180569753087,-0.0633704247641894,TWI,gauss,1,,,0.5,MFD,2
2019-03-30,2019-04-12,cool,TWI.MFD2.res1.gauss_0.5sigma,0.589437500991712,0.642712278068588,0.417583949677643,0.467844522065788,TWI,gauss,1,,,0.5,MFD,2
2019-08-23,2019-09-13,warm,TWI.MFD2.res1.gauss_0.5sigma,0.0588138855873164,0.248362349008555,-0.594793360164834,-0.156118253779496,TWI,gauss,1,,,0.5,MFD,2
2020-08-11,2020-08-26,warm,TWI.MFD2.res1.gauss_0.5sigma,0.106484396663022,0.13329667174782,-0.557501638455243,-0.541805256138488,TWI,gauss,1,,,0.5,MFD,2
2020-09-01,2020-09-20,warm,TWI.MFD2.res1.gauss_0.5sigma,0.0907431199546514,0.199851094618266,-0.543241804491106,-0.184709387962337,TWI,gauss,1,,,0.5,MFD,2
2020-09-27,2020-10-17,cool,TWI.MFD2.res1.gauss_0.5sigma,0.0396620909605967,0.120275367454871,-0.605582730346015,-0.357545477616486,TWI,gauss,1,,,0.5,MFD,2
2021-03-25,2021-04-06,cool,TWI.MFD2.res1.gauss_0.5sigma,0.425400132992578,0.482101745393765,0.36048001678692,0.366098382811877,TWI,gauss,1,,,0.5,MFD,2
2021-09-05,2021-09-20,warm,TWI.MFD2.res1.gauss_0.5sigma,0.11418987298712,0.365875966878885,-0.336330540032055,0.138312065692967,TWI,gauss,1,,,0.5,MFD,2
2017-08-27,2017-09-16,warm,TWI.MFD2.res1.gauss_1.0sigma,0.531828247503578,0.533036945877598,0.281699090515713,0.261537962460192,TWI,gauss,1,,,1,MFD,2
2017-11-29,2017-12-14,cool,TWI.MFD2.res1.gauss_1.0sigma,0.410487917740485,0.577487164943844,0.0157460964183334,0.38084567226178,TWI,gauss,1,,,1,MFD,2
2017-12-22,2018-01-20,cool,TWI.MFD2.res1.gauss_1.0sigma,0.540994459644734,0.584952903024891,0.457017233728679,0.463545685143269,TWI,gauss,1,,,1,MFD,2
2018-05-25,2018-06-07,warm,TWI.MFD2.res1.gauss_1.0sigma,0.503868559601127,0.507824619548291,0.42030765703835,0.369990109424247,TWI,gauss,1,,,1,MFD,2
2019-03-30,2019-04-12,cool,TWI.MFD2.res1.gauss_1.0sigma,0.597209569354277,0.658759294200355,0.443002092835458,0.482621442057657,TWI,gauss,1,,,1,MFD,2
2019-08-23,2019-09-13,warm,TWI.MFD2.res1.gauss_1.0sigma,0.165495902189467,0.348033152356349,-0.443230664514684,-0.0748833145681668,TWI,gauss,1,,,1,MFD,2
2020-08-11,2020-08-26,warm,TWI.MFD2.res1.gauss_1.0sigma,0.166489487859703,0.184101670636262,-0.404966288935096,-0.361441969822972,TWI,gauss,1,,,1,MFD,2
2020-09-01,2020-09-20,warm,TWI.MFD2.res1.gauss_1.0sigma,0.119092682301567,0.207526341564106,-0.465769299482218,-0.15888225822664,TWI,gauss,1,,,1,MFD,2
2020-09-27,2020-10-17,cool,TWI.MFD2.res1.gauss_1.0sigma,0.0215870085770136,0.120090646128308,-0.663061380003362,-0.343290761066214,TWI,gauss,1,,,1,MFD,2
2021-03-25,2021-04-06,cool,TWI.MFD2.res1.gauss_1.0sigma,0.413469557156366,0.455633142804036,0.347875169463012,0.351860854826071,TWI,gauss,1,,,1,MFD,2
2021-09-05,2021-09-20,warm,TWI.MFD2.res1.gauss_1.0sigma,0.0461057530054641,0.332382048198176,-0.37345003984726,0.104937512340863,TWI,gauss,1,,,1,MFD,2
2017-08-27,2017-09-16,warm,TWI.MFD2.res1.gauss_1.5sigma,0.54817910251907,0.548405898996253,0.27644568253224,0.256020017199577,TWI,gauss,1,,,1.5,MFD,2
2017-11-29,2017-12-14,cool,TWI.MFD2.res1.gauss_1.5sigma,0.428124622826991,0.60958432429561,0.208613806917142,0.457790794001552,TWI,gauss,1,,,1.5,MFD,2
2017-12-22,2018-01-20,cool,TWI.MFD2.res1.gauss_1.5sigma,0.524875156083388,0.578593101846249,0.435316300875345,0.446854401938048,TWI,gauss,1,,,1.5,MFD,2
2018-05-25,2018-06-07,warm,TWI.MFD2.res1.gauss_1.5sigma,0.482804505549878,0.488355454329828,0.405737010864448,0.347257752827175,TWI,gauss,1,,,1.5,MFD,2
2019-03-30,2019-04-12,cool,TWI.MFD2.res1.gauss_1.5sigma,0.622868917825113,0.688339475206285,0.496110913519386,0.518464233955287,TWI,gauss,1,,,1.5,MFD,2
2019-08-23,2019-09-13,warm,TWI.MFD2.res1.gauss_1.5sigma,0.309852430735308,0.451672426013088,-0.345433467470253,-0.0515588273393694,TWI,gauss,1,,,1.5,MFD,2
2020-08-11,2020-08-26,warm,TWI.MFD2.res1.gauss_1.5sigma,0.183748251409074,0.196131154342203,-0.319987689847483,-0.305033205349827,TWI,gauss,1,,,1.5,MFD,2
2020-09-01,2020-09-20,warm,TWI.MFD2.res1.gauss_1.5sigma,0.114682010422492,0.200425345852991,-0.534630074270485,-0.202756436208902,TWI,gauss,1,,,1.5,MFD,2
2020-09-27,2020-10-17,cool,TWI.MFD2.res1.gauss_1.5sigma,0.0437127518002481,0.122989890220048,-0.579132054908081,-0.347537918715463,TWI,gauss,1,,,1.5,MFD,2
2021-03-25,2021-04-06,cool,TWI.MFD2.res1.gauss_1.5sigma,0.425684393449563,0.465535418889616,0.343598625556312,0.342047659429046,TWI,gauss,1,,,1.5,MFD,2
2021-09-05,2021-09-20,warm,TWI.MFD2.res1.gauss_1.5sigma,0.0971428604542945,0.335925648188491,-0.217654547015546,0.077050720644362,TWI,gauss,1,,,1.5,MFD,2
2017-08-27,2017-09-16,warm,TWI.MFD2.res1.gauss_2.0sigma,0.613199647557121,0.613306012705109,0.322535879142329,0.300256543711101,TWI,gauss,1,,,2,MFD,2
2017-11-29,2017-12-14,cool,TWI.MFD2.res1.gauss_2.0sigma,0.482548073488353,0.653544388823199,0.378928498131015,0.531845227197716,TWI,gauss,1,,,2,MFD,2
2017-12-22,2018-01-20,cool,TWI.MFD2.res1.gauss_2.0sigma,0.547400121197448,0.599734419410747,0.463943761659338,0.4752272128719,TWI,gauss,1,,,2,MFD,2
2018-05-25,2018-06-07,warm,TWI.MFD2.res1.gauss_2.0sigma,0.478958242639985,0.486093263773581,0.381911416782059,0.324244188305779,TWI,gauss,1,,,2,MFD,2
2019-03-30,2019-04-12,cool,TWI.MFD2.res1.gauss_2.0sigma,0.641942411723182,0.719786751827718,0.505939132475936,0.537556362277016,TWI,gauss,1,,,2,MFD,2
2019-08-23,2019-09-13,warm,TWI.MFD2.res1.gauss_2.0sigma,0.449524189690074,0.549192359534966,0.0145880331128868,0.119714337467411,TWI,gauss,1,,,2,MFD,2
2020-08-11,2020-08-26,warm,TWI.MFD2.res1.gauss_2.0sigma,0.230384495325193,0.240331165595463,-0.0795038076663487,-0.0945625163366848,TWI,gauss,1,,,2,MFD,2
2020-09-01,2020-09-20,warm,TWI.MFD2.res1.gauss_2.0sigma,0.145849689571766,0.217591419097672,-0.311567500967194,-0.145467874163856,TWI,gauss,1,,,2,MFD,2
2020-09-27,2020-10-17,cool,TWI.MFD2.res1.gauss_2.0sigma,0.0276974505695192,0.121110529040729,-0.59023448212374,-0.336008226131018,TWI,gauss,1,,,2,MFD,2
2021-03-25,2021-04-06,cool,TWI.MFD2.res1.gauss_2.0sigma,0.433292142268292,0.475080669641029,0.349906177223466,0.347123212073246,TWI,gauss,1,,,2,MFD,2
2021-09-05,2021-09-20,warm,TWI.MFD2.res1.gauss_2.0sigma,0.189614440209718,0.360020745984131,-0.0843285035847292,0.0880687739536268,TWI,gauss,1,,,2,MFD,2
2017-08-27,2017-09-16,warm,TWI.MFD2.res1.gauss_2.5sigma,0.632538786667312,0.63272673185874,0.34170582148037,0.315837034006439,TWI,gauss,1,,,2.5,MFD,2
2017-11-29,2017-12-14,cool,TWI.MFD2.res1.gauss_2.5sigma,0.479978198990067,0.645152528790015,0.362690499237511,0.508897704978075,TWI,gauss,1,,,2.5,MFD,2
2017-12-22,2018-01-20,cool,TWI.MFD2.res1.gauss_2.5sigma,0.529555341931447,0.582653807874276,0.455458188725189,0.464878974938879,TWI,gauss,1,,,2.5,MFD,2
2018-05-25,2018-06-07,warm,TWI.MFD2.res1.gauss_2.5sigma,0.457102164778368,0.464095191481006,0.313266299773172,0.246557466511238,TWI,gauss,1,,,2.5,MFD,2
2019-03-30,2019-04-12,cool,TWI.MFD2.res1.gauss_2.5sigma,0.622961074646891,0.706920375417518,0.462761722830444,0.498863858911012,TWI,gauss,1,,,2.5,MFD,2
2019-08-23,2019-09-13,warm,TWI.MFD2.res1.gauss_2.5sigma,0.476613824963995,0.564938867834182,-0.0190062848206102,0.0926355371435701,TWI,gauss,1,,,2.5,MFD,2
2020-08-11,2020-08-26,warm,TWI.MFD2.res1.gauss_2.5sigma,0.273522325219195,0.28213763092369,0.0899114147698892,0.0665255450591224,TWI,gauss,1,,,2.5,MFD,2
2020-09-01,2020-09-20,warm,TWI.MFD2.res1.gauss_2.5sigma,0.193670606052857,0.251067123864362,-0.0493355431909113,-0.0142341289489553,TWI,gauss,1,,,2.5,MFD,2
2020-09-27,2020-10-17,cool,TWI.MFD2.res1.gauss_2.5sigma,0.0225272959107212,0.124007687686366,-0.51392408178574,-0.28992186912819,TWI,gauss,1,,,2.5,MFD,2
2021-03-25,2021-04-06,cool,TWI.MFD2.res1.gauss_2.5sigma,0.426321582084344,0.470944271598035,0.341975295098917,0.339017572958255,TWI,gauss,1,,,2.5,MFD,2
2021-09-05,2021-09-20,warm,TWI.MFD2.res1.gauss_2.5sigma,0.263236102273861,0.3906108488949,0.0294574232991657,0.130997076709761,TWI,gauss,1,,,2.5,MFD,2
2017-08-27,2017-09-16,warm,TWI.MFD2.res1.gauss_3.5sigma,0.657221853504623,0.657569807140624,0.366859059510533,0.336708292057295,TWI,gauss,1,,,3.5,MFD,2
2017-11-29,2017-12-14,cool,TWI.MFD2.res1.gauss_3.5sigma,0.461661798415376,0.618320532871537,0.304374873123655,0.440613477272715,TWI,gauss,1,,,3.5,MFD,2
2017-12-22,2018-01-20,cool,TWI.MFD2.res1.gauss_3.5sigma,0.503528005549573,0.558782906297289,0.433297379319635,0.440640177956127,TWI,gauss,1,,,3.5,MFD,2
2018-05-25,2018-06-07,warm,TWI.MFD2.res1.gauss_3.5sigma,0.424431318782172,0.430045407746534,0.217150615479556,0.139232555503011,TWI,gauss,1,,,3.5,MFD,2
2019-03-30,2019-04-12,cool,TWI.MFD2.res1.gauss_3.5sigma,0.569249408492869,0.659817902027948,0.402826472486366,0.440298009427126,TWI,gauss,1,,,3.5,MFD,2
2019-08-23,2019-09-13,warm,TWI.MFD2.res1.gauss_3.5sigma,0.482239320588717,0.566710098481235,-0.0908590748429273,0.0591437502644612,TWI,gauss,1,,,3.5,MFD,2
2020-08-11,2020-08-26,warm,TWI.MFD2.res1.gauss_3.5sigma,0.357347430205967,0.365468709396937,0.261111944877523,0.243419167794215,TWI,gauss,1,,,3.5,MFD,2
2020-09-01,2020-09-20,warm,TWI.MFD2.res1.gauss_3.5sigma,0.286696779991874,0.326650444335367,0.164367264617255,0.161818616449992,TWI,gauss,1,,,3.5,MFD,2
2020-09-27,2020-10-17,cool,TWI.MFD2.res1.gauss_3.5sigma,0.125339214004465,0.176841087853063,-0.137236355996351,-0.148002172595934,TWI,gauss,1,,,3.5,MFD,2
2021-03-25,2021-04-06,cool,TWI.MFD2.res1.gauss_3.5sigma,0.397925601163298,0.450607373307644,0.313631980239234,0.313968062715998,TWI,gauss,1,,,3.5,MFD,2
2021-09-05,2021-09-20,warm,TWI.MFD2.res1.gauss_3.5sigma,0.340970606565232,0.432870945860754,0.172972483155928,0.21360680815974,TWI,gauss,1,,,3.5,MFD,2
2017-08-27,2017-09-16,warm,TWI.MFD2.res1.gauss_5.0sigma,0.700583420787365,0.700923316100304,0.420329419975979,0.387268166883639,TWI,gauss,1,,,5,MFD,2
2017-11-29,2017-12-14,cool,TWI.MFD2.res1.gauss_5.0sigma,0.474966059969884,0.625657794327498,0.324963948918081,0.43996669990653,TWI,gauss,1,,,5,MFD,2
2017-12-22,2018-01-20,cool,TWI.MFD2.res1.gauss_5.0sigma,0.513662128718613,0.571068645066537,0.449219629829589,0.458972935802639,TWI,gauss,1,,,5,MFD,2
2018-05-25,2018-06-07,warm,TWI.MFD2.res1.gauss_5.0sigma,0.431144592911858,0.435460531356431,0.225220218796966,0.157121881885323,TWI,gauss,1,,,5,MFD,2
2019-03-30,2019-04-12,cool,TWI.MFD2.res1.gauss_5.0sigma,0.558680138755728,0.649180977681043,0.397237158775238,0.431624743991893,TWI,gauss,1,,,5,MFD,2
2019-08-23,2019-09-13,warm,TWI.MFD2.res1.gauss_5.0sigma,0.493351104607215,0.576358008790056,0.104500501318066,0.195071487882483,TWI,gauss,1,,,5,MFD,2
2020-08-11,2020-08-26,warm,TWI.MFD2.res1.gauss_5.0sigma,0.437014448931158,0.444659441786723,0.3528359928892,0.338305865441368,TWI,gauss,1,,,5,MFD,2
2020-09-01,2020-09-20,warm,TWI.MFD2.res1.gauss_5.0sigma,0.352786472420437,0.385818308275824,0.235524983974451,0.238358873137908,TWI,gauss,1,,,5,MFD,2
2020-09-27,2020-10-17,cool,TWI.MFD2.res1.gauss_5.0sigma,0.182863108318861,0.221736092537234,-0.041415222628462,-0.0712035818029644,TWI,gauss,1,,,5,MFD,2
2021-03-25,2021-04-06,cool,TWI.MFD2.res1.gauss_5.0sigma,0.33055104719902,0.3899725397277,0.225415060444579,0.219293749794402,TWI,gauss,1,,,5,MFD,2
2021-09-05,2021-09-20,warm,TWI.MFD2.res1.gauss_5.0sigma,0.371348777442716,0.457033438537315,0.225039572191728,0.256835665374242,TWI,gauss,1,,,5,MFD,2
2017-08-27,2017-09-16,warm,TWI.MFD2.res1.NFNW,0.143260431746631,0.176293482042877,-0.556433588462144,-0.49009363237438,TWI,NFNW,1,,,,MFD,2
2017-11-29,2017-12-14,cool,TWI.MFD2.res1.NFNW,0.0743673930821051,0.301719992598436,-0.640550184015309,-0.198033446659623,TWI,NFNW,1,,,,MFD,2
2017-12-22,2018-01-20,cool,TWI.MFD2.res1.NFNW,0.158773244380068,0.243044680971323,-0.219225367196766,-0.183766905325532,TWI,NFNW,1,,,,MFD,2
2018-05-25,2018-06-07,warm,TWI.MFD2.res1.NFNW,0.242952089016494,0.243328006681294,-0.134384263440754,-0.235502226836705,TWI,NFNW,1,,,,MFD,2
2019-03-30,2019-04-12,cool,TWI.MFD2.res1.NFNW,0.460430676110953,0.516005513798545,0.187533322807972,0.239985052523838,TWI,NFNW,1,,,,MFD,2
2019-08-23,2019-09-13,warm,TWI.MFD2.res1.NFNW,0.211555654222727,0.27749474782355,-0.189471680467685,-0.152628882252084,TWI,NFNW,1,,,,MFD,2
2020-08-11,2020-08-26,warm,TWI.MFD2.res1.NFNW,0.00497582329933241,0.0295621285948442,-0.77226324900449,-0.623299756926541,TWI,NFNW,1,,,,MFD,2
2020-09-01,2020-09-20,warm,TWI.MFD2.res1.NFNW,0.00735185674215618,0.161148541897878,-0.851315251974229,-0.350524488202527,TWI,NFNW,1,,,,MFD,2
2020-09-27,2020-10-17,cool,TWI.MFD2.res1.NFNW,0.0845709825998668,0.127182767231423,-0.435534280356576,-0.356837289908842,TWI,NFNW,1,,,,MFD,2
2021-03-25,2021-04-06,cool,TWI.MFD2.res1.NFNW,0.341726789534706,0.394934899537972,0.239359471548265,0.247842381796614,TWI,NFNW,1,,,,MFD,2
2021-09-05,2021-09-20,warm,TWI.MFD2.res1.NFNW,0.0295974078565227,0.339117817166617,-0.553958888827965,0.0610550470815908,TWI,NFNW,1,,,,MFD,2
2017-08-27,2017-09-16,warm,TWI.MFD2.res1.SSC1,0.522974846617389,0.534224663615991,0.275784996140662,0.244710580143179,TWI,SSC,1,,1,,MFD,2
2017-11-29,2017-12-14,cool,TWI.MFD2.res1.SSC1,0.42581927352344,0.544300532332099,0.154284654283293,0.30926636171306,TWI,SSC,1,,1,,MFD,2
2017-12-22,2018-01-20,cool,TWI.MFD2.res1.SSC1,0.565724471052109,0.582371658276733,0.468273620474562,0.446577854790717,TWI,SSC,1,,1,,MFD,2
2018-05-25,2018-06-07,warm,TWI.MFD2.res1.SSC1,0.377022064989892,0.388001118540054,0.177707229564043,0.0954532370545863,TWI,SSC,1,,1,,MFD,2
2019-03-30,2019-04-12,cool,TWI.MFD2.res1.SSC1,0.521227734509156,0.640416299467792,0.290996322553886,0.445900180699023,TWI,SSC,1,,1,,MFD,2
2019-08-23,2019-09-13,warm,TWI.MFD2.res1.SSC1,0.235855362807421,0.359187995766431,-0.207167147672513,-0.035668347983306,TWI,SSC,1,,1,,MFD,2
2020-08-11,2020-08-26,warm,TWI.MFD2.res1.SSC1,0.0823653583377169,0.0998166199205424,-0.743256382204862,-0.658594273232009,TWI,SSC,1,,1,,MFD,2
2020-09-01,2020-09-20,warm,TWI.MFD2.res1.SSC1,0.063569690893137,0.168562095325184,-0.766951853585445,-0.375473702470037,TWI,SSC,1,,1,,MFD,2
2020-09-27,2020-10-17,cool,TWI.MFD2.res1.SSC1,0.0556018211805963,0.126440860210299,-0.657394614758819,-0.428581607776282,TWI,SSC,1,,1,,MFD,2
2021-03-25,2021-04-06,cool,TWI.MFD2.res1.SSC1,0.438583736397493,0.490255281503591,0.383577738967347,0.398480139580592,TWI,SSC,1,,1,,MFD,2
2021-09-05,2021-09-20,warm,TWI.MFD2.res1.SSC1,0.0424155921207409,0.33340823151793,-0.545127187641423,0.0961932549995495,TWI,SSC,1,,1,,MFD,2
2017-08-27,2017-09-16,warm,TWI.MFD2.res1.SSC10,0.721996606824926,0.7220951848104,0.451503875793978,0.418103948835489,TWI,SSC,1,,10,,MFD,2
2017-11-29,2017-12-14,cool,TWI.MFD2.res1.SSC10,0.446325696152686,0.603523557585014,0.249564109998744,0.378379915563554,TWI,SSC,1,,10,,MFD,2
2017-12-22,2018-01-20,cool,TWI.MFD2.res1.SSC10,0.502687806113194,0.56462837801136,0.433615775812545,0.446837036851305,TWI,SSC,1,,10,,MFD,2
2018-05-25,2018-06-07,warm,TWI.MFD2.res1.SSC10,0.414441282107314,0.417499039950919,0.190405937557853,0.121689133703038,TWI,SSC,1,,10,,MFD,2
2019-03-30,2019-04-12,cool,TWI.MFD2.res1.SSC10,0.538285351083515,0.626199975140427,0.379473125798568,0.406565680919036,TWI,SSC,1,,10,,MFD,2
2019-08-23,2019-09-13,warm,TWI.MFD2.res1.SSC10,0.478253080302009,0.568893868072308,0.043080579366473,0.162556254890222,TWI,SSC,1,,10,,MFD,2
2020-08-11,2020-08-26,warm,TWI.MFD2.res1.SSC10,0.446277812458325,0.455703452488238,0.354979827766594,0.340299648862514,TWI,SSC,1,,10,,MFD,2
2020-09-01,2020-09-20,warm,TWI.MFD2.res1.SSC10,0.363015563776973,0.398905152145882,0.237994510797187,0.248228826605046,TWI,SSC,1,,10,,MFD,2
2020-09-27,2020-10-17,cool,TWI.MFD2.res1.SSC10,0.198636336979607,0.237811897845782,-0.0155136877991234,-0.0442528919074217,TWI,SSC,1,,10,,MFD,2
2021-03-25,2021-04-06,cool,TWI.MFD2.res1.SSC10,0.329876908690688,0.391227263540417,0.229102656453902,0.224853194133497,TWI,SSC,1,,10,,MFD,2
2021-09-05,2021-09-20,warm,TWI.MFD2.res1.SSC10,0.375869937932952,0.463754777605951,0.242599787301124,0.275338220096768,TWI,SSC,1,,10,,MFD,2
2017-08-27,2017-09-16,warm,TWI.MFD2.res1.SSC2,0.505013360636932,0.505189856140665,0.258343248731512,0.236509834298764,TWI,SSC,1,,2,,MFD,2
2017-11-29,2017-12-14,cool,TWI.MFD2.res1.SSC2,0.391763886913982,0.583042039868732,-0.0853153358840347,0.377270959450427,TWI,SSC,1,,2,,MFD,2
2017-12-22,2018-01-20,cool,TWI.MFD2.res1.SSC2,0.519676430445979,0.577068522124838,0.433432109809132,0.450923310621824,TWI,SSC,1,,2,,MFD,2
2018-05-25,2018-06-07,warm,TWI.MFD2.res1.SSC2,0.539052710500046,0.541777017449085,0.459080868881511,0.417925155936846,TWI,SSC,1,,2,,MFD,2
2019-03-30,2019-04-12,cool,TWI.MFD2.res1.SSC2,0.60719906758816,0.662764106593835,0.461128339707735,0.485905006830468,TWI,SSC,1,,2,,MFD,2
2019-08-23,2019-09-13,warm,TWI.MFD2.res1.SSC2,0.115306833765181,0.320122141958888,-0.516391212049699,-0.06518137340601,TWI,SSC,1,,2,,MFD,2
2020-08-11,2020-08-26,warm,TWI.MFD2.res1.SSC2,0.166618851790149,0.18329598168373,-0.410000350179929,-0.36610430022222,TWI,SSC,1,,2,,MFD,2
2020-09-01,2020-09-20,warm,TWI.MFD2.res1.SSC2,0.112895376658853,0.203891427319152,-0.524636127196473,-0.178581658525706,TWI,SSC,1,,2,,MFD,2
2020-09-27,2020-10-17,cool,TWI.MFD2.res1.SSC2,0.0272640484788702,0.120200347990743,-0.656158814286389,-0.349246568099497,TWI,SSC,1,,2,,MFD,2
2021-03-25,2021-04-06,cool,TWI.MFD2.res1.SSC2,0.389938253858894,0.429528864055989,0.313050715140207,0.310923880053928,TWI,SSC,1,,2,,MFD,2
2021-09-05,2021-09-20,warm,TWI.MFD2.res1.SSC2,0.0198883296415432,0.33332558402499,-0.389253092120541,0.101138213439321,TWI,SSC,1,,2,,MFD,2
2017-08-27,2017-09-16,warm,TWI.MFD2.res1.SSC3,0.558372510734617,0.558373040148338,0.285727591516799,0.263240572504505,TWI,SSC,1,,3,,MFD,2
2017-11-29,2017-12-14,cool,TWI.MFD2.res1.SSC3,0.429090098111452,0.622683516214379,0.231093667634166,0.465487735516857,TWI,SSC,1,,3,,MFD,2
2017-12-22,2018-01-20,cool,TWI.MFD2.res1.SSC3,0.533138330608439,0.59503095631034,0.442557136684182,0.462361084619614,TWI,SSC,1,,3,,MFD,2
2018-05-25,2018-06-07,warm,TWI.MFD2.res1.SSC3,0.448645790616548,0.453641087645871,0.328161589481571,0.253258304310294,TWI,SSC,1,,3,,MFD,2
2019-03-30,2019-04-12,cool,TWI.MFD2.res1.SSC3,0.612547976755308,0.680512030636154,0.486979836441765,0.505269562388228,TWI,SSC,1,,3,,MFD,2
2019-08-23,2019-09-13,warm,TWI.MFD2.res1.SSC3,0.406739144471991,0.537926936394438,-0.186142018314538,0.0451567615082914,TWI,SSC,1,,3,,MFD,2
2020-08-11,2020-08-26,warm,TWI.MFD2.res1.SSC3,0.178420078527149,0.190899175879953,-0.366254974566186,-0.35066667659843,TWI,SSC,1,,3,,MFD,2
2020-09-01,2020-09-20,warm,TWI.MFD2.res1.SSC3,0.105511228541484,0.195810152147342,-0.62187960786863,-0.244113071188186,TWI,SSC,1,,3,,MFD,2
2020-09-27,2020-10-17,cool,TWI.MFD2.res1.SSC3,0.0508174111275641,0.12429006342991,-0.557589785173746,-0.355760752686082,TWI,SSC,1,,3,,MFD,2
2021-03-25,2021-04-06,cool,TWI.MFD2.res1.SSC3,0.429506779703889,0.468047123308579,0.351467889946447,0.345056445174523,TWI,SSC,1,,3,,MFD,2
2021-09-05,2021-09-20,warm,TWI.MFD2.res1.SSC3,0.0899041503966977,0.334807501886611,-0.237604189435389,0.0827431928370936,TWI,SSC,1,,3,,MFD,2
2017-08-27,2017-09-16,warm,TWI.MFD2.res1.SSC4,0.635044117286172,0.635160117724649,0.344746760318446,0.322295407617488,TWI,SSC,1,,4,,MFD,2
2017-11-29,2017-12-14,cool,TWI.MFD2.res1.SSC4,0.455283346933733,0.644457689370614,0.302162051047379,0.497923408208798,TWI,SSC,1,,4,,MFD,2
2017-12-22,2018-01-20,cool,TWI.MFD2.res1.SSC4,0.541372217867356,0.603337647388354,0.465913805946314,0.486409217468123,TWI,SSC,1,,4,,MFD,2
2018-05-25,2018-06-07,warm,TWI.MFD2.res1.SSC4,0.454129705991707,0.459190067345906,0.307015393990188,0.240603234405807,TWI,SSC,1,,4,,MFD,2
2019-03-30,2019-04-12,cool,TWI.MFD2.res1.SSC4,0.640354257447162,0.712192716131617,0.501391655673847,0.52442705866546,TWI,SSC,1,,4,,MFD,2
2019-08-23,2019-09-13,warm,TWI.MFD2.res1.SSC4,0.463519686880259,0.570388266051708,-0.0749877959704458,0.091533037581993,TWI,SSC,1,,4,,MFD,2
2020-08-11,2020-08-26,warm,TWI.MFD2.res1.SSC4,0.231909610509665,0.243810941682664,-0.0729304151844854,-0.087303420768811,TWI,SSC,1,,4,,MFD,2
2020-09-01,2020-09-20,warm,TWI.MFD2.res1.SSC4,0.150703197002622,0.225510979075169,-0.28573664214464,-0.126477984480835,TWI,SSC,1,,4,,MFD,2
2020-09-27,2020-10-17,cool,TWI.MFD2.res1.SSC4,0.0150444788763851,0.120095745327384,-0.58154761723771,-0.326517477533711,TWI,SSC,1,,4,,MFD,2
2021-03-25,2021-04-06,cool,TWI.MFD2.res1.SSC4,0.443676590597418,0.482730776227776,0.371683498077757,0.365134538898291,TWI,SSC,1,,4,,MFD,2
2021-09-05,2021-09-20,warm,TWI.MFD2.res1.SSC4,0.197535121659628,0.362089626885028,-0.0655708377186168,0.0971068334345296,TWI,SSC,1,,4,,MFD,2
2017-08-27,2017-09-16,warm,TWI.MFD2.res1.SSC5,0.647606432697294,0.647661187010999,0.359989979880348,0.332175589740246,TWI,SSC,1,,5,,MFD,2
2017-11-29,2017-12-14,cool,TWI.MFD2.res1.SSC5,0.466244908201186,0.634819870375245,0.314905262478654,0.475786203864177,TWI,SSC,1,,5,,MFD,2
2017-12-22,2018-01-20,cool,TWI.MFD2.res1.SSC5,0.528884892942312,0.586962637411254,0.460568814478275,0.475481509394912,TWI,SSC,1,,5,,MFD,2
2018-05-25,2018-06-07,warm,TWI.MFD2.res1.SSC5,0.429441131985917,0.435060064974562,0.224423788130088,0.146881781495633,TWI,SSC,1,,5,,MFD,2
2019-03-30,2019-04-12,cool,TWI.MFD2.res1.SSC5,0.593401641611017,0.681738031584469,0.42945386204097,0.468121742418246,TWI,SSC,1,,5,,MFD,2
2019-08-23,2019-09-13,warm,TWI.MFD2.res1.SSC5,0.499602170050825,0.587870261134822,-0.0172717455090159,0.124105036214479,TWI,SSC,1,,5,,MFD,2
2020-08-11,2020-08-26,warm,TWI.MFD2.res1.SSC5,0.320708548984506,0.330544358358382,0.201018200827404,0.185397888025255,TWI,SSC,1,,5,,MFD,2
2020-09-01,2020-09-20,warm,TWI.MFD2.res1.SSC5,0.25014231819396,0.299444018195202,0.103687404324442,0.111319661992463,TWI,SSC,1,,5,,MFD,2
2020-09-27,2020-10-17,cool,TWI.MFD2.res1.SSC5,0.0881730465695306,0.154478844876511,-0.249935804774525,-0.20265867350259,TWI,SSC,1,,5,,MFD,2
2021-03-25,2021-04-06,cool,TWI.MFD2.res1.SSC5,0.425523626429279,0.469368328498799,0.346446232971591,0.340558178684802,TWI,SSC,1,,5,,MFD,2
2021-09-05,2021-09-20,warm,TWI.MFD2.res1.SSC5,0.297023318222685,0.407847729032005,0.0863196747969378,0.155268130870881,TWI,SSC,1,,5,,MFD,2
2017-08-27,2017-09-16,warm,TWI.MFD2.res1.SSC7,0.689158755705499,0.689353011710232,0.413842184810243,0.380871026343783,TWI,SSC,1,,7,,MFD,2
2017-11-29,2017-12-14,cool,TWI.MFD2.res1.SSC7,0.475744994743445,0.6282036301142,0.322258872589482,0.448147394669045,TWI,SSC,1,,7,,MFD,2
2017-12-22,2018-01-20,cool,TWI.MFD2.res1.SSC7,0.526187194359428,0.583016243565178,0.4637623117601,0.475081694653544,TWI,SSC,1,,7,,MFD,2
2018-05-25,2018-06-07,warm,TWI.MFD2.res1.SSC7,0.392527858015531,0.397256142563606,0.123217406596073,0.0440108891529938,TWI,SSC,1,,7,,MFD,2
2019-03-30,2019-04-12,cool,TWI.MFD2.res1.SSC7,0.553509015532253,0.6481580394899,0.38250733267023,0.422190401479478,TWI,SSC,1,,7,,MFD,2
2019-08-23,2019-09-13,warm,TWI.MFD2.res1.SSC7,0.55039978738624,0.629095658790766,0.212016861324683,0.299202094277876,TWI,SSC,1,,7,,MFD,2
2020-08-11,2020-08-26,warm,TWI.MFD2.res1.SSC7,0.400445316341895,0.410288719012571,0.31426195374355,0.302477380598236,TWI,SSC,1,,7,,MFD,2
2020-09-01,2020-09-20,warm,TWI.MFD2.res1.SSC7,0.324418959758144,0.361992698001408,0.209840974475432,0.215493217608826,TWI,SSC,1,,7,,MFD,2
2020-09-27,2020-10-17,cool,TWI.MFD2.res1.SSC7,0.166519441323722,0.209813539871537,-0.0558046137938577,-0.0831343038975404,TWI,SSC,1,,7,,MFD,2
2021-03-25,2021-04-06,cool,TWI.MFD2.res1.SSC7,0.388774335726113,0.4430481342355,0.307814429477609,0.306785543075566,TWI,SSC,1,,7,,MFD,2
2021-09-05,2021-09-20,warm,TWI.MFD2.res1.SSC7,0.371077566464884,0.453312878921069,0.236887755991586,0.257358637481231,TWI,SSC,1,,7,,MFD,2
2017-08-27,2017-09-16,warm,TWI.MFD2.res10.NFNW,0.732193957568704,0.734119059016408,0.562066226851056,0.511816804959468,TWI,NFNW,10,,,,MFD,2
2017-11-29,2017-12-14,cool,TWI.MFD2.res10.NFNW,0.551632832982912,0.676337415216896,0.422820059168017,0.50513347425875,TWI,NFNW,10,,,,MFD,2
2017-12-22,2018-01-20,cool,TWI.MFD2.res10.NFNW,0.580691012581699,0.629103805375574,0.52851358383513,0.534746870302584,TWI,NFNW,10,,,,MFD,2
2018-05-25,2018-06-07,warm,TWI.MFD2.res10.NFNW,0.368836320387201,0.373561025834394,0.115884697860046,0.0478915979810596,TWI,NFNW,10,,,,MFD,2
2019-03-30,2019-04-12,cool,TWI.MFD2.res10.NFNW,0.556394778615346,0.666209744693848,0.401092085936829,0.472438364194046,TWI,NFNW,10,,,,MFD,2
2019-08-23,2019-09-13,warm,TWI.MFD2.res10.NFNW,0.577364531988775,0.638776106612407,0.349535875882722,0.367678334226843,TWI,NFNW,10,,,,MFD,2
2020-08-11,2020-08-26,warm,TWI.MFD2.res10.NFNW,0.498516948241939,0.504698184412688,0.433789576891456,0.413840871805853,TWI,NFNW,10,,,,MFD,2
2020-09-01,2020-09-20,warm,TWI.MFD2.res10.NFNW,0.375066502281551,0.404629529385171,0.26620612710404,0.259876259449101,TWI,NFNW,10,,,,MFD,2
2020-09-27,2020-10-17,cool,TWI.MFD2.res10.NFNW,0.185101799546361,0.222234643555644,-0.0393296144874633,-0.0690949771168066,TWI,NFNW,10,,,,MFD,2
2021-03-25,2021-04-06,cool,TWI.MFD2.res10.NFNW,0.385823787562619,0.450829484517517,0.309880289902356,0.331308671393525,TWI,NFNW,10,,,,MFD,2
2021-09-05,2021-09-20,warm,TWI.MFD2.res10.NFNW,0.359024937667758,0.461692627033273,0.2567691248591,0.319838832640249,TWI,NFNW,10,,,,MFD,2
2017-08-27,2017-09-16,warm,TWI.MFD2.res2.NFNW,0.682076407106281,0.683696744552105,0.396909639622996,0.376779265129254,TWI,NFNW,2,,,,MFD,2
2017-11-29,2017-12-14,cool,TWI.MFD2.res2.NFNW,0.47914067813962,0.615377087254341,0.308262533112405,0.438450195034396,TWI,NFNW,2,,,,MFD,2
2017-12-22,2018-01-20,cool,TWI.MFD2.res2.NFNW,0.606827180124233,0.638690185863019,0.546260099295883,0.545474615473929,TWI,NFNW,2,,,,MFD,2
2018-05-25,2018-06-07,warm,TWI.MFD2.res2.NFNW,0.46932618614363,0.477996535472284,0.367846943684072,0.318983999670321,TWI,NFNW,2,,,,MFD,2
2019-03-30,2019-04-12,cool,TWI.MFD2.res2.NFNW,0.541370103628742,0.65420028669021,0.400132546574446,0.481758760386528,TWI,NFNW,2,,,,MFD,2
2019-08-23,2019-09-13,warm,TWI.MFD2.res2.NFNW,0.431167550785737,0.525779767763646,0.276492213826417,0.272950574312793,TWI,NFNW,2,,,,MFD,2
2020-08-11,2020-08-26,warm,TWI.MFD2.res2.NFNW,0.202462726365981,0.214478232811555,-0.256025961137909,-0.243564016779723,TWI,NFNW,2,,,,MFD,2
2020-09-01,2020-09-20,warm,TWI.MFD2.res2.NFNW,0.127747233557408,0.204294711565524,-0.490633856220921,-0.233747428868271,TWI,NFNW,2,,,,MFD,2
2020-09-27,2020-10-17,cool,TWI.MFD2.res2.NFNW,0.0223026882904892,0.120543558384539,-0.641428487091261,-0.37537730458289,TWI,NFNW,2,,,,MFD,2
2021-03-25,2021-04-06,cool,TWI.MFD2.res2.NFNW,0.428652938793999,0.480343804682079,0.371580150754419,0.385850731548782,TWI,NFNW,2,,,,MFD,2
2021-09-05,2021-09-20,warm,TWI.MFD2.res2.NFNW,0.200302192599689,0.374064464089102,-0.0809853016316675,0.123617914843169,TWI,NFNW,2,,,,MFD,2
2017-08-27,2017-09-16,warm,TWI.MFD2.res3.NFNW,0.751894156692278,0.752165071943778,0.537134825654228,0.499214949266641,TWI,NFNW,3,,,,MFD,2
2017-11-29,2017-12-14,cool,TWI.MFD2.res3.NFNW,0.511436095776014,0.660535907972097,0.34798885314584,0.470668137065094,TWI,NFNW,3,,,,MFD,2
2017-12-22,2018-01-20,cool,TWI.MFD2.res3.NFNW,0.628862650291511,0.681187588217564,0.58203744686631,0.603948244698978,TWI,NFNW,3,,,,MFD,2
2018-05-25,2018-06-07,warm,TWI.MFD2.res3.NFNW,0.408098924412057,0.413894991885522,0.164055364188389,0.119704877860534,TWI,NFNW,3,,,,MFD,2
2019-03-30,2019-04-12,cool,TWI.MFD2.res3.NFNW,0.608679021281344,0.70305880689224,0.458719363224906,0.505250967713801,TWI,NFNW,3,,,,MFD,2
2019-08-23,2019-09-13,warm,TWI.MFD2.res3.NFNW,0.589244930114347,0.663700862315859,0.473972487086347,0.481519019001644,TWI,NFNW,3,,,,MFD,2
2020-08-11,2020-08-26,warm,TWI.MFD2.res3.NFNW,0.285378422319152,0.29678662225152,0.0658899926464158,0.0512954103380231,TWI,NFNW,3,,,,MFD,2
2020-09-01,2020-09-20,warm,TWI.MFD2.res3.NFNW,0.185023569355331,0.246535089386955,-0.153097636354302,-0.0914698653482602,TWI,NFNW,3,,,,MFD,2
2020-09-27,2020-10-17,cool,TWI.MFD2.res3.NFNW,0.00446395566505418,0.121038554624111,-0.629808971295319,-0.337147832085771,TWI,NFNW,3,,,,MFD,2
2021-03-25,2021-04-06,cool,TWI.MFD2.res3.NFNW,0.433732370209934,0.484514658142275,0.37585007508865,0.389824186707766,TWI,NFNW,3,,,,MFD,2
2021-09-05,2021-09-20,warm,TWI.MFD2.res3.NFNW,0.29354184785582,0.424950393584063,0.138208861248873,0.226629932210535,TWI,NFNW,3,,,,MFD,2
2017-08-27,2017-09-16,warm,TWI.MFD2.res4.NFNW,0.715197486567731,0.71693667359995,0.497110453993781,0.450907283581757,TWI,NFNW,4,,,,MFD,2
2017-11-29,2017-12-14,cool,TWI.MFD2.res4.NFNW,0.523480967471908,0.655223717942106,0.401679580088449,0.498636043992043,TWI,NFNW,4,,,,MFD,2
2017-12-22,2018-01-20,cool,TWI.MFD2.res4.NFNW,0.579638662548279,0.623815486282551,0.534237783915929,0.537381177883227,TWI,NFNW,4,,,,MFD,2
2018-05-25,2018-06-07,warm,TWI.MFD2.res4.NFNW,0.498156202261085,0.504762510527387,0.381289595565765,0.333408881176986,TWI,NFNW,4,,,,MFD,2
2019-03-30,2019-04-12,cool,TWI.MFD2.res4.NFNW,0.573953016779879,0.687744236034953,0.451144061515966,0.526732993790931,TWI,NFNW,4,,,,MFD,2
2019-08-23,2019-09-13,warm,TWI.MFD2.res4.NFNW,0.454204827862935,0.526608083118315,0.292684718682657,0.311155252862487,TWI,NFNW,4,,,,MFD,2
2020-08-11,2020-08-26,warm,TWI.MFD2.res4.NFNW,0.370414523450825,0.375979723571875,0.272805445214242,0.25833447066729,TWI,NFNW,4,,,,MFD,2
2020-09-01,2020-09-20,warm,TWI.MFD2.res4.NFNW,0.254729957324911,0.295039844825544,0.101663343296755,0.091990476692545,TWI,NFNW,4,,,,MFD,2
2020-09-27,2020-10-17,cool,TWI.MFD2.res4.NFNW,0.0604227163285226,0.135054004469214,-0.509285251698587,-0.287126371654651,TWI,NFNW,4,,,,MFD,2
2021-03-25,2021-04-06,cool,TWI.MFD2.res4.NFNW,0.421277178971626,0.474033069116347,0.357139184226077,0.365570709833015,TWI,NFNW,4,,,,MFD,2
2021-09-05,2021-09-20,warm,TWI.MFD2.res4.NFNW,0.350125488154625,0.457616568172218,0.173142324259782,0.236071588304459,TWI,NFNW,4,,,,MFD,2
2017-08-27,2017-09-16,warm,TWI.MFD2.res5.NFNW,0.766091667144352,0.766325643080976,0.584632051248449,0.545026521995997,TWI,NFNW,5,,,,MFD,2
2017-11-29,2017-12-14,cool,TWI.MFD2.res5.NFNW,0.517845757789841,0.660547053728421,0.353720514037879,0.469906886776097,TWI,NFNW,5,,,,MFD,2
2017-12-22,2018-01-20,cool,TWI.MFD2.res5.NFNW,0.612236872980187,0.666404021091304,0.564976745401272,0.5903443836457,TWI,NFNW,5,,,,MFD,2
2018-05-25,2018-06-07,warm,TWI.MFD2.res5.NFNW,0.387398612309476,0.391253048602173,0.133318264398615,0.0785415904573556,TWI,NFNW,5,,,,MFD,2
2019-03-30,2019-04-12,cool,TWI.MFD2.res5.NFNW,0.605556542284568,0.698545730818256,0.477138047040298,0.522921989734662,TWI,NFNW,5,,,,MFD,2
2019-08-23,2019-09-13,warm,TWI.MFD2.res5.NFNW,0.599664340937736,0.670513802786227,0.464836029723238,0.473430852699545,TWI,NFNW,5,,,,MFD,2
2020-08-11,2020-08-26,warm,TWI.MFD2.res5.NFNW,0.412935954028695,0.426356959536449,0.331240796079053,0.324204936384175,TWI,NFNW,5,,,,MFD,2
2020-09-01,2020-09-20,warm,TWI.MFD2.res5.NFNW,0.306442214557494,0.349137155421572,0.193009795236738,0.204788101999487,TWI,NFNW,5,,,,MFD,2
2020-09-27,2020-10-17,cool,TWI.MFD2.res5.NFNW,0.124460824752152,0.179179155184489,-0.16602715773941,-0.161512926921586,TWI,NFNW,5,,,,MFD,2
2021-03-25,2021-04-06,cool,TWI.MFD2.res5.NFNW,0.409043908402095,0.466267360676627,0.346239367576791,0.364536871462542,TWI,NFNW,5,,,,MFD,2
2021-09-05,2021-09-20,warm,TWI.MFD2.res5.NFNW,0.31571091955293,0.435488838551314,0.196139310860124,0.271873777933723,TWI,NFNW,5,,,,MFD,2
2017-08-27,2017-09-16,warm,TWI.MFD2.res7.NFNW,0.776479571993735,0.778793808523383,0.631002715582579,0.590574117594424,TWI,NFNW,7,,,,MFD,2
2017-11-29,2017-12-14,cool,TWI.MFD2.res7.NFNW,0.586703671380357,0.699576169329352,0.441904335340887,0.520991243156257,TWI,NFNW,7,,,,MFD,2
2017-12-22,2018-01-20,cool,TWI.MFD2.res7.NFNW,0.656443967637836,0.696092694363992,0.609850734063486,0.62324530631801,TWI,NFNW,7,,,,MFD,2
2018-05-25,2018-06-07,warm,TWI.MFD2.res7.NFNW,0.386024111100069,0.391946353191825,0.105590608269955,0.0576850808274199,TWI,NFNW,7,,,,MFD,2
2019-03-30,2019-04-12,cool,TWI.MFD2.res7.NFNW,0.566867276806202,0.676626129311456,0.43640015742767,0.502929400263107,TWI,NFNW,7,,,,MFD,2
2019-08-23,2019-09-13,warm,TWI.MFD2.res7.NFNW,0.653540516270128,0.708494138445269,0.524029758659732,0.518147912589946,TWI,NFNW,7,,,,MFD,2
2020-08-11,2020-08-26,warm,TWI.MFD2.res7.NFNW,0.445708952901228,0.457021387839192,0.379122562577333,0.362602269801549,TWI,NFNW,7,,,,MFD,2
2020-09-01,2020-09-20,warm,TWI.MFD2.res7.NFNW,0.335217357326516,0.371260433400007,0.234044340650584,0.236424703435736,TWI,NFNW,7,,,,MFD,2
2020-09-27,2020-10-17,cool,TWI.MFD2.res7.NFNW,0.154481503983864,0.199605444568935,-0.0808260109259174,-0.104967038481201,TWI,NFNW,7,,,,MFD,2
2021-03-25,2021-04-06,cool,TWI.MFD2.res7.NFNW,0.400233183698017,0.461356258437096,0.335816298991217,0.361377676333764,TWI,NFNW,7,,,,MFD,2
2021-09-05,2021-09-20,warm,TWI.MFD2.res7.NFNW,0.338862277655662,0.446768672582131,0.23891104738569,0.306577319435354,TWI,NFNW,7,,,,MFD,2
2017-08-27,2017-09-16,warm,TWI.MFD5.res1.gauss_0.5sigma,0.311472086300611,0.324897060870947,-0.164660157025173,-0.214478135731109,TWI,gauss,1,,,0.5,MFD,5
2017-11-29,2017-12-14,cool,TWI.MFD5.res1.gauss_0.5sigma,0.0495782211771759,0.320499499884669,-0.650681371635108,-0.140767081851414,TWI,gauss,1,,,0.5,MFD,5
2017-12-22,2018-01-20,cool,TWI.MFD5.res1.gauss_0.5sigma,0.309202860673726,0.352273532908727,0.0918656396877516,0.0519096485691987,TWI,gauss,1,,,0.5,MFD,5
2018-05-25,2018-06-07,warm,TWI.MFD5.res1.gauss_0.5sigma,0.234683029409022,0.237526305012813,-0.0468133358115103,-0.200868159087729,TWI,gauss,1,,,0.5,MFD,5
2019-03-30,2019-04-12,cool,TWI.MFD5.res1.gauss_0.5sigma,0.534962432230674,0.605159897314552,0.330199354840573,0.424436415266329,TWI,gauss,1,,,0.5,MFD,5
2019-08-23,2019-09-13,warm,TWI.MFD5.res1.gauss_0.5sigma,0.0162630423352737,0.258798639343682,-0.6885193084203,-0.146743551377172,TWI,gauss,1,,,0.5,MFD,5
2020-08-11,2020-08-26,warm,TWI.MFD5.res1.gauss_0.5sigma,0.0856224791912455,0.117943353118034,-0.565554628821348,-0.469297287161024,TWI,gauss,1,,,0.5,MFD,5
2020-09-01,2020-09-20,warm,TWI.MFD5.res1.gauss_0.5sigma,0.0940776499663395,0.206466885701711,-0.44493448897552,-0.143326368367475,TWI,gauss,1,,,0.5,MFD,5
2020-09-27,2020-10-17,cool,TWI.MFD5.res1.gauss_0.5sigma,0.002698461166252,0.125358958400631,-0.716909642791148,-0.361482020827343,TWI,gauss,1,,,0.5,MFD,5
2021-03-25,2021-04-06,cool,TWI.MFD5.res1.gauss_0.5sigma,0.362827960618299,0.432442981792163,0.281103910239685,0.306378376311469,TWI,gauss,1,,,0.5,MFD,5
2021-09-05,2021-09-20,warm,TWI.MFD5.res1.gauss_0.5sigma,0.155974160735063,0.367849563084431,-0.103599456465687,0.177033270211451,TWI,gauss,1,,,0.5,MFD,5
2017-08-27,2017-09-16,warm,TWI.MFD5.res1.gauss_1.0sigma,0.5114066125884,0.517503507269655,0.257562415148965,0.23744662728037,TWI,gauss,1,,,1,MFD,5
2017-11-29,2017-12-14,cool,TWI.MFD5.res1.gauss_1.0sigma,0.344878896381038,0.495456736768754,-0.175371529237951,0.207572265185855,TWI,gauss,1,,,1,MFD,5
2017-12-22,2018-01-20,cool,TWI.MFD5.res1.gauss_1.0sigma,0.499224999648518,0.529372716586137,0.411014611119438,0.40027849498138,TWI,gauss,1,,,1,MFD,5
2018-05-25,2018-06-07,warm,TWI.MFD5.res1.gauss_1.0sigma,0.511651885622899,0.515663238397833,0.40784496922724,0.361639212014178,TWI,gauss,1,,,1,MFD,5
2019-03-30,2019-04-12,cool,TWI.MFD5.res1.gauss_1.0sigma,0.548595157697498,0.62330986000879,0.369811157939706,0.439374463440389,TWI,gauss,1,,,1,MFD,5
2019-08-23,2019-09-13,warm,TWI.MFD5.res1.gauss_1.0sigma,0.0292870340410346,0.266595153861808,-0.590117699945672,-0.1317563554031,TWI,gauss,1,,,1,MFD,5
2020-08-11,2020-08-26,warm,TWI.MFD5.res1.gauss_1.0sigma,0.172532941235855,0.190053114559754,-0.352832963320621,-0.312694413101305,TWI,gauss,1,,,1,MFD,5
2020-09-01,2020-09-20,warm,TWI.MFD5.res1.gauss_1.0sigma,0.135014716645295,0.216586709855364,-0.329227317617519,-0.112081286463483,TWI,gauss,1,,,1,MFD,5
2020-09-27,2020-10-17,cool,TWI.MFD5.res1.gauss_1.0sigma,8.86449350487294e-05,0.12159520151708,-0.59365646647212,-0.315490665722997,TWI,gauss,1,,,1,MFD,5
2021-03-25,2021-04-06,cool,TWI.MFD5.res1.gauss_1.0sigma,0.387307576037554,0.440297964402183,0.321154778714433,0.338308378876919,TWI,gauss,1,,,1,MFD,5
2021-09-05,2021-09-20,warm,TWI.MFD5.res1.gauss_1.0sigma,0.0347295307340233,0.333224136112128,-0.445092215144492,0.120160670648281,TWI,gauss,1,,,1,MFD,5
2017-08-27,2017-09-16,warm,TWI.MFD5.res1.gauss_1.5sigma,0.493768908903748,0.494660426816349,0.231090667113395,0.208450903323914,TWI,gauss,1,,,1.5,MFD,5
2017-11-29,2017-12-14,cool,TWI.MFD5.res1.gauss_1.5sigma,0.370048298941266,0.556802038743856,-0.0167889875308941,0.360127741704618,TWI,gauss,1,,,1.5,MFD,5
2017-12-22,2018-01-20,cool,TWI.MFD5.res1.gauss_1.5sigma,0.481173679584736,0.5345589058001,0.386983122533301,0.395350790634313,TWI,gauss,1,,,1.5,MFD,5
2018-05-25,2018-06-07,warm,TWI.MFD5.res1.gauss_1.5sigma,0.487864928328628,0.492969668449458,0.408307983091508,0.356146129678692,TWI,gauss,1,,,1.5,MFD,5
2019-03-30,2019-04-12,cool,TWI.MFD5.res1.gauss_1.5sigma,0.595286088777189,0.662878778492093,0.446423572800837,0.477703359047109,TWI,gauss,1,,,1.5,MFD,5
2019-08-23,2019-09-13,warm,TWI.MFD5.res1.gauss_1.5sigma,0.170913972461816,0.349688614671004,-0.459247696233182,-0.107368212761013,TWI,gauss,1,,,1.5,MFD,5
2020-08-11,2020-08-26,warm,TWI.MFD5.res1.gauss_1.5sigma,0.188247382617724,0.199175496964177,-0.271620869274988,-0.26343125369451,TWI,gauss,1,,,1.5,MFD,5
2020-09-01,2020-09-20,warm,TWI.MFD5.res1.gauss_1.5sigma,0.125074373178408,0.206302701069828,-0.421990255464968,-0.152152581551204,TWI,gauss,1,,,1.5,MFD,5
2020-09-27,2020-10-17,cool,TWI.MFD5.res1.gauss_1.5sigma,0.0285525418496701,0.120759115095687,-0.638278529659344,-0.33094248587498,TWI,gauss,1,,,1.5,MFD,5
2021-03-25,2021-04-06,cool,TWI.MFD5.res1.gauss_1.5sigma,0.404445878347777,0.446410014082933,0.318080881079687,0.320367620034748,TWI,gauss,1,,,1.5,MFD,5
2021-09-05,2021-09-20,warm,TWI.MFD5.res1.gauss_1.5sigma,0.0116931315957216,0.33261465882041,-0.359966771033532,0.0925111756599696,TWI,gauss,1,,,1.5,MFD,5
2017-08-27,2017-09-16,warm,TWI.MFD5.res1.gauss_2.0sigma,0.545488423434479,0.545710496378933,0.26242017607779,0.240937045688305,TWI,gauss,1,,,2,MFD,5
2017-11-29,2017-12-14,cool,TWI.MFD5.res1.gauss_2.0sigma,0.413113087004098,0.598143484948768,0.208937351122174,0.438256174956902,TWI,gauss,1,,,2,MFD,5
2017-12-22,2018-01-20,cool,TWI.MFD5.res1.gauss_2.0sigma,0.491967839840418,0.546434911671957,0.401076512652504,0.409461942996459,TWI,gauss,1,,,2,MFD,5
2018-05-25,2018-06-07,warm,TWI.MFD5.res1.gauss_2.0sigma,0.460781839827817,0.467820669840131,0.374216232792005,0.309312188729318,TWI,gauss,1,,,2,MFD,5
2019-03-30,2019-04-12,cool,TWI.MFD5.res1.gauss_2.0sigma,0.617108747698854,0.692362713675612,0.490257165670899,0.519523450456637,TWI,gauss,1,,,2,MFD,5
2019-08-23,2019-09-13,warm,TWI.MFD5.res1.gauss_2.0sigma,0.34166888486165,0.46531325336583,-0.402641388077394,-0.123924593710643,TWI,gauss,1,,,2,MFD,5
2020-08-11,2020-08-26,warm,TWI.MFD5.res1.gauss_2.0sigma,0.188150879607731,0.197546008543882,-0.2888860979511,-0.29342930808147,TWI,gauss,1,,,2,MFD,5
2020-09-01,2020-09-20,warm,TWI.MFD5.res1.gauss_2.0sigma,0.115709573649177,0.196817415992803,-0.521714678826757,-0.212424525791512,TWI,gauss,1,,,2,MFD,5
2020-09-27,2020-10-17,cool,TWI.MFD5.res1.gauss_2.0sigma,0.0481930008435145,0.125253894928519,-0.531642945822863,-0.329289016027104,TWI,gauss,1,,,2,MFD,5
2021-03-25,2021-04-06,cool,TWI.MFD5.res1.gauss_2.0sigma,0.40733901832154,0.451064300743137,0.316292226509717,0.315828487104712,TWI,gauss,1,,,2,MFD,5
2021-09-05,2021-09-20,warm,TWI.MFD5.res1.gauss_2.0sigma,0.0605683867541567,0.333437711060381,-0.259263238822537,0.0637829704738245,TWI,gauss,1,,,2,MFD,5
2017-08-27,2017-09-16,warm,TWI.MFD5.res1.gauss_2.5sigma,0.558959153905819,0.559454527095634,0.276084092988132,0.251741791060806,TWI,gauss,1,,,2.5,MFD,5
2017-11-29,2017-12-14,cool,TWI.MFD5.res1.gauss_2.5sigma,0.437093984249646,0.611011220087149,0.278800069298926,0.455724417432805,TWI,gauss,1,,,2.5,MFD,5
2017-12-22,2018-01-20,cool,TWI.MFD5.res1.gauss_2.5sigma,0.482179990816612,0.533234635099282,0.397307732850191,0.397853251842429,TWI,gauss,1,,,2.5,MFD,5
2018-05-25,2018-06-07,warm,TWI.MFD5.res1.gauss_2.5sigma,0.449279271878424,0.458280305864387,0.333835980426088,0.260478957573418,TWI,gauss,1,,,2.5,MFD,5
2019-03-30,2019-04-12,cool,TWI.MFD5.res1.gauss_2.5sigma,0.606502637443981,0.693538510000942,0.471133927034163,0.510837109786287,TWI,gauss,1,,,2.5,MFD,5
2019-08-23,2019-09-13,warm,TWI.MFD5.res1.gauss_2.5sigma,0.389348713234407,0.487836385899012,-0.386580841707393,-0.169857854950974,TWI,gauss,1,,,2.5,MFD,5
2020-08-11,2020-08-26,warm,TWI.MFD5.res1.gauss_2.5sigma,0.198376556468328,0.205668640777671,-0.214885398964975,-0.239074749581895,TWI,gauss,1,,,2.5,MFD,5
2020-09-01,2020-09-20,warm,TWI.MFD5.res1.gauss_2.5sigma,0.125307593456147,0.198702860675431,-0.433326902033119,-0.198790991399611,TWI,gauss,1,,,2.5,MFD,5
2020-09-27,2020-10-17,cool,TWI.MFD5.res1.gauss_2.5sigma,0.043039671824093,0.125229972463319,-0.52676581820209,-0.316289492471839,TWI,gauss,1,,,2.5,MFD,5
2021-03-25,2021-04-06,cool,TWI.MFD5.res1.gauss_2.5sigma,0.395621815183013,0.443199194653807,0.295906958158178,0.296336019624437,TWI,gauss,1,,,2.5,MFD,5
2021-09-05,2021-09-20,warm,TWI.MFD5.res1.gauss_2.5sigma,0.158108380747601,0.348977224887964,-0.12379814859604,0.0637104072818739,TWI,gauss,1,,,2.5,MFD,5
2017-08-27,2017-09-16,warm,TWI.MFD5.res1.gauss_3.5sigma,0.554958785130488,0.55685526044727,0.278006053190647,0.248437336362943,TWI,gauss,1,,,3.5,MFD,5
2017-11-29,2017-12-14,cool,TWI.MFD5.res1.gauss_3.5sigma,0.460509030624408,0.61316094369712,0.34110604067546,0.459254378773131,TWI,gauss,1,,,3.5,MFD,5
2017-12-22,2018-01-20,cool,TWI.MFD5.res1.gauss_3.5sigma,0.466681548394747,0.515331809444368,0.38418343349083,0.375821666688638,TWI,gauss,1,,,3.5,MFD,5
2018-05-25,2018-06-07,warm,TWI.MFD5.res1.gauss_3.5sigma,0.431576014936138,0.441440699125838,0.271080525492704,0.181071417987106,TWI,gauss,1,,,3.5,MFD,5
2019-03-30,2019-04-12,cool,TWI.MFD5.res1.gauss_3.5sigma,0.572359368808115,0.672771317155313,0.415839202877912,0.465934689828478,TWI,gauss,1,,,3.5,MFD,5
2019-08-23,2019-09-13,warm,TWI.MFD5.res1.gauss_3.5sigma,0.430128758097593,0.508750767414702,-0.310104370440173,-0.152019010233497,TWI,gauss,1,,,3.5,MFD,5
2020-08-11,2020-08-26,warm,TWI.MFD5.res1.gauss_3.5sigma,0.293373381148093,0.297364101616576,0.153965692383083,0.12182113152274,TWI,gauss,1,,,3.5,MFD,5
2020-09-01,2020-09-20,warm,TWI.MFD5.res1.gauss_3.5sigma,0.226313667669449,0.267674635895931,0.0632195796419058,0.0513993077539582,TWI,gauss,1,,,3.5,MFD,5
2020-09-27,2020-10-17,cool,TWI.MFD5.res1.gauss_3.5sigma,0.0574351978356426,0.132432516256827,-0.263551491326209,-0.226882455333141,TWI,gauss,1,,,3.5,MFD,5
2021-03-25,2021-04-06,cool,TWI.MFD5.res1.gauss_3.5sigma,0.365443650463591,0.420960411626501,0.248143499745225,0.254303439325131,TWI,gauss,1,,,3.5,MFD,5
2021-09-05,2021-09-20,warm,TWI.MFD5.res1.gauss_3.5sigma,0.284582303640546,0.395443668532572,0.0640457157653784,0.1491970727147,TWI,gauss,1,,,3.5,MFD,5
2017-08-27,2017-09-16,warm,TWI.MFD5.res1.gauss_5.0sigma,0.606238229573353,0.608329368214446,0.316209415501007,0.282222613084102,TWI,gauss,1,,,5,MFD,5
2017-11-29,2017-12-14,cool,TWI.MFD5.res1.gauss_5.0sigma,0.470004622308727,0.612552032960417,0.35348727784409,0.447498023709014,TWI,gauss,1,,,5,MFD,5
2017-12-22,2018-01-20,cool,TWI.MFD5.res1.gauss_5.0sigma,0.468099118231558,0.52117933030827,0.390912157106916,0.385147641553059,TWI,gauss,1,,,5,MFD,5
2018-05-25,2018-06-07,warm,TWI.MFD5.res1.gauss_5.0sigma,0.433459686557296,0.440309218926695,0.264869277490678,0.174729588570444,TWI,gauss,1,,,5,MFD,5
2019-03-30,2019-04-12,cool,TWI.MFD5.res1.gauss_5.0sigma,0.519728274448502,0.625621931576042,0.356733277187342,0.404449594908071,TWI,gauss,1,,,5,MFD,5
2019-08-23,2019-09-13,warm,TWI.MFD5.res1.gauss_5.0sigma,0.429584902700574,0.512041041363026,-0.153027647886027,-0.00691865398451815,TWI,gauss,1,,,5,MFD,5
2020-08-11,2020-08-26,warm,TWI.MFD5.res1.gauss_5.0sigma,0.430300703285663,0.432955073835099,0.330988146003682,0.312370546730029,TWI,gauss,1,,,5,MFD,5
2020-09-01,2020-09-20,warm,TWI.MFD5.res1.gauss_5.0sigma,0.361689048099781,0.385065043935908,0.227803458602805,0.215958398476023,TWI,gauss,1,,,5,MFD,5
2020-09-27,2020-10-17,cool,TWI.MFD5.res1.gauss_5.0sigma,0.195735052097642,0.225825809923726,-0.0516999551672282,-0.0798829804604562,TWI,gauss,1,,,5,MFD,5
2021-03-25,2021-04-06,cool,TWI.MFD5.res1.gauss_5.0sigma,0.316219815792339,0.377069104980622,0.190838042047328,0.194090648747287,TWI,gauss,1,,,5,MFD,5
2021-09-05,2021-09-20,warm,TWI.MFD5.res1.gauss_5.0sigma,0.363401657752173,0.446071244941478,0.171977668887183,0.210753546399014,TWI,gauss,1,,,5,MFD,5
2017-08-27,2017-09-16,warm,TWI.MFD5.res1.NFNW,0.0700691712950909,0.150433642442135,-0.728971454488727,-0.537621151515059,TWI,NFNW,1,,,,MFD,5
2017-11-29,2017-12-14,cool,TWI.MFD5.res1.NFNW,0.0889235268515091,0.296951892316248,-0.519461953837413,-0.151230901514869,TWI,NFNW,1,,,,MFD,5
2017-12-22,2018-01-20,cool,TWI.MFD5.res1.NFNW,0.0177114271270739,0.130894809877843,-0.748354337866743,-0.522093552476756,TWI,NFNW,1,,,,MFD,5
2018-05-25,2018-06-07,warm,TWI.MFD5.res1.NFNW,0.140234775879508,0.146097688535804,-0.37572999112087,-0.461864184537056,TWI,NFNW,1,,,,MFD,5
2019-03-30,2019-04-12,cool,TWI.MFD5.res1.NFNW,0.408513172409737,0.485098161064425,0.0585667123608012,0.179018693180196,TWI,NFNW,1,,,,MFD,5
2019-08-23,2019-09-13,warm,TWI.MFD5.res1.NFNW,0.232623936749306,0.296814999749706,-0.144425617735493,-0.120578436840849,TWI,NFNW,1,,,,MFD,5
2020-08-11,2020-08-26,warm,TWI.MFD5.res1.NFNW,0.153664145337675,0.170469594948815,-0.234660952003945,-0.248885584273246,TWI,NFNW,1,,,,MFD,5
2020-09-01,2020-09-20,warm,TWI.MFD5.res1.NFNW,0.0943364808569811,0.150833283497721,-0.393198978547784,-0.309113604405039,TWI,NFNW,1,,,,MFD,5
2020-09-27,2020-10-17,cool,TWI.MFD5.res1.NFNW,0.0934785978746344,0.129570238459718,-0.39350180754761,-0.340627965278323,TWI,NFNW,1,,,,MFD,5
2021-03-25,2021-04-06,cool,TWI.MFD5.res1.NFNW,0.253399885776974,0.329849985473915,0.0794974354151349,0.140156700621872,TWI,NFNW,1,,,,MFD,5
2021-09-05,2021-09-20,warm,TWI.MFD5.res1.NFNW,0.0378523953820803,0.335454968096994,-0.548326610538462,0.101378945315949,TWI,NFNW,1,,,,MFD,5
2017-08-27,2017-09-16,warm,TWI.MFD5.res1.SSC1,0.196233475872715,0.275579026754924,-0.308963045950625,-0.238656414340874,TWI,SSC,1,,1,,MFD,5
2017-11-29,2017-12-14,cool,TWI.MFD5.res1.SSC1,0.172210189518075,0.318678212156906,-0.296845051221391,-0.119291879006859,TWI,SSC,1,,1,,MFD,5
2017-12-22,2018-01-20,cool,TWI.MFD5.res1.SSC1,0.317650726386528,0.321905837663586,0.0688258522524123,-0.0219774620840438,TWI,SSC,1,,1,,MFD,5
2018-05-25,2018-06-07,warm,TWI.MFD5.res1.SSC1,0.183796945089286,0.211003816707547,-0.126661187777622,-0.239780443900197,TWI,SSC,1,,1,,MFD,5
2019-03-30,2019-04-12,cool,TWI.MFD5.res1.SSC1,0.338665371214552,0.554692554061518,-0.0171577463983852,0.314045297110872,TWI,SSC,1,,1,,MFD,5
2019-08-23,2019-09-13,warm,TWI.MFD5.res1.SSC1,0.0741722289583804,0.253220616386461,-0.493142394919741,-0.165532495684789,TWI,SSC,1,,1,,MFD,5
2020-08-11,2020-08-26,warm,TWI.MFD5.res1.SSC1,0.0861816661503726,0.086680880948564,-0.594025270392328,-0.574989825507516,TWI,SSC,1,,1,,MFD,5
2020-09-01,2020-09-20,warm,TWI.MFD5.res1.SSC1,0.0142998985106003,0.146718324418067,-0.831946610392975,-0.414538295910068,TWI,SSC,1,,1,,MFD,5
2020-09-27,2020-10-17,cool,TWI.MFD5.res1.SSC1,0.0469503125960052,0.129099521570489,-0.692933420128577,-0.439172646012803,TWI,SSC,1,,1,,MFD,5
2021-03-25,2021-04-06,cool,TWI.MFD5.res1.SSC1,0.352600509412992,0.44337538519403,0.259988010713554,0.322110442682286,TWI,SSC,1,,1,,MFD,5
2021-09-05,2021-09-20,warm,TWI.MFD5.res1.SSC1,0.0311875111715487,0.336955605634883,-0.619857593150898,0.109660941051696,TWI,SSC,1,,1,,MFD,5
2017-08-27,2017-09-16,warm,TWI.MFD5.res1.SSC10,0.667612178494993,0.668321318669742,0.373548986921249,0.33902659012032,TWI,SSC,1,,10,,MFD,5
2017-11-29,2017-12-14,cool,TWI.MFD5.res1.SSC10,0.439573834915395,0.591233376174762,0.248932276855752,0.368500029588018,TWI,SSC,1,,10,,MFD,5
2017-12-22,2018-01-20,cool,TWI.MFD5.res1.SSC10,0.463764451133288,0.522950064097313,0.38255487045139,0.382086392165794,TWI,SSC,1,,10,,MFD,5
2018-05-25,2018-06-07,warm,TWI.MFD5.res1.SSC10,0.439131087177136,0.443074199700522,0.261430119287694,0.180958779021827,TWI,SSC,1,,10,,MFD,5
2019-03-30,2019-04-12,cool,TWI.MFD5.res1.SSC10,0.493565805353042,0.594743669770096,0.328274365105603,0.364458779477296,TWI,SSC,1,,10,,MFD,5
2019-08-23,2019-09-13,warm,TWI.MFD5.res1.SSC10,0.400439482711307,0.496188648017918,-0.176673526887063,0.006775239423666,TWI,SSC,1,,10,,MFD,5
2020-08-11,2020-08-26,warm,TWI.MFD5.res1.SSC10,0.45235838905453,0.457223545672183,0.355842013837261,0.339646197366055,TWI,SSC,1,,10,,MFD,5
2020-09-01,2020-09-20,warm,TWI.MFD5.res1.SSC10,0.381291037545396,0.408897733100417,0.246078626931154,0.245383864721303,TWI,SSC,1,,10,,MFD,5
2020-09-27,2020-10-17,cool,TWI.MFD5.res1.SSC10,0.225626914841734,0.256078526326601,-0.00769077016939191,-0.0362445999840568,TWI,SSC,1,,10,,MFD,5
2021-03-25,2021-04-06,cool,TWI.MFD5.res1.SSC10,0.322001378024816,0.383185071255783,0.206376299440756,0.203939688764428,TWI,SSC,1,,10,,MFD,5
2021-09-05,2021-09-20,warm,TWI.MFD5.res1.SSC10,0.385630724747465,0.469537978127258,0.177767560253946,0.208626184358003,TWI,SSC,1,,10,,MFD,5
2017-08-27,2017-09-16,warm,TWI.MFD5.res1.SSC2,0.459820191477699,0.460169223619469,0.220017616190676,0.192011188290381,TWI,SSC,1,,2,,MFD,5
2017-11-29,2017-12-14,cool,TWI.MFD5.res1.SSC2,0.341851328450302,0.544970322158597,-0.277457004461245,0.290619326160253,TWI,SSC,1,,2,,MFD,5
2017-12-22,2018-01-20,cool,TWI.MFD5.res1.SSC2,0.479049735061155,0.539038631887886,0.390951036285142,0.409206994910221,TWI,SSC,1,,2,,MFD,5
2018-05-25,2018-06-07,warm,TWI.MFD5.res1.SSC2,0.557745881607221,0.559787894625703,0.45737843227876,0.418632496690702,TWI,SSC,1,,2,,MFD,5
2019-03-30,2019-04-12,cool,TWI.MFD5.res1.SSC2,0.57706349792344,0.636904945846598,0.411216192779884,0.450192640649747,TWI,SSC,1,,2,,MFD,5
2019-08-23,2019-09-13,warm,TWI.MFD5.res1.SSC2,0.0213074338592152,0.255847308158448,-0.639561995400041,-0.131095709022796,TWI,SSC,1,,2,,MFD,5
2020-08-11,2020-08-26,warm,TWI.MFD5.res1.SSC2,0.174705505089853,0.191523908727467,-0.336064903476018,-0.298613309632388,TWI,SSC,1,,2,,MFD,5
2020-09-01,2020-09-20,warm,TWI.MFD5.res1.SSC2,0.124836992763413,0.212425779381966,-0.405318479444913,-0.128457940815745,TWI,SSC,1,,2,,MFD,5
2020-09-27,2020-10-17,cool,TWI.MFD5.res1.SSC2,0.0103983351762085,0.120678944729065,-0.64392785928143,-0.322240663460469,TWI,SSC,1,,2,,MFD,5
2021-03-25,2021-04-06,cool,TWI.MFD5.res1.SSC2,0.362112950298499,0.405525619455834,0.28022928864707,0.281668899406037,TWI,SSC,1,,2,,MFD,5
2021-09-05,2021-09-20,warm,TWI.MFD5.res1.SSC2,0.037871164087664,0.339249292158064,-0.431335768896688,0.120198315629361,TWI,SSC,1,,2,,MFD,5
2017-08-27,2017-09-16,warm,TWI.MFD5.res1.SSC3,0.51128221914237,0.511312209327322,0.240961708153096,0.216867134814254,TWI,SSC,1,,3,,MFD,5
2017-11-29,2017-12-14,cool,TWI.MFD5.res1.SSC3,0.360635811228458,0.566520633467631,-0.0451336448995399,0.341815882530595,TWI,SSC,1,,3,,MFD,5
2017-12-22,2018-01-20,cool,TWI.MFD5.res1.SSC3,0.491810149920809,0.557431755547232,0.395949024922118,0.416851265987681,TWI,SSC,1,,3,,MFD,5
2018-05-25,2018-06-07,warm,TWI.MFD5.res1.SSC3,0.455438724134404,0.459563593131356,0.362732655744936,0.296001783250441,TWI,SSC,1,,3,,MFD,5
2019-03-30,2019-04-12,cool,TWI.MFD5.res1.SSC3,0.583243288777909,0.651964396188262,0.43709075884689,0.459583284863321,TWI,SSC,1,,3,,MFD,5
2019-08-23,2019-09-13,warm,TWI.MFD5.res1.SSC3,0.305640718887295,0.459774058295679,-0.356346572952883,-0.0292348426719753,TWI,SSC,1,,3,,MFD,5
2020-08-11,2020-08-26,warm,TWI.MFD5.res1.SSC3,0.160425559566291,0.171859417504299,-0.47670668200847,-0.448362898151886,TWI,SSC,1,,3,,MFD,5
2020-09-01,2020-09-20,warm,TWI.MFD5.res1.SSC3,0.0972226984645597,0.189655779336536,-0.664596886789489,-0.257171404467779,TWI,SSC,1,,3,,MFD,5
2020-09-27,2020-10-17,cool,TWI.MFD5.res1.SSC3,0.0501942381523297,0.124312564435542,-0.567037857064907,-0.351225652748715,TWI,SSC,1,,3,,MFD,5
2021-03-25,2021-04-06,cool,TWI.MFD5.res1.SSC3,0.393489374226332,0.436448365498629,0.313044198980538,0.308676347762039,TWI,SSC,1,,3,,MFD,5
2021-09-05,2021-09-20,warm,TWI.MFD5.res1.SSC3,0.0210748292635877,0.335364228252991,-0.415029239596049,0.107908784716466,TWI,SSC,1,,3,,MFD,5
2017-08-27,2017-09-16,warm,TWI.MFD5.res1.SSC4,0.580542202422885,0.580840083720416,0.290076389409873,0.269222934794184,TWI,SSC,1,,4,,MFD,5
2017-11-29,2017-12-14,cool,TWI.MFD5.res1.SSC4,0.406941597260228,0.616082237661513,0.204644979507867,0.456836543046982,TWI,SSC,1,,4,,MFD,5
2017-12-22,2018-01-20,cool,TWI.MFD5.res1.SSC4,0.512632652063956,0.58052325147905,0.42302173833802,0.446999189244164,TWI,SSC,1,,4,,MFD,5
2018-05-25,2018-06-07,warm,TWI.MFD5.res1.SSC4,0.453425805021175,0.457647293001856,0.345650239427039,0.27995573960202,TWI,SSC,1,,4,,MFD,5
2019-03-30,2019-04-12,cool,TWI.MFD5.res1.SSC4,0.645588074449064,0.709791232146687,0.530705814605383,0.543401126386065,TWI,SSC,1,,4,,MFD,5
2019-08-23,2019-09-13,warm,TWI.MFD5.res1.SSC4,0.3971787575212,0.525469684357676,-0.227715834655892,0.0201873595674871,TWI,SSC,1,,4,,MFD,5
2020-08-11,2020-08-26,warm,TWI.MFD5.res1.SSC4,0.192038589811364,0.204090043828384,-0.264099107381045,-0.266939924967474,TWI,SSC,1,,4,,MFD,5
2020-09-01,2020-09-20,warm,TWI.MFD5.res1.SSC4,0.115323152143925,0.201920751091803,-0.524588265665342,-0.214263562905759,TWI,SSC,1,,4,,MFD,5
2020-09-27,2020-10-17,cool,TWI.MFD5.res1.SSC4,0.0460085813241487,0.123268647765466,-0.527661169825854,-0.333059599579109,TWI,SSC,1,,4,,MFD,5
2021-03-25,2021-04-06,cool,TWI.MFD5.res1.SSC4,0.424820295735886,0.463997840505544,0.347049407424342,0.340687443750085,TWI,SSC,1,,4,,MFD,5
2021-09-05,2021-09-20,warm,TWI.MFD5.res1.SSC4,0.0529562435275473,0.332757422954733,-0.300261218661364,0.0749841293978315,TWI,SSC,1,,4,,MFD,5
2017-08-27,2017-09-16,warm,TWI.MFD5.res1.SSC5,0.599905359084895,0.600071403585519,0.309972889296734,0.284506046152597,TWI,SSC,1,,5,,MFD,5
2017-11-29,2017-12-14,cool,TWI.MFD5.res1.SSC5,0.449743166367738,0.623548797621803,0.288347094170445,0.46450573935938,TWI,SSC,1,,5,,MFD,5
2017-12-22,2018-01-20,cool,TWI.MFD5.res1.SSC5,0.506741886442428,0.561513395505269,0.429144184024968,0.437276823519662,TWI,SSC,1,,5,,MFD,5
2018-05-25,2018-06-07,warm,TWI.MFD5.res1.SSC5,0.444400011405182,0.451969846731435,0.288877462268059,0.212003258476981,TWI,SSC,1,,5,,MFD,5
2019-03-30,2019-04-12,cool,TWI.MFD5.res1.SSC5,0.582124578698068,0.676140285480335,0.444676134757853,0.489337755290584,TWI,SSC,1,,5,,MFD,5
2019-08-23,2019-09-13,warm,TWI.MFD5.res1.SSC5,0.4449085854805,0.537108609364635,-0.299854543389452,-0.0920521448547719,TWI,SSC,1,,5,,MFD,5
2020-08-11,2020-08-26,warm,TWI.MFD5.res1.SSC5,0.253283140986351,0.261608784449553,0.0349950010870759,0.00916558236009586,TWI,SSC,1,,5,,MFD,5
2020-09-01,2020-09-20,warm,TWI.MFD5.res1.SSC5,0.184698847722902,0.243531002547108,-0.0792867122646631,-0.0346668680926618,TWI,SSC,1,,5,,MFD,5
2020-09-27,2020-10-17,cool,TWI.MFD5.res1.SSC5,0.0202406429133649,0.123395344832223,-0.510174582529361,-0.289818322773009,TWI,SSC,1,,5,,MFD,5
2021-03-25,2021-04-06,cool,TWI.MFD5.res1.SSC5,0.409408429300828,0.454383935836352,0.318544658447499,0.314323426657198,TWI,SSC,1,,5,,MFD,5
2021-09-05,2021-09-20,warm,TWI.MFD5.res1.SSC5,0.213504848773884,0.367705996431166,-0.0553390044104065,0.0841702743510681,TWI,SSC,1,,5,,MFD,5
2017-08-27,2017-09-16,warm,TWI.MFD5.res1.SSC7,0.614287027576005,0.615220818273026,0.323729856554925,0.292035556245256,TWI,SSC,1,,7,,MFD,5
2017-11-29,2017-12-14,cool,TWI.MFD5.res1.SSC7,0.474315950436883,0.623784773603541,0.355237538105526,0.466392303936167,TWI,SSC,1,,7,,MFD,5
2017-12-22,2018-01-20,cool,TWI.MFD5.res1.SSC7,0.494802631842139,0.545423360177434,0.422762060873525,0.419604424660692,TWI,SSC,1,,7,,MFD,5
2018-05-25,2018-06-07,warm,TWI.MFD5.res1.SSC7,0.422195712509705,0.42982505144081,0.21694113380634,0.13029556104652,TWI,SSC,1,,7,,MFD,5
2019-03-30,2019-04-12,cool,TWI.MFD5.res1.SSC7,0.545445466140419,0.651035883114337,0.372338746637337,0.423928925163585,TWI,SSC,1,,7,,MFD,5
2019-08-23,2019-09-13,warm,TWI.MFD5.res1.SSC7,0.500644808507445,0.573470874512177,0.0149061781830732,0.114074171189792,TWI,SSC,1,,7,,MFD,5
2020-08-11,2020-08-26,warm,TWI.MFD5.res1.SSC7,0.351531687636538,0.35670320875325,0.250103454752461,0.225449986225831,TWI,SSC,1,,7,,MFD,5
2020-09-01,2020-09-20,warm,TWI.MFD5.res1.SSC7,0.275824292713481,0.311912911539776,0.147205912818286,0.133941217111083,TWI,SSC,1,,7,,MFD,5
2020-09-27,2020-10-17,cool,TWI.MFD5.res1.SSC7,0.112003854445526,0.164117484805283,-0.155555336388576,-0.165418031689137,TWI,SSC,1,,7,,MFD,5
2021-03-25,2021-04-06,cool,TWI.MFD5.res1.SSC7,0.361029459861176,0.417702808805286,0.250263357010224,0.252861323294352,TWI,SSC,1,,7,,MFD,5
2021-09-05,2021-09-20,warm,TWI.MFD5.res1.SSC7,0.339113206259006,0.428496706406224,0.166817887137064,0.206095535419083,TWI,SSC,1,,7,,MFD,5
2017-08-27,2017-09-16,warm,TWI.MFD5.res10.NFNW,0.746046664429646,0.747290882567775,0.580407382066687,0.532536702861411,TWI,NFNW,10,,,,MFD,5
2017-11-29,2017-12-14,cool,TWI.MFD5.res10.NFNW,0.558612096137149,0.685720225608952,0.424955115382228,0.516533480424089,TWI,NFNW,10,,,,MFD,5
2017-12-22,2018-01-20,cool,TWI.MFD5.res10.NFNW,0.613301611516384,0.659510229164049,0.568431205659749,0.578018175962029,TWI,NFNW,10,,,,MFD,5
2018-05-25,2018-06-07,warm,TWI.MFD5.res10.NFNW,0.364616127556995,0.370211567995399,0.0979119208370928,0.0375249612853082,TWI,NFNW,10,,,,MFD,5
2019-03-30,2019-04-12,cool,TWI.MFD5.res10.NFNW,0.560341137214214,0.671926153223988,0.420353092160856,0.494778090758155,TWI,NFNW,10,,,,MFD,5
2019-08-23,2019-09-13,warm,TWI.MFD5.res10.NFNW,0.61104786709524,0.670562474581147,0.418903843840625,0.422687757054783,TWI,NFNW,10,,,,MFD,5
2020-08-11,2020-08-26,warm,TWI.MFD5.res10.NFNW,0.465230927709467,0.474484853895011,0.399194596952437,0.383820222263073,TWI,NFNW,10,,,,MFD,5
2020-09-01,2020-09-20,warm,TWI.MFD5.res10.NFNW,0.337678325179611,0.373920143828973,0.230757697379591,0.229230971649631,TWI,NFNW,10,,,,MFD,5
2020-09-27,2020-10-17,cool,TWI.MFD5.res10.NFNW,0.147126380405034,0.19404123182012,-0.09556949406839,-0.113236412117537,TWI,NFNW,10,,,,MFD,5
2021-03-25,2021-04-06,cool,TWI.MFD5.res10.NFNW,0.397995693761248,0.460708490900159,0.331734845200789,0.353386249543331,TWI,NFNW,10,,,,MFD,5
2021-09-05,2021-09-20,warm,TWI.MFD5.res10.NFNW,0.327198524816961,0.442657336079385,0.209752594650848,0.286459503767916,TWI,NFNW,10,,,,MFD,5
2017-08-27,2017-09-16,warm,TWI.MFD5.res2.NFNW,0.630400138291886,0.634121299804397,0.338932044261989,0.323718587235402,TWI,NFNW,2,,,,MFD,5
2017-11-29,2017-12-14,cool,TWI.MFD5.res2.NFNW,0.418825459178358,0.553976929090591,0.176724953379147,0.337899335676437,TWI,NFNW,2,,,,MFD,5
2017-12-22,2018-01-20,cool,TWI.MFD5.res2.NFNW,0.583151666185268,0.609676004462646,0.515003834310354,0.50819772045075,TWI,NFNW,2,,,,MFD,5
2018-05-25,2018-06-07,warm,TWI.MFD5.res2.NFNW,0.47279996083704,0.481151599153029,0.390852759843195,0.345406023510716,TWI,NFNW,2,,,,MFD,5
2019-03-30,2019-04-12,cool,TWI.MFD5.res2.NFNW,0.526001765561021,0.635596743394345,0.360745788277501,0.470267188621237,TWI,NFNW,2,,,,MFD,5
2019-08-23,2019-09-13,warm,TWI.MFD5.res2.NFNW,0.322697974631038,0.438454553597379,0.0948644824030237,0.149601105938414,TWI,NFNW,2,,,,MFD,5
2020-08-11,2020-08-26,warm,TWI.MFD5.res2.NFNW,0.181024690968815,0.194533975587683,-0.363785641145934,-0.32006702344402,TWI,NFNW,2,,,,MFD,5
2020-09-01,2020-09-20,warm,TWI.MFD5.res2.NFNW,0.122335177093721,0.20142770176147,-0.505450711533787,-0.226963281686563,TWI,NFNW,2,,,,MFD,5
2020-09-27,2020-10-17,cool,TWI.MFD5.res2.NFNW,0.0213621706857316,0.120392525666427,-0.674800057950967,-0.374441775531266,TWI,NFNW,2,,,,MFD,5
2021-03-25,2021-04-06,cool,TWI.MFD5.res2.NFNW,0.381606687519018,0.441343130752967,0.318870366620052,0.34036235371769,TWI,NFNW,2,,,,MFD,5
2021-09-05,2021-09-20,warm,TWI.MFD5.res2.NFNW,0.098230618081753,0.343229697852225,-0.296594264908241,0.107821740346039,TWI,NFNW,2,,,,MFD,5
2017-08-27,2017-09-16,warm,TWI.MFD5.res3.NFNW,0.727470628604464,0.727471898819996,0.460363896750137,0.43099678042813,TWI,NFNW,3,,,,MFD,5
2017-11-29,2017-12-14,cool,TWI.MFD5.res3.NFNW,0.469781503204217,0.635757431887918,0.28999196176725,0.442632040840943,TWI,NFNW,3,,,,MFD,5
2017-12-22,2018-01-20,cool,TWI.MFD5.res3.NFNW,0.603402378145646,0.660708295981019,0.551791396277784,0.577464492603473,TWI,NFNW,3,,,,MFD,5
2018-05-25,2018-06-07,warm,TWI.MFD5.res3.NFNW,0.405567068956583,0.411218698188277,0.177181586338138,0.127503602061076,TWI,NFNW,3,,,,MFD,5
2019-03-30,2019-04-12,cool,TWI.MFD5.res3.NFNW,0.590172944889339,0.681780286374492,0.424932126638683,0.467161037273794,TWI,NFNW,3,,,,MFD,5
2019-08-23,2019-09-13,warm,TWI.MFD5.res3.NFNW,0.559379160406264,0.647736802899341,0.472580751649606,0.495621850897029,TWI,NFNW,3,,,,MFD,5
2020-08-11,2020-08-26,warm,TWI.MFD5.res3.NFNW,0.249093460195055,0.261974513594806,-0.0451409428894443,-0.0612719146709031,TWI,NFNW,3,,,,MFD,5
2020-09-01,2020-09-20,warm,TWI.MFD5.res3.NFNW,0.16703260285921,0.23542412483514,-0.243744300906894,-0.134802985462463,TWI,NFNW,3,,,,MFD,5
2020-09-27,2020-10-17,cool,TWI.MFD5.res3.NFNW,0.00117377496676431,0.121003915071006,-0.602783583398451,-0.343532384099131,TWI,NFNW,3,,,,MFD,5
2021-03-25,2021-04-06,cool,TWI.MFD5.res3.NFNW,0.439101301890064,0.485106347253905,0.380038106981729,0.387621176189096,TWI,NFNW,3,,,,MFD,5
2021-09-05,2021-09-20,warm,TWI.MFD5.res3.NFNW,0.251874114345749,0.400704719782653,0.0327585068735402,0.149768023249255,TWI,NFNW,3,,,,MFD,5
2017-08-27,2017-09-16,warm,TWI.MFD5.res4.NFNW,0.676430874057582,0.678008342309033,0.427417522871613,0.384535240642253,TWI,NFNW,4,,,,MFD,5
2017-11-29,2017-12-14,cool,TWI.MFD5.res4.NFNW,0.527180515090405,0.663889218359419,0.431335427092213,0.531517128660215,TWI,NFNW,4,,,,MFD,5
2017-12-22,2018-01-20,cool,TWI.MFD5.res4.NFNW,0.566261200184369,0.611705257210279,0.512463215800462,0.511783333405724,TWI,NFNW,4,,,,MFD,5
2018-05-25,2018-06-07,warm,TWI.MFD5.res4.NFNW,0.543796455991132,0.55144252531375,0.469710873001831,0.421523760701914,TWI,NFNW,4,,,,MFD,5
2019-03-30,2019-04-12,cool,TWI.MFD5.res4.NFNW,0.572755379963257,0.685897319456652,0.438559040746078,0.508476056532224,TWI,NFNW,4,,,,MFD,5
2019-08-23,2019-09-13,warm,TWI.MFD5.res4.NFNW,0.409662963902897,0.491677041273124,0.260749861565385,0.292885273686617,TWI,NFNW,4,,,,MFD,5
2020-08-11,2020-08-26,warm,TWI.MFD5.res4.NFNW,0.354058299100754,0.358192753111498,0.241286834980187,0.221402387839949,TWI,NFNW,4,,,,MFD,5
2020-09-01,2020-09-20,warm,TWI.MFD5.res4.NFNW,0.239700783020594,0.281992345938371,0.0632827824097753,0.0549366352997447,TWI,NFNW,4,,,,MFD,5
2020-09-27,2020-10-17,cool,TWI.MFD5.res4.NFNW,0.0435581941519209,0.128190091670583,-0.577310507683175,-0.310295285871902,TWI,NFNW,4,,,,MFD,5
2021-03-25,2021-04-06,cool,TWI.MFD5.res4.NFNW,0.437213014627891,0.480397205450375,0.364781656807656,0.36310868126612,TWI,NFNW,4,,,,MFD,5
2021-09-05,2021-09-20,warm,TWI.MFD5.res4.NFNW,0.333620429458102,0.443836899079219,0.0915166101388484,0.164165802486619,TWI,NFNW,4,,,,MFD,5
2017-08-27,2017-09-16,warm,TWI.MFD5.res5.NFNW,0.761871136575984,0.76187641645687,0.542117887453099,0.509666628888875,TWI,NFNW,5,,,,MFD,5
2017-11-29,2017-12-14,cool,TWI.MFD5.res5.NFNW,0.508916445196629,0.664063062702702,0.3472208091042,0.476687209483149,TWI,NFNW,5,,,,MFD,5
2017-12-22,2018-01-20,cool,TWI.MFD5.res5.NFNW,0.616834978098442,0.677551076401123,0.569241290947659,0.60124519253454,TWI,NFNW,5,,,,MFD,5
2018-05-25,2018-06-07,warm,TWI.MFD5.res5.NFNW,0.402149355146458,0.405280358930517,0.146230030351533,0.0919100009453991,TWI,NFNW,5,,,,MFD,5
2019-03-30,2019-04-12,cool,TWI.MFD5.res5.NFNW,0.617960408115753,0.701158331480806,0.461813041056817,0.495645190974033,TWI,NFNW,5,,,,MFD,5
2019-08-23,2019-09-13,warm,TWI.MFD5.res5.NFNW,0.613042911772033,0.695357399857643,0.539993874201876,0.563598937991252,TWI,NFNW,5,,,,MFD,5
2020-08-11,2020-08-26,warm,TWI.MFD5.res5.NFNW,0.400879782073193,0.416358487377232,0.311939181626962,0.306633000414773,TWI,NFNW,5,,,,MFD,5
2020-09-01,2020-09-20,warm,TWI.MFD5.res5.NFNW,0.300893020825723,0.348424189719542,0.182410513226735,0.201112110619308,TWI,NFNW,5,,,,MFD,5
2020-09-27,2020-10-17,cool,TWI.MFD5.res5.NFNW,0.126342461094274,0.183326401399426,-0.156240875504351,-0.151045863188019,TWI,NFNW,5,,,,MFD,5
2021-03-25,2021-04-06,cool,TWI.MFD5.res5.NFNW,0.419784256807016,0.47049056388608,0.357240374069042,0.369256888833249,TWI,NFNW,5,,,,MFD,5
2021-09-05,2021-09-20,warm,TWI.MFD5.res5.NFNW,0.311036186080057,0.427927306059457,0.178392338618606,0.248294094171574,TWI,NFNW,5,,,,MFD,5
2017-08-27,2017-09-16,warm,TWI.MFD5.res7.NFNW,0.792198337105748,0.793261086043501,0.641655363279574,0.604956043567126,TWI,NFNW,7,,,,MFD,5
2017-11-29,2017-12-14,cool,TWI.MFD5.res7.NFNW,0.567238937018968,0.689781257260963,0.399762843766845,0.492453965925583,TWI,NFNW,7,,,,MFD,5
2017-12-22,2018-01-20,cool,TWI.MFD5.res7.NFNW,0.663373390930943,0.70228176490789,0.612381226509754,0.625951429520182,TWI,NFNW,7,,,,MFD,5
2018-05-25,2018-06-07,warm,TWI.MFD5.res7.NFNW,0.369711751319677,0.376540644944469,0.0597864177371957,0.0214224866399441,TWI,NFNW,7,,,,MFD,5
2019-03-30,2019-04-12,cool,TWI.MFD5.res7.NFNW,0.555160598420072,0.668581555036035,0.409304072261081,0.473024408832884,TWI,NFNW,7,,,,MFD,5
2019-08-23,2019-09-13,warm,TWI.MFD5.res7.NFNW,0.694329327303071,0.749128068027221,0.654177991828436,0.643211292806254,TWI,NFNW,7,,,,MFD,5
2020-08-11,2020-08-26,warm,TWI.MFD5.res7.NFNW,0.384584800088414,0.399000774474803,0.294393948215053,0.283226799790279,TWI,NFNW,7,,,,MFD,5
2020-09-01,2020-09-20,warm,TWI.MFD5.res7.NFNW,0.283709259976714,0.329283966667122,0.158429784718012,0.169361245505204,TWI,NFNW,7,,,,MFD,5
2020-09-27,2020-10-17,cool,TWI.MFD5.res7.NFNW,0.114219598346056,0.172135009290637,-0.211949649722414,-0.185953292572422,TWI,NFNW,7,,,,MFD,5
2021-03-25,2021-04-06,cool,TWI.MFD5.res7.NFNW,0.418675286666492,0.475396119104584,0.355615131717131,0.383114627142487,TWI,NFNW,7,,,,MFD,5
2021-09-05,2021-09-20,warm,TWI.MFD5.res7.NFNW,0.311937536786966,0.430245490720052,0.192955321261618,0.271445374605965,TWI,NFNW,7,,,,MFD,5
2017-08-27,2017-09-16,warm,TWI.MMDGBFD.res1.gauss_0.5sigma,0.213510548939279,0.231580528221194,-0.234958733195951,-0.309623577602915,TWI,gauss,1,,,0.5,MMDGBFD,
2017-11-29,2017-12-14,cool,TWI.MMDGBFD.res1.gauss_0.5sigma,0.0584522650303905,0.33869850061739,-0.739771037804088,-0.0708368091127941,TWI,gauss,1,,,0.5,MMDGBFD,
2017-12-22,2018-01-20,cool,TWI.MMDGBFD.res1.gauss_0.5sigma,0.304144664728912,0.36174373289196,0.11167460646174,0.105286052930459,TWI,gauss,1,,,0.5,MMDGBFD,
2018-05-25,2018-06-07,warm,TWI.MMDGBFD.res1.gauss_0.5sigma,0.265849147092718,0.268484840533306,0.0334030133509892,-0.0824435582972873,TWI,gauss,1,,,0.5,MMDGBFD,
2019-03-30,2019-04-12,cool,TWI.MMDGBFD.res1.gauss_0.5sigma,0.598897817922866,0.648563904855923,0.435177973298779,0.472132211784114,TWI,gauss,1,,,0.5,MMDGBFD,
2019-08-23,2019-09-13,warm,TWI.MMDGBFD.res1.gauss_0.5sigma,0.0534778964470325,0.249028968524197,-0.581478326220702,-0.14645063107627,TWI,gauss,1,,,0.5,MMDGBFD,
2020-08-11,2020-08-26,warm,TWI.MMDGBFD.res1.gauss_0.5sigma,0.10913124106584,0.135030546926828,-0.547155559199452,-0.536643185946999,TWI,gauss,1,,,0.5,MMDGBFD,
2020-09-01,2020-09-20,warm,TWI.MMDGBFD.res1.gauss_0.5sigma,0.0883551252576467,0.198562829248046,-0.556657435431755,-0.180921451603834,TWI,gauss,1,,,0.5,MMDGBFD,
2020-09-27,2020-10-17,cool,TWI.MMDGBFD.res1.gauss_0.5sigma,0.0425771373244348,0.120451904756853,-0.584488507208908,-0.349547678567617,TWI,gauss,1,,,0.5,MMDGBFD,
2021-03-25,2021-04-06,cool,TWI.MMDGBFD.res1.gauss_0.5sigma,0.433833450297145,0.48641195205034,0.372777076603011,0.374885060916954,TWI,gauss,1,,,0.5,MMDGBFD,
2021-09-05,2021-09-20,warm,TWI.MMDGBFD.res1.gauss_0.5sigma,0.0889509051551918,0.361464323420831,-0.476944018900185,0.112956865901338,TWI,gauss,1,,,0.5,MMDGBFD,
2017-08-27,2017-09-16,warm,TWI.MMDGBFD.res1.gauss_1.0sigma,0.550968891743641,0.551667445283579,0.294893273503297,0.275502675338729,TWI,gauss,1,,,1,MMDGBFD,
2017-11-29,2017-12-14,cool,TWI.MMDGBFD.res1.gauss_1.0sigma,0.43564723970244,0.602871547154502,0.139148691206137,0.436532663837011,TWI,gauss,1,,,1,MMDGBFD,
2017-12-22,2018-01-20,cool,TWI.MMDGBFD.res1.gauss_1.0sigma,0.554818610001655,0.600574450975502,0.470951437829584,0.479763586458799,TWI,gauss,1,,,1,MMDGBFD,
2018-05-25,2018-06-07,warm,TWI.MMDGBFD.res1.gauss_1.0sigma,0.497133464206489,0.50161781320385,0.416867213636591,0.363000892075505,TWI,gauss,1,,,1,MMDGBFD,
2019-03-30,2019-04-12,cool,TWI.MMDGBFD.res1.gauss_1.0sigma,0.608028234947877,0.670246877474877,0.4689438623282,0.50353089799005,TWI,gauss,1,,,1,MMDGBFD,
2019-08-23,2019-09-13,warm,TWI.MMDGBFD.res1.gauss_1.0sigma,0.239271951948618,0.400505102921471,-0.36242338192584,-0.0452597205449262,TWI,gauss,1,,,1,MMDGBFD,
2020-08-11,2020-08-26,warm,TWI.MMDGBFD.res1.gauss_1.0sigma,0.167811637970155,0.185215335142565,-0.402861582415035,-0.358796288150727,TWI,gauss,1,,,1,MMDGBFD,
2020-09-01,2020-09-20,warm,TWI.MMDGBFD.res1.gauss_1.0sigma,0.116436840234951,0.205350167862148,-0.496929966467064,-0.176740116859368,TWI,gauss,1,,,1,MMDGBFD,
2020-09-27,2020-10-17,cool,TWI.MMDGBFD.res1.gauss_1.0sigma,0.0272036880204235,0.120246636269109,-0.653937896534274,-0.353134845815892,TWI,gauss,1,,,1,MMDGBFD,
2021-03-25,2021-04-06,cool,TWI.MMDGBFD.res1.gauss_1.0sigma,0.42210271804955,0.462456901711177,0.356042361451063,0.357210016306106,TWI,gauss,1,,,1,MMDGBFD,
2021-09-05,2021-09-20,warm,TWI.MMDGBFD.res1.gauss_1.0sigma,0.0812831036208307,0.333956938225816,-0.284088541691146,0.0928088201717791,TWI,gauss,1,,,1,MMDGBFD,
2017-08-27,2017-09-16,warm,TWI.MMDGBFD.res1.gauss_1.5sigma,0.581686514543777,0.581800111610236,0.301257708798703,0.280748114928236,TWI,gauss,1,,,1.5,MMDGBFD,
2017-11-29,2017-12-14,cool,TWI.MMDGBFD.res1.gauss_1.5sigma,0.450078471439894,0.626818586223802,0.279840009976167,0.486138460121436,TWI,gauss,1,,,1.5,MMDGBFD,
2017-12-22,2018-01-20,cool,TWI.MMDGBFD.res1.gauss_1.5sigma,0.537273812035572,0.590063279309553,0.452003554256929,0.463810883972774,TWI,gauss,1,,,1.5,MMDGBFD,
2018-05-25,2018-06-07,warm,TWI.MMDGBFD.res1.gauss_1.5sigma,0.473418992209591,0.479390346323122,0.382347565570157,0.319489448836952,TWI,gauss,1,,,1.5,MMDGBFD,
2019-03-30,2019-04-12,cool,TWI.MMDGBFD.res1.gauss_1.5sigma,0.622525728208048,0.691842764006935,0.497186926791946,0.522133611106743,TWI,gauss,1,,,1.5,MMDGBFD,
2019-08-23,2019-09-13,warm,TWI.MMDGBFD.res1.gauss_1.5sigma,0.371768999362635,0.49741945089598,-0.268827474130633,-0.0182604491317722,TWI,gauss,1,,,1.5,MMDGBFD,
2020-08-11,2020-08-26,warm,TWI.MMDGBFD.res1.gauss_1.5sigma,0.195774883588412,0.208476325582127,-0.244999632794062,-0.236579457531395,TWI,gauss,1,,,1.5,MMDGBFD,
2020-09-01,2020-09-20,warm,TWI.MMDGBFD.res1.gauss_1.5sigma,0.123558924343258,0.206178840658002,-0.465969016470176,-0.184064961430892,TWI,gauss,1,,,1.5,MMDGBFD,
2020-09-27,2020-10-17,cool,TWI.MMDGBFD.res1.gauss_1.5sigma,0.0363634620698423,0.121681749197086,-0.591567175410258,-0.345857640708208,TWI,gauss,1,,,1.5,MMDGBFD,
2021-03-25,2021-04-06,cool,TWI.MMDGBFD.res1.gauss_1.5sigma,0.436923311484013,0.476316271080367,0.358784681687106,0.356038850351352,TWI,gauss,1,,,1.5,MMDGBFD,
2021-09-05,2021-09-20,warm,TWI.MMDGBFD.res1.gauss_1.5sigma,0.145947302445426,0.345241760419213,-0.148818095343756,0.0795762425241029,TWI,gauss,1,,,1.5,MMDGBFD,
2017-08-27,2017-09-16,warm,TWI.MMDGBFD.res1.gauss_2.0sigma,0.65146504249168,0.65157674095642,0.366182494315609,0.341499565815229,TWI,gauss,1,,,2,MMDGBFD,
2017-11-29,2017-12-14,cool,TWI.MMDGBFD.res1.gauss_2.0sigma,0.520040370273363,0.682241596587228,0.434830291528377,0.570447592506766,TWI,gauss,1,,,2,MMDGBFD,
2017-12-22,2018-01-20,cool,TWI.MMDGBFD.res1.gauss_2.0sigma,0.576523707151511,0.62837526433853,0.499039938634468,0.513609928046706,TWI,gauss,1,,,2,MMDGBFD,
2018-05-25,2018-06-07,warm,TWI.MMDGBFD.res1.gauss_2.0sigma,0.481225216601206,0.488046849570646,0.364011410323924,0.309407477146513,TWI,gauss,1,,,2,MMDGBFD,
2019-03-30,2019-04-12,cool,TWI.MMDGBFD.res1.gauss_2.0sigma,0.65058943756892,0.730934628551429,0.510131835711032,0.544603710502178,TWI,gauss,1,,,2,MMDGBFD,
2019-08-23,2019-09-13,warm,TWI.MMDGBFD.res1.gauss_2.0sigma,0.502041430502866,0.591360272176704,0.218242357208233,0.262423700057915,TWI,gauss,1,,,2,MMDGBFD,
2020-08-11,2020-08-26,warm,TWI.MMDGBFD.res1.gauss_2.0sigma,0.282268736918616,0.292588478123421,0.0948126868591167,0.0795873608976123,TWI,gauss,1,,,2,MMDGBFD,
2020-09-01,2020-09-20,warm,TWI.MMDGBFD.res1.gauss_2.0sigma,0.190470818138908,0.251420060602773,-0.0819286940370863,-0.0269697822788932,TWI,gauss,1,,,2,MMDGBFD,
2020-09-27,2020-10-17,cool,TWI.MMDGBFD.res1.gauss_2.0sigma,0.0117331720545898,0.122242118990127,-0.584546830825979,-0.312541592455947,TWI,gauss,1,,,2,MMDGBFD,
2021-03-25,2021-04-06,cool,TWI.MMDGBFD.res1.gauss_2.0sigma,0.446595925292739,0.487718351215571,0.370649895107506,0.367229656807622,TWI,gauss,1,,,2,MMDGBFD,
2021-09-05,2021-09-20,warm,TWI.MMDGBFD.res1.gauss_2.0sigma,0.231709861883838,0.378280598832383,-0.0151180713401066,0.119308291811847,TWI,gauss,1,,,2,MMDGBFD,
2017-08-27,2017-09-16,warm,TWI.MMDGBFD.res1.gauss_2.5sigma,0.671815084472414,0.671955677780285,0.391328161855854,0.363200597605464,TWI,gauss,1,,,2.5,MMDGBFD,
2017-11-29,2017-12-14,cool,TWI.MMDGBFD.res1.gauss_2.5sigma,0.515033691798498,0.673242041632647,0.416122017223945,0.54789530759457,TWI,gauss,1,,,2.5,MMDGBFD,
2017-12-22,2018-01-20,cool,TWI.MMDGBFD.res1.gauss_2.5sigma,0.564562686847875,0.618838611792394,0.49624271374015,0.512413707683453,TWI,gauss,1,,,2.5,MMDGBFD,
2018-05-25,2018-06-07,warm,TWI.MMDGBFD.res1.gauss_2.5sigma,0.458602626501243,0.464583820831072,0.291570402609927,0.230356690075177,TWI,gauss,1,,,2.5,MMDGBFD,
2019-03-30,2019-04-12,cool,TWI.MMDGBFD.res1.gauss_2.5sigma,0.633294953931088,0.716856196209016,0.473486101519482,0.509719346239899,TWI,gauss,1,,,2.5,MMDGBFD,
2019-08-23,2019-09-13,warm,TWI.MMDGBFD.res1.gauss_2.5sigma,0.527773809078469,0.610561746060974,0.236889174833675,0.286089672382986,TWI,gauss,1,,,2.5,MMDGBFD,
2020-08-11,2020-08-26,warm,TWI.MMDGBFD.res1.gauss_2.5sigma,0.336652853105181,0.346372579399072,0.225922045910664,0.211776830649896,TWI,gauss,1,,,2.5,MMDGBFD,
2020-09-01,2020-09-20,warm,TWI.MMDGBFD.res1.gauss_2.5sigma,0.249823912779158,0.298640050307346,0.100690931981911,0.107326476711069,TWI,gauss,1,,,2.5,MMDGBFD,
2020-09-27,2020-10-17,cool,TWI.MMDGBFD.res1.gauss_2.5sigma,0.0746158848080211,0.146047723307137,-0.303805885200012,-0.225695114985294,TWI,gauss,1,,,2.5,MMDGBFD,
2021-03-25,2021-04-06,cool,TWI.MMDGBFD.res1.gauss_2.5sigma,0.438962617582697,0.482717945246672,0.364983280404547,0.361754365694028,TWI,gauss,1,,,2.5,MMDGBFD,
2021-09-05,2021-09-20,warm,TWI.MMDGBFD.res1.gauss_2.5sigma,0.290883625123228,0.407219131023474,0.0868839334717537,0.167819314945448,TWI,gauss,1,,,2.5,MMDGBFD,
2017-08-27,2017-09-16,warm,TWI.MMDGBFD.res1.gauss_3.5sigma,0.697768305166671,0.697903801740438,0.421697385912152,0.390946848923219,TWI,gauss,1,,,3.5,MMDGBFD,
2017-11-29,2017-12-14,cool,TWI.MMDGBFD.res1.gauss_3.5sigma,0.483962699035232,0.638338815682302,0.339529143282813,0.468992819348534,TWI,gauss,1,,,3.5,MMDGBFD,
2017-12-22,2018-01-20,cool,TWI.MMDGBFD.res1.gauss_3.5sigma,0.538097534797631,0.595333787078934,0.475363695721589,0.492070054262612,TWI,gauss,1,,,3.5,MMDGBFD,
2018-05-25,2018-06-07,warm,TWI.MMDGBFD.res1.gauss_3.5sigma,0.418874100540884,0.423414843447601,0.187295626759143,0.117540483074392,TWI,gauss,1,,,3.5,MMDGBFD,
2019-03-30,2019-04-12,cool,TWI.MMDGBFD.res1.gauss_3.5sigma,0.578397386285967,0.666499387642921,0.415548520008886,0.451371475752699,TWI,gauss,1,,,3.5,MMDGBFD,
2019-08-23,2019-09-13,warm,TWI.MMDGBFD.res1.gauss_3.5sigma,0.533267062211576,0.615766328283748,0.190462466131131,0.269187867299554,TWI,gauss,1,,,3.5,MMDGBFD,
2020-08-11,2020-08-26,warm,TWI.MMDGBFD.res1.gauss_3.5sigma,0.397088884318237,0.407789280231556,0.313236972727799,0.302703133706196,TWI,gauss,1,,,3.5,MMDGBFD,
2020-09-01,2020-09-20,warm,TWI.MMDGBFD.res1.gauss_3.5sigma,0.320721987004736,0.360120568841063,0.208700795279974,0.21586304190481,TWI,gauss,1,,,3.5,MMDGBFD,
2020-09-27,2020-10-17,cool,TWI.MMDGBFD.res1.gauss_3.5sigma,0.157947877373119,0.203892002828262,-0.070436325548257,-0.0940386343352646,TWI,gauss,1,,,3.5,MMDGBFD,
2021-03-25,2021-04-06,cool,TWI.MMDGBFD.res1.gauss_3.5sigma,0.410155743006227,0.46193126570884,0.338437802668187,0.339859730696287,TWI,gauss,1,,,3.5,MMDGBFD,
2021-09-05,2021-09-20,warm,TWI.MMDGBFD.res1.gauss_3.5sigma,0.347033846184618,0.439395453974372,0.198593823315166,0.236833698539183,TWI,gauss,1,,,3.5,MMDGBFD,
2017-08-27,2017-09-16,warm,TWI.MMDGBFD.res1.gauss_5.0sigma,0.730885727542988,0.731229157357846,0.481235774783936,0.444973054345997,TWI,gauss,1,,,5,MMDGBFD,
2017-11-29,2017-12-14,cool,TWI.MMDGBFD.res1.gauss_5.0sigma,0.509503310351813,0.654024537088101,0.372575646545404,0.478244996168793,TWI,gauss,1,,,5,MMDGBFD,
2017-12-22,2018-01-20,cool,TWI.MMDGBFD.res1.gauss_5.0sigma,0.551528402649183,0.606878586192867,0.492756777596898,0.506355026427043,TWI,gauss,1,,,5,MMDGBFD,
2018-05-25,2018-06-07,warm,TWI.MMDGBFD.res1.gauss_5.0sigma,0.428209999231868,0.43257656992477,0.202523161835553,0.142927967124322,TWI,gauss,1,,,5,MMDGBFD,
2019-03-30,2019-04-12,cool,TWI.MMDGBFD.res1.gauss_5.0sigma,0.570777583091024,0.663534973873428,0.415996814102565,0.455004964131007,TWI,gauss,1,,,5,MMDGBFD,
2019-08-23,2019-09-13,warm,TWI.MMDGBFD.res1.gauss_5.0sigma,0.545371167640369,0.620159314514142,0.310373747567911,0.34653958241385,TWI,gauss,1,,,5,MMDGBFD,
2020-08-11,2020-08-26,warm,TWI.MMDGBFD.res1.gauss_5.0sigma,0.45512507791118,0.463854501496425,0.375965740605972,0.362476420388656,TWI,gauss,1,,,5,MMDGBFD,
2020-09-01,2020-09-20,warm,TWI.MMDGBFD.res1.gauss_5.0sigma,0.358037352178742,0.391916067660813,0.247225148297452,0.252846789023822,TWI,gauss,1,,,5,MMDGBFD,
2020-09-27,2020-10-17,cool,TWI.MMDGBFD.res1.gauss_5.0sigma,0.179938197159507,0.220168810645761,-0.0378142648243302,-0.0687371491770493,TWI,gauss,1,,,5,MMDGBFD,
2021-03-25,2021-04-06,cool,TWI.MMDGBFD.res1.gauss_5.0sigma,0.340227979110124,0.399064428581671,0.244545241665975,0.239000732393654,TWI,gauss,1,,,5,MMDGBFD,
2021-09-05,2021-09-20,warm,TWI.MMDGBFD.res1.gauss_5.0sigma,0.365019630101542,0.456664684214548,0.23356418933271,0.272794207627046,TWI,gauss,1,,,5,MMDGBFD,
2017-08-27,2017-09-16,warm,TWI.MMDGBFD.res1.NFNW,0.158433017380335,0.184612655064883,-0.472451440651504,-0.46449120551938,TWI,NFNW,1,,,,MMDGBFD,
2017-11-29,2017-12-14,cool,TWI.MMDGBFD.res1.NFNW,0.0457020470662153,0.309716176010685,-0.674532448598404,-0.1538482942905,TWI,NFNW,1,,,,MMDGBFD,
2017-12-22,2018-01-20,cool,TWI.MMDGBFD.res1.NFNW,0.199804347270763,0.282550503271683,-0.104077968936245,-0.0681369406945233,TWI,NFNW,1,,,,MMDGBFD,
2018-05-25,2018-06-07,warm,TWI.MMDGBFD.res1.NFNW,0.206244672961498,0.207792947489301,-0.138991779252743,-0.27417085190951,TWI,NFNW,1,,,,MMDGBFD,
2019-03-30,2019-04-12,cool,TWI.MMDGBFD.res1.NFNW,0.486463897413214,0.5349426761544,0.23651562539942,0.264306642596436,TWI,NFNW,1,,,,MMDGBFD,
2019-08-23,2019-09-13,warm,TWI.MMDGBFD.res1.NFNW,0.134535032673539,0.250562919567386,-0.320840023409509,-0.163947607023454,TWI,NFNW,1,,,,MMDGBFD,
2020-08-11,2020-08-26,warm,TWI.MMDGBFD.res1.NFNW,0.0222070423571972,0.049850393578749,-0.760321147546105,-0.620382961364698,TWI,NFNW,1,,,,MMDGBFD,
2020-09-01,2020-09-20,warm,TWI.MMDGBFD.res1.NFNW,0.0203554931408222,0.166472642513193,-0.812515659897823,-0.320851592189845,TWI,NFNW,1,,,,MMDGBFD,
2020-09-27,2020-10-17,cool,TWI.MMDGBFD.res1.NFNW,0.0835678245035621,0.127264659089634,-0.414751795315068,-0.344656956551696,TWI,NFNW,1,,,,MMDGBFD,
2021-03-25,2021-04-06,cool,TWI.MMDGBFD.res1.NFNW,0.373436403842153,0.421269898109545,0.290711105761437,0.290094833761544,TWI,NFNW,1,,,,MMDGBFD,
2021-09-05,2021-09-20,warm,TWI.MMDGBFD.res1.NFNW,0.0110247671526256,0.343359112520137,-0.559095304215007,0.0580842829101815,TWI,NFNW,1,,,,MMDGBFD,
2017-08-27,2017-09-16,warm,TWI.MMDGBFD.res1.SSC1,0.556336359467942,0.562426489042795,0.344612515635724,0.316161352833164,TWI,SSC,1,,1,,MMDGBFD,
2017-11-29,2017-12-14,cool,TWI.MMDGBFD.res1.SSC1,0.502531793187368,0.623751377154308,0.31437231405893,0.466624057361834,TWI,SSC,1,,1,,MMDGBFD,
2017-12-22,2018-01-20,cool,TWI.MMDGBFD.res1.SSC1,0.611398958052678,0.633732015072792,0.54220047152159,0.530869302576017,TWI,SSC,1,,1,,MMDGBFD,
2018-05-25,2018-06-07,warm,TWI.MMDGBFD.res1.SSC1,0.428620177753711,0.438050745838789,0.263022649344463,0.187194446752176,TWI,SSC,1,,1,,MMDGBFD,
2019-03-30,2019-04-12,cool,TWI.MMDGBFD.res1.SSC1,0.557702703145349,0.661623332297642,0.360416775106492,0.485566382884052,TWI,SSC,1,,1,,MMDGBFD,
2019-08-23,2019-09-13,warm,TWI.MMDGBFD.res1.SSC1,0.283097855451402,0.401156116057582,-0.145843716173324,0.00607237696304768,TWI,SSC,1,,1,,MMDGBFD,
2020-08-11,2020-08-26,warm,TWI.MMDGBFD.res1.SSC1,0.111958492947042,0.129938586762361,-0.656697718481282,-0.594028511484068,TWI,SSC,1,,1,,MMDGBFD,
2020-09-01,2020-09-20,warm,TWI.MMDGBFD.res1.SSC1,0.0742373302140572,0.175430085164421,-0.735568239503057,-0.348731235299964,TWI,SSC,1,,1,,MMDGBFD,
2020-09-27,2020-10-17,cool,TWI.MMDGBFD.res1.SSC1,0.0607499489200733,0.127614546957746,-0.618689185888637,-0.414704512490188,TWI,SSC,1,,1,,MMDGBFD,
2021-03-25,2021-04-06,cool,TWI.MMDGBFD.res1.SSC1,0.438497007933699,0.484241623985516,0.386284137794358,0.393382589664143,TWI,SSC,1,,1,,MMDGBFD,
2021-09-05,2021-09-20,warm,TWI.MMDGBFD.res1.SSC1,0.0589250945119224,0.333570002660659,-0.47591324862224,0.0915421495677108,TWI,SSC,1,,1,,MMDGBFD,
2017-08-27,2017-09-16,warm,TWI.MMDGBFD.res1.SSC10,0.741611805165855,0.741775505584955,0.499231371091503,0.462867931608379,TWI,SSC,1,,10,,MMDGBFD,
2017-11-29,2017-12-14,cool,TWI.MMDGBFD.res1.SSC10,0.479583355400613,0.629892258807297,0.308391774336697,0.421865754708157,TWI,SSC,1,,10,,MMDGBFD,
2017-12-22,2018-01-20,cool,TWI.MMDGBFD.res1.SSC10,0.535513278239794,0.594703046864275,0.472927113161603,0.487846623084738,TWI,SSC,1,,10,,MMDGBFD,
2018-05-25,2018-06-07,warm,TWI.MMDGBFD.res1.SSC10,0.40699412157462,0.410464439868953,0.162962436004013,0.100661080383009,TWI,SSC,1,,10,,MMDGBFD,
2019-03-30,2019-04-12,cool,TWI.MMDGBFD.res1.SSC10,0.551419214890901,0.64168666585434,0.393482628170953,0.426001233695234,TWI,SSC,1,,10,,MMDGBFD,
2019-08-23,2019-09-13,warm,TWI.MMDGBFD.res1.SSC10,0.533166251920645,0.614202822464342,0.258931267533182,0.310594378535664,TWI,SSC,1,,10,,MMDGBFD,
2020-08-11,2020-08-26,warm,TWI.MMDGBFD.res1.SSC10,0.457282555065873,0.467265494576916,0.371069189900192,0.356185834130351,TWI,SSC,1,,10,,MMDGBFD,
2020-09-01,2020-09-20,warm,TWI.MMDGBFD.res1.SSC10,0.362608256593808,0.398876407216109,0.244753273383856,0.255472439024856,TWI,SSC,1,,10,,MMDGBFD,
2020-09-27,2020-10-17,cool,TWI.MMDGBFD.res1.SSC10,0.189299417537596,0.230043243665912,-0.0211810891628233,-0.0513809080179406,TWI,SSC,1,,10,,MMDGBFD,
2021-03-25,2021-04-06,cool,TWI.MMDGBFD.res1.SSC10,0.337927544914645,0.398751552250072,0.243448200796767,0.240742425184417,TWI,SSC,1,,10,,MMDGBFD,
2021-09-05,2021-09-20,warm,TWI.MMDGBFD.res1.SSC10,0.368974775970998,0.461633859079831,0.248826612671312,0.289303484953746,TWI,SSC,1,,10,,MMDGBFD,
2017-08-27,2017-09-16,warm,TWI.MMDGBFD.res1.SSC2,0.528730211036087,0.528815573883528,0.273498747735067,0.253424569899406,TWI,SSC,1,,2,,MMDGBFD,
2017-11-29,2017-12-14,cool,TWI.MMDGBFD.res1.SSC2,0.41469982734371,0.601837545849257,0.0608680926112552,0.425871278880026,TWI,SSC,1,,2,,MMDGBFD,
2017-12-22,2018-01-20,cool,TWI.MMDGBFD.res1.SSC2,0.534520066427686,0.591063340211426,0.447745117089248,0.465057939415907,TWI,SSC,1,,2,,MMDGBFD,
2018-05-25,2018-06-07,warm,TWI.MMDGBFD.res1.SSC2,0.52377196399889,0.526952629005824,0.450066497415218,0.40502680536464,TWI,SSC,1,,2,,MMDGBFD,
2019-03-30,2019-04-12,cool,TWI.MMDGBFD.res1.SSC2,0.615611646331838,0.672148920036983,0.480001947406079,0.502321716651275,TWI,SSC,1,,2,,MMDGBFD,
2019-08-23,2019-09-13,warm,TWI.MMDGBFD.res1.SSC2,0.196525097251409,0.375364877084738,-0.39875790592236,-0.027038867705354,TWI,SSC,1,,2,,MMDGBFD,
2020-08-11,2020-08-26,warm,TWI.MMDGBFD.res1.SSC2,0.169352638357253,0.186159214616888,-0.396145035853188,-0.350999199907245,TWI,SSC,1,,2,,MMDGBFD,
2020-09-01,2020-09-20,warm,TWI.MMDGBFD.res1.SSC2,0.113146444775768,0.203878055362298,-0.530341646085034,-0.18411551399297,TWI,SSC,1,,2,,MMDGBFD,
2020-09-27,2020-10-17,cool,TWI.MMDGBFD.res1.SSC2,0.0285685513063445,0.120274694541419,-0.649762465497985,-0.353077566370442,TWI,SSC,1,,2,,MMDGBFD,
2021-03-25,2021-04-06,cool,TWI.MMDGBFD.res1.SSC2,0.402389454311088,0.440705567106794,0.327446492934398,0.323859899333158,TWI,SSC,1,,2,,MMDGBFD,
2021-09-05,2021-09-20,warm,TWI.MMDGBFD.res1.SSC2,0.0640207991652622,0.332457969554881,-0.297936066071384,0.0878294486385911,TWI,SSC,1,,2,,MMDGBFD,
2017-08-27,2017-09-16,warm,TWI.MMDGBFD.res1.SSC3,0.588847397444945,0.58884783946818,0.310209697157432,0.287498854179048,TWI,SSC,1,,3,,MMDGBFD,
2017-11-29,2017-12-14,cool,TWI.MMDGBFD.res1.SSC3,0.451075591431356,0.637985157458067,0.294204941982094,0.492761775330832,TWI,SSC,1,,3,,MMDGBFD,
2017-12-22,2018-01-20,cool,TWI.MMDGBFD.res1.SSC3,0.543574049486436,0.603624878608612,0.457883443495004,0.477298295616692,TWI,SSC,1,,3,,MMDGBFD,
2018-05-25,2018-06-07,warm,TWI.MMDGBFD.res1.SSC3,0.438664539485652,0.444111717048228,0.290767714859669,0.213348678355137,TWI,SSC,1,,3,,MMDGBFD,
2019-03-30,2019-04-12,cool,TWI.MMDGBFD.res1.SSC3,0.61357115230715,0.685099871773344,0.487828816674009,0.509659205220685,TWI,SSC,1,,3,,MMDGBFD,
2019-08-23,2019-09-13,warm,TWI.MMDGBFD.res1.SSC3,0.453234475143437,0.572144794117115,-0.113502077627703,0.0815832251658359,TWI,SSC,1,,3,,MMDGBFD,
2020-08-11,2020-08-26,warm,TWI.MMDGBFD.res1.SSC3,0.200552329414017,0.213265822886862,-0.228179676343421,-0.224303964195915,TWI,SSC,1,,3,,MMDGBFD,
2020-09-01,2020-09-20,warm,TWI.MMDGBFD.res1.SSC3,0.124304530060167,0.208114461142133,-0.476930699491295,-0.19123889024127,TWI,SSC,1,,3,,MMDGBFD,
2020-09-27,2020-10-17,cool,TWI.MMDGBFD.res1.SSC3,0.0343968973172876,0.121184218096326,-0.600180821337211,-0.350699874562661,TWI,SSC,1,,3,,MMDGBFD,
2021-03-25,2021-04-06,cool,TWI.MMDGBFD.res1.SSC3,0.443735553197485,0.481456215258073,0.368720535945022,0.361890990929115,TWI,SSC,1,,3,,MMDGBFD,
2021-09-05,2021-09-20,warm,TWI.MMDGBFD.res1.SSC3,0.143452311733534,0.344289759428381,-0.150740923255809,0.086705597095241,TWI,SSC,1,,3,,MMDGBFD,
2017-08-27,2017-09-16,warm,TWI.MMDGBFD.res1.SSC4,0.670547415290786,0.670594718723482,0.38868714877528,0.364011125385519,TWI,SSC,1,,4,,MMDGBFD,
2017-11-29,2017-12-14,cool,TWI.MMDGBFD.res1.SSC4,0.494974946497452,0.672402956547715,0.379349656649616,0.541605467798389,TWI,SSC,1,,4,,MMDGBFD,
2017-12-22,2018-01-20,cool,TWI.MMDGBFD.res1.SSC4,0.571167942561352,0.63182438207001,0.502435212926804,0.525526725712141,TWI,SSC,1,,4,,MMDGBFD,
2018-05-25,2018-06-07,warm,TWI.MMDGBFD.res1.SSC4,0.459553643435037,0.464493036396742,0.296652789539772,0.236005988687537,TWI,SSC,1,,4,,MMDGBFD,
2019-03-30,2019-04-12,cool,TWI.MMDGBFD.res1.SSC4,0.651045218952822,0.725460874993415,0.502210534743443,0.52896347676947,TWI,SSC,1,,4,,MMDGBFD,
2019-08-23,2019-09-13,warm,TWI.MMDGBFD.res1.SSC4,0.511580839104549,0.60802872775356,0.186423162710466,0.25803156512963,TWI,SSC,1,,4,,MMDGBFD,
2020-08-11,2020-08-26,warm,TWI.MMDGBFD.res1.SSC4,0.291746895011775,0.303857781959509,0.12208935517097,0.110777506385594,TWI,SSC,1,,4,,MMDGBFD,
2020-09-01,2020-09-20,warm,TWI.MMDGBFD.res1.SSC4,0.203901940269588,0.266430095617228,-0.0342181635418719,0.0131183012298862,TWI,SSC,1,,4,,MMDGBFD,
2020-09-27,2020-10-17,cool,TWI.MMDGBFD.res1.SSC4,0.0326557881839951,0.129071733288407,-0.538514373476026,-0.289766905979799,TWI,SSC,1,,4,,MMDGBFD,
2021-03-25,2021-04-06,cool,TWI.MMDGBFD.res1.SSC4,0.454919921091948,0.49362834898801,0.388037460650615,0.382084372521036,TWI,SSC,1,,4,,MMDGBFD,
2021-09-05,2021-09-20,warm,TWI.MMDGBFD.res1.SSC4,0.242675331830924,0.38252116480512,0.0124280099343991,0.130209324344499,TWI,SSC,1,,4,,MMDGBFD,
2017-08-27,2017-09-16,warm,TWI.MMDGBFD.res1.SSC5,0.678062263339727,0.678077223038873,0.400299930039202,0.371336346072612,TWI,SSC,1,,5,,MMDGBFD,
2017-11-29,2017-12-14,cool,TWI.MMDGBFD.res1.SSC5,0.485679835379691,0.650415339735394,0.348930165689572,0.498166410308302,TWI,SSC,1,,5,,MMDGBFD,
2017-12-22,2018-01-20,cool,TWI.MMDGBFD.res1.SSC5,0.552287573757496,0.612449254855646,0.489092615131083,0.510418916007982,TWI,SSC,1,,5,,MMDGBFD,
2018-05-25,2018-06-07,warm,TWI.MMDGBFD.res1.SSC5,0.422209649128829,0.426834670894623,0.194226628193853,0.120304851816141,TWI,SSC,1,,5,,MMDGBFD,
2019-03-30,2019-04-12,cool,TWI.MMDGBFD.res1.SSC5,0.599498500898482,0.685408546915807,0.434751956706076,0.471308361462318,TWI,SSC,1,,5,,MMDGBFD,
2019-08-23,2019-09-13,warm,TWI.MMDGBFD.res1.SSC5,0.536397045507241,0.622951628513739,0.191887153733285,0.281973781286376,TWI,SSC,1,,5,,MMDGBFD,
2020-08-11,2020-08-26,warm,TWI.MMDGBFD.res1.SSC5,0.367946882801734,0.379503630745865,0.276809513509872,0.268958230477347,TWI,SSC,1,,5,,MMDGBFD,
2020-09-01,2020-09-20,warm,TWI.MMDGBFD.res1.SSC5,0.293483275983959,0.338992062859736,0.17588726230747,0.186192601154444,TWI,SSC,1,,5,,MMDGBFD,
2020-09-27,2020-10-17,cool,TWI.MMDGBFD.res1.SSC5,0.131040768582273,0.185177204990757,-0.126721891885768,-0.131311164905016,TWI,SSC,1,,5,,MMDGBFD,
2021-03-25,2021-04-06,cool,TWI.MMDGBFD.res1.SSC5,0.432162578986909,0.475636455790793,0.361447130647042,0.355927676372856,TWI,SSC,1,,5,,MMDGBFD,
2021-09-05,2021-09-20,warm,TWI.MMDGBFD.res1.SSC5,0.317793443414297,0.421141498606877,0.133774266687219,0.187576701807527,TWI,SSC,1,,5,,MMDGBFD,
2017-08-27,2017-09-16,warm,TWI.MMDGBFD.res1.SSC7,0.715943947140707,0.716020472007121,0.457926770955573,0.424773067773028,TWI,SSC,1,,7,,MMDGBFD,
2017-11-29,2017-12-14,cool,TWI.MMDGBFD.res1.SSC7,0.484574636533036,0.636696446988396,0.32663985092509,0.4535099988701,TWI,SSC,1,,7,,MMDGBFD,
2017-12-22,2018-01-20,cool,TWI.MMDGBFD.res1.SSC7,0.546984716037893,0.605785448768675,0.487843743914429,0.506167252365824,TWI,SSC,1,,7,,MMDGBFD,
2018-05-25,2018-06-07,warm,TWI.MMDGBFD.res1.SSC7,0.3838342050936,0.38779116929807,0.0999305565266099,0.0255862134110369,TWI,SSC,1,,7,,MMDGBFD,
2019-03-30,2019-04-12,cool,TWI.MMDGBFD.res1.SSC7,0.55908335912232,0.650865061021484,0.393252774291228,0.430898147642675,TWI,SSC,1,,7,,MMDGBFD,
2019-08-23,2019-09-13,warm,TWI.MMDGBFD.res1.SSC7,0.576266211432278,0.656310613952614,0.325953209282213,0.39626096671119,TWI,SSC,1,,7,,MMDGBFD,
2020-08-11,2020-08-26,warm,TWI.MMDGBFD.res1.SSC7,0.423518262372334,0.435964836322845,0.338311718284975,0.331612706133131,TWI,SSC,1,,7,,MMDGBFD,
2020-09-01,2020-09-20,warm,TWI.MMDGBFD.res1.SSC7,0.345626665719072,0.384227188988809,0.231773941470602,0.245990532558775,TWI,SSC,1,,7,,MMDGBFD,
2020-09-27,2020-10-17,cool,TWI.MMDGBFD.res1.SSC7,0.188452283009825,0.230140217447434,-0.0154470586928848,-0.0423614497830856,TWI,SSC,1,,7,,MMDGBFD,
2021-03-25,2021-04-06,cool,TWI.MMDGBFD.res1.SSC7,0.39869548208244,0.452139399265884,0.327564350093193,0.328783755929296,TWI,SSC,1,,7,,MMDGBFD,
2021-09-05,2021-09-20,warm,TWI.MMDGBFD.res1.SSC7,0.372858784365989,0.456329376673477,0.252389378610093,0.273648563305938,TWI,SSC,1,,7,,MMDGBFD,
2017-08-27,2017-09-16,warm,TWI.MMDGBFD.res10.NFNW,0.7244507416318,0.726764568398098,0.551813471232803,0.500487813675159,TWI,NFNW,10,,,,MMDGBFD,
2017-11-29,2017-12-14,cool,TWI.MMDGBFD.res10.NFNW,0.54614157756121,0.670106559857109,0.418931245249113,0.497836585946096,TWI,NFNW,10,,,,MMDGBFD,
2017-12-22,2018-01-20,cool,TWI.MMDGBFD.res10.NFNW,0.555304732791465,0.603268244581792,0.494116733355491,0.496231121706412,TWI,NFNW,10,,,,MMDGBFD,
2018-05-25,2018-06-07,warm,TWI.MMDGBFD.res10.NFNW,0.369554061329247,0.374145796450935,0.123169033024431,0.0524249726092375,TWI,NFNW,10,,,,MMDGBFD,
2019-03-30,2019-04-12,cool,TWI.MMDGBFD.res10.NFNW,0.552107645781489,0.663746898042469,0.38481270887517,0.458900355858744,TWI,NFNW,10,,,,MMDGBFD,
2019-08-23,2019-09-13,warm,TWI.MMDGBFD.res10.NFNW,0.561160155824844,0.621397998349104,0.319492903495022,0.341702631988558,TWI,NFNW,10,,,,MMDGBFD,
2020-08-11,2020-08-26,warm,TWI.MMDGBFD.res10.NFNW,0.501916264887762,0.506513592781784,0.435469100321458,0.414021865298768,TWI,NFNW,10,,,,MMDGBFD,
2020-09-01,2020-09-20,warm,TWI.MMDGBFD.res10.NFNW,0.383500212119167,0.409864953896861,0.27136365352749,0.262068846169136,TWI,NFNW,10,,,,MMDGBFD,
2020-09-27,2020-10-17,cool,TWI.MMDGBFD.res10.NFNW,0.195514112505046,0.229093523375232,-0.0330361040625421,-0.0650978364763199,TWI,NFNW,10,,,,MMDGBFD,
2021-03-25,2021-04-06,cool,TWI.MMDGBFD.res10.NFNW,0.379467673955268,0.446149316166453,0.29657687552953,0.319344608862128,TWI,NFNW,10,,,,MMDGBFD,
2021-09-05,2021-09-20,warm,TWI.MMDGBFD.res10.NFNW,0.372396524412969,0.469521840331608,0.274525442882758,0.332292015991848,TWI,NFNW,10,,,,MMDGBFD,
2017-08-27,2017-09-16,warm,TWI.MMDGBFD.res2.NFNW,0.692098560247119,0.693148668736809,0.414140993210951,0.391818655888076,TWI,NFNW,2,,,,MMDGBFD,
2017-11-29,2017-12-14,cool,TWI.MMDGBFD.res2.NFNW,0.49253466258097,0.631622543710577,0.337816757407036,0.464336051361197,TWI,NFNW,2,,,,MMDGBFD,
2017-12-22,2018-01-20,cool,TWI.MMDGBFD.res2.NFNW,0.606948096280094,0.642943336728037,0.548379947151175,0.552372737929798,TWI,NFNW,2,,,,MMDGBFD,
2018-05-25,2018-06-07,warm,TWI.MMDGBFD.res2.NFNW,0.473541738662979,0.481304884721785,0.365921811577795,0.317374963365009,TWI,NFNW,2,,,,MMDGBFD,
2019-03-30,2019-04-12,cool,TWI.MMDGBFD.res2.NFNW,0.558019033047331,0.664820008560479,0.423956870842355,0.493056068751725,TWI,NFNW,2,,,,MMDGBFD,
2019-08-23,2019-09-13,warm,TWI.MMDGBFD.res2.NFNW,0.447710520256465,0.541018380674977,0.293236082009492,0.300556578620356,TWI,NFNW,2,,,,MMDGBFD,
2020-08-11,2020-08-26,warm,TWI.MMDGBFD.res2.NFNW,0.21339379558837,0.225192539203735,-0.202805506253256,-0.200780450027405,TWI,NFNW,2,,,,MMDGBFD,
2020-09-01,2020-09-20,warm,TWI.MMDGBFD.res2.NFNW,0.13097013301617,0.206247971833357,-0.471061149160933,-0.230900619022674,TWI,NFNW,2,,,,MMDGBFD,
2020-09-27,2020-10-17,cool,TWI.MMDGBFD.res2.NFNW,0.0255933123629157,0.120914174634008,-0.621636832013772,-0.371716179623411,TWI,NFNW,2,,,,MMDGBFD,
2021-03-25,2021-04-06,cool,TWI.MMDGBFD.res2.NFNW,0.436866966038532,0.486351040968185,0.379996938112337,0.39136588199811,TWI,NFNW,2,,,,MMDGBFD,
2021-09-05,2021-09-20,warm,TWI.MMDGBFD.res2.NFNW,0.230842476170453,0.385821503220552,-0.0140075025845738,0.144361816104784,TWI,NFNW,2,,,,MMDGBFD,
2017-08-27,2017-09-16,warm,TWI.MMDGBFD.res3.NFNW,0.753200651526646,0.753632617718129,0.553640628109133,0.512908268277235,TWI,NFNW,3,,,,MMDGBFD,
2017-11-29,2017-12-14,cool,TWI.MMDGBFD.res3.NFNW,0.514644144800627,0.660337178224946,0.351098586205349,0.468131020742827,TWI,NFNW,3,,,,MMDGBFD,
2017-12-22,2018-01-20,cool,TWI.MMDGBFD.res3.NFNW,0.62584895644763,0.677510718905976,0.578723275350995,0.599172229040531,TWI,NFNW,3,,,,MMDGBFD,
2018-05-25,2018-06-07,warm,TWI.MMDGBFD.res3.NFNW,0.40269768529135,0.408321330781787,0.152128904817028,0.10663739699651,TWI,NFNW,3,,,,MMDGBFD,
2019-03-30,2019-04-12,cool,TWI.MMDGBFD.res3.NFNW,0.611631786333846,0.70619016614572,0.468055384266054,0.514467502727432,TWI,NFNW,3,,,,MMDGBFD,
2019-08-23,2019-09-13,warm,TWI.MMDGBFD.res3.NFNW,0.589503398098798,0.66114568271468,0.446050435917109,0.452479790302099,TWI,NFNW,3,,,,MMDGBFD,
2020-08-11,2020-08-26,warm,TWI.MMDGBFD.res3.NFNW,0.310569547744333,0.321571607674848,0.143280913652874,0.131139465759904,TWI,NFNW,3,,,,MMDGBFD,
2020-09-01,2020-09-20,warm,TWI.MMDGBFD.res3.NFNW,0.207256167039958,0.263845799032388,-0.0461689371732697,-0.0165914332811027,TWI,NFNW,3,,,,MMDGBFD,
2020-09-27,2020-10-17,cool,TWI.MMDGBFD.res3.NFNW,0.024731945102323,0.124965839074771,-0.677870951088037,-0.322175147483887,TWI,NFNW,3,,,,MMDGBFD,
2021-03-25,2021-04-06,cool,TWI.MMDGBFD.res3.NFNW,0.431040058050021,0.483476818448308,0.373230377623857,0.388997176098469,TWI,NFNW,3,,,,MMDGBFD,
2021-09-05,2021-09-20,warm,TWI.MMDGBFD.res3.NFNW,0.303921004032112,0.431248430289042,0.163788918064663,0.246542777804294,TWI,NFNW,3,,,,MMDGBFD,
2017-08-27,2017-09-16,warm,TWI.MMDGBFD.res4.NFNW,0.729360726069621,0.731208936022358,0.523393625622805,0.47669286060958,TWI,NFNW,4,,,,MMDGBFD,
2017-11-29,2017-12-14,cool,TWI.MMDGBFD.res4.NFNW,0.527695131135675,0.656912520108499,0.39963490882753,0.494416805375021,TWI,NFNW,4,,,,MMDGBFD,
2017-12-22,2018-01-20,cool,TWI.MMDGBFD.res4.NFNW,0.587651699441245,0.631527600531711,0.542734411417632,0.548096651602086,TWI,NFNW,4,,,,MMDGBFD,
2018-05-25,2018-06-07,warm,TWI.MMDGBFD.res4.NFNW,0.473054072992024,0.479367916817185,0.330285835133228,0.281782138045624,TWI,NFNW,4,,,,MMDGBFD,
2019-03-30,2019-04-12,cool,TWI.MMDGBFD.res4.NFNW,0.577318716903143,0.690880671582878,0.456512475385181,0.532485045754068,TWI,NFNW,4,,,,MMDGBFD,
2019-08-23,2019-09-13,warm,TWI.MMDGBFD.res4.NFNW,0.484622095165058,0.552263383265489,0.313135184591576,0.326989539759277,TWI,NFNW,4,,,,MMDGBFD,
2020-08-11,2020-08-26,warm,TWI.MMDGBFD.res4.NFNW,0.393034336567303,0.39927025094851,0.312507990504638,0.300857272674671,TWI,NFNW,4,,,,MMDGBFD,
2020-09-01,2020-09-20,warm,TWI.MMDGBFD.res4.NFNW,0.279740713740447,0.317038530785446,0.154666014343913,0.145664422030092,TWI,NFNW,4,,,,MMDGBFD,
2020-09-27,2020-10-17,cool,TWI.MMDGBFD.res4.NFNW,0.0878970016089939,0.1496437431661,-0.331703828501034,-0.240497359817547,TWI,NFNW,4,,,,MMDGBFD,
2021-03-25,2021-04-06,cool,TWI.MMDGBFD.res4.NFNW,0.417505029345809,0.473227381013805,0.354165316466633,0.366458864603847,TWI,NFNW,4,,,,MMDGBFD,
2021-09-05,2021-09-20,warm,TWI.MMDGBFD.res4.NFNW,0.349898316989903,0.45851301706756,0.193752251560988,0.255941145375485,TWI,NFNW,4,,,,MMDGBFD,
2017-08-27,2017-09-16,warm,TWI.MMDGBFD.res5.NFNW,0.764904051307587,0.765548565846568,0.593867999514773,0.551651050194214,TWI,NFNW,5,,,,MMDGBFD,
2017-11-29,2017-12-14,cool,TWI.MMDGBFD.res5.NFNW,0.531152707301383,0.666547710325278,0.372979477531573,0.48036427204738,TWI,NFNW,5,,,,MMDGBFD,
2017-12-22,2018-01-20,cool,TWI.MMDGBFD.res5.NFNW,0.615261129101045,0.666558114822185,0.567814900123378,0.590428577163217,TWI,NFNW,5,,,,MMDGBFD,
2018-05-25,2018-06-07,warm,TWI.MMDGBFD.res5.NFNW,0.39290146594266,0.396956563206969,0.146163618644108,0.0917009770020827,TWI,NFNW,5,,,,MMDGBFD,
2019-03-30,2019-04-12,cool,TWI.MMDGBFD.res5.NFNW,0.601851066145238,0.699200283394865,0.48104773913344,0.533300822621128,TWI,NFNW,5,,,,MMDGBFD,
2019-08-23,2019-09-13,warm,TWI.MMDGBFD.res5.NFNW,0.595248034696367,0.661678765638991,0.440816265905376,0.448452606713526,TWI,NFNW,5,,,,MMDGBFD,
2020-08-11,2020-08-26,warm,TWI.MMDGBFD.res5.NFNW,0.428245296138515,0.440170526480581,0.353306421563673,0.344017158537483,TWI,NFNW,5,,,,MMDGBFD,
2020-09-01,2020-09-20,warm,TWI.MMDGBFD.res5.NFNW,0.321329583285777,0.360056270375372,0.214291859740229,0.221663554775434,TWI,NFNW,5,,,,MMDGBFD,
2020-09-27,2020-10-17,cool,TWI.MMDGBFD.res5.NFNW,0.138167973709859,0.187836541270504,-0.121493100238881,-0.135650270317666,TWI,NFNW,5,,,,MMDGBFD,
2021-03-25,2021-04-06,cool,TWI.MMDGBFD.res5.NFNW,0.406476104991805,0.465409084909701,0.342900240576104,0.362244354874312,TWI,NFNW,5,,,,MMDGBFD,
2021-09-05,2021-09-20,warm,TWI.MMDGBFD.res5.NFNW,0.32096220209214,0.439778784079111,0.206107179236022,0.282638050157751,TWI,NFNW,5,,,,MMDGBFD,
2017-08-27,2017-09-16,warm,TWI.MMDGBFD.res7.NFNW,0.765680885398572,0.768232903386649,0.615548973813524,0.573696096744515,TWI,NFNW,7,,,,MMDGBFD,
2017-11-29,2017-12-14,cool,TWI.MMDGBFD.res7.NFNW,0.585499335502287,0.698549186586887,0.447534204480604,0.524144087790125,TWI,NFNW,7,,,,MMDGBFD,
2017-12-22,2018-01-20,cool,TWI.MMDGBFD.res7.NFNW,0.644193859169888,0.685134557247199,0.596097877827287,0.608221651179662,TWI,NFNW,7,,,,MMDGBFD,
2018-05-25,2018-06-07,warm,TWI.MMDGBFD.res7.NFNW,0.387983590237727,0.393472423269587,0.117344763268631,0.0645511560494373,TWI,NFNW,7,,,,MMDGBFD,
2019-03-30,2019-04-12,cool,TWI.MMDGBFD.res7.NFNW,0.564545651762887,0.673803085536827,0.430838360054143,0.497448292586912,TWI,NFNW,7,,,,MMDGBFD,
2019-08-23,2019-09-13,warm,TWI.MMDGBFD.res7.NFNW,0.637874700226696,0.694063748379796,0.48015873866014,0.480567863764904,TWI,NFNW,7,,,,MMDGBFD,
2020-08-11,2020-08-26,warm,TWI.MMDGBFD.res7.NFNW,0.461478341854657,0.471250615312973,0.399198824081575,0.380640105859011,TWI,NFNW,7,,,,MMDGBFD,
2020-09-01,2020-09-20,warm,TWI.MMDGBFD.res7.NFNW,0.349563051335686,0.383385410823518,0.250729606887565,0.250318685851263,TWI,NFNW,7,,,,MMDGBFD,
2020-09-27,2020-10-17,cool,TWI.MMDGBFD.res7.NFNW,0.166735654824776,0.208745134360144,-0.0572997016877834,-0.085502242014979,TWI,NFNW,7,,,,MMDGBFD,
2021-03-25,2021-04-06,cool,TWI.MMDGBFD.res7.NFNW,0.397371101179981,0.458679541347148,0.331126697554191,0.35498390195311,TWI,NFNW,7,,,,MMDGBFD,
2021-09-05,2021-09-20,warm,TWI.MMDGBFD.res7.NFNW,0.352738996631296,0.454869635163803,0.25963045942342,0.320502500862672,TWI,NFNW,7,,,,MMDGBFD,
2017-08-27,2017-09-16,warm,TWI.MTFD0.5.res1.gauss_0.5sigma,0.360750520634898,0.365901913609975,-0.233393453394266,-0.281290617366446,TWI,gauss,1,,,0.5,MTFD,0.5
2017-11-29,2017-12-14,cool,TWI.MTFD0.5.res1.gauss_0.5sigma,0.0185176738044332,0.315826152154602,-0.569906584897261,-0.162472133931213,TWI,gauss,1,,,0.5,MTFD,0.5
2017-12-22,2018-01-20,cool,TWI.MTFD0.5.res1.gauss_0.5sigma,0.288370089063175,0.341917373022881,-0.00302413822802202,-0.0350634326399749,TWI,gauss,1,,,0.5,MTFD,0.5
2018-05-25,2018-06-07,warm,TWI.MTFD0.5.res1.gauss_0.5sigma,0.164846789005826,0.169120919583386,-0.219178373718653,-0.43862383653386,TWI,gauss,1,,,0.5,MTFD,0.5
2019-03-30,2019-04-12,cool,TWI.MTFD0.5.res1.gauss_0.5sigma,0.522638968990899,0.583791686931247,0.327823847374354,0.395798670718584,TWI,gauss,1,,,0.5,MTFD,0.5
2019-08-23,2019-09-13,warm,TWI.MTFD0.5.res1.gauss_0.5sigma,0.0702167670746101,0.28437370265708,-0.568585939559607,-0.155008484472124,TWI,gauss,1,,,0.5,MTFD,0.5
2020-08-11,2020-08-26,warm,TWI.MTFD0.5.res1.gauss_0.5sigma,0.0394816545313178,0.0732111687690849,-0.703264328773284,-0.483319340091974,TWI,gauss,1,,,0.5,MTFD,0.5
2020-09-01,2020-09-20,warm,TWI.MTFD0.5.res1.gauss_0.5sigma,0.0665475365270517,0.197661330058418,-0.599078789936466,-0.159779938930544,TWI,gauss,1,,,0.5,MTFD,0.5
2020-09-27,2020-10-17,cool,TWI.MTFD0.5.res1.gauss_0.5sigma,0.0256840224971087,0.143274430121076,-0.692157193879477,-0.328945470202337,TWI,gauss,1,,,0.5,MTFD,0.5
2021-03-25,2021-04-06,cool,TWI.MTFD0.5.res1.gauss_0.5sigma,0.317990482000455,0.386729009850337,0.221093561582768,0.249495603033635,TWI,gauss,1,,,0.5,MTFD,0.5
2021-09-05,2021-09-20,warm,TWI.MTFD0.5.res1.gauss_0.5sigma,0.196619592594849,0.393188857175993,-0.000375361321718286,0.219206799779455,TWI,gauss,1,,,0.5,MTFD,0.5
2017-08-27,2017-09-16,warm,TWI.MTFD0.5.res1.gauss_1.0sigma,0.439234041861341,0.458849674769088,0.110372085438228,0.0927908580413434,TWI,gauss,1,,,1,MTFD,0.5
2017-11-29,2017-12-14,cool,TWI.MTFD0.5.res1.gauss_1.0sigma,0.194076820785999,0.364508363083267,-0.366900343340126,0.0111342298973192,TWI,gauss,1,,,1,MTFD,0.5
2017-12-22,2018-01-20,cool,TWI.MTFD0.5.res1.gauss_1.0sigma,0.395166181984919,0.41688100755049,0.260595179089272,0.219808141328079,TWI,gauss,1,,,1,MTFD,0.5
2018-05-25,2018-06-07,warm,TWI.MTFD0.5.res1.gauss_1.0sigma,0.40122301558817,0.40628528019229,0.246719646535649,0.179812118754012,TWI,gauss,1,,,1,MTFD,0.5
2019-03-30,2019-04-12,cool,TWI.MTFD0.5.res1.gauss_1.0sigma,0.528645800899105,0.613911838952435,0.333602306691482,0.429279983085139,TWI,gauss,1,,,1,MTFD,0.5
2019-08-23,2019-09-13,warm,TWI.MTFD0.5.res1.gauss_1.0sigma,0.0319414240389712,0.264649080607501,-0.621002657256777,-0.150642195559054,TWI,gauss,1,,,1,MTFD,0.5
2020-08-11,2020-08-26,warm,TWI.MTFD0.5.res1.gauss_1.0sigma,0.167359401722269,0.184226307885171,-0.374168694288507,-0.346247387324598,TWI,gauss,1,,,1,MTFD,0.5
2020-09-01,2020-09-20,warm,TWI.MTFD0.5.res1.gauss_1.0sigma,0.144198506025812,0.219940655174865,-0.265802833084384,-0.100938397744018,TWI,gauss,1,,,1,MTFD,0.5
2020-09-27,2020-10-17,cool,TWI.MTFD0.5.res1.gauss_1.0sigma,0.0133750535649171,0.123589195495964,-0.520032541770828,-0.306534079011411,TWI,gauss,1,,,1,MTFD,0.5
2021-03-25,2021-04-06,cool,TWI.MTFD0.5.res1.gauss_1.0sigma,0.371232262211285,0.436076941622452,0.300542174777676,0.332820911218184,TWI,gauss,1,,,1,MTFD,0.5
2021-09-05,2021-09-20,warm,TWI.MTFD0.5.res1.gauss_1.0sigma,0.0520083501046727,0.338838430675859,-0.435448903185811,0.142938216723249,TWI,gauss,1,,,1,MTFD,0.5
2017-08-27,2017-09-16,warm,TWI.MTFD0.5.res1.gauss_1.5sigma,0.441375166950345,0.443194739543078,0.154913704037585,0.129309702297072,TWI,gauss,1,,,1.5,MTFD,0.5
2017-11-29,2017-12-14,cool,TWI.MTFD0.5.res1.gauss_1.5sigma,0.281145344704387,0.483411543151202,-0.147186601283948,0.261933665205711,TWI,gauss,1,,,1.5,MTFD,0.5
2017-12-22,2018-01-20,cool,TWI.MTFD0.5.res1.gauss_1.5sigma,0.408135485529556,0.464326893320718,0.292870587382334,0.298890898108422,TWI,gauss,1,,,1.5,MTFD,0.5
2018-05-25,2018-06-07,warm,TWI.MTFD0.5.res1.gauss_1.5sigma,0.413680118538887,0.418631796778347,0.308562290839419,0.241814534384523,TWI,gauss,1,,,1.5,MTFD,0.5
2019-03-30,2019-04-12,cool,TWI.MTFD0.5.res1.gauss_1.5sigma,0.579994487526265,0.650028109763203,0.416026977384881,0.451090160417273,TWI,gauss,1,,,1.5,MTFD,0.5
2019-08-23,2019-09-13,warm,TWI.MTFD0.5.res1.gauss_1.5sigma,0.140474861618571,0.331454151750032,-0.470810437267989,-0.126192935261086,TWI,gauss,1,,,1.5,MTFD,0.5
2020-08-11,2020-08-26,warm,TWI.MTFD0.5.res1.gauss_1.5sigma,0.186764708102783,0.19626957085633,-0.277108313055756,-0.27636932642223,TWI,gauss,1,,,1.5,MTFD,0.5
2020-09-01,2020-09-20,warm,TWI.MTFD0.5.res1.gauss_1.5sigma,0.125242834238673,0.204852770663027,-0.409036526841308,-0.147870755916374,TWI,gauss,1,,,1.5,MTFD,0.5
2020-09-27,2020-10-17,cool,TWI.MTFD0.5.res1.gauss_1.5sigma,0.0258736495453016,0.120649122815657,-0.64023427834048,-0.323786048485728,TWI,gauss,1,,,1.5,MTFD,0.5
2021-03-25,2021-04-06,cool,TWI.MTFD0.5.res1.gauss_1.5sigma,0.402491647987794,0.444708201137018,0.31513432960316,0.31955889290485,TWI,gauss,1,,,1.5,MTFD,0.5
2021-09-05,2021-09-20,warm,TWI.MTFD0.5.res1.gauss_1.5sigma,0.0185522958280144,0.332306691998518,-0.33386392321826,0.0933452305230744,TWI,gauss,1,,,1.5,MTFD,0.5
2017-08-27,2017-09-16,warm,TWI.MTFD0.5.res1.gauss_2.0sigma,0.530809336970658,0.531029134888204,0.236438195314099,0.21497483423915,TWI,gauss,1,,,2,MTFD,0.5
2017-11-29,2017-12-14,cool,TWI.MTFD0.5.res1.gauss_2.0sigma,0.3752745482226,0.568183018958453,0.147752827123014,0.398855076100865,TWI,gauss,1,,,2,MTFD,0.5
2017-12-22,2018-01-20,cool,TWI.MTFD0.5.res1.gauss_2.0sigma,0.469892035571673,0.527882591235338,0.370322254406252,0.38223239606178,TWI,gauss,1,,,2,MTFD,0.5
2018-05-25,2018-06-07,warm,TWI.MTFD0.5.res1.gauss_2.0sigma,0.443860253113152,0.450020953606488,0.361310477795378,0.296086930635789,TWI,gauss,1,,,2,MTFD,0.5
2019-03-30,2019-04-12,cool,TWI.MTFD0.5.res1.gauss_2.0sigma,0.618734850306664,0.691525029161078,0.493024268460425,0.519279753423273,TWI,gauss,1,,,2,MTFD,0.5
2019-08-23,2019-09-13,warm,TWI.MTFD0.5.res1.gauss_2.0sigma,0.32853440881415,0.460273165636429,-0.395673840094716,-0.0931019080884391,TWI,gauss,1,,,2,MTFD,0.5
2020-08-11,2020-08-26,warm,TWI.MTFD0.5.res1.gauss_2.0sigma,0.196521707235619,0.205544926118982,-0.231715414271642,-0.240257974997089,TWI,gauss,1,,,2,MTFD,0.5
2020-09-01,2020-09-20,warm,TWI.MTFD0.5.res1.gauss_2.0sigma,0.127344014295364,0.204350920914633,-0.421482110768119,-0.173844720269718,TWI,gauss,1,,,2,MTFD,0.5
2020-09-27,2020-10-17,cool,TWI.MTFD0.5.res1.gauss_2.0sigma,0.0358925642452244,0.122414935196066,-0.592793515603601,-0.330472878677494,TWI,gauss,1,,,2,MTFD,0.5
2021-03-25,2021-04-06,cool,TWI.MTFD0.5.res1.gauss_2.0sigma,0.40901963957548,0.451451143205581,0.318718211119733,0.318342382702827,TWI,gauss,1,,,2,MTFD,0.5
2021-09-05,2021-09-20,warm,TWI.MTFD0.5.res1.gauss_2.0sigma,0.0317129206090264,0.332415042467528,-0.314737644953743,0.0691616107510972,TWI,gauss,1,,,2,MTFD,0.5
2017-08-27,2017-09-16,warm,TWI.MTFD0.5.res1.gauss_2.5sigma,0.545286151285994,0.545943237198542,0.260639039729158,0.236390696988675,TWI,gauss,1,,,2.5,MTFD,0.5
2017-11-29,2017-12-14,cool,TWI.MTFD0.5.res1.gauss_2.5sigma,0.420976200028152,0.596809398538126,0.257192340952073,0.437794177661838,TWI,gauss,1,,,2.5,MTFD,0.5
2017-12-22,2018-01-20,cool,TWI.MTFD0.5.res1.gauss_2.5sigma,0.471296413608295,0.522653381923383,0.382847592623365,0.383448802655861,TWI,gauss,1,,,2.5,MTFD,0.5
2018-05-25,2018-06-07,warm,TWI.MTFD0.5.res1.gauss_2.5sigma,0.451816216895497,0.461137619904399,0.35665234190144,0.288192378914734,TWI,gauss,1,,,2.5,MTFD,0.5
2019-03-30,2019-04-12,cool,TWI.MTFD0.5.res1.gauss_2.5sigma,0.599172688777367,0.688327764580906,0.4712036973549,0.51290353606223,TWI,gauss,1,,,2.5,MTFD,0.5
2019-08-23,2019-09-13,warm,TWI.MTFD0.5.res1.gauss_2.5sigma,0.365352599845946,0.467426533286892,-0.405368975060687,-0.179424175813244,TWI,gauss,1,,,2.5,MTFD,0.5
2020-08-11,2020-08-26,warm,TWI.MTFD0.5.res1.gauss_2.5sigma,0.19683009108996,0.203512694183171,-0.223683399319596,-0.248951409559248,TWI,gauss,1,,,2.5,MTFD,0.5
2020-09-01,2020-09-20,warm,TWI.MTFD0.5.res1.gauss_2.5sigma,0.125170248830456,0.197655620915449,-0.434206618484563,-0.201132987057946,TWI,gauss,1,,,2.5,MTFD,0.5
2020-09-27,2020-10-17,cool,TWI.MTFD0.5.res1.gauss_2.5sigma,0.0444793633210076,0.125968729669177,-0.530029888146428,-0.316952620640295,TWI,gauss,1,,,2.5,MTFD,0.5
2021-03-25,2021-04-06,cool,TWI.MTFD0.5.res1.gauss_2.5sigma,0.389711367420412,0.437417301984655,0.289448309252753,0.290535279952445,TWI,gauss,1,,,2.5,MTFD,0.5
2021-09-05,2021-09-20,warm,TWI.MTFD0.5.res1.gauss_2.5sigma,0.0737819328364076,0.335020177993122,-0.232479813326368,0.0442565828659963,TWI,gauss,1,,,2.5,MTFD,0.5
2017-08-27,2017-09-16,warm,TWI.MTFD0.5.res1.gauss_3.5sigma,0.518821466299889,0.521442186130981,0.256766692860033,0.227562260379696,TWI,gauss,1,,,3.5,MTFD,0.5
2017-11-29,2017-12-14,cool,TWI.MTFD0.5.res1.gauss_3.5sigma,0.459151425248644,0.611951019891814,0.350557124446574,0.463028361885863,TWI,gauss,1,,,3.5,MTFD,0.5
2017-12-22,2018-01-20,cool,TWI.MTFD0.5.res1.gauss_3.5sigma,0.462044280735475,0.510402547020145,0.376469477802552,0.368717526424163,TWI,gauss,1,,,3.5,MTFD,0.5
2018-05-25,2018-06-07,warm,TWI.MTFD0.5.res1.gauss_3.5sigma,0.437410344408169,0.448022832570247,0.301137784649808,0.212289181407295,TWI,gauss,1,,,3.5,MTFD,0.5
2019-03-30,2019-04-12,cool,TWI.MTFD0.5.res1.gauss_3.5sigma,0.590223531826165,0.685901670071335,0.449409925004942,0.494998414179873,TWI,gauss,1,,,3.5,MTFD,0.5
2019-08-23,2019-09-13,warm,TWI.MTFD0.5.res1.gauss_3.5sigma,0.418392966201567,0.499030830126087,-0.297610349135125,-0.152479995871397,TWI,gauss,1,,,3.5,MTFD,0.5
2020-08-11,2020-08-26,warm,TWI.MTFD0.5.res1.gauss_3.5sigma,0.273182746574942,0.276759918525582,0.117427996841371,0.0829157124054636,TWI,gauss,1,,,3.5,MTFD,0.5
2020-09-01,2020-09-20,warm,TWI.MTFD0.5.res1.gauss_3.5sigma,0.207884425101474,0.251684677554407,0.0290032168667382,0.0213796419130548,TWI,gauss,1,,,3.5,MTFD,0.5
2020-09-27,2020-10-17,cool,TWI.MTFD0.5.res1.gauss_3.5sigma,0.036436084311627,0.124828248378115,-0.303572315675499,-0.243396001767661,TWI,gauss,1,,,3.5,MTFD,0.5
2021-03-25,2021-04-06,cool,TWI.MTFD0.5.res1.gauss_3.5sigma,0.348826349263929,0.405490921016451,0.227457987721355,0.235429142968678,TWI,gauss,1,,,3.5,MTFD,0.5
2021-09-05,2021-09-20,warm,TWI.MTFD0.5.res1.gauss_3.5sigma,0.205200755934021,0.361711559533977,-0.0592176437635749,0.076612504281071,TWI,gauss,1,,,3.5,MTFD,0.5
2017-08-27,2017-09-16,warm,TWI.MTFD0.5.res1.gauss_5.0sigma,0.537010709455197,0.540191589538079,0.266976152054388,0.235997347244089,TWI,gauss,1,,,5,MTFD,0.5
2017-11-29,2017-12-14,cool,TWI.MTFD0.5.res1.gauss_5.0sigma,0.480364534938912,0.623344282417339,0.396136413826057,0.488801088270738,TWI,gauss,1,,,5,MTFD,0.5
2017-12-22,2018-01-20,cool,TWI.MTFD0.5.res1.gauss_5.0sigma,0.470507725426143,0.525499721296663,0.38639192426812,0.388865288906372,TWI,gauss,1,,,5,MTFD,0.5
2018-05-25,2018-06-07,warm,TWI.MTFD0.5.res1.gauss_5.0sigma,0.436038768018583,0.442960148585477,0.297492894209421,0.196233819188153,TWI,gauss,1,,,5,MTFD,0.5
2019-03-30,2019-04-12,cool,TWI.MTFD0.5.res1.gauss_5.0sigma,0.55313476049954,0.647079090001002,0.404496933882869,0.436798418872837,TWI,gauss,1,,,5,MTFD,0.5
2019-08-23,2019-09-13,warm,TWI.MTFD0.5.res1.gauss_5.0sigma,0.42748791052424,0.514769170767077,-0.128487540836711,-0.00220061247634463,TWI,gauss,1,,,5,MTFD,0.5
2020-08-11,2020-08-26,warm,TWI.MTFD0.5.res1.gauss_5.0sigma,0.434120039055679,0.436372157301265,0.310970721911038,0.293234482101825,TWI,gauss,1,,,5,MTFD,0.5
2020-09-01,2020-09-20,warm,TWI.MTFD0.5.res1.gauss_5.0sigma,0.373024438384931,0.394280124496649,0.215530258967313,0.204617206262666,TWI,gauss,1,,,5,MTFD,0.5
2020-09-27,2020-10-17,cool,TWI.MTFD0.5.res1.gauss_5.0sigma,0.201743317009446,0.229910724660961,-0.0574365392593081,-0.0785722276960767,TWI,gauss,1,,,5,MTFD,0.5
2021-03-25,2021-04-06,cool,TWI.MTFD0.5.res1.gauss_5.0sigma,0.300809390419084,0.364085186639933,0.170666108772233,0.181149732245581,TWI,gauss,1,,,5,MTFD,0.5
2021-09-05,2021-09-20,warm,TWI.MTFD0.5.res1.gauss_5.0sigma,0.305997775532059,0.407069696361733,0.0942971405059485,0.171815102056176,TWI,gauss,1,,,5,MTFD,0.5
2017-08-27,2017-09-16,warm,TWI.MTFD0.5.res1.NFNW,0.168279947676525,0.231983212688755,-0.399798635686067,-0.350990535652059,TWI,NFNW,1,,,,MTFD,0.5
2017-11-29,2017-12-14,cool,TWI.MTFD0.5.res1.NFNW,0.101118594151911,0.324290409698558,-0.415096277579408,-0.0427786301929957,TWI,NFNW,1,,,,MTFD,0.5
2017-12-22,2018-01-20,cool,TWI.MTFD0.5.res1.NFNW,0.0132998696472938,0.122942726588013,-0.76499543955668,-0.540718876704965,TWI,NFNW,1,,,,MTFD,0.5
2018-05-25,2018-06-07,warm,TWI.MTFD0.5.res1.NFNW,0.0610669650932121,0.0937312304886045,-0.484283544951402,-0.526511524072703,TWI,NFNW,1,,,,MTFD,0.5
2019-03-30,2019-04-12,cool,TWI.MTFD0.5.res1.NFNW,0.225424043373688,0.430099232339529,-0.466462964252522,-0.0032038658387904,TWI,NFNW,1,,,,MTFD,0.5
2019-08-23,2019-09-13,warm,TWI.MTFD0.5.res1.NFNW,0.231429260511641,0.316270369657492,-0.117350891408571,-0.0346297670001984,TWI,NFNW,1,,,,MTFD,0.5
2020-08-11,2020-08-26,warm,TWI.MTFD0.5.res1.NFNW,0.244569108290605,0.2484200963129,-0.0257269894472558,-0.032707195800505,TWI,NFNW,1,,,,MTFD,0.5
2020-09-01,2020-09-20,warm,TWI.MTFD0.5.res1.NFNW,0.163412963118859,0.202423542677727,-0.175510899022878,-0.138911140165477,TWI,NFNW,1,,,,MTFD,0.5
2020-09-27,2020-10-17,cool,TWI.MTFD0.5.res1.NFNW,0.132773601573188,0.165368005388392,-0.257027917725219,-0.208570597604365,TWI,NFNW,1,,,,MTFD,0.5
2021-03-25,2021-04-06,cool,TWI.MTFD0.5.res1.NFNW,0.217625864360708,0.30719170239417,-0.0371427307488543,0.0787115569136658,TWI,NFNW,1,,,,MTFD,0.5
2021-09-05,2021-09-20,warm,TWI.MTFD0.5.res1.NFNW,0.115964354753727,0.366899064636831,-0.121399130796904,0.198301717330014,TWI,NFNW,1,,,,MTFD,0.5
2017-08-27,2017-09-16,warm,TWI.MTFD0.5.res1.SSC1,0.0407063282082723,0.147984826391365,-0.809876222207472,-0.499552743897931,TWI,SSC,1,,1,,MTFD,0.5
2017-11-29,2017-12-14,cool,TWI.MTFD0.5.res1.SSC1,0.288070206267074,0.35301760124411,-0.0182675795766548,-0.0188730997592968,TWI,SSC,1,,1,,MTFD,0.5
2017-12-22,2018-01-20,cool,TWI.MTFD0.5.res1.SSC1,0.287226833094677,0.287698989059201,0.00524312338250641,-0.0997804378305348,TWI,SSC,1,,1,,MTFD,0.5
2018-05-25,2018-06-07,warm,TWI.MTFD0.5.res1.SSC1,0.120684329696388,0.169893363427411,-0.296052544257108,-0.313842282781868,TWI,SSC,1,,1,,MTFD,0.5
2019-03-30,2019-04-12,cool,TWI.MTFD0.5.res1.SSC1,0.152637494729278,0.486608743519392,-0.578100400005202,0.163152381879027,TWI,SSC,1,,1,,MTFD,0.5
2019-08-23,2019-09-13,warm,TWI.MTFD0.5.res1.SSC1,0.0256626386596947,0.253034946305034,-0.656139388513701,-0.151435453382833,TWI,SSC,1,,1,,MTFD,0.5
2020-08-11,2020-08-26,warm,TWI.MTFD0.5.res1.SSC1,0.0740371679505818,0.08110356010642,-0.535256336128521,-0.504594028921734,TWI,SSC,1,,1,,MTFD,0.5
2020-09-01,2020-09-20,warm,TWI.MTFD0.5.res1.SSC1,0.000177907454452943,0.14976578869153,-0.765258898427822,-0.328692296681951,TWI,SSC,1,,1,,MTFD,0.5
2020-09-27,2020-10-17,cool,TWI.MTFD0.5.res1.SSC1,0.0502224814743945,0.143892288805268,-0.565713742666945,-0.317652036813519,TWI,SSC,1,,1,,MTFD,0.5
2021-03-25,2021-04-06,cool,TWI.MTFD0.5.res1.SSC1,0.251141398306724,0.379598368674958,0.0953485545476688,0.212097181499441,TWI,SSC,1,,1,,MTFD,0.5
2021-09-05,2021-09-20,warm,TWI.MTFD0.5.res1.SSC1,0.0806085598598111,0.333131566942886,-0.331588888206484,0.140842286889067,TWI,SSC,1,,1,,MTFD,0.5
2017-08-27,2017-09-16,warm,TWI.MTFD0.5.res1.SSC10,0.597178685892826,0.599891837642405,0.313390618621951,0.275365563393971,TWI,SSC,1,,10,,MTFD,0.5
2017-11-29,2017-12-14,cool,TWI.MTFD0.5.res1.SSC10,0.468773135691081,0.607916942737034,0.351808901689578,0.433001831927156,TWI,SSC,1,,10,,MTFD,0.5
2017-12-22,2018-01-20,cool,TWI.MTFD0.5.res1.SSC10,0.44633525178975,0.501031648140226,0.361298061892207,0.34659596450106,TWI,SSC,1,,10,,MTFD,0.5
2018-05-25,2018-06-07,warm,TWI.MTFD0.5.res1.SSC10,0.426539617295819,0.433085650904111,0.243344411118007,0.142589673854161,TWI,SSC,1,,10,,MTFD,0.5
2019-03-30,2019-04-12,cool,TWI.MTFD0.5.res1.SSC10,0.457800915904193,0.576545797568811,0.272335122553196,0.325842124715971,TWI,SSC,1,,10,,MTFD,0.5
2019-08-23,2019-09-13,warm,TWI.MTFD0.5.res1.SSC10,0.407350631841814,0.49324494416746,-0.15303952017809,-0.00156784067662213,TWI,SSC,1,,10,,MTFD,0.5
2020-08-11,2020-08-26,warm,TWI.MTFD0.5.res1.SSC10,0.460496774726238,0.461852852602707,0.35994741301555,0.342681435059475,TWI,SSC,1,,10,,MTFD,0.5
2020-09-01,2020-09-20,warm,TWI.MTFD0.5.res1.SSC10,0.390520878229373,0.41035936702584,0.248748066118665,0.235574806979707,TWI,SSC,1,,10,,MTFD,0.5
2020-09-27,2020-10-17,cool,TWI.MTFD0.5.res1.SSC10,0.228437451117129,0.252888556836037,-0.02707960663625,-0.0564830141917309,TWI,SSC,1,,10,,MTFD,0.5
2021-03-25,2021-04-06,cool,TWI.MTFD0.5.res1.SSC10,0.306319486159098,0.369730537259777,0.170743332710925,0.17557293157666,TWI,SSC,1,,10,,MTFD,0.5
2021-09-05,2021-09-20,warm,TWI.MTFD0.5.res1.SSC10,0.370599077319287,0.461083196779604,0.0763006820537366,0.121665573366028,TWI,SSC,1,,10,,MTFD,0.5
2017-08-27,2017-09-16,warm,TWI.MTFD0.5.res1.SSC2,0.366690359659082,0.368231174944632,0.0590255336104353,0.0225216998911025,TWI,SSC,1,,2,,MTFD,0.5
2017-11-29,2017-12-14,cool,TWI.MTFD0.5.res1.SSC2,0.172780951717534,0.417933636592719,-0.525530887121912,0.115338189606472,TWI,SSC,1,,2,,MTFD,0.5
2017-12-22,2018-01-20,cool,TWI.MTFD0.5.res1.SSC2,0.377085157470241,0.444548004345985,0.248611298018344,0.269983231808903,TWI,SSC,1,,2,,MTFD,0.5
2018-05-25,2018-06-07,warm,TWI.MTFD0.5.res1.SSC2,0.425113833481739,0.426124493902827,0.261430728445114,0.203872438629866,TWI,SSC,1,,2,,MTFD,0.5
2019-03-30,2019-04-12,cool,TWI.MTFD0.5.res1.SSC2,0.584733212653946,0.637767616471347,0.398556174469642,0.445071136876302,TWI,SSC,1,,2,,MTFD,0.5
2019-08-23,2019-09-13,warm,TWI.MTFD0.5.res1.SSC2,0.0376906160261299,0.254191755025978,-0.628573820509536,-0.139261492040116,TWI,SSC,1,,2,,MTFD,0.5
2020-08-11,2020-08-26,warm,TWI.MTFD0.5.res1.SSC2,0.157696527802478,0.176363976169392,-0.399899347698518,-0.366655751341001,TWI,SSC,1,,2,,MTFD,0.5
2020-09-01,2020-09-20,warm,TWI.MTFD0.5.res1.SSC2,0.122078269898547,0.212871413975244,-0.389050791946373,-0.118147115355379,TWI,SSC,1,,2,,MTFD,0.5
2020-09-27,2020-10-17,cool,TWI.MTFD0.5.res1.SSC2,0.00254311541912264,0.122144487646295,-0.62288365071543,-0.307788969774584,TWI,SSC,1,,2,,MTFD,0.5
2021-03-25,2021-04-06,cool,TWI.MTFD0.5.res1.SSC2,0.354125457632007,0.399446061123072,0.276573210501667,0.278752261722274,TWI,SSC,1,,2,,MTFD,0.5
2021-09-05,2021-09-20,warm,TWI.MTFD0.5.res1.SSC2,0.071646294883079,0.344883156463285,-0.313444949749796,0.151964433162368,TWI,SSC,1,,2,,MTFD,0.5
2017-08-27,2017-09-16,warm,TWI.MTFD0.5.res1.SSC3,0.445838743769236,0.446141920922653,0.163301306281605,0.132074935527327,TWI,SSC,1,,3,,MTFD,0.5
2017-11-29,2017-12-14,cool,TWI.MTFD0.5.res1.SSC3,0.240423496002476,0.472569363802612,-0.442780188062302,0.138685720482131,TWI,SSC,1,,3,,MTFD,0.5
2017-12-22,2018-01-20,cool,TWI.MTFD0.5.res1.SSC3,0.399966667652926,0.471505670004905,0.286337918391917,0.306134301698676,TWI,SSC,1,,3,,MTFD,0.5
2018-05-25,2018-06-07,warm,TWI.MTFD0.5.res1.SSC3,0.41631796482113,0.420515221107798,0.317901674642073,0.249130181385901,TWI,SSC,1,,3,,MTFD,0.5
2019-03-30,2019-04-12,cool,TWI.MTFD0.5.res1.SSC3,0.571708908964383,0.639803987645636,0.415330479196748,0.439421097849956,TWI,SSC,1,,3,,MTFD,0.5
2019-08-23,2019-09-13,warm,TWI.MTFD0.5.res1.SSC3,0.175249122232284,0.35153325153971,-0.466451710330527,-0.163316991842682,TWI,SSC,1,,3,,MTFD,0.5
2020-08-11,2020-08-26,warm,TWI.MTFD0.5.res1.SSC3,0.119966215341589,0.13009246748264,-0.697417348486054,-0.636053927249422,TWI,SSC,1,,3,,MTFD,0.5
2020-09-01,2020-09-20,warm,TWI.MTFD0.5.res1.SSC3,0.0659036323925786,0.169299957214266,-0.758755777957958,-0.335333223238353,TWI,SSC,1,,3,,MTFD,0.5
2020-09-27,2020-10-17,cool,TWI.MTFD0.5.res1.SSC3,0.0815903896967087,0.13723923546352,-0.419159912836543,-0.315724144864024,TWI,SSC,1,,3,,MTFD,0.5
2021-03-25,2021-04-06,cool,TWI.MTFD0.5.res1.SSC3,0.351973588093868,0.40400633028796,0.270308752763981,0.271213709585467,TWI,SSC,1,,3,,MTFD,0.5
2021-09-05,2021-09-20,warm,TWI.MTFD0.5.res1.SSC3,0.0519113011100647,0.339874047258111,-0.388787674365365,0.132357852759683,TWI,SSC,1,,3,,MTFD,0.5
2017-08-27,2017-09-16,warm,TWI.MTFD0.5.res1.SSC4,0.57105861202129,0.571536685531967,0.278168630619556,0.257313351392552,TWI,SSC,1,,4,,MTFD,0.5
2017-11-29,2017-12-14,cool,TWI.MTFD0.5.res1.SSC4,0.388625038878622,0.606450022740599,0.183918018865671,0.446857223486157,TWI,SSC,1,,4,,MTFD,0.5
2017-12-22,2018-01-20,cool,TWI.MTFD0.5.res1.SSC4,0.515268546368119,0.590243085725503,0.419464196137527,0.452002995067118,TWI,SSC,1,,4,,MTFD,0.5
2018-05-25,2018-06-07,warm,TWI.MTFD0.5.res1.SSC4,0.454323579351438,0.45707694494155,0.36428296646466,0.301116377259135,TWI,SSC,1,,4,,MTFD,0.5
2019-03-30,2019-04-12,cool,TWI.MTFD0.5.res1.SSC4,0.649158985451316,0.709152051278771,0.545593020054249,0.551959399558465,TWI,SSC,1,,4,,MTFD,0.5
2019-08-23,2019-09-13,warm,TWI.MTFD0.5.res1.SSC4,0.39202531815855,0.533325198994527,0.0135015911284154,0.17645895633115,TWI,SSC,1,,4,,MTFD,0.5
2020-08-11,2020-08-26,warm,TWI.MTFD0.5.res1.SSC4,0.21815421079054,0.230722585688734,-0.124046687634694,-0.127828659796256,TWI,SSC,1,,4,,MTFD,0.5
2020-09-01,2020-09-20,warm,TWI.MTFD0.5.res1.SSC4,0.145191142603968,0.225018785881335,-0.316295218665637,-0.122214396525485,TWI,SSC,1,,4,,MTFD,0.5
2020-09-27,2020-10-17,cool,TWI.MTFD0.5.res1.SSC4,0.0100772591991011,0.120474431117724,-0.625206254147693,-0.330485625435971,TWI,SSC,1,,4,,MTFD,0.5
2021-03-25,2021-04-06,cool,TWI.MTFD0.5.res1.SSC4,0.437538018457259,0.473895631582109,0.360183230572954,0.353427369938096,TWI,SSC,1,,4,,MTFD,0.5
2021-09-05,2021-09-20,warm,TWI.MTFD0.5.res1.SSC4,0.00899100697979779,0.332602350815247,-0.374329655260265,0.0834211336263002,TWI,SSC,1,,4,,MTFD,0.5
2017-08-27,2017-09-16,warm,TWI.MTFD0.5.res1.SSC5,0.601090497826001,0.601355746270298,0.311927289582129,0.286044539193848,TWI,SSC,1,,5,,MTFD,0.5
2017-11-29,2017-12-14,cool,TWI.MTFD0.5.res1.SSC5,0.458753062478118,0.629966738350173,0.313068199360901,0.478584100839996,TWI,SSC,1,,5,,MTFD,0.5
2017-12-22,2018-01-20,cool,TWI.MTFD0.5.res1.SSC5,0.503523736099211,0.557567465919981,0.427406562974413,0.43419779757814,TWI,SSC,1,,5,,MTFD,0.5
2018-05-25,2018-06-07,warm,TWI.MTFD0.5.res1.SSC5,0.447062114719532,0.455083423577179,0.299969545086833,0.223520349015702,TWI,SSC,1,,5,,MTFD,0.5
2019-03-30,2019-04-12,cool,TWI.MTFD0.5.res1.SSC5,0.560422161016368,0.661576647841827,0.434457050684578,0.484846306817367,TWI,SSC,1,,5,,MTFD,0.5
2019-08-23,2019-09-13,warm,TWI.MTFD0.5.res1.SSC5,0.429803767431755,0.523267666212981,-0.312095323067578,-0.099388650187633,TWI,SSC,1,,5,,MTFD,0.5
2020-08-11,2020-08-26,warm,TWI.MTFD0.5.res1.SSC5,0.250990742338806,0.258552699352055,0.0243197718464363,-0.00361624804454243,TWI,SSC,1,,5,,MTFD,0.5
2020-09-01,2020-09-20,warm,TWI.MTFD0.5.res1.SSC5,0.180214683415091,0.238712975241228,-0.101177481546189,-0.0524696665096685,TWI,SSC,1,,5,,MTFD,0.5
2020-09-27,2020-10-17,cool,TWI.MTFD0.5.res1.SSC5,0.0153551081414173,0.122137894705296,-0.538353230968753,-0.298659442852254,TWI,SSC,1,,5,,MTFD,0.5
2021-03-25,2021-04-06,cool,TWI.MTFD0.5.res1.SSC5,0.411446838501117,0.454879769499833,0.323194038144298,0.317334988127015,TWI,SSC,1,,5,,MTFD,0.5
2021-09-05,2021-09-20,warm,TWI.MTFD0.5.res1.SSC5,0.111023015286076,0.342277887598254,-0.223786985769817,0.0314079288849617,TWI,SSC,1,,5,,MTFD,0.5
2017-08-27,2017-09-16,warm,TWI.MTFD0.5.res1.SSC7,0.580644048830403,0.581912557159259,0.295026370067951,0.264738460482597,TWI,SSC,1,,7,,MTFD,0.5
2017-11-29,2017-12-14,cool,TWI.MTFD0.5.res1.SSC7,0.474817006972472,0.625003228851207,0.369406832219075,0.476271583601962,TWI,SSC,1,,7,,MTFD,0.5
2017-12-22,2018-01-20,cool,TWI.MTFD0.5.res1.SSC7,0.487062335734537,0.536874291407922,0.409823934090908,0.405752776332927,TWI,SSC,1,,7,,MTFD,0.5
2018-05-25,2018-06-07,warm,TWI.MTFD0.5.res1.SSC7,0.430193576068645,0.438672556732955,0.248928953950451,0.159721559975013,TWI,SSC,1,,7,,MTFD,0.5
2019-03-30,2019-04-12,cool,TWI.MTFD0.5.res1.SSC7,0.55341669879229,0.658764199142379,0.389945867071729,0.443301672974861,TWI,SSC,1,,7,,MTFD,0.5
2019-08-23,2019-09-13,warm,TWI.MTFD0.5.res1.SSC7,0.492431685909697,0.564631217628126,-0.0211518349499181,0.0717728737267305,TWI,SSC,1,,7,,MTFD,0.5
2020-08-11,2020-08-26,warm,TWI.MTFD0.5.res1.SSC7,0.337917405844106,0.342333010394313,0.228570705493466,0.201388643003,TWI,SSC,1,,7,,MTFD,0.5
2020-09-01,2020-09-20,warm,TWI.MTFD0.5.res1.SSC7,0.262689398327157,0.299148577392928,0.126789135664943,0.111218939761801,TWI,SSC,1,,7,,MTFD,0.5
2020-09-27,2020-10-17,cool,TWI.MTFD0.5.res1.SSC7,0.0964132887704869,0.153194365030333,-0.174174307102777,-0.17826955887536,TWI,SSC,1,,7,,MTFD,0.5
2021-03-25,2021-04-06,cool,TWI.MTFD0.5.res1.SSC7,0.341641510365487,0.401121996575404,0.221031076226755,0.227776572949863,TWI,SSC,1,,7,,MTFD,0.5
2021-09-05,2021-09-20,warm,TWI.MTFD0.5.res1.SSC7,0.310330034899027,0.409647157464641,0.119696501018018,0.180799776301702,TWI,SSC,1,,7,,MTFD,0.5
2017-08-27,2017-09-16,warm,TWI.MTFD0.5.res10.NFNW,0.753437236512703,0.755239646682913,0.592506739050521,0.543636298649998,TWI,NFNW,10,,,,MTFD,0.5
2017-11-29,2017-12-14,cool,TWI.MTFD0.5.res10.NFNW,0.56723821856733,0.689425370478247,0.433344704520627,0.517638057351099,TWI,NFNW,10,,,,MTFD,0.5
2017-12-22,2018-01-20,cool,TWI.MTFD0.5.res10.NFNW,0.631072011509858,0.678811549611729,0.589365243772761,0.603226449387921,TWI,NFNW,10,,,,MTFD,0.5
2018-05-25,2018-06-07,warm,TWI.MTFD0.5.res10.NFNW,0.368519768585192,0.374044069014594,0.100869758129701,0.0424305370692606,TWI,NFNW,10,,,,MTFD,0.5
2019-03-30,2019-04-12,cool,TWI.MTFD0.5.res10.NFNW,0.563524789968793,0.673285827121535,0.422840613112068,0.493032341175285,TWI,NFNW,10,,,,MTFD,0.5
2019-08-23,2019-09-13,warm,TWI.MTFD0.5.res10.NFNW,0.620160799697651,0.680643743316617,0.441116591472191,0.448453386403669,TWI,NFNW,10,,,,MTFD,0.5
2020-08-11,2020-08-26,warm,TWI.MTFD0.5.res10.NFNW,0.506720539157298,0.515701539287714,0.44143225351193,0.424793596518695,TWI,NFNW,10,,,,MTFD,0.5
2020-09-01,2020-09-20,warm,TWI.MTFD0.5.res10.NFNW,0.381134605225919,0.412698901312808,0.276397273909978,0.27714047880844,TWI,NFNW,10,,,,MTFD,0.5
2020-09-27,2020-10-17,cool,TWI.MTFD0.5.res10.NFNW,0.187674127323531,0.226150773708598,-0.0243266446908846,-0.0536264870945899,TWI,NFNW,10,,,,MTFD,0.5
2021-03-25,2021-04-06,cool,TWI.MTFD0.5.res10.NFNW,0.395960603922884,0.458007430996249,0.326459932929832,0.346225697806219,TWI,NFNW,10,,,,MTFD,0.5
2021-09-05,2021-09-20,warm,TWI.MTFD0.5.res10.NFNW,0.3326216147007,0.444889094787304,0.22169827333054,0.294304377588986,TWI,NFNW,10,,,,MTFD,0.5
2017-08-27,2017-09-16,warm,TWI.MTFD0.5.res2.NFNW,0.504514608918096,0.504602520059881,0.209003124139231,0.188878085838612,TWI,NFNW,2,,,,MTFD,0.5
2017-11-29,2017-12-14,cool,TWI.MTFD0.5.res2.NFNW,0.273069800715942,0.494232496692535,-0.297922498390054,0.204293655142947,TWI,NFNW,2,,,,MTFD,0.5
2017-12-22,2018-01-20,cool,TWI.MTFD0.5.res2.NFNW,0.4458698920161,0.508951491708248,0.351596670670854,0.370619525386394,TWI,NFNW,2,,,,MTFD,0.5
2018-05-25,2018-06-07,warm,TWI.MTFD0.5.res2.NFNW,0.5069500551476,0.509357920578978,0.398092536975008,0.352987025478207,TWI,NFNW,2,,,,MTFD,0.5
2019-03-30,2019-04-12,cool,TWI.MTFD0.5.res2.NFNW,0.509179141504198,0.59120970858193,0.334487571088484,0.407351421837299,TWI,NFNW,2,,,,MTFD,0.5
2019-08-23,2019-09-13,warm,TWI.MTFD0.5.res2.NFNW,0.0432371425003376,0.272919717503483,-0.637091035660954,-0.0993540705249806,TWI,NFNW,2,,,,MTFD,0.5
2020-08-11,2020-08-26,warm,TWI.MTFD0.5.res2.NFNW,0.201533327457579,0.219598352058907,-0.174627107753568,-0.140825954243367,TWI,NFNW,2,,,,MTFD,0.5
2020-09-01,2020-09-20,warm,TWI.MTFD0.5.res2.NFNW,0.144003275254182,0.226102042023469,-0.280567948184667,-0.0896977547412091,TWI,NFNW,2,,,,MTFD,0.5
2020-09-27,2020-10-17,cool,TWI.MTFD0.5.res2.NFNW,0.00666962696706256,0.123414471059822,-0.582050608434305,-0.308005023437041,TWI,NFNW,2,,,,MTFD,0.5
2021-03-25,2021-04-06,cool,TWI.MTFD0.5.res2.NFNW,0.329992853702354,0.383834841455266,0.248626988877258,0.257087668739126,TWI,NFNW,2,,,,MTFD,0.5
2021-09-05,2021-09-20,warm,TWI.MTFD0.5.res2.NFNW,0.0292793803594089,0.332534788349088,-0.379365416218288,0.081617267060875,TWI,NFNW,2,,,,MTFD,0.5
2017-08-27,2017-09-16,warm,TWI.MTFD0.5.res3.NFNW,0.687140874457905,0.687389199991306,0.395603236118702,0.369769484885434,TWI,NFNW,3,,,,MTFD,0.5
2017-11-29,2017-12-14,cool,TWI.MTFD0.5.res3.NFNW,0.387649889386935,0.574471499891542,0.13178214528158,0.33407465527284,TWI,NFNW,3,,,,MTFD,0.5
2017-12-22,2018-01-20,cool,TWI.MTFD0.5.res3.NFNW,0.515317689312351,0.578666901533116,0.450764949065415,0.472580265871225,TWI,NFNW,3,,,,MTFD,0.5
2018-05-25,2018-06-07,warm,TWI.MTFD0.5.res3.NFNW,0.355824620786756,0.360453882066558,0.11354703051459,0.0369319627372655,TWI,NFNW,3,,,,MTFD,0.5
2019-03-30,2019-04-12,cool,TWI.MTFD0.5.res3.NFNW,0.53055953093995,0.621750073404978,0.383530510257745,0.424006578728066,TWI,NFNW,3,,,,MTFD,0.5
2019-08-23,2019-09-13,warm,TWI.MTFD0.5.res3.NFNW,0.462109316925838,0.57008388127498,-0.174380464417612,0.0871842299011301,TWI,NFNW,3,,,,MTFD,0.5
2020-08-11,2020-08-26,warm,TWI.MTFD0.5.res3.NFNW,0.228472420236019,0.242510992287241,-0.0987692345387355,-0.110893914728348,TWI,NFNW,3,,,,MTFD,0.5
2020-09-01,2020-09-20,warm,TWI.MTFD0.5.res3.NFNW,0.144016015890417,0.222261563773597,-0.34686032138368,-0.155784434771562,TWI,NFNW,3,,,,MTFD,0.5
2020-09-27,2020-10-17,cool,TWI.MTFD0.5.res3.NFNW,0.0127361837243724,0.120202987769,-0.518328125272764,-0.32486297515512,TWI,NFNW,3,,,,MTFD,0.5
2021-03-25,2021-04-06,cool,TWI.MTFD0.5.res3.NFNW,0.429944920948889,0.476006782184828,0.370736703509077,0.376336769338881,TWI,NFNW,3,,,,MTFD,0.5
2021-09-05,2021-09-20,warm,TWI.MTFD0.5.res3.NFNW,0.208372972915658,0.381527100627155,-0.08483578075989,0.0912478366430529,TWI,NFNW,3,,,,MTFD,0.5
2017-08-27,2017-09-16,warm,TWI.MTFD0.5.res4.NFNW,0.651755236022747,0.653152152305311,0.375032345786363,0.337899830807692,TWI,NFNW,4,,,,MTFD,0.5
2017-11-29,2017-12-14,cool,TWI.MTFD0.5.res4.NFNW,0.489618465204064,0.634803528598872,0.377662220016002,0.485804030364631,TWI,NFNW,4,,,,MTFD,0.5
2017-12-22,2018-01-20,cool,TWI.MTFD0.5.res4.NFNW,0.537706123418935,0.58534129635297,0.476214119002622,0.474400768293844,TWI,NFNW,4,,,,MTFD,0.5
2018-05-25,2018-06-07,warm,TWI.MTFD0.5.res4.NFNW,0.543358365820392,0.552221928046077,0.471312381131669,0.425006588083193,TWI,NFNW,4,,,,MTFD,0.5
2019-03-30,2019-04-12,cool,TWI.MTFD0.5.res4.NFNW,0.560699405316821,0.666002932213814,0.413405492316509,0.469011930887823,TWI,NFNW,4,,,,MTFD,0.5
2019-08-23,2019-09-13,warm,TWI.MTFD0.5.res4.NFNW,0.383552679901516,0.473712726750718,0.136164125490143,0.204512530471806,TWI,NFNW,4,,,,MTFD,0.5
2020-08-11,2020-08-26,warm,TWI.MTFD0.5.res4.NFNW,0.289997195765102,0.294666490802625,0.109159690307236,0.0779199400288785,TWI,NFNW,4,,,,MTFD,0.5
2020-09-01,2020-09-20,warm,TWI.MTFD0.5.res4.NFNW,0.194667389373847,0.245733909132894,-0.0726279657830497,-0.0504700778843037,TWI,NFNW,4,,,,MTFD,0.5
2020-09-27,2020-10-17,cool,TWI.MTFD0.5.res4.NFNW,0.00833630189953082,0.12057393554411,-0.647446184821274,-0.333423020878621,TWI,NFNW,4,,,,MTFD,0.5
2021-03-25,2021-04-06,cool,TWI.MTFD0.5.res4.NFNW,0.420803704712019,0.46375202502703,0.338248683410445,0.332795235082979,TWI,NFNW,4,,,,MTFD,0.5
2021-09-05,2021-09-20,warm,TWI.MTFD0.5.res4.NFNW,0.261389953240917,0.40572188586109,-0.0597677436032076,0.0539822164034414,TWI,NFNW,4,,,,MTFD,0.5
2017-08-27,2017-09-16,warm,TWI.MTFD0.5.res5.NFNW,0.750651875380836,0.750776937654971,0.527912242044498,0.492153286336053,TWI,NFNW,5,,,,MTFD,0.5
2017-11-29,2017-12-14,cool,TWI.MTFD0.5.res5.NFNW,0.522870429448131,0.670712837542927,0.37507290463552,0.490491729886815,TWI,NFNW,5,,,,MTFD,0.5
2017-12-22,2018-01-20,cool,TWI.MTFD0.5.res5.NFNW,0.615802025022004,0.672898307417922,0.566957895176674,0.593925155434546,TWI,NFNW,5,,,,MTFD,0.5
2018-05-25,2018-06-07,warm,TWI.MTFD0.5.res5.NFNW,0.433446448645561,0.437096729340306,0.200755267636183,0.150325666249317,TWI,NFNW,5,,,,MTFD,0.5
2019-03-30,2019-04-12,cool,TWI.MTFD0.5.res5.NFNW,0.613633230738719,0.701030984536903,0.470921638041325,0.507560614978905,TWI,NFNW,5,,,,MTFD,0.5
2019-08-23,2019-09-13,warm,TWI.MTFD0.5.res5.NFNW,0.595617250876626,0.673151601256476,0.485398583241364,0.500392170138886,TWI,NFNW,5,,,,MTFD,0.5
2020-08-11,2020-08-26,warm,TWI.MTFD0.5.res5.NFNW,0.406476467236588,0.418631918953318,0.323343211093161,0.313196065557531,TWI,NFNW,5,,,,MTFD,0.5
2020-09-01,2020-09-20,warm,TWI.MTFD0.5.res5.NFNW,0.309519460159461,0.352352016855459,0.196152076933056,0.206887285723439,TWI,NFNW,5,,,,MTFD,0.5
2020-09-27,2020-10-17,cool,TWI.MTFD0.5.res5.NFNW,0.13065059971407,0.18409427743726,-0.140677773859336,-0.145235855379316,TWI,NFNW,5,,,,MTFD,0.5
2021-03-25,2021-04-06,cool,TWI.MTFD0.5.res5.NFNW,0.417028922448309,0.468407414467233,0.354583205959424,0.363877415135286,TWI,NFNW,5,,,,MTFD,0.5
2021-09-05,2021-09-20,warm,TWI.MTFD0.5.res5.NFNW,0.313310367959876,0.428409296848026,0.178366157748246,0.249588752566999,TWI,NFNW,5,,,,MTFD,0.5
2017-08-27,2017-09-16,warm,TWI.MTFD0.5.res7.NFNW,0.773711276849688,0.774249547670348,0.591553468263769,0.554647709589035,TWI,NFNW,7,,,,MTFD,0.5
2017-11-29,2017-12-14,cool,TWI.MTFD0.5.res7.NFNW,0.517629213986297,0.650198613680271,0.339210969508592,0.437743337435499,TWI,NFNW,7,,,,MTFD,0.5
2017-12-22,2018-01-20,cool,TWI.MTFD0.5.res7.NFNW,0.620320843381419,0.666163294809784,0.56863876482887,0.582954620698406,TWI,NFNW,7,,,,MTFD,0.5
2018-05-25,2018-06-07,warm,TWI.MTFD0.5.res7.NFNW,0.349848055730468,0.355847992406074,0.0221179425242162,-0.0228783573476705,TWI,NFNW,7,,,,MTFD,0.5
2019-03-30,2019-04-12,cool,TWI.MTFD0.5.res7.NFNW,0.520538759584875,0.628634853938355,0.37293693672726,0.42411972706913,TWI,NFNW,7,,,,MTFD,0.5
2019-08-23,2019-09-13,warm,TWI.MTFD0.5.res7.NFNW,0.667966931616497,0.732952910798843,0.613709761091824,0.612729464753554,TWI,NFNW,7,,,,MTFD,0.5
2020-08-11,2020-08-26,warm,TWI.MTFD0.5.res7.NFNW,0.386857770429959,0.402992033437078,0.298050539114285,0.284558644423729,TWI,NFNW,7,,,,MTFD,0.5
2020-09-01,2020-09-20,warm,TWI.MTFD0.5.res7.NFNW,0.304446598770393,0.34963382169607,0.187457135803801,0.20373247004429,TWI,NFNW,7,,,,MTFD,0.5
2020-09-27,2020-10-17,cool,TWI.MTFD0.5.res7.NFNW,0.150491099626424,0.200896354032458,-0.0790073269127057,-0.102257301969038,TWI,NFNW,7,,,,MTFD,0.5
2021-03-25,2021-04-06,cool,TWI.MTFD0.5.res7.NFNW,0.395791618466044,0.45344826539279,0.332158900554942,0.351259141406178,TWI,NFNW,7,,,,MTFD,0.5
2021-09-05,2021-09-20,warm,TWI.MTFD0.5.res7.NFNW,0.319768003095969,0.430286590669643,0.204564290905314,0.268604886937916,TWI,NFNW,7,,,,MTFD,0.5
2017-08-27,2017-09-16,warm,TWI.MTFD1.0.res1.gauss_0.5sigma,0.353949919713241,0.359881436251353,-0.243297202134875,-0.291575263435003,TWI,gauss,1,,,0.5,MTFD,1
2017-11-29,2017-12-14,cool,TWI.MTFD1.0.res1.gauss_0.5sigma,0.0110379308374794,0.3126419195496,-0.594922792499689,-0.170659594813575,TWI,gauss,1,,,0.5,MTFD,1
2017-12-22,2018-01-20,cool,TWI.MTFD1.0.res1.gauss_0.5sigma,0.279424145672418,0.332520445814262,-0.0220313746854283,-0.0548618672809077,TWI,gauss,1,,,0.5,MTFD,1
2018-05-25,2018-06-07,warm,TWI.MTFD1.0.res1.gauss_0.5sigma,0.1763195082885,0.179875192349424,-0.204228278794235,-0.411840947260913,TWI,gauss,1,,,0.5,MTFD,1
2019-03-30,2019-04-12,cool,TWI.MTFD1.0.res1.gauss_0.5sigma,0.517337299108859,0.580069738309976,0.313060014025692,0.386402768985383,TWI,gauss,1,,,0.5,MTFD,1
2019-08-23,2019-09-13,warm,TWI.MTFD1.0.res1.gauss_0.5sigma,0.0470078052089048,0.27327424225241,-0.575056417975462,-0.160309607992701,TWI,gauss,1,,,0.5,MTFD,1
2020-08-11,2020-08-26,warm,TWI.MTFD1.0.res1.gauss_0.5sigma,0.0398644788649868,0.072974512490713,-0.705607176964008,-0.484806417573982,TWI,gauss,1,,,0.5,MTFD,1
2020-09-01,2020-09-20,warm,TWI.MTFD1.0.res1.gauss_0.5sigma,0.0668046964489369,0.196918056696187,-0.595885247776487,-0.161292699563027,TWI,gauss,1,,,0.5,MTFD,1
2020-09-27,2020-10-17,cool,TWI.MTFD1.0.res1.gauss_0.5sigma,0.025154158159943,0.142397007557725,-0.693137481716488,-0.329029876149528,TWI,gauss,1,,,0.5,MTFD,1
2021-03-25,2021-04-06,cool,TWI.MTFD1.0.res1.gauss_0.5sigma,0.313710733157747,0.384247071420366,0.214043291918654,0.244731198243004,TWI,gauss,1,,,0.5,MTFD,1
2021-09-05,2021-09-20,warm,TWI.MTFD1.0.res1.gauss_0.5sigma,0.192721847113522,0.390291922068626,-0.00595753437417506,0.21586599460949,TWI,gauss,1,,,0.5,MTFD,1
2017-08-27,2017-09-16,warm,TWI.MTFD1.0.res1.gauss_1.0sigma,0.438338477441476,0.458272382244777,0.109130947516931,0.091765294699449,TWI,gauss,1,,,1,MTFD,1
2017-11-29,2017-12-14,cool,TWI.MTFD1.0.res1.gauss_1.0sigma,0.194154758442303,0.364113527525834,-0.363606923137554,0.0119109012737002,TWI,gauss,1,,,1,MTFD,1
2017-12-22,2018-01-20,cool,TWI.MTFD1.0.res1.gauss_1.0sigma,0.394529672474702,0.416013919930014,0.259541177148205,0.218379782953381,TWI,gauss,1,,,1,MTFD,1
2018-05-25,2018-06-07,warm,TWI.MTFD1.0.res1.gauss_1.0sigma,0.399914181817228,0.405076308733331,0.245413389360921,0.178476272175902,TWI,gauss,1,,,1,MTFD,1
2019-03-30,2019-04-12,cool,TWI.MTFD1.0.res1.gauss_1.0sigma,0.528045292589321,0.613843111267117,0.333089533100289,0.429652239086104,TWI,gauss,1,,,1,MTFD,1
2019-08-23,2019-09-13,warm,TWI.MTFD1.0.res1.gauss_1.0sigma,0.0339492083238973,0.265214505843149,-0.624110479525913,-0.150032550776283,TWI,gauss,1,,,1,MTFD,1
2020-08-11,2020-08-26,warm,TWI.MTFD1.0.res1.gauss_1.0sigma,0.167942867046367,0.184701084375652,-0.371910452786756,-0.343739517237768,TWI,gauss,1,,,1,MTFD,1
2020-09-01,2020-09-20,warm,TWI.MTFD1.0.res1.gauss_1.0sigma,0.144693303111625,0.220080014392783,-0.262682794269038,-0.0998398763390735,TWI,gauss,1,,,1,MTFD,1
2020-09-27,2020-10-17,cool,TWI.MTFD1.0.res1.gauss_1.0sigma,0.0136153892605976,0.123591763920078,-0.515846669181774,-0.305623388964168,TWI,gauss,1,,,1,MTFD,1
2021-03-25,2021-04-06,cool,TWI.MTFD1.0.res1.gauss_1.0sigma,0.370571594263531,0.435713526314296,0.299544253665692,0.332314288560597,TWI,gauss,1,,,1,MTFD,1
2021-09-05,2021-09-20,warm,TWI.MTFD1.0.res1.gauss_1.0sigma,0.0526087262883543,0.339028245233471,-0.432334979558281,0.14328149363621,TWI,gauss,1,,,1,MTFD,1
2017-08-27,2017-09-16,warm,TWI.MTFD1.0.res1.gauss_1.5sigma,0.440967659054099,0.442796482256957,0.154671945234913,0.129042075494551,TWI,gauss,1,,,1.5,MTFD,1
2017-11-29,2017-12-14,cool,TWI.MTFD1.0.res1.gauss_1.5sigma,0.280319228677352,0.482745479540608,-0.153593294817065,0.260061948413605,TWI,gauss,1,,,1.5,MTFD,1
2017-12-22,2018-01-20,cool,TWI.MTFD1.0.res1.gauss_1.5sigma,0.407953258054158,0.464171266396506,0.292704380816691,0.298740541508399,TWI,gauss,1,,,1.5,MTFD,1
2018-05-25,2018-06-07,warm,TWI.MTFD1.0.res1.gauss_1.5sigma,0.414955257303884,0.419879033594534,0.309682084901982,0.243466172465535,TWI,gauss,1,,,1.5,MTFD,1
2019-03-30,2019-04-12,cool,TWI.MTFD1.0.res1.gauss_1.5sigma,0.579656961659715,0.649695925507541,0.415639107975505,0.45072867819281,TWI,gauss,1,,,1.5,MTFD,1
2019-08-23,2019-09-13,warm,TWI.MTFD1.0.res1.gauss_1.5sigma,0.137796651370785,0.329710941104389,-0.470945865976532,-0.125986808100241,TWI,gauss,1,,,1.5,MTFD,1
2020-08-11,2020-08-26,warm,TWI.MTFD1.0.res1.gauss_1.5sigma,0.186863865141256,0.196369232654887,-0.276485002842495,-0.275736935407057,TWI,gauss,1,,,1.5,MTFD,1
2020-09-01,2020-09-20,warm,TWI.MTFD1.0.res1.gauss_1.5sigma,0.125445823223004,0.204996167099302,-0.407366182056874,-0.147288437911624,TWI,gauss,1,,,1.5,MTFD,1
2020-09-27,2020-10-17,cool,TWI.MTFD1.0.res1.gauss_1.5sigma,0.0256564769035592,0.120628305291076,-0.640342380401415,-0.323665765274624,TWI,gauss,1,,,1.5,MTFD,1
2021-03-25,2021-04-06,cool,TWI.MTFD1.0.res1.gauss_1.5sigma,0.402096393530941,0.444346558964355,0.314744075617135,0.319194805615203,TWI,gauss,1,,,1.5,MTFD,1
2021-09-05,2021-09-20,warm,TWI.MTFD1.0.res1.gauss_1.5sigma,0.0186190487904922,0.332306678402405,-0.333686877265352,0.0933355930134387,TWI,gauss,1,,,1.5,MTFD,1
2017-08-27,2017-09-16,warm,TWI.MTFD1.0.res1.gauss_2.0sigma,0.530790492380843,0.53101057005633,0.236430109231185,0.214965835826949,TWI,gauss,1,,,2,MTFD,1
2017-11-29,2017-12-14,cool,TWI.MTFD1.0.res1.gauss_2.0sigma,0.375301914639737,0.568203117007799,0.147878469255091,0.398907848001939,TWI,gauss,1,,,2,MTFD,1
2017-12-22,2018-01-20,cool,TWI.MTFD1.0.res1.gauss_2.0sigma,0.469949881584572,0.527940685490046,0.370364154695764,0.382282287319731,TWI,gauss,1,,,2,MTFD,1
2018-05-25,2018-06-07,warm,TWI.MTFD1.0.res1.gauss_2.0sigma,0.443872730714422,0.450033326083948,0.361337909876291,0.296119704106308,TWI,gauss,1,,,2,MTFD,1
2019-03-30,2019-04-12,cool,TWI.MTFD1.0.res1.gauss_2.0sigma,0.618730948230359,0.691527385212007,0.493022678110054,0.519288106954846,TWI,gauss,1,,,2,MTFD,1
2019-08-23,2019-09-13,warm,TWI.MTFD1.0.res1.gauss_2.0sigma,0.328627115722099,0.460361499371917,-0.395353050702781,-0.0927878785804547,TWI,gauss,1,,,2,MTFD,1
2020-08-11,2020-08-26,warm,TWI.MTFD1.0.res1.gauss_2.0sigma,0.196559395023815,0.205582703072417,-0.231472472587661,-0.24001743898668,TWI,gauss,1,,,2,MTFD,1
2020-09-01,2020-09-20,warm,TWI.MTFD1.0.res1.gauss_2.0sigma,0.127386464881732,0.204381232868101,-0.421122715316049,-0.173705136775716,TWI,gauss,1,,,2,MTFD,1
2020-09-27,2020-10-17,cool,TWI.MTFD1.0.res1.gauss_2.0sigma,0.0358469755491706,0.122405965109304,-0.593008341226,-0.330483524457956,TWI,gauss,1,,,2,MTFD,1
2021-03-25,2021-04-06,cool,TWI.MTFD1.0.res1.gauss_2.0sigma,0.409039392243573,0.451460819106564,0.318730263441035,0.31834842956781,TWI,gauss,1,,,2,MTFD,1
2021-09-05,2021-09-20,warm,TWI.MTFD1.0.res1.gauss_2.0sigma,0.031694778476806,0.332414540878455,-0.314760277848898,0.0691628807963809,TWI,gauss,1,,,2,MTFD,1
2017-08-27,2017-09-16,warm,TWI.MTFD1.0.res1.gauss_2.5sigma,0.545337724017431,0.545994894853002,0.260714628903604,0.236452228179148,TWI,gauss,1,,,2.5,MTFD,1
2017-11-29,2017-12-14,cool,TWI.MTFD1.0.res1.gauss_2.5sigma,0.421104532472081,0.596937906896988,0.257634035377905,0.438076587289533,TWI,gauss,1,,,2.5,MTFD,1
2017-12-22,2018-01-20,cool,TWI.MTFD1.0.res1.gauss_2.5sigma,0.471339928884707,0.522702656648243,0.382905243976958,0.383514228799023,TWI,gauss,1,,,2.5,MTFD,1
2018-05-25,2018-06-07,warm,TWI.MTFD1.0.res1.gauss_2.5sigma,0.451941111381083,0.461261046240735,0.356883514633503,0.28848669466224,TWI,gauss,1,,,2.5,MTFD,1
2019-03-30,2019-04-12,cool,TWI.MTFD1.0.res1.gauss_2.5sigma,0.599542193974769,0.688635268287257,0.471589318017925,0.513212491778344,TWI,gauss,1,,,2.5,MTFD,1
2019-08-23,2019-09-13,warm,TWI.MTFD1.0.res1.gauss_2.5sigma,0.365293756229282,0.467373575577853,-0.404835244917798,-0.179075928584451,TWI,gauss,1,,,2.5,MTFD,1
2020-08-11,2020-08-26,warm,TWI.MTFD1.0.res1.gauss_2.5sigma,0.196890910262887,0.203569702322779,-0.223275448613848,-0.248630155148061,TWI,gauss,1,,,2.5,MTFD,1
2020-09-01,2020-09-20,warm,TWI.MTFD1.0.res1.gauss_2.5sigma,0.125208314775919,0.197679538471156,-0.433877696469855,-0.201021375253837,TWI,gauss,1,,,2.5,MTFD,1
2020-09-27,2020-10-17,cool,TWI.MTFD1.0.res1.gauss_2.5sigma,0.0444738948051487,0.125967693174289,-0.529932314018066,-0.316892751134355,TWI,gauss,1,,,2.5,MTFD,1
2021-03-25,2021-04-06,cool,TWI.MTFD1.0.res1.gauss_2.5sigma,0.389794506058925,0.437476539463615,0.28955460063127,0.290619439884814,TWI,gauss,1,,,2.5,MTFD,1
2021-09-05,2021-09-20,warm,TWI.MTFD1.0.res1.gauss_2.5sigma,0.0738395481365122,0.335027211586983,-0.232426450088093,0.0442709424176367,TWI,gauss,1,,,2.5,MTFD,1
2017-08-27,2017-09-16,warm,TWI.MTFD1.0.res1.gauss_3.5sigma,0.518836977254813,0.521456698594163,0.25677210054775,0.227569925872652,TWI,gauss,1,,,3.5,MTFD,1
2017-11-29,2017-12-14,cool,TWI.MTFD1.0.res1.gauss_3.5sigma,0.459144362803801,0.611949262134581,0.350537252054257,0.463021795512027,TWI,gauss,1,,,3.5,MTFD,1
2017-12-22,2018-01-20,cool,TWI.MTFD1.0.res1.gauss_3.5sigma,0.462046030369997,0.510406708879592,0.376472739981537,0.368723164179399,TWI,gauss,1,,,3.5,MTFD,1
2018-05-25,2018-06-07,warm,TWI.MTFD1.0.res1.gauss_3.5sigma,0.437397616388717,0.448008539220865,0.301094981064628,0.212234491917477,TWI,gauss,1,,,3.5,MTFD,1
2019-03-30,2019-04-12,cool,TWI.MTFD1.0.res1.gauss_3.5sigma,0.590222681428011,0.685898291166313,0.449405973113788,0.494991349229659,TWI,gauss,1,,,3.5,MTFD,1
2019-08-23,2019-09-13,warm,TWI.MTFD1.0.res1.gauss_3.5sigma,0.418390279642106,0.499031284634531,-0.297659190219284,-0.152506831101542,TWI,gauss,1,,,3.5,MTFD,1
2020-08-11,2020-08-26,warm,TWI.MTFD1.0.res1.gauss_3.5sigma,0.273187762385881,0.276765509219094,0.117437346655154,0.08292710476607,TWI,gauss,1,,,3.5,MTFD,1
2020-09-01,2020-09-20,warm,TWI.MTFD1.0.res1.gauss_3.5sigma,0.207883995141982,0.251685721674134,0.0290001440618082,0.0213795669166859,TWI,gauss,1,,,3.5,MTFD,1
2020-09-27,2020-10-17,cool,TWI.MTFD1.0.res1.gauss_3.5sigma,0.0364351501612373,0.124828386488557,-0.303586919204062,-0.243399013722917,TWI,gauss,1,,,3.5,MTFD,1
2021-03-25,2021-04-06,cool,TWI.MTFD1.0.res1.gauss_3.5sigma,0.348821032203479,0.405480660489321,0.227468355815739,0.235431837867102,TWI,gauss,1,,,3.5,MTFD,1
2021-09-05,2021-09-20,warm,TWI.MTFD1.0.res1.gauss_3.5sigma,0.205187084695355,0.361703133148293,-0.0592313611574382,0.0766227318505338,TWI,gauss,1,,,3.5,MTFD,1
2017-08-27,2017-09-16,warm,TWI.MTFD1.0.res1.gauss_5.0sigma,0.537008033851848,0.540188864642609,0.266974380985369,0.235995471431009,TWI,gauss,1,,,5,MTFD,1
2017-11-29,2017-12-14,cool,TWI.MTFD1.0.res1.gauss_5.0sigma,0.480358536005079,0.623339531339578,0.396125531403554,0.488791689876662,TWI,gauss,1,,,5,MTFD,1
2017-12-22,2018-01-20,cool,TWI.MTFD1.0.res1.gauss_5.0sigma,0.470511250876838,0.525504189005638,0.386395929805821,0.388870757947063,TWI,gauss,1,,,5,MTFD,1
2018-05-25,2018-06-07,warm,TWI.MTFD1.0.res1.gauss_5.0sigma,0.436030270198381,0.442951244618458,0.297468424930635,0.196201457334554,TWI,gauss,1,,,5,MTFD,1
2019-03-30,2019-04-12,cool,TWI.MTFD1.0.res1.gauss_5.0sigma,0.553134992369085,0.647079356170628,0.404497378947321,0.436799043329108,TWI,gauss,1,,,5,MTFD,1
2019-08-23,2019-09-13,warm,TWI.MTFD1.0.res1.gauss_5.0sigma,0.427488196553209,0.514769354347577,-0.128486406551414,-0.00219987920842596,TWI,gauss,1,,,5,MTFD,1
2020-08-11,2020-08-26,warm,TWI.MTFD1.0.res1.gauss_5.0sigma,0.434120293609112,0.436372434407042,0.310971076976056,0.293234823660576,TWI,gauss,1,,,5,MTFD,1
2020-09-01,2020-09-20,warm,TWI.MTFD1.0.res1.gauss_5.0sigma,0.373024868780715,0.394280498210912,0.21553070933093,0.204617700782853,TWI,gauss,1,,,5,MTFD,1
2020-09-27,2020-10-17,cool,TWI.MTFD1.0.res1.gauss_5.0sigma,0.201743938620656,0.229911234307238,-0.0574362107099349,-0.078571919789825,TWI,gauss,1,,,5,MTFD,1
2021-03-25,2021-04-06,cool,TWI.MTFD1.0.res1.gauss_5.0sigma,0.300804218479725,0.364080442759017,0.170659711608657,0.181142851935717,TWI,gauss,1,,,5,MTFD,1
2021-09-05,2021-09-20,warm,TWI.MTFD1.0.res1.gauss_5.0sigma,0.305996334403111,0.407068593828522,0.0942964984841259,0.171814824202465,TWI,gauss,1,,,5,MTFD,1
2017-08-27,2017-09-16,warm,TWI.MTFD1.0.res1.NFNW,0.173102212350608,0.236939868355085,-0.381743625422808,-0.337646612795415,TWI,NFNW,1,,,,MTFD,1
2017-11-29,2017-12-14,cool,TWI.MTFD1.0.res1.NFNW,0.08315871927024,0.319316655442067,-0.463080205472861,-0.0511642220749166,TWI,NFNW,1,,,,MTFD,1
2017-12-22,2018-01-20,cool,TWI.MTFD1.0.res1.NFNW,0.0235327024655044,0.122906689987374,-0.774239034812283,-0.512946727029215,TWI,NFNW,1,,,,MTFD,1
2018-05-25,2018-06-07,warm,TWI.MTFD1.0.res1.NFNW,0.0397374390540901,0.0821351179256788,-0.556170824361506,-0.57373807704253,TWI,NFNW,1,,,,MTFD,1
2019-03-30,2019-04-12,cool,TWI.MTFD1.0.res1.NFNW,0.204295720917403,0.419492532613148,-0.552308887345236,-0.0504764763427205,TWI,NFNW,1,,,,MTFD,1
2019-08-23,2019-09-13,warm,TWI.MTFD1.0.res1.NFNW,0.235355073396141,0.319781393531256,-0.1121302037062,-0.0319376048742383,TWI,NFNW,1,,,,MTFD,1
2020-08-11,2020-08-26,warm,TWI.MTFD1.0.res1.NFNW,0.24032247560859,0.2443426719605,-0.0346735883503932,-0.0397700278871095,TWI,NFNW,1,,,,MTFD,1
2020-09-01,2020-09-20,warm,TWI.MTFD1.0.res1.NFNW,0.164103571833143,0.202105172488908,-0.174459172588381,-0.138370708963218,TWI,NFNW,1,,,,MTFD,1
2020-09-27,2020-10-17,cool,TWI.MTFD1.0.res1.NFNW,0.138080246387576,0.168450072986749,-0.242824080201587,-0.200567732346869,TWI,NFNW,1,,,,MTFD,1
2021-03-25,2021-04-06,cool,TWI.MTFD1.0.res1.NFNW,0.216106850645999,0.305650631758102,-0.0419233637745978,0.0756253345635316,TWI,NFNW,1,,,,MTFD,1
2021-09-05,2021-09-20,warm,TWI.MTFD1.0.res1.NFNW,0.112093574845058,0.366380572271388,-0.133339341253179,0.196466615063158,TWI,NFNW,1,,,,MTFD,1
2017-08-27,2017-09-16,warm,TWI.MTFD1.0.res1.SSC1,0.0358480109931287,0.148594789048508,-0.821258435205258,-0.487369106425617,TWI,SSC,1,,1,,MTFD,1
2017-11-29,2017-12-14,cool,TWI.MTFD1.0.res1.SSC1,0.269081714076635,0.342730861958471,-0.0615632247108902,-0.0475354619430368,TWI,SSC,1,,1,,MTFD,1
2017-12-22,2018-01-20,cool,TWI.MTFD1.0.res1.SSC1,0.280157770783545,0.280880583449759,-0.00964001820795834,-0.114367352137661,TWI,SSC,1,,1,,MTFD,1
2018-05-25,2018-06-07,warm,TWI.MTFD1.0.res1.SSC1,0.113537376635729,0.162601926512527,-0.313749271965141,-0.330025494958642,TWI,SSC,1,,1,,MTFD,1
2019-03-30,2019-04-12,cool,TWI.MTFD1.0.res1.SSC1,0.156501128474098,0.486849520380677,-0.568803675046202,0.166373408975077,TWI,SSC,1,,1,,MTFD,1
2019-08-23,2019-09-13,warm,TWI.MTFD1.0.res1.SSC1,0.0294964352433477,0.251930187064384,-0.635149664121855,-0.154142640816273,TWI,SSC,1,,1,,MTFD,1
2020-08-11,2020-08-26,warm,TWI.MTFD1.0.res1.SSC1,0.095577079008748,0.101228707195994,-0.467043525893579,-0.456578308712686,TWI,SSC,1,,1,,MTFD,1
2020-09-01,2020-09-20,warm,TWI.MTFD1.0.res1.SSC1,0.0130549909811313,0.152940700188262,-0.745577316765505,-0.324142788974195,TWI,SSC,1,,1,,MTFD,1
2020-09-27,2020-10-17,cool,TWI.MTFD1.0.res1.SSC1,0.053809546917813,0.145230165413931,-0.554330902209525,-0.320017715401964,TWI,SSC,1,,1,,MTFD,1
2021-03-25,2021-04-06,cool,TWI.MTFD1.0.res1.SSC1,0.254998672726911,0.382270190185871,0.104217403173969,0.218960497702114,TWI,SSC,1,,1,,MTFD,1
2021-09-05,2021-09-20,warm,TWI.MTFD1.0.res1.SSC1,0.0833099140266935,0.33324629867594,-0.32596508114809,0.139634208185693,TWI,SSC,1,,1,,MTFD,1
2017-08-27,2017-09-16,warm,TWI.MTFD1.0.res1.SSC10,0.597181342866886,0.599894553201736,0.313393758604386,0.275368382367826,TWI,SSC,1,,10,,MTFD,1
2017-11-29,2017-12-14,cool,TWI.MTFD1.0.res1.SSC10,0.468779024424089,0.607921570552823,0.351821929334926,0.433012515730467,TWI,SSC,1,,10,,MTFD,1
2017-12-22,2018-01-20,cool,TWI.MTFD1.0.res1.SSC10,0.446333399639069,0.501029123900779,0.361294454953253,0.346591027684941,TWI,SSC,1,,10,,MTFD,1
2018-05-25,2018-06-07,warm,TWI.MTFD1.0.res1.SSC10,0.426544214501687,0.433090494514741,0.243356149823565,0.142604712505126,TWI,SSC,1,,10,,MTFD,1
2019-03-30,2019-04-12,cool,TWI.MTFD1.0.res1.SSC10,0.457802621725642,0.576546772464757,0.272337171581208,0.325843280136261,TWI,SSC,1,,10,,MTFD,1
2019-08-23,2019-09-13,warm,TWI.MTFD1.0.res1.SSC10,0.40734877936494,0.493243341272872,-0.15304667872908,-0.00157527367569275,TWI,SSC,1,,10,,MTFD,1
2020-08-11,2020-08-26,warm,TWI.MTFD1.0.res1.SSC10,0.460496717245392,0.46185279908793,0.359947016942018,0.342680998627792,TWI,SSC,1,,10,,MTFD,1
2020-09-01,2020-09-20,warm,TWI.MTFD1.0.res1.SSC10,0.390520794265187,0.410359252644786,0.248747455722036,0.235574166610444,TWI,SSC,1,,10,,MTFD,1
2020-09-27,2020-10-17,cool,TWI.MTFD1.0.res1.SSC10,0.228437211699761,0.252888316839962,-0.0270811645718861,-0.0564845052183985,TWI,SSC,1,,10,,MTFD,1
2021-03-25,2021-04-06,cool,TWI.MTFD1.0.res1.SSC10,0.306357636714721,0.369754332272515,0.170798122635791,0.175610019750652,TWI,SSC,1,,10,,MTFD,1
2021-09-05,2021-09-20,warm,TWI.MTFD1.0.res1.SSC10,0.370597966022957,0.46108233972725,0.0763008482977538,0.121666199662426,TWI,SSC,1,,10,,MTFD,1
2017-08-27,2017-09-16,warm,TWI.MTFD1.0.res1.SSC2,0.363503918666916,0.365295909523809,0.0575488117590732,0.0215567328043708,TWI,SSC,1,,2,,MTFD,1
2017-11-29,2017-12-14,cool,TWI.MTFD1.0.res1.SSC2,0.175036475321358,0.41831517970133,-0.520442507782527,0.122120778648107,TWI,SSC,1,,2,,MTFD,1
2017-12-22,2018-01-20,cool,TWI.MTFD1.0.res1.SSC2,0.375056942656991,0.441560289950805,0.245435574132732,0.264871436117647,TWI,SSC,1,,2,,MTFD,1
2018-05-25,2018-06-07,warm,TWI.MTFD1.0.res1.SSC2,0.419843557612252,0.421050856836674,0.256744591237856,0.198562682138961,TWI,SSC,1,,2,,MTFD,1
2019-03-30,2019-04-12,cool,TWI.MTFD1.0.res1.SSC2,0.583435275986773,0.637364134833766,0.395856300582901,0.443927702942362,TWI,SSC,1,,2,,MTFD,1
2019-08-23,2019-09-13,warm,TWI.MTFD1.0.res1.SSC2,0.0327493619394385,0.255195563353096,-0.63557422661532,-0.136221647900843,TWI,SSC,1,,2,,MTFD,1
2020-08-11,2020-08-26,warm,TWI.MTFD1.0.res1.SSC2,0.159813576526269,0.177975217509045,-0.392923537123274,-0.36063355152557,TWI,SSC,1,,2,,MTFD,1
2020-09-01,2020-09-20,warm,TWI.MTFD1.0.res1.SSC2,0.123208065432392,0.213009003364155,-0.382665995334232,-0.115232347411116,TWI,SSC,1,,2,,MTFD,1
2020-09-27,2020-10-17,cool,TWI.MTFD1.0.res1.SSC2,0.00283702204955301,0.121970045200233,-0.615431661117965,-0.304994959772287,TWI,SSC,1,,2,,MTFD,1
2021-03-25,2021-04-06,cool,TWI.MTFD1.0.res1.SSC2,0.353740360723846,0.399518372801363,0.275901092530497,0.278757787772851,TWI,SSC,1,,2,,MTFD,1
2021-09-05,2021-09-20,warm,TWI.MTFD1.0.res1.SSC2,0.0703621227662727,0.344336783924322,-0.320913592090613,0.151299027172189,TWI,SSC,1,,2,,MTFD,1
2017-08-27,2017-09-16,warm,TWI.MTFD1.0.res1.SSC3,0.446954602137949,0.447237369627341,0.164023247212607,0.133125420530111,TWI,SSC,1,,3,,MTFD,1
2017-11-29,2017-12-14,cool,TWI.MTFD1.0.res1.SSC3,0.242020770241741,0.473955389251619,-0.435651020799216,0.144061020546096,TWI,SSC,1,,3,,MTFD,1
2017-12-22,2018-01-20,cool,TWI.MTFD1.0.res1.SSC3,0.40157486508496,0.47320894968162,0.288063488895646,0.308355023926858,TWI,SSC,1,,3,,MTFD,1
2018-05-25,2018-06-07,warm,TWI.MTFD1.0.res1.SSC3,0.416215524627284,0.420351426442153,0.318002099946773,0.249218391595631,TWI,SSC,1,,3,,MTFD,1
2019-03-30,2019-04-12,cool,TWI.MTFD1.0.res1.SSC3,0.571289394594083,0.639558129792437,0.414308761885534,0.438798242849236,TWI,SSC,1,,3,,MTFD,1
2019-08-23,2019-09-13,warm,TWI.MTFD1.0.res1.SSC3,0.178962695756859,0.354759781430438,-0.465093767576519,-0.158980022273996,TWI,SSC,1,,3,,MTFD,1
2020-08-11,2020-08-26,warm,TWI.MTFD1.0.res1.SSC3,0.12120438982717,0.13135861043072,-0.693518549528064,-0.633233373066273,TWI,SSC,1,,3,,MTFD,1
2020-09-01,2020-09-20,warm,TWI.MTFD1.0.res1.SSC3,0.0671940728032451,0.170022465750541,-0.758736629303693,-0.332974197382282,TWI,SSC,1,,3,,MTFD,1
2020-09-27,2020-10-17,cool,TWI.MTFD1.0.res1.SSC3,0.0801371525672885,0.136496716398951,-0.425393567143183,-0.317745680526763,TWI,SSC,1,,3,,MTFD,1
2021-03-25,2021-04-06,cool,TWI.MTFD1.0.res1.SSC3,0.353215373580963,0.405056114558321,0.2716272999772,0.272563176509466,TWI,SSC,1,,3,,MTFD,1
2021-09-05,2021-09-20,warm,TWI.MTFD1.0.res1.SSC3,0.0508755182564515,0.339599095704867,-0.39095263381474,0.131730801480001,TWI,SSC,1,,3,,MTFD,1
2017-08-27,2017-09-16,warm,TWI.MTFD1.0.res1.SSC4,0.57113579635596,0.571617780192774,0.278296587138563,0.257440211175863,TWI,SSC,1,,4,,MTFD,1
2017-11-29,2017-12-14,cool,TWI.MTFD1.0.res1.SSC4,0.388834677090549,0.606648457382068,0.18463808601841,0.447191688806991,TWI,SSC,1,,4,,MTFD,1
2017-12-22,2018-01-20,cool,TWI.MTFD1.0.res1.SSC4,0.514687182242169,0.589605834837121,0.419108093307531,0.451546060632718,TWI,SSC,1,,4,,MTFD,1
2018-05-25,2018-06-07,warm,TWI.MTFD1.0.res1.SSC4,0.454047579365378,0.456809431946873,0.363823558455859,0.300538481771104,TWI,SSC,1,,4,,MTFD,1
2019-03-30,2019-04-12,cool,TWI.MTFD1.0.res1.SSC4,0.64901525491583,0.709022616054469,0.545370869526445,0.551778891518538,TWI,SSC,1,,4,,MTFD,1
2019-08-23,2019-09-13,warm,TWI.MTFD1.0.res1.SSC4,0.391313786243891,0.532601767793007,0.0085489582159524,0.173761998009799,TWI,SSC,1,,4,,MTFD,1
2020-08-11,2020-08-26,warm,TWI.MTFD1.0.res1.SSC4,0.217803365167543,0.230369799927524,-0.125418793266109,-0.129203601147823,TWI,SSC,1,,4,,MTFD,1
2020-09-01,2020-09-20,warm,TWI.MTFD1.0.res1.SSC4,0.144628413582251,0.224584769282246,-0.319294100492588,-0.123504205880607,TWI,SSC,1,,4,,MTFD,1
2020-09-27,2020-10-17,cool,TWI.MTFD1.0.res1.SSC4,0.010644491661804,0.12042991816696,-0.624647346300641,-0.330573379320778,TWI,SSC,1,,4,,MTFD,1
2021-03-25,2021-04-06,cool,TWI.MTFD1.0.res1.SSC4,0.437336185403272,0.473739672516334,0.360007478270867,0.353270027921246,TWI,SSC,1,,4,,MTFD,1
2021-09-05,2021-09-20,warm,TWI.MTFD1.0.res1.SSC4,0.0089031225982946,0.332605880749123,-0.374494309257334,0.0834125322115725,TWI,SSC,1,,4,,MTFD,1
2017-08-27,2017-09-16,warm,TWI.MTFD1.0.res1.SSC5,0.601281341637491,0.601544230009367,0.31219128290528,0.286297982751723,TWI,SSC,1,,5,,MTFD,1
2017-11-29,2017-12-14,cool,TWI.MTFD1.0.res1.SSC5,0.459318801847953,0.630561513853572,0.314616100965484,0.479832876724395,TWI,SSC,1,,5,,MTFD,1
2017-12-22,2018-01-20,cool,TWI.MTFD1.0.res1.SSC5,0.504036274356863,0.55813013199249,0.427946313581361,0.43487686034679,TWI,SSC,1,,5,,MTFD,1
2018-05-25,2018-06-07,warm,TWI.MTFD1.0.res1.SSC5,0.44766275693275,0.455659791297312,0.301319959014003,0.225141216035022,TWI,SSC,1,,5,,MTFD,1
2019-03-30,2019-04-12,cool,TWI.MTFD1.0.res1.SSC5,0.562120852167152,0.662896157399574,0.435833319711361,0.48586174028424,TWI,SSC,1,,5,,MTFD,1
2019-08-23,2019-09-13,warm,TWI.MTFD1.0.res1.SSC5,0.430183157156397,0.52370108781533,-0.307695145431574,-0.0960918393763908,TWI,SSC,1,,5,,MTFD,1
2020-08-11,2020-08-26,warm,TWI.MTFD1.0.res1.SSC5,0.251428088099217,0.25899155146534,0.0257280874956912,-0.00218291575960445,TWI,SSC,1,,5,,MTFD,1
2020-09-01,2020-09-20,warm,TWI.MTFD1.0.res1.SSC5,0.180540219977256,0.238995823178005,-0.0998355783577922,-0.0515417086490238,TWI,SSC,1,,5,,MTFD,1
2020-09-27,2020-10-17,cool,TWI.MTFD1.0.res1.SSC5,0.0155798310119681,0.122183593641841,-0.537638057873857,-0.29837610312802,TWI,SSC,1,,5,,MTFD,1
2021-03-25,2021-04-06,cool,TWI.MTFD1.0.res1.SSC5,0.41199921705582,0.455318548440718,0.323816253301625,0.31788440926693,TWI,SSC,1,,5,,MTFD,1
2021-09-05,2021-09-20,warm,TWI.MTFD1.0.res1.SSC5,0.11126602592207,0.342328547252406,-0.223389322901194,0.0314802414186794,TWI,SSC,1,,5,,MTFD,1
2017-08-27,2017-09-16,warm,TWI.MTFD1.0.res1.SSC7,0.580659093570928,0.581926998282881,0.295035977969719,0.264749944997373,TWI,SSC,1,,7,,MTFD,1
2017-11-29,2017-12-14,cool,TWI.MTFD1.0.res1.SSC7,0.474824860685829,0.625015171091898,0.369421666393025,0.476294692501663,TWI,SSC,1,,7,,MTFD,1
2017-12-22,2018-01-20,cool,TWI.MTFD1.0.res1.SSC7,0.487082595242106,0.536897544796602,0.409845554231294,0.405783529287488,TWI,SSC,1,,7,,MTFD,1
2018-05-25,2018-06-07,warm,TWI.MTFD1.0.res1.SSC7,0.430192520488533,0.438670016716859,0.248920828700351,0.159712652393241,TWI,SSC,1,,7,,MTFD,1
2019-03-30,2019-04-12,cool,TWI.MTFD1.0.res1.SSC7,0.553440791830189,0.658780809684562,0.389971969163731,0.443321759507552,TWI,SSC,1,,7,,MTFD,1
2019-08-23,2019-09-13,warm,TWI.MTFD1.0.res1.SSC7,0.492454062835179,0.564656834918447,-0.0210630619122827,0.0718507666631914,TWI,SSC,1,,7,,MTFD,1
2020-08-11,2020-08-26,warm,TWI.MTFD1.0.res1.SSC7,0.337929957028806,0.342346593336892,0.22859133969539,0.201412866366499,TWI,SSC,1,,7,,MTFD,1
2020-09-01,2020-09-20,warm,TWI.MTFD1.0.res1.SSC7,0.262701227020007,0.299161105083556,0.126808559790872,0.111241960496585,TWI,SSC,1,,7,,MTFD,1
2020-09-27,2020-10-17,cool,TWI.MTFD1.0.res1.SSC7,0.0964238604290691,0.153202232260713,-0.174151481748092,-0.178251606161378,TWI,SSC,1,,7,,MTFD,1
2021-03-25,2021-04-06,cool,TWI.MTFD1.0.res1.SSC7,0.341642225628963,0.401118834083935,0.221036778530775,0.227776995345098,TWI,SSC,1,,7,,MTFD,1
2021-09-05,2021-09-20,warm,TWI.MTFD1.0.res1.SSC7,0.310324625105913,0.409642676383513,0.119706438869546,0.180808599498913,TWI,SSC,1,,7,,MTFD,1
2017-08-27,2017-09-16,warm,TWI.MTFD1.0.res10.NFNW,0.753512973758934,0.755301609119545,0.592600749426674,0.543790674267872,TWI,NFNW,10,,,,MTFD,1
2017-11-29,2017-12-14,cool,TWI.MTFD1.0.res10.NFNW,0.566731150477021,0.689015635754575,0.432532935720448,0.5171451936864,TWI,NFNW,10,,,,MTFD,1
2017-12-22,2018-01-20,cool,TWI.MTFD1.0.res10.NFNW,0.630320162281825,0.677861721105517,0.588443782154198,0.602096966132962,TWI,NFNW,10,,,,MTFD,1
2018-05-25,2018-06-07,warm,TWI.MTFD1.0.res10.NFNW,0.368208901101658,0.373784744109585,0.100159041998597,0.0419465066110528,TWI,NFNW,10,,,,MTFD,1
2019-03-30,2019-04-12,cool,TWI.MTFD1.0.res10.NFNW,0.563460880668609,0.673383669884891,0.423022070154862,0.49350999013533,TWI,NFNW,10,,,,MTFD,1
2019-08-23,2019-09-13,warm,TWI.MTFD1.0.res10.NFNW,0.62027178813841,0.68046062931241,0.44128333078146,0.448019422036027,TWI,NFNW,10,,,,MTFD,1
2020-08-11,2020-08-26,warm,TWI.MTFD1.0.res10.NFNW,0.504620926220783,0.513640565751916,0.43927826716566,0.422751436230932,TWI,NFNW,10,,,,MTFD,1
2020-09-01,2020-09-20,warm,TWI.MTFD1.0.res10.NFNW,0.378932210585313,0.410648851140358,0.274244374079825,0.274946583887306,TWI,NFNW,10,,,,MTFD,1
2020-09-27,2020-10-17,cool,TWI.MTFD1.0.res10.NFNW,0.185411720234868,0.224243359103254,-0.0275488958443839,-0.0567516258802935,TWI,NFNW,10,,,,MTFD,1
2021-03-25,2021-04-06,cool,TWI.MTFD1.0.res10.NFNW,0.394669635274373,0.456844706369525,0.32503162813204,0.344823126371533,TWI,NFNW,10,,,,MTFD,1
2021-09-05,2021-09-20,warm,TWI.MTFD1.0.res10.NFNW,0.331993255166726,0.444566093416918,0.220717315304857,0.293654365317455,TWI,NFNW,10,,,,MTFD,1
2017-08-27,2017-09-16,warm,TWI.MTFD1.0.res2.NFNW,0.51844444359976,0.518449851746247,0.224301089620744,0.204182133323071,TWI,NFNW,2,,,,MTFD,1
2017-11-29,2017-12-14,cool,TWI.MTFD1.0.res2.NFNW,0.278272821417785,0.490727728087883,-0.281110848892183,0.193138074674579,TWI,NFNW,2,,,,MTFD,1
2017-12-22,2018-01-20,cool,TWI.MTFD1.0.res2.NFNW,0.458144644834852,0.516601526445558,0.368156862383708,0.384172477621901,TWI,NFNW,2,,,,MTFD,1
2018-05-25,2018-06-07,warm,TWI.MTFD1.0.res2.NFNW,0.507585517277811,0.510029698604535,0.399411400421383,0.354731710772523,TWI,NFNW,2,,,,MTFD,1
2019-03-30,2019-04-12,cool,TWI.MTFD1.0.res2.NFNW,0.51019767272473,0.592422105791075,0.336108956644226,0.409681052077353,TWI,NFNW,2,,,,MTFD,1
2019-08-23,2019-09-13,warm,TWI.MTFD1.0.res2.NFNW,0.0489288748801966,0.27523769330244,-0.675497164929113,-0.0951092649436466,TWI,NFNW,2,,,,MTFD,1
2020-08-11,2020-08-26,warm,TWI.MTFD1.0.res2.NFNW,0.199258561184302,0.217305672198987,-0.189397881958541,-0.153653850754517,TWI,NFNW,2,,,,MTFD,1
2020-09-01,2020-09-20,warm,TWI.MTFD1.0.res2.NFNW,0.142461420235052,0.224726610744996,-0.293732930704251,-0.0966972863159494,TWI,NFNW,2,,,,MTFD,1
2020-09-27,2020-10-17,cool,TWI.MTFD1.0.res2.NFNW,0.0052945341139782,0.123062963644531,-0.591918519923375,-0.312843308813329,TWI,NFNW,2,,,,MTFD,1
2021-03-25,2021-04-06,cool,TWI.MTFD1.0.res2.NFNW,0.334982768566735,0.389544305777731,0.256542256093588,0.267298943172147,TWI,NFNW,2,,,,MTFD,1
2021-09-05,2021-09-20,warm,TWI.MTFD1.0.res2.NFNW,0.0363288880024685,0.332307611029491,-0.383634357565442,0.0865407915488467,TWI,NFNW,2,,,,MTFD,1
2017-08-27,2017-09-16,warm,TWI.MTFD1.0.res3.NFNW,0.685058240999103,0.685300753151877,0.390468177642924,0.364970609114043,TWI,NFNW,3,,,,MTFD,1
2017-11-29,2017-12-14,cool,TWI.MTFD1.0.res3.NFNW,0.383661896730698,0.571430789272793,0.119055764024479,0.326582748844549,TWI,NFNW,3,,,,MTFD,1
2017-12-22,2018-01-20,cool,TWI.MTFD1.0.res3.NFNW,0.514342552218716,0.577962851038348,0.448232602567326,0.470668623634281,TWI,NFNW,3,,,,MTFD,1
2018-05-25,2018-06-07,warm,TWI.MTFD1.0.res3.NFNW,0.354296641735896,0.358962755798528,0.109046100864447,0.0316810157374411,TWI,NFNW,3,,,,MTFD,1
2019-03-30,2019-04-12,cool,TWI.MTFD1.0.res3.NFNW,0.528719960962191,0.620106352230945,0.380610770110002,0.420954423965309,TWI,NFNW,3,,,,MTFD,1
2019-08-23,2019-09-13,warm,TWI.MTFD1.0.res3.NFNW,0.463707402555933,0.572229424592066,-0.2010716690371,0.0791735025453027,TWI,NFNW,3,,,,MTFD,1
2020-08-11,2020-08-26,warm,TWI.MTFD1.0.res3.NFNW,0.226265695479798,0.240316872957972,-0.109204915484116,-0.120925737783267,TWI,NFNW,3,,,,MTFD,1
2020-09-01,2020-09-20,warm,TWI.MTFD1.0.res3.NFNW,0.144589932619441,0.22278593585943,-0.343971984740334,-0.154701589489153,TWI,NFNW,3,,,,MTFD,1
2020-09-27,2020-10-17,cool,TWI.MTFD1.0.res3.NFNW,0.0106124253863909,0.120319960205256,-0.525588646021479,-0.326026351408624,TWI,NFNW,3,,,,MTFD,1
2021-03-25,2021-04-06,cool,TWI.MTFD1.0.res3.NFNW,0.431304485914185,0.47702172391923,0.37182939361995,0.377334287888075,TWI,NFNW,3,,,,MTFD,1
2021-09-05,2021-09-20,warm,TWI.MTFD1.0.res3.NFNW,0.207525643465477,0.38091865999973,-0.0869175539615313,0.0891578465530469,TWI,NFNW,3,,,,MTFD,1
2017-08-27,2017-09-16,warm,TWI.MTFD1.0.res4.NFNW,0.649513797148338,0.650759513063948,0.369285193648097,0.333367801366613,TWI,NFNW,4,,,,MTFD,1
2017-11-29,2017-12-14,cool,TWI.MTFD1.0.res4.NFNW,0.481713101703887,0.629358757291606,0.362950191168079,0.475919594550918,TWI,NFNW,4,,,,MTFD,1
2017-12-22,2018-01-20,cool,TWI.MTFD1.0.res4.NFNW,0.532598998371607,0.581299017295492,0.470732860362894,0.46957670835089,TWI,NFNW,4,,,,MTFD,1
2018-05-25,2018-06-07,warm,TWI.MTFD1.0.res4.NFNW,0.537724056597142,0.546173575136574,0.463727461574901,0.415804794519713,TWI,NFNW,4,,,,MTFD,1
2019-03-30,2019-04-12,cool,TWI.MTFD1.0.res4.NFNW,0.560049349166607,0.663499564521821,0.408360226863871,0.461489506094526,TWI,NFNW,4,,,,MTFD,1
2019-08-23,2019-09-13,warm,TWI.MTFD1.0.res4.NFNW,0.381772783143821,0.474378713302728,0.113972732891868,0.194664557502027,TWI,NFNW,4,,,,MTFD,1
2020-08-11,2020-08-26,warm,TWI.MTFD1.0.res4.NFNW,0.288831309655637,0.293728764037275,0.110767787928409,0.0798531189646768,TWI,NFNW,4,,,,MTFD,1
2020-09-01,2020-09-20,warm,TWI.MTFD1.0.res4.NFNW,0.196402310389287,0.247722149344085,-0.0616885805220455,-0.0408564626434084,TWI,NFNW,4,,,,MTFD,1
2020-09-27,2020-10-17,cool,TWI.MTFD1.0.res4.NFNW,0.0125651726609399,0.121099592228161,-0.638930822496811,-0.329248676846763,TWI,NFNW,4,,,,MTFD,1
2021-03-25,2021-04-06,cool,TWI.MTFD1.0.res4.NFNW,0.422700358027867,0.464959545630095,0.340117468112515,0.334262123393853,TWI,NFNW,4,,,,MTFD,1
2021-09-05,2021-09-20,warm,TWI.MTFD1.0.res4.NFNW,0.261857416047271,0.405230366180068,-0.0590827643194522,0.0521290629134501,TWI,NFNW,4,,,,MTFD,1
2017-08-27,2017-09-16,warm,TWI.MTFD1.0.res5.NFNW,0.749093077628098,0.749140163604379,0.517907571578057,0.483984821944091,TWI,NFNW,5,,,,MTFD,1
2017-11-29,2017-12-14,cool,TWI.MTFD1.0.res5.NFNW,0.510175901878397,0.66195292169181,0.355186010377959,0.476451999117458,TWI,NFNW,5,,,,MTFD,1
2017-12-22,2018-01-20,cool,TWI.MTFD1.0.res5.NFNW,0.608802612753862,0.667761526554413,0.559182899280008,0.58740947207116,TWI,NFNW,5,,,,MTFD,1
2018-05-25,2018-06-07,warm,TWI.MTFD1.0.res5.NFNW,0.425371099373422,0.428804587225497,0.184083437530221,0.131731920891598,TWI,NFNW,5,,,,MTFD,1
2019-03-30,2019-04-12,cool,TWI.MTFD1.0.res5.NFNW,0.610784777075425,0.696085386170857,0.459382395793132,0.493330057753879,TWI,NFNW,5,,,,MTFD,1
2019-08-23,2019-09-13,warm,TWI.MTFD1.0.res5.NFNW,0.596724567250875,0.677385420425916,0.49426085917351,0.513407348616278,TWI,NFNW,5,,,,MTFD,1
2020-08-11,2020-08-26,warm,TWI.MTFD1.0.res5.NFNW,0.403610097020047,0.41661630347012,0.318498457313189,0.30927204575903,TWI,NFNW,5,,,,MTFD,1
2020-09-01,2020-09-20,warm,TWI.MTFD1.0.res5.NFNW,0.311190346559958,0.35507876618302,0.197273765921281,0.210959288160446,TWI,NFNW,5,,,,MTFD,1
2020-09-27,2020-10-17,cool,TWI.MTFD1.0.res5.NFNW,0.136396599085361,0.189281241058089,-0.121106010867595,-0.131578037324163,TWI,NFNW,5,,,,MTFD,1
2021-03-25,2021-04-06,cool,TWI.MTFD1.0.res5.NFNW,0.417109335739613,0.467886309092711,0.354469566538903,0.363281966760418,TWI,NFNW,5,,,,MTFD,1
2021-09-05,2021-09-20,warm,TWI.MTFD1.0.res5.NFNW,0.314452913566834,0.428002445158511,0.179368519405067,0.247492778331902,TWI,NFNW,5,,,,MTFD,1
2017-08-27,2017-09-16,warm,TWI.MTFD1.0.res7.NFNW,0.775837345872205,0.776332253609466,0.594698916291551,0.558134068732537,TWI,NFNW,7,,,,MTFD,1
2017-11-29,2017-12-14,cool,TWI.MTFD1.0.res7.NFNW,0.522181012589053,0.6546186266371,0.34505148300026,0.443752282289651,TWI,NFNW,7,,,,MTFD,1
2017-12-22,2018-01-20,cool,TWI.MTFD1.0.res7.NFNW,0.622570250021017,0.668177456813615,0.570890725112665,0.58524773076421,TWI,NFNW,7,,,,MTFD,1
2018-05-25,2018-06-07,warm,TWI.MTFD1.0.res7.NFNW,0.350374712584361,0.356398345031789,0.0227169223302919,-0.0219636623598254,TWI,NFNW,7,,,,MTFD,1
2019-03-30,2019-04-12,cool,TWI.MTFD1.0.res7.NFNW,0.519349833736554,0.628353931922166,0.372414794339228,0.424642405413919,TWI,NFNW,7,,,,MTFD,1
2019-08-23,2019-09-13,warm,TWI.MTFD1.0.res7.NFNW,0.671827231170788,0.736358578170474,0.624207369608529,0.62448598726957,TWI,NFNW,7,,,,MTFD,1
2020-08-11,2020-08-26,warm,TWI.MTFD1.0.res7.NFNW,0.386281915618576,0.402514763587596,0.297263611760036,0.284032493091153,TWI,NFNW,7,,,,MTFD,1
2020-09-01,2020-09-20,warm,TWI.MTFD1.0.res7.NFNW,0.302290055345903,0.347828706213119,0.184953814315528,0.201274330740774,TWI,NFNW,7,,,,MTFD,1
2020-09-27,2020-10-17,cool,TWI.MTFD1.0.res7.NFNW,0.148102119250711,0.199088521456758,-0.0849261501791951,-0.106805940991238,TWI,NFNW,7,,,,MTFD,1
2021-03-25,2021-04-06,cool,TWI.MTFD1.0.res7.NFNW,0.398554365575952,0.455733154707008,0.335133878958386,0.35456197598894,TWI,NFNW,7,,,,MTFD,1
2021-09-05,2021-09-20,warm,TWI.MTFD1.0.res7.NFNW,0.31805488257129,0.429309019567669,0.201519480739437,0.266514267190575,TWI,NFNW,7,,,,MTFD,1
2017-08-27,2017-09-16,warm,TWI.MTFD1.1.res1.gauss_0.5sigma,0.352984103245477,0.359054698959542,-0.244191052890086,-0.292487258947036,TWI,gauss,1,,,0.5,MTFD,1.1
2017-11-29,2017-12-14,cool,TWI.MTFD1.1.res1.gauss_0.5sigma,0.010444432359334,0.312322731138102,-0.598020142265811,-0.170964941978225,TWI,gauss,1,,,0.5,MTFD,1.1
2017-12-22,2018-01-20,cool,TWI.MTFD1.1.res1.gauss_0.5sigma,0.278188803900447,0.331175979286932,-0.0246264866976492,-0.0576009832686911,TWI,gauss,1,,,0.5,MTFD,1.1
2018-05-25,2018-06-07,warm,TWI.MTFD1.1.res1.gauss_0.5sigma,0.17723977288204,0.180761092668084,-0.203236869492993,-0.409517587806746,TWI,gauss,1,,,0.5,MTFD,1.1
2019-03-30,2019-04-12,cool,TWI.MTFD1.1.res1.gauss_0.5sigma,0.516422566979406,0.579533941448914,0.310667491027887,0.385056716791311,TWI,gauss,1,,,0.5,MTFD,1.1
2019-08-23,2019-09-13,warm,TWI.MTFD1.1.res1.gauss_0.5sigma,0.0446949090196683,0.27219616025517,-0.575965974109928,-0.160721035256733,TWI,gauss,1,,,0.5,MTFD,1.1
2020-08-11,2020-08-26,warm,TWI.MTFD1.1.res1.gauss_0.5sigma,0.0401866884453363,0.0731895494443283,-0.706652586244659,-0.485090385371666,TWI,gauss,1,,,0.5,MTFD,1.1
2020-09-01,2020-09-20,warm,TWI.MTFD1.1.res1.gauss_0.5sigma,0.0669596693285215,0.196830850633235,-0.594519226810501,-0.161311341410807,TWI,gauss,1,,,0.5,MTFD,1.1
2020-09-27,2020-10-17,cool,TWI.MTFD1.1.res1.gauss_0.5sigma,0.025036591469745,0.142208130402731,-0.693204021524817,-0.328899585496763,TWI,gauss,1,,,0.5,MTFD,1.1
2021-03-25,2021-04-06,cool,TWI.MTFD1.1.res1.gauss_0.5sigma,0.313111739719872,0.383947393460827,0.213108014766821,0.244163677441317,TWI,gauss,1,,,0.5,MTFD,1.1
2021-09-05,2021-09-20,warm,TWI.MTFD1.1.res1.gauss_0.5sigma,0.19184977012145,0.389658499523556,-0.00730085606429873,0.215115674866675,TWI,gauss,1,,,0.5,MTFD,1.1
2017-08-27,2017-09-16,warm,TWI.MTFD1.1.res1.gauss_1.0sigma,0.438216826635431,0.458208765119235,0.108925183547555,0.0915997978288641,TWI,gauss,1,,,1,MTFD,1.1
2017-11-29,2017-12-14,cool,TWI.MTFD1.1.res1.gauss_1.0sigma,0.194172550009711,0.364041424142108,-0.362930150594927,0.0120340374349053,TWI,gauss,1,,,1,MTFD,1.1
2017-12-22,2018-01-20,cool,TWI.MTFD1.1.res1.gauss_1.0sigma,0.394426458824065,0.415866406380577,0.259362411964465,0.21813118835942,TWI,gauss,1,,,1,MTFD,1.1
2018-05-25,2018-06-07,warm,TWI.MTFD1.1.res1.gauss_1.0sigma,0.399688594265814,0.404868936207497,0.245185362014596,0.178239612172401,TWI,gauss,1,,,1,MTFD,1.1
2019-03-30,2019-04-12,cool,TWI.MTFD1.1.res1.gauss_1.0sigma,0.527939316794148,0.613840502440757,0.333010924173624,0.429741129926409,TWI,gauss,1,,,1,MTFD,1.1
2019-08-23,2019-09-13,warm,TWI.MTFD1.1.res1.gauss_1.0sigma,0.0343400405934913,0.265324322871151,-0.624679567685601,-0.149912901461042,TWI,gauss,1,,,1,MTFD,1.1
2020-08-11,2020-08-26,warm,TWI.MTFD1.1.res1.gauss_1.0sigma,0.168048135751333,0.184788471809765,-0.371467376450403,-0.343252218650001,TWI,gauss,1,,,1,MTFD,1.1
2020-09-01,2020-09-20,warm,TWI.MTFD1.1.res1.gauss_1.0sigma,0.144788983773395,0.220110005269167,-0.262094644878095,-0.0996439176848192,TWI,gauss,1,,,1,MTFD,1.1
2020-09-27,2020-10-17,cool,TWI.MTFD1.1.res1.gauss_1.0sigma,0.0136727259693462,0.123595552550896,-0.515094265951535,-0.305472049474257,TWI,gauss,1,,,1,MTFD,1.1
2021-03-25,2021-04-06,cool,TWI.MTFD1.1.res1.gauss_1.0sigma,0.370460301710889,0.435656158765767,0.299374799729767,0.332233377077992,TWI,gauss,1,,,1,MTFD,1.1
2021-09-05,2021-09-20,warm,TWI.MTFD1.1.res1.gauss_1.0sigma,0.0527419886227847,0.339068288035761,-0.431715938843704,0.143341534429528,TWI,gauss,1,,,1,MTFD,1.1
2017-08-27,2017-09-16,warm,TWI.MTFD1.1.res1.gauss_1.5sigma,0.440881496975896,0.442712170922292,0.154622220773392,0.128986744390448,TWI,gauss,1,,,1.5,MTFD,1.1
2017-11-29,2017-12-14,cool,TWI.MTFD1.1.res1.gauss_1.5sigma,0.280155214731943,0.482614363358897,-0.154877076315243,0.259690986741462,TWI,gauss,1,,,1.5,MTFD,1.1
2017-12-22,2018-01-20,cool,TWI.MTFD1.1.res1.gauss_1.5sigma,0.407917234925603,0.464141143837105,0.292671571632931,0.298711732826915,TWI,gauss,1,,,1.5,MTFD,1.1
2018-05-25,2018-06-07,warm,TWI.MTFD1.1.res1.gauss_1.5sigma,0.415209200856034,0.420127229164198,0.309903476931336,0.24379294158719,TWI,gauss,1,,,1.5,MTFD,1.1
2019-03-30,2019-04-12,cool,TWI.MTFD1.1.res1.gauss_1.5sigma,0.579593039673879,0.64963117642298,0.415564675953415,0.450658174874904,TWI,gauss,1,,,1.5,MTFD,1.1
2019-08-23,2019-09-13,warm,TWI.MTFD1.1.res1.gauss_1.5sigma,0.137257508863112,0.329362798187723,-0.470975939939062,-0.12594118946404,TWI,gauss,1,,,1.5,MTFD,1.1
2020-08-11,2020-08-26,warm,TWI.MTFD1.1.res1.gauss_1.5sigma,0.186883066516015,0.196388738881745,-0.276362560627819,-0.275611373898439,TWI,gauss,1,,,1.5,MTFD,1.1
2020-09-01,2020-09-20,warm,TWI.MTFD1.1.res1.gauss_1.5sigma,0.125485988843339,0.205024943644737,-0.407034464575602,-0.147169903661391,TWI,gauss,1,,,1.5,MTFD,1.1
2020-09-27,2020-10-17,cool,TWI.MTFD1.1.res1.gauss_1.5sigma,0.0256129449692494,0.120624141700797,-0.640361382115238,-0.323639788559146,TWI,gauss,1,,,1.5,MTFD,1.1
2021-03-25,2021-04-06,cool,TWI.MTFD1.1.res1.gauss_1.5sigma,0.402017822664109,0.444273978616657,0.314667481737323,0.319122505142723,TWI,gauss,1,,,1.5,MTFD,1.1
2021-09-05,2021-09-20,warm,TWI.MTFD1.1.res1.gauss_1.5sigma,0.0186220295222761,0.332306683475847,-0.333678897871471,0.0933411003852347,TWI,gauss,1,,,1.5,MTFD,1.1
2017-08-27,2017-09-16,warm,TWI.MTFD1.1.res1.gauss_2.0sigma,0.530787062393955,0.531007188219811,0.236428344927106,0.214964035495573,TWI,gauss,1,,,2,MTFD,1.1
2017-11-29,2017-12-14,cool,TWI.MTFD1.1.res1.gauss_2.0sigma,0.375306771813419,0.56820656218979,0.147900554424343,0.398917062019915,TWI,gauss,1,,,2,MTFD,1.1
2017-12-22,2018-01-20,cool,TWI.MTFD1.1.res1.gauss_2.0sigma,0.469961217038327,0.527952061337724,0.370372306026197,0.382292015066607,TWI,gauss,1,,,2,MTFD,1.1
2018-05-25,2018-06-07,warm,TWI.MTFD1.1.res1.gauss_2.0sigma,0.443874114345224,0.45003469109735,0.361341609310586,0.296123935813549,TWI,gauss,1,,,2,MTFD,1.1
2019-03-30,2019-04-12,cool,TWI.MTFD1.1.res1.gauss_2.0sigma,0.618727329528215,0.691525481819161,0.493019080201336,0.519287156714713,TWI,gauss,1,,,2,MTFD,1.1
2019-08-23,2019-09-13,warm,TWI.MTFD1.1.res1.gauss_2.0sigma,0.328646637223269,0.460380085716346,-0.395291933721003,-0.0927265227473334,TWI,gauss,1,,,2,MTFD,1.1
2020-08-11,2020-08-26,warm,TWI.MTFD1.1.res1.gauss_2.0sigma,0.196566852072301,0.205590216550857,-0.231424655817163,-0.239969511626699,TWI,gauss,1,,,2,MTFD,1.1
2020-09-01,2020-09-20,warm,TWI.MTFD1.1.res1.gauss_2.0sigma,0.127394897446563,0.204387290716252,-0.421051462520108,-0.173677313275944,TWI,gauss,1,,,2,MTFD,1.1
2020-09-27,2020-10-17,cool,TWI.MTFD1.1.res1.gauss_2.0sigma,0.0358376832423193,0.122404131990638,-0.593052397045379,-0.330485962607232,TWI,gauss,1,,,2,MTFD,1.1
2021-03-25,2021-04-06,cool,TWI.MTFD1.1.res1.gauss_2.0sigma,0.409042601339138,0.451462172998033,0.31873171369051,0.318348825594384,TWI,gauss,1,,,2,MTFD,1.1
2021-09-05,2021-09-20,warm,TWI.MTFD1.1.res1.gauss_2.0sigma,0.031691202396506,0.332414445167731,-0.314764210631032,0.0691627665034359,TWI,gauss,1,,,2,MTFD,1.1
2017-08-27,2017-09-16,warm,TWI.MTFD1.1.res1.gauss_2.5sigma,0.545343691917524,0.546000821933465,0.260721539996827,0.236458338164535,TWI,gauss,1,,,2.5,MTFD,1.1
2017-11-29,2017-12-14,cool,TWI.MTFD1.1.res1.gauss_2.5sigma,0.421118149486324,0.596951442338786,0.257681397635701,0.438107031805746,TWI,gauss,1,,,2.5,MTFD,1.1
2017-12-22,2018-01-20,cool,TWI.MTFD1.1.res1.gauss_2.5sigma,0.471343533867974,0.522706637272174,0.3829101722288,0.383519638218371,TWI,gauss,1,,,2.5,MTFD,1.1
2018-05-25,2018-06-07,warm,TWI.MTFD1.1.res1.gauss_2.5sigma,0.451951217379825,0.461271056742331,0.356902143916581,0.28851045600177,TWI,gauss,1,,,2.5,MTFD,1.1
2019-03-30,2019-04-12,cool,TWI.MTFD1.1.res1.gauss_2.5sigma,0.599572649470255,0.688660712041289,0.471620164464613,0.513237406961188,TWI,gauss,1,,,2.5,MTFD,1.1
2019-08-23,2019-09-13,warm,TWI.MTFD1.1.res1.gauss_2.5sigma,0.365290396046418,0.467370536140606,-0.404793164073918,-0.179048195211529,TWI,gauss,1,,,2.5,MTFD,1.1
2020-08-11,2020-08-26,warm,TWI.MTFD1.1.res1.gauss_2.5sigma,0.196894527281124,0.203573053586099,-0.22325270321307,-0.248613421883889,TWI,gauss,1,,,2.5,MTFD,1.1
2020-09-01,2020-09-20,warm,TWI.MTFD1.1.res1.gauss_2.5sigma,0.12520876151784,0.197679773029601,-0.433875512447579,-0.201020767780452,TWI,gauss,1,,,2.5,MTFD,1.1
2020-09-27,2020-10-17,cool,TWI.MTFD1.1.res1.gauss_2.5sigma,0.0444762480601322,0.125968427813335,-0.529911636495456,-0.316887366410972,TWI,gauss,1,,,2.5,MTFD,1.1
2021-03-25,2021-04-06,cool,TWI.MTFD1.1.res1.gauss_2.5sigma,0.389798636854423,0.437478218434943,0.289560957876972,0.290623348870523,TWI,gauss,1,,,2.5,MTFD,1.1
2021-09-05,2021-09-20,warm,TWI.MTFD1.1.res1.gauss_2.5sigma,0.0738433159785895,0.335027638148107,-0.232425334704984,0.0442718366321959,TWI,gauss,1,,,2.5,MTFD,1.1
2017-08-27,2017-09-16,warm,TWI.MTFD1.1.res1.gauss_3.5sigma,0.518838246525563,0.521457835296585,0.256772278931091,0.227570497022083,TWI,gauss,1,,,3.5,MTFD,1.1
2017-11-29,2017-12-14,cool,TWI.MTFD1.1.res1.gauss_3.5sigma,0.459143462067038,0.611949187469023,0.350535019479508,0.463021656759607,TWI,gauss,1,,,3.5,MTFD,1.1
2017-12-22,2018-01-20,cool,TWI.MTFD1.1.res1.gauss_3.5sigma,0.462045996274552,0.510407068835932,0.376472950135036,0.368723691646905,TWI,gauss,1,,,3.5,MTFD,1.1
2018-05-25,2018-06-07,warm,TWI.MTFD1.1.res1.gauss_3.5sigma,0.437394766737081,0.44800545245387,0.301086003867586,0.212222753942775,TWI,gauss,1,,,3.5,MTFD,1.1
2019-03-30,2019-04-12,cool,TWI.MTFD1.1.res1.gauss_3.5sigma,0.590222650551755,0.685897980835367,0.449405584255886,0.494990619030093,TWI,gauss,1,,,3.5,MTFD,1.1
2019-08-23,2019-09-13,warm,TWI.MTFD1.1.res1.gauss_3.5sigma,0.418389922722126,0.499031315093969,-0.297668012907223,-0.152512322368738,TWI,gauss,1,,,3.5,MTFD,1.1
2020-08-11,2020-08-26,warm,TWI.MTFD1.1.res1.gauss_3.5sigma,0.273188459825897,0.276766260832253,0.117438874911527,0.0829289328923175,TWI,gauss,1,,,3.5,MTFD,1.1
2020-09-01,2020-09-20,warm,TWI.MTFD1.1.res1.gauss_3.5sigma,0.207883715839325,0.251685646508325,0.028999479476349,0.0213793163350068,TWI,gauss,1,,,3.5,MTFD,1.1
2020-09-27,2020-10-17,cool,TWI.MTFD1.1.res1.gauss_3.5sigma,0.0364346558478316,0.124828294532047,-0.303589088295992,-0.24339955739167,TWI,gauss,1,,,3.5,MTFD,1.1
2021-03-25,2021-04-06,cool,TWI.MTFD1.1.res1.gauss_3.5sigma,0.348819450108115,0.405478264218047,0.227469218861127,0.235431464060508,TWI,gauss,1,,,3.5,MTFD,1.1
2021-09-05,2021-09-20,warm,TWI.MTFD1.1.res1.gauss_3.5sigma,0.205183713459481,0.361701235980183,-0.0592349477345139,0.0766238959295517,TWI,gauss,1,,,3.5,MTFD,1.1
2017-08-27,2017-09-16,warm,TWI.MTFD1.1.res1.gauss_5.0sigma,0.537007441499629,0.540188261139388,0.266973975362711,0.235995041206079,TWI,gauss,1,,,5,MTFD,1.1
2017-11-29,2017-12-14,cool,TWI.MTFD1.1.res1.gauss_5.0sigma,0.480357330839057,0.623338593590946,0.396123379227613,0.488789848627644,TWI,gauss,1,,,5,MTFD,1.1
2017-12-22,2018-01-20,cool,TWI.MTFD1.1.res1.gauss_5.0sigma,0.470511933943021,0.525505066327275,0.386396693848413,0.388871818528642,TWI,gauss,1,,,5,MTFD,1.1
2018-05-25,2018-06-07,warm,TWI.MTFD1.1.res1.gauss_5.0sigma,0.436028539587784,0.44294943707525,0.297463441722444,0.19619488092794,TWI,gauss,1,,,5,MTFD,1.1
2019-03-30,2019-04-12,cool,TWI.MTFD1.1.res1.gauss_5.0sigma,0.553134975758238,0.647079381988324,0.404497408218121,0.436799152986428,TWI,gauss,1,,,5,MTFD,1.1
2019-08-23,2019-09-13,warm,TWI.MTFD1.1.res1.gauss_5.0sigma,0.427488327459121,0.514769434520225,-0.128486156187977,-0.00219975917003588,TWI,gauss,1,,,5,MTFD,1.1
2020-08-11,2020-08-26,warm,TWI.MTFD1.1.res1.gauss_5.0sigma,0.434120413845539,0.436372557313403,0.310971175288475,0.293234926486583,TWI,gauss,1,,,5,MTFD,1.1
2020-09-01,2020-09-20,warm,TWI.MTFD1.1.res1.gauss_5.0sigma,0.373025029705385,0.394280637983442,0.215530828777638,0.204617831836987,TWI,gauss,1,,,5,MTFD,1.1
2020-09-27,2020-10-17,cool,TWI.MTFD1.1.res1.gauss_5.0sigma,0.201744140216851,0.229911398579445,-0.057436103301068,-0.0785718133727309,TWI,gauss,1,,,5,MTFD,1.1
2021-03-25,2021-04-06,cool,TWI.MTFD1.1.res1.gauss_5.0sigma,0.300803135339041,0.364079467903063,0.170658354951578,0.181141428703547,TWI,gauss,1,,,5,MTFD,1.1
2021-09-05,2021-09-20,warm,TWI.MTFD1.1.res1.gauss_5.0sigma,0.305996007985094,0.40706834961045,0.0942962563402206,0.17181467664225,TWI,gauss,1,,,5,MTFD,1.1
2017-08-27,2017-09-16,warm,TWI.MTFD1.1.res1.NFNW,0.17356719826234,0.237531227463892,-0.379164646046468,-0.335544889777627,TWI,NFNW,1,,,,MTFD,1.1
2017-11-29,2017-12-14,cool,TWI.MTFD1.1.res1.NFNW,0.0795980537199422,0.318370644060829,-0.473660911757557,-0.0526424473324001,TWI,NFNW,1,,,,MTFD,1.1
2017-12-22,2018-01-20,cool,TWI.MTFD1.1.res1.NFNW,0.0303598911105985,0.124013704542876,-0.759306957811892,-0.504665921570935,TWI,NFNW,1,,,,MTFD,1.1
2018-05-25,2018-06-07,warm,TWI.MTFD1.1.res1.NFNW,0.0358083522327991,0.080469458086176,-0.568525846905002,-0.581463893234895,TWI,NFNW,1,,,,MTFD,1.1
2019-03-30,2019-04-12,cool,TWI.MTFD1.1.res1.NFNW,0.200331309484875,0.41768207085159,-0.567131167357961,-0.0601809832816523,TWI,NFNW,1,,,,MTFD,1.1
2019-08-23,2019-09-13,warm,TWI.MTFD1.1.res1.NFNW,0.235758066419347,0.320244456324547,-0.111721456535039,-0.0315476701266956,TWI,NFNW,1,,,,MTFD,1.1
2020-08-11,2020-08-26,warm,TWI.MTFD1.1.res1.NFNW,0.238876666711568,0.242898825445571,-0.0371569537742852,-0.0418510366840636,TWI,NFNW,1,,,,MTFD,1.1
2020-09-01,2020-09-20,warm,TWI.MTFD1.1.res1.NFNW,0.163814554311702,0.201758863272195,-0.174744876042341,-0.138498899455787,TWI,NFNW,1,,,,MTFD,1.1
2020-09-27,2020-10-17,cool,TWI.MTFD1.1.res1.NFNW,0.138914968947309,0.168927551022208,-0.239864745939309,-0.198997718505581,TWI,NFNW,1,,,,MTFD,1.1
2021-03-25,2021-04-06,cool,TWI.MTFD1.1.res1.NFNW,0.215651673109665,0.305305745718155,-0.0431526304183248,0.0750008947382877,TWI,NFNW,1,,,,MTFD,1.1
2021-09-05,2021-09-20,warm,TWI.MTFD1.1.res1.NFNW,0.110686076497447,0.365969957576959,-0.13710471828342,0.195668906530326,TWI,NFNW,1,,,,MTFD,1.1
2017-08-27,2017-09-16,warm,TWI.MTFD1.1.res1.SSC1,0.0356797543128284,0.148605200557235,-0.822183951624323,-0.485908100597686,TWI,SSC,1,,1,,MTFD,1.1
2017-11-29,2017-12-14,cool,TWI.MTFD1.1.res1.SSC1,0.265413228742467,0.340842785160045,-0.0700406079740005,-0.0530655289432528,TWI,SSC,1,,1,,MTFD,1.1
2017-12-22,2018-01-20,cool,TWI.MTFD1.1.res1.SSC1,0.278605646384795,0.279388470637713,-0.0130616535389162,-0.117703683846387,TWI,SSC,1,,1,,MTFD,1.1
2018-05-25,2018-06-07,warm,TWI.MTFD1.1.res1.SSC1,0.111811784476233,0.160885251840406,-0.318599820723869,-0.334133759264632,TWI,SSC,1,,1,,MTFD,1.1
2019-03-30,2019-04-12,cool,TWI.MTFD1.1.res1.SSC1,0.156595363023468,0.486532433620405,-0.569129487241549,0.165952139867896,TWI,SSC,1,,1,,MTFD,1.1
2019-08-23,2019-09-13,warm,TWI.MTFD1.1.res1.SSC1,0.029931101425321,0.251794502705126,-0.631665074921662,-0.154570093021778,TWI,SSC,1,,1,,MTFD,1.1
2020-08-11,2020-08-26,warm,TWI.MTFD1.1.res1.SSC1,0.100019989280534,0.105442515011916,-0.452264648398012,-0.445227532178212,TWI,SSC,1,,1,,MTFD,1.1
2020-09-01,2020-09-20,warm,TWI.MTFD1.1.res1.SSC1,0.0156621478837764,0.153681439701903,-0.739350091681137,-0.322416159638808,TWI,SSC,1,,1,,MTFD,1.1
2020-09-27,2020-10-17,cool,TWI.MTFD1.1.res1.SSC1,0.0542667638778495,0.145371084770766,-0.552516047150826,-0.320348135453434,TWI,SSC,1,,1,,MTFD,1.1
2021-03-25,2021-04-06,cool,TWI.MTFD1.1.res1.SSC1,0.255316784502434,0.382426627419261,0.105079007739008,0.219620612239682,TWI,SSC,1,,1,,MTFD,1.1
2021-09-05,2021-09-20,warm,TWI.MTFD1.1.res1.SSC1,0.0840694180783657,0.333295403926076,-0.323524858051074,0.139494940573355,TWI,SSC,1,,1,,MTFD,1.1
2017-08-27,2017-09-16,warm,TWI.MTFD1.1.res1.SSC10,0.597181863033869,0.599895084763759,0.313394380481265,0.2753689287846,TWI,SSC,1,,10,,MTFD,1.1
2017-11-29,2017-12-14,cool,TWI.MTFD1.1.res1.SSC10,0.468780176560619,0.607922470936868,0.351824475679118,0.433014589723663,TWI,SSC,1,,10,,MTFD,1.1
2017-12-22,2018-01-20,cool,TWI.MTFD1.1.res1.SSC10,0.446332999294985,0.501028585318046,0.361293697064996,0.346589971934741,TWI,SSC,1,,10,,MTFD,1.1
2018-05-25,2018-06-07,warm,TWI.MTFD1.1.res1.SSC10,0.426545080540423,0.433091412334989,0.243358340279664,0.142607552410876,TWI,SSC,1,,10,,MTFD,1.1
2019-03-30,2019-04-12,cool,TWI.MTFD1.1.res1.SSC10,0.457802842173965,0.576546896611583,0.272337434740254,0.325843427736178,TWI,SSC,1,,10,,MTFD,1.1
2019-08-23,2019-09-13,warm,TWI.MTFD1.1.res1.SSC10,0.407348420757516,0.493243014909817,-0.153048102293092,-0.00157673286314241,TWI,SSC,1,,10,,MTFD,1.1
2020-08-11,2020-08-26,warm,TWI.MTFD1.1.res1.SSC10,0.460496635885478,0.461852717664304,0.359946899005492,0.342680864862991,TWI,SSC,1,,10,,MTFD,1.1
2020-09-01,2020-09-20,warm,TWI.MTFD1.1.res1.SSC10,0.390520709780254,0.410359163977819,0.248747296869261,0.235573993888401,TWI,SSC,1,,10,,MTFD,1.1
2020-09-27,2020-10-17,cool,TWI.MTFD1.1.res1.SSC10,0.228437124269704,0.252888232012445,-0.0270814735126505,-0.0564848135290365,TWI,SSC,1,,10,,MTFD,1.1
2021-03-25,2021-04-06,cool,TWI.MTFD1.1.res1.SSC10,0.30636356280236,0.369758092896644,0.170806624886668,0.175615902905959,TWI,SSC,1,,10,,MTFD,1.1
2021-09-05,2021-09-20,warm,TWI.MTFD1.1.res1.SSC10,0.370597849323688,0.461082240657552,0.0763009314908689,0.121666326468028,TWI,SSC,1,,10,,MTFD,1.1
2017-08-27,2017-09-16,warm,TWI.MTFD1.1.res1.SSC2,0.363016002363385,0.364845302918787,0.0573314073293098,0.021423370163654,TWI,SSC,1,,2,,MTFD,1.1
2017-11-29,2017-12-14,cool,TWI.MTFD1.1.res1.SSC2,0.175426227459984,0.418429235932274,-0.519404614026375,0.123317695804115,TWI,SSC,1,,2,,MTFD,1.1
2017-12-22,2018-01-20,cool,TWI.MTFD1.1.res1.SSC2,0.374721666367027,0.441084651295402,0.244917220153698,0.264063467761055,TWI,SSC,1,,2,,MTFD,1.1
2018-05-25,2018-06-07,warm,TWI.MTFD1.1.res1.SSC2,0.418987157076733,0.420228380677654,0.255987616943299,0.197687604253288,TWI,SSC,1,,2,,MTFD,1.1
2019-03-30,2019-04-12,cool,TWI.MTFD1.1.res1.SSC2,0.583148444671682,0.637255943221768,0.395287281449561,0.443665436538025,TWI,SSC,1,,2,,MTFD,1.1
2019-08-23,2019-09-13,warm,TWI.MTFD1.1.res1.SSC2,0.0318923786189579,0.255373086204313,-0.636742180082593,-0.135696115563093,TWI,SSC,1,,2,,MTFD,1.1
2020-08-11,2020-08-26,warm,TWI.MTFD1.1.res1.SSC2,0.160131709473357,0.17821414313846,-0.391870632096482,-0.359707790253064,TWI,SSC,1,,2,,MTFD,1.1
2020-09-01,2020-09-20,warm,TWI.MTFD1.1.res1.SSC2,0.12336787396328,0.213018751214336,-0.381765944921354,-0.114837629117879,TWI,SSC,1,,2,,MTFD,1.1
2020-09-27,2020-10-17,cool,TWI.MTFD1.1.res1.SSC2,0.00288598946723328,0.121943039985284,-0.614298196796777,-0.304595735956384,TWI,SSC,1,,2,,MTFD,1.1
2021-03-25,2021-04-06,cool,TWI.MTFD1.1.res1.SSC2,0.353689646713013,0.399531305992134,0.275795274091967,0.278752172605678,TWI,SSC,1,,2,,MTFD,1.1
2021-09-05,2021-09-20,warm,TWI.MTFD1.1.res1.SSC2,0.0701697924063306,0.344258493000905,-0.322148953739684,0.151164127210721,TWI,SSC,1,,2,,MTFD,1.1
2017-08-27,2017-09-16,warm,TWI.MTFD1.1.res1.SSC3,0.447002726453763,0.44728517928314,0.164027460570244,0.133152795170867,TWI,SSC,1,,3,,MTFD,1.1
2017-11-29,2017-12-14,cool,TWI.MTFD1.1.res1.SSC3,0.242046659146156,0.473956487427464,-0.435545326442086,0.144125103437059,TWI,SSC,1,,3,,MTFD,1.1
2017-12-22,2018-01-20,cool,TWI.MTFD1.1.res1.SSC3,0.401993493701817,0.4736416906869,0.28849330836715,0.308889125484499,TWI,SSC,1,,3,,MTFD,1.1
2018-05-25,2018-06-07,warm,TWI.MTFD1.1.res1.SSC3,0.416262572922573,0.420387268479168,0.31811513494549,0.249364704875466,TWI,SSC,1,,3,,MTFD,1.1
2019-03-30,2019-04-12,cool,TWI.MTFD1.1.res1.SSC3,0.571216682624151,0.639516508289342,0.414123395723723,0.438683013058794,TWI,SSC,1,,3,,MTFD,1.1
2019-08-23,2019-09-13,warm,TWI.MTFD1.1.res1.SSC3,0.179765091884903,0.355434973761691,-0.464809448131556,-0.157889261966778,TWI,SSC,1,,3,,MTFD,1.1
2020-08-11,2020-08-26,warm,TWI.MTFD1.1.res1.SSC3,0.121436257635727,0.13159468327183,-0.692754991056578,-0.632680667107025,TWI,SSC,1,,3,,MTFD,1.1
2020-09-01,2020-09-20,warm,TWI.MTFD1.1.res1.SSC3,0.0675288669399578,0.170205242694304,-0.758698516921608,-0.332394708442295,TWI,SSC,1,,3,,MTFD,1.1
2020-09-27,2020-10-17,cool,TWI.MTFD1.1.res1.SSC3,0.0797625259231506,0.13631140040383,-0.427132099430818,-0.318295945565246,TWI,SSC,1,,3,,MTFD,1.1
2021-03-25,2021-04-06,cool,TWI.MTFD1.1.res1.SSC3,0.353409815045512,0.405225888489519,0.271828088481739,0.272778200988865,TWI,SSC,1,,3,,MTFD,1.1
2021-09-05,2021-09-20,warm,TWI.MTFD1.1.res1.SSC3,0.0506681227245958,0.339544812131009,-0.39137677438546,0.131605312741303,TWI,SSC,1,,3,,MTFD,1.1
2017-08-27,2017-09-16,warm,TWI.MTFD1.1.res1.SSC4,0.571148784018919,0.571631475257396,0.278317975331689,0.257461654750967,TWI,SSC,1,,4,,MTFD,1.1
2017-11-29,2017-12-14,cool,TWI.MTFD1.1.res1.SSC4,0.388871047849257,0.606682712859957,0.184763654754197,0.447249762668863,TWI,SSC,1,,4,,MTFD,1.1
2017-12-22,2018-01-20,cool,TWI.MTFD1.1.res1.SSC4,0.514582412494648,0.589490454542806,0.419043225835669,0.451462344685709,TWI,SSC,1,,4,,MTFD,1.1
2018-05-25,2018-06-07,warm,TWI.MTFD1.1.res1.SSC4,0.453995511086282,0.45675900206801,0.363736663726984,0.300429435536293,TWI,SSC,1,,4,,MTFD,1.1
2019-03-30,2019-04-12,cool,TWI.MTFD1.1.res1.SSC4,0.648986064327045,0.708996609519258,0.545326510292783,0.55174312612826,TWI,SSC,1,,4,,MTFD,1.1
2019-08-23,2019-09-13,warm,TWI.MTFD1.1.res1.SSC4,0.391188030958507,0.53247312294339,0.00764464653762851,0.173269314211838,TWI,SSC,1,,4,,MTFD,1.1
2020-08-11,2020-08-26,warm,TWI.MTFD1.1.res1.SSC4,0.217737623608839,0.230303783411129,-0.125677050751524,-0.129461343114694,TWI,SSC,1,,4,,MTFD,1.1
2020-09-01,2020-09-20,warm,TWI.MTFD1.1.res1.SSC4,0.14452490207537,0.224505113884464,-0.319848658689632,-0.123741883084171,TWI,SSC,1,,4,,MTFD,1.1
2020-09-27,2020-10-17,cool,TWI.MTFD1.1.res1.SSC4,0.0107487236964351,0.120422043369276,-0.624540742383771,-0.330589781021427,TWI,SSC,1,,4,,MTFD,1.1
2021-03-25,2021-04-06,cool,TWI.MTFD1.1.res1.SSC4,0.437298160849808,0.47371028905445,0.35997397974241,0.353240019892627,TWI,SSC,1,,4,,MTFD,1.1
2021-09-05,2021-09-20,warm,TWI.MTFD1.1.res1.SSC4,0.00888436356719588,0.332606637804044,-0.374528576166072,0.0834114460214705,TWI,SSC,1,,4,,MTFD,1.1
2017-08-27,2017-09-16,warm,TWI.MTFD1.1.res1.SSC5,0.601314277032413,0.601576739610157,0.312236599325251,0.286341709519959,TWI,SSC,1,,5,,MTFD,1.1
2017-11-29,2017-12-14,cool,TWI.MTFD1.1.res1.SSC5,0.459418060663578,0.630665757080043,0.314886806153001,0.480051314624225,TWI,SSC,1,,5,,MTFD,1.1
2017-12-22,2018-01-20,cool,TWI.MTFD1.1.res1.SSC5,0.504129899744773,0.55823257019235,0.428044051369775,0.434999773596494,TWI,SSC,1,,5,,MTFD,1.1
2018-05-25,2018-06-07,warm,TWI.MTFD1.1.res1.SSC5,0.447767328897761,0.455760038998397,0.301554488861408,0.225422278735862,TWI,SSC,1,,5,,MTFD,1.1
2019-03-30,2019-04-12,cool,TWI.MTFD1.1.res1.SSC5,0.562412162745283,0.663122702153648,0.436068088705059,0.486035335408593,TWI,SSC,1,,5,,MTFD,1.1
2019-08-23,2019-09-13,warm,TWI.MTFD1.1.res1.SSC5,0.430257559260122,0.523784852993049,-0.306891181836615,-0.0954867063897634,TWI,SSC,1,,5,,MTFD,1.1
2020-08-11,2020-08-26,warm,TWI.MTFD1.1.res1.SSC5,0.251507905895596,0.259071828091116,0.0259840743507157,-0.00192078860776144,TWI,SSC,1,,5,,MTFD,1.1
2020-09-01,2020-09-20,warm,TWI.MTFD1.1.res1.SSC5,0.180600770260175,0.239048504647845,-0.0995868642118902,-0.0513691599128806,TWI,SSC,1,,5,,MTFD,1.1
2020-09-27,2020-10-17,cool,TWI.MTFD1.1.res1.SSC5,0.0156236903326111,0.122192537876087,-0.537495237377247,-0.298323516139219,TWI,SSC,1,,5,,MTFD,1.1
2021-03-25,2021-04-06,cool,TWI.MTFD1.1.res1.SSC5,0.412097884815142,0.455396930382195,0.323926825605559,0.31798218848157,TWI,SSC,1,,5,,MTFD,1.1
2021-09-05,2021-09-20,warm,TWI.MTFD1.1.res1.SSC5,0.11130705530536,0.342337064448293,-0.223322327697105,0.0314920230028375,TWI,SSC,1,,5,,MTFD,1.1
2017-08-27,2017-09-16,warm,TWI.MTFD1.1.res1.SSC7,0.580662541340083,0.581930326138697,0.295038187800458,0.264752503094833,TWI,SSC,1,,7,,MTFD,1.1
2017-11-29,2017-12-14,cool,TWI.MTFD1.1.res1.SSC7,0.474826402734132,0.625017456138474,0.369424423936747,0.476299030755621,TWI,SSC,1,,7,,MTFD,1.1
2017-12-22,2018-01-20,cool,TWI.MTFD1.1.res1.SSC7,0.487086528621583,0.536902031983188,0.409849863215008,0.405789528250009,TWI,SSC,1,,7,,MTFD,1.1
2018-05-25,2018-06-07,warm,TWI.MTFD1.1.res1.SSC7,0.430192450533162,0.438669662793561,0.24891951004284,0.159711314666028,TWI,SSC,1,,7,,MTFD,1.1
2019-03-30,2019-04-12,cool,TWI.MTFD1.1.res1.SSC7,0.55344490313094,0.658783682240017,0.389976217759463,0.443325006672439,TWI,SSC,1,,7,,MTFD,1.1
2019-08-23,2019-09-13,warm,TWI.MTFD1.1.res1.SSC7,0.492458144124767,0.564661509017674,-0.0210452347684265,0.0718664272016265,TWI,SSC,1,,7,,MTFD,1.1
2020-08-11,2020-08-26,warm,TWI.MTFD1.1.res1.SSC7,0.337932551403214,0.342349379469773,0.228595618157202,0.201417838560342,TWI,SSC,1,,7,,MTFD,1.1
2020-09-01,2020-09-20,warm,TWI.MTFD1.1.res1.SSC7,0.262703606383049,0.299163595365904,0.126812487328283,0.111246544038965,TWI,SSC,1,,7,,MTFD,1.1
2020-09-27,2020-10-17,cool,TWI.MTFD1.1.res1.SSC7,0.0964260547436436,0.153203839372637,-0.174147015307109,-0.178248135743692,TWI,SSC,1,,7,,MTFD,1.1
2021-03-25,2021-04-06,cool,TWI.MTFD1.1.res1.SSC7,0.341642966937421,0.401118720893398,0.221038680890032,0.227777765328331,TWI,SSC,1,,7,,MTFD,1.1
2021-09-05,2021-09-20,warm,TWI.MTFD1.1.res1.SSC7,0.310323779649829,0.40964196124038,0.119708026639201,0.180809828488194,TWI,SSC,1,,7,,MTFD,1.1
2017-08-27,2017-09-16,warm,TWI.MTFD1.1.res10.NFNW,0.753520728699198,0.755306753136439,0.592608623765269,0.543809899347405,TWI,NFNW,10,,,,MTFD,1.1
2017-11-29,2017-12-14,cool,TWI.MTFD1.1.res10.NFNW,0.566631091261589,0.688936378667794,0.432376142396037,0.517051989743868,TWI,NFNW,10,,,,MTFD,1.1
2017-12-22,2018-01-20,cool,TWI.MTFD1.1.res10.NFNW,0.63016808111969,0.677671937146969,0.588258085588945,0.601870477113346,TWI,NFNW,10,,,,MTFD,1.1
2018-05-25,2018-06-07,warm,TWI.MTFD1.1.res10.NFNW,0.368152095298162,0.373738031846956,0.100028353544741,0.0418597828056504,TWI,NFNW,10,,,,MTFD,1.1
2019-03-30,2019-04-12,cool,TWI.MTFD1.1.res10.NFNW,0.563461812390634,0.673413957502316,0.423068433583893,0.493612010567458,TWI,NFNW,10,,,,MTFD,1.1
2019-08-23,2019-09-13,warm,TWI.MTFD1.1.res10.NFNW,0.620284477287929,0.680416563019657,0.441295506283929,0.447916847936072,TWI,NFNW,10,,,,MTFD,1.1
2020-08-11,2020-08-26,warm,TWI.MTFD1.1.res10.NFNW,0.504210137443641,0.513236311618538,0.438857555910064,0.422352917064812,TWI,NFNW,10,,,,MTFD,1.1
2020-09-01,2020-09-20,warm,TWI.MTFD1.1.res10.NFNW,0.378500584249348,0.410246763625492,0.273821346992032,0.274514174828966,TWI,NFNW,10,,,,MTFD,1.1
2020-09-27,2020-10-17,cool,TWI.MTFD1.1.res10.NFNW,0.184966579195442,0.223868466203225,-0.0281924647714489,-0.0573731432146426,TWI,NFNW,10,,,,MTFD,1.1
2021-03-25,2021-04-06,cool,TWI.MTFD1.1.res10.NFNW,0.394512447534652,0.456719866982683,0.324867717714904,0.344683735568888,TWI,NFNW,10,,,,MTFD,1.1
2021-09-05,2021-09-20,warm,TWI.MTFD1.1.res10.NFNW,0.331889384127696,0.444511418205502,0.220556317691391,0.293545273532997,TWI,NFNW,10,,,,MTFD,1.1
2017-08-27,2017-09-16,warm,TWI.MTFD1.1.res2.NFNW,0.521222924442391,0.521223212604081,0.227458240337121,0.207351606533459,TWI,NFNW,2,,,,MTFD,1.1
2017-11-29,2017-12-14,cool,TWI.MTFD1.1.res2.NFNW,0.279291214672836,0.489801116564253,-0.277912905512833,0.190542502543858,TWI,NFNW,2,,,,MTFD,1.1
2017-12-22,2018-01-20,cool,TWI.MTFD1.1.res2.NFNW,0.460578901682602,0.51799126914136,0.371444479931849,0.386719848584749,TWI,NFNW,2,,,,MTFD,1.1
2018-05-25,2018-06-07,warm,TWI.MTFD1.1.res2.NFNW,0.507622980668056,0.51007664936411,0.399553125820166,0.354949000467623,TWI,NFNW,2,,,,MTFD,1.1
2019-03-30,2019-04-12,cool,TWI.MTFD1.1.res2.NFNW,0.510398841389659,0.592654031441531,0.336405092990217,0.410122991750764,TWI,NFNW,2,,,,MTFD,1.1
2019-08-23,2019-09-13,warm,TWI.MTFD1.1.res2.NFNW,0.0499919446106958,0.275680832426815,-0.682766473089068,-0.0942626195819864,TWI,NFNW,2,,,,MTFD,1.1
2020-08-11,2020-08-26,warm,TWI.MTFD1.1.res2.NFNW,0.198794975604362,0.216832617046419,-0.192421646667579,-0.156266129088523,TWI,NFNW,2,,,,MTFD,1.1
2020-09-01,2020-09-20,warm,TWI.MTFD1.1.res2.NFNW,0.142129628042577,0.224426905834804,-0.296469548258001,-0.0981238803417547,TWI,NFNW,2,,,,MTFD,1.1
2020-09-27,2020-10-17,cool,TWI.MTFD1.1.res2.NFNW,0.00497883448706246,0.122984549782495,-0.59379736898355,-0.31377798048974,TWI,NFNW,2,,,,MTFD,1.1
2021-03-25,2021-04-06,cool,TWI.MTFD1.1.res2.NFNW,0.335930783366266,0.390700034129954,0.257996484178784,0.269313927308199,TWI,NFNW,2,,,,MTFD,1.1
2021-09-05,2021-09-20,warm,TWI.MTFD1.1.res2.NFNW,0.0378348354906954,0.332310888662433,-0.384246309815154,0.0877686963618261,TWI,NFNW,2,,,,MTFD,1.1
2017-08-27,2017-09-16,warm,TWI.MTFD1.1.res3.NFNW,0.684670365840031,0.684911351790561,0.389518553608853,0.364077834576799,TWI,NFNW,3,,,,MTFD,1.1
2017-11-29,2017-12-14,cool,TWI.MTFD1.1.res3.NFNW,0.382905415156284,0.570848766903036,0.116590786049014,0.32512347263046,TWI,NFNW,3,,,,MTFD,1.1
2017-12-22,2018-01-20,cool,TWI.MTFD1.1.res3.NFNW,0.514192503772513,0.577861008238557,0.447782756316686,0.470338027966389,TWI,NFNW,3,,,,MTFD,1.1
2018-05-25,2018-06-07,warm,TWI.MTFD1.1.res3.NFNW,0.354017864099939,0.358691429632569,0.108218416564555,0.0307241579031269,TWI,NFNW,3,,,,MTFD,1.1
2019-03-30,2019-04-12,cool,TWI.MTFD1.1.res3.NFNW,0.528365717366816,0.619800496725883,0.38005207329856,0.420381643821094,TWI,NFNW,3,,,,MTFD,1.1
2019-08-23,2019-09-13,warm,TWI.MTFD1.1.res3.NFNW,0.464042276192957,0.572657364323027,-0.205859776061513,0.0778332885810176,TWI,NFNW,3,,,,MTFD,1.1
2020-08-11,2020-08-26,warm,TWI.MTFD1.1.res3.NFNW,0.225870963242118,0.239923677997608,-0.111094221978148,-0.122746990304768,TWI,NFNW,3,,,,MTFD,1.1
2020-09-01,2020-09-20,warm,TWI.MTFD1.1.res3.NFNW,0.144738980639411,0.222914103080479,-0.343108152229627,-0.154376842263607,TWI,NFNW,3,,,,MTFD,1.1
2020-09-27,2020-10-17,cool,TWI.MTFD1.1.res3.NFNW,0.0101520343611155,0.120350473738868,-0.527167124026408,-0.326251898435728,TWI,NFNW,3,,,,MTFD,1.1
2021-03-25,2021-04-06,cool,TWI.MTFD1.1.res3.NFNW,0.431561765528432,0.477214904877273,0.372038431713743,0.377528502968,TWI,NFNW,3,,,,MTFD,1.1
2021-09-05,2021-09-20,warm,TWI.MTFD1.1.res3.NFNW,0.207368020116574,0.380807011900896,-0.0873075054878557,0.0887736710681777,TWI,NFNW,3,,,,MTFD,1.1
2017-08-27,2017-09-16,warm,TWI.MTFD1.1.res4.NFNW,0.649358732983102,0.650585564379117,0.368746942564135,0.332976805977561,TWI,NFNW,4,,,,MTFD,1.1
2017-11-29,2017-12-14,cool,TWI.MTFD1.1.res4.NFNW,0.481077609474059,0.628989185802469,0.361738169500913,0.475272625030001,TWI,NFNW,4,,,,MTFD,1.1
2017-12-22,2018-01-20,cool,TWI.MTFD1.1.res4.NFNW,0.532243076660233,0.581077171676714,0.470314801757091,0.469299364985098,TWI,NFNW,4,,,,MTFD,1.1
2018-05-25,2018-06-07,warm,TWI.MTFD1.1.res4.NFNW,0.537167467889151,0.54555939808461,0.462977620667678,0.41486874755085,TWI,NFNW,4,,,,MTFD,1.1
2019-03-30,2019-04-12,cool,TWI.MTFD1.1.res4.NFNW,0.560102477913681,0.663326923460035,0.407985900065331,0.46082555548656,TWI,NFNW,4,,,,MTFD,1.1
2019-08-23,2019-09-13,warm,TWI.MTFD1.1.res4.NFNW,0.381807426938439,0.474694939220936,0.112394532629809,0.194397221372456,TWI,NFNW,4,,,,MTFD,1.1
2020-08-11,2020-08-26,warm,TWI.MTFD1.1.res4.NFNW,0.289084085712889,0.294009396867103,0.111980122776905,0.0812055354308494,TWI,NFNW,4,,,,MTFD,1.1
2020-09-01,2020-09-20,warm,TWI.MTFD1.1.res4.NFNW,0.196950588531685,0.248240593197403,-0.0591233030116694,-0.0387795452930383,TWI,NFNW,4,,,,MTFD,1.1
2020-09-27,2020-10-17,cool,TWI.MTFD1.1.res4.NFNW,0.0133839247096622,0.121217876314914,-0.637482336618681,-0.328554042528924,TWI,NFNW,4,,,,MTFD,1.1
2021-03-25,2021-04-06,cool,TWI.MTFD1.1.res4.NFNW,0.423072319117156,0.46522023204769,0.340503816617142,0.334595440345707,TWI,NFNW,4,,,,MTFD,1.1
2021-09-05,2021-09-20,warm,TWI.MTFD1.1.res4.NFNW,0.261853264300112,0.405153415159227,-0.0589880466099615,0.0520248292352279,TWI,NFNW,4,,,,MTFD,1.1
2017-08-27,2017-09-16,warm,TWI.MTFD1.1.res5.NFNW,0.748687933416291,0.748725687392081,0.516061074060226,0.482446378012579,TWI,NFNW,5,,,,MTFD,1.1
2017-11-29,2017-12-14,cool,TWI.MTFD1.1.res5.NFNW,0.50792451148872,0.660384880238577,0.351610558757602,0.47394727140819,TWI,NFNW,5,,,,MTFD,1.1
2017-12-22,2018-01-20,cool,TWI.MTFD1.1.res5.NFNW,0.607526415361945,0.666798388186394,0.557790835116198,0.58621345555143,TWI,NFNW,5,,,,MTFD,1.1
2018-05-25,2018-06-07,warm,TWI.MTFD1.1.res5.NFNW,0.423907918521197,0.427307018678579,0.181176271299294,0.128446451610031,TWI,NFNW,5,,,,MTFD,1.1
2019-03-30,2019-04-12,cool,TWI.MTFD1.1.res5.NFNW,0.610163153858202,0.695135138854514,0.457334928639252,0.490860337461306,TWI,NFNW,5,,,,MTFD,1.1
2019-08-23,2019-09-13,warm,TWI.MTFD1.1.res5.NFNW,0.596763145173116,0.677985934496152,0.495377842601537,0.515320134893758,TWI,NFNW,5,,,,MTFD,1.1
2020-08-11,2020-08-26,warm,TWI.MTFD1.1.res5.NFNW,0.40303705399794,0.416188616020715,0.317587323129119,0.308518742379198,TWI,NFNW,5,,,,MTFD,1.1
2020-09-01,2020-09-20,warm,TWI.MTFD1.1.res5.NFNW,0.311430207820588,0.355511600723003,0.197380396459385,0.211550340105671,TWI,NFNW,5,,,,MTFD,1.1
2020-09-27,2020-10-17,cool,TWI.MTFD1.1.res5.NFNW,0.137398603472361,0.190198540118772,-0.117838313655423,-0.129155676145322,TWI,NFNW,5,,,,MTFD,1.1
2021-03-25,2021-04-06,cool,TWI.MTFD1.1.res5.NFNW,0.417155347588163,0.467822633910581,0.354487666629017,0.363214347526325,TWI,NFNW,5,,,,MTFD,1.1
2021-09-05,2021-09-20,warm,TWI.MTFD1.1.res5.NFNW,0.314587597558696,0.427896743210253,0.179449572131474,0.24707405171656,TWI,NFNW,5,,,,MTFD,1.1
2017-08-27,2017-09-16,warm,TWI.MTFD1.1.res7.NFNW,0.776184766370266,0.776672478421837,0.59521823856369,0.558711293962164,TWI,NFNW,7,,,,MTFD,1.1
2017-11-29,2017-12-14,cool,TWI.MTFD1.1.res7.NFNW,0.522968379512674,0.655389025643342,0.346064942650277,0.444804164245705,TWI,NFNW,7,,,,MTFD,1.1
2017-12-22,2018-01-20,cool,TWI.MTFD1.1.res7.NFNW,0.623028094802835,0.668589721540416,0.571353232785726,0.585718302723678,TWI,NFNW,7,,,,MTFD,1.1
2018-05-25,2018-06-07,warm,TWI.MTFD1.1.res7.NFNW,0.350484850779781,0.356513534228253,0.0228574600782887,-0.0217640903718754,TWI,NFNW,7,,,,MTFD,1.1
2019-03-30,2019-04-12,cool,TWI.MTFD1.1.res7.NFNW,0.519180462400093,0.628347944602632,0.372337250915156,0.424752344335677,TWI,NFNW,7,,,,MTFD,1.1
2019-08-23,2019-09-13,warm,TWI.MTFD1.1.res7.NFNW,0.672555649714416,0.737002850831721,0.626083440728213,0.626602057556834,TWI,NFNW,7,,,,MTFD,1.1
2020-08-11,2020-08-26,warm,TWI.MTFD1.1.res7.NFNW,0.386121672982637,0.402370771643896,0.297055888747493,0.283876651047753,TWI,NFNW,7,,,,MTFD,1.1
2020-09-01,2020-09-20,warm,TWI.MTFD1.1.res7.NFNW,0.301869483212268,0.34747873746129,0.184455553763366,0.200784810992325,TWI,NFNW,7,,,,MTFD,1.1
2020-09-27,2020-10-17,cool,TWI.MTFD1.1.res7.NFNW,0.147646765509017,0.198746697095656,-0.0861016071236842,-0.107685063405394,TWI,NFNW,7,,,,MTFD,1.1
2021-03-25,2021-04-06,cool,TWI.MTFD1.1.res7.NFNW,0.39911088492387,0.456192802017511,0.335731540175171,0.355220153753989,TWI,NFNW,7,,,,MTFD,1.1
2021-09-05,2021-09-20,warm,TWI.MTFD1.1.res7.NFNW,0.317723205125374,0.429119024882792,0.200927309186376,0.266105315609955,TWI,NFNW,7,,,,MTFD,1.1
2017-08-27,2017-09-16,warm,TWI.MTFD10.res1.gauss_0.5sigma,0.342524174849036,0.351697681600752,-0.236296288362414,-0.281188886721929,TWI,gauss,1,,,0.5,MTFD,10
2017-11-29,2017-12-14,cool,TWI.MTFD10.res1.gauss_0.5sigma,0.00416522287387302,0.307812132108925,-0.657969370983805,-0.148279538485266,TWI,gauss,1,,,0.5,MTFD,10
2017-12-22,2018-01-20,cool,TWI.MTFD10.res1.gauss_0.5sigma,0.246208016820905,0.298118094795524,-0.0940462857406269,-0.12347194796047,TWI,gauss,1,,,0.5,MTFD,10
2018-05-25,2018-06-07,warm,TWI.MTFD10.res1.gauss_0.5sigma,0.166258523392788,0.171374791451328,-0.227054873416762,-0.42049126050729,TWI,gauss,1,,,0.5,MTFD,10
2019-03-30,2019-04-12,cool,TWI.MTFD10.res1.gauss_0.5sigma,0.506534988741183,0.579254299202783,0.277991943928273,0.374027015827747,TWI,gauss,1,,,0.5,MTFD,10
2019-08-23,2019-09-13,warm,TWI.MTFD10.res1.gauss_0.5sigma,0.035710381120337,0.265141500042353,-0.599373463105587,-0.159568327043685,TWI,gauss,1,,,0.5,MTFD,10
2020-08-11,2020-08-26,warm,TWI.MTFD10.res1.gauss_0.5sigma,0.0845277330913048,0.117148152358295,-0.544379363756228,-0.405747749962239,TWI,gauss,1,,,0.5,MTFD,10
2020-09-01,2020-09-20,warm,TWI.MTFD10.res1.gauss_0.5sigma,0.102791379792516,0.21702958609519,-0.332532010402832,-0.0868190734246342,TWI,gauss,1,,,0.5,MTFD,10
2020-09-27,2020-10-17,cool,TWI.MTFD10.res1.gauss_0.5sigma,0.0486903992008434,0.152556381517024,-0.541839079180286,-0.273822472760253,TWI,gauss,1,,,0.5,MTFD,10
2021-03-25,2021-04-06,cool,TWI.MTFD10.res1.gauss_0.5sigma,0.280165638516996,0.366455426404217,0.162042032290817,0.215669933873742,TWI,gauss,1,,,0.5,MTFD,10
2021-09-05,2021-09-20,warm,TWI.MTFD10.res1.gauss_0.5sigma,0.139927754649564,0.359160794942022,-0.102645207660857,0.177835952013348,TWI,gauss,1,,,0.5,MTFD,10
2017-08-27,2017-09-16,warm,TWI.MTFD10.res1.gauss_1.0sigma,0.440499619042639,0.46230406579496,0.101598997302438,0.0855091713230739,TWI,gauss,1,,,1,MTFD,10
2017-11-29,2017-12-14,cool,TWI.MTFD10.res1.gauss_1.0sigma,0.192530796467208,0.360112992323615,-0.331049615687182,0.00913990903653741,TWI,gauss,1,,,1,MTFD,10
2017-12-22,2018-01-20,cool,TWI.MTFD10.res1.gauss_1.0sigma,0.391938815392588,0.411522211859104,0.253172061250913,0.209078371160006,TWI,gauss,1,,,1,MTFD,10
2018-05-25,2018-06-07,warm,TWI.MTFD10.res1.gauss_1.0sigma,0.391138353054738,0.39697934099335,0.233548641055648,0.164471853960021,TWI,gauss,1,,,1,MTFD,10
2019-03-30,2019-04-12,cool,TWI.MTFD10.res1.gauss_1.0sigma,0.521757862455108,0.613556039450084,0.327077841960821,0.433687177842114,TWI,gauss,1,,,1,MTFD,10
2019-08-23,2019-09-13,warm,TWI.MTFD10.res1.gauss_1.0sigma,0.0522615611626717,0.270322638542192,-0.646524069686466,-0.144063705997647,TWI,gauss,1,,,1,MTFD,10
2020-08-11,2020-08-26,warm,TWI.MTFD10.res1.gauss_1.0sigma,0.169834392572032,0.186539357613067,-0.359612798155621,-0.330033506834331,TWI,gauss,1,,,1,MTFD,10
2020-09-01,2020-09-20,warm,TWI.MTFD10.res1.gauss_1.0sigma,0.148159552095919,0.221407222246328,-0.245334172377161,-0.0970958577668234,TWI,gauss,1,,,1,MTFD,10
2020-09-27,2020-10-17,cool,TWI.MTFD10.res1.gauss_1.0sigma,0.0184625237633771,0.124491975205979,-0.495520633389329,-0.304955091640297,TWI,gauss,1,,,1,MTFD,10
2021-03-25,2021-04-06,cool,TWI.MTFD10.res1.gauss_1.0sigma,0.366812614539489,0.433979869223808,0.294190129058199,0.329793738802989,TWI,gauss,1,,,1,MTFD,10
2021-09-05,2021-09-20,warm,TWI.MTFD10.res1.gauss_1.0sigma,0.0594140515358844,0.341066824977069,-0.41344167687904,0.143850644258758,TWI,gauss,1,,,1,MTFD,10
2017-08-27,2017-09-16,warm,TWI.MTFD10.res1.gauss_1.5sigma,0.435064743118903,0.437003021099798,0.151680241415176,0.125466785330586,TWI,gauss,1,,,1.5,MTFD,10
2017-11-29,2017-12-14,cool,TWI.MTFD10.res1.gauss_1.5sigma,0.270260581332845,0.474905406023126,-0.236559061402449,0.235964343382843,TWI,gauss,1,,,1.5,MTFD,10
2017-12-22,2018-01-20,cool,TWI.MTFD10.res1.gauss_1.5sigma,0.403258850724967,0.459864537221681,0.288659835587987,0.294610039442045,TWI,gauss,1,,,1.5,MTFD,10
2018-05-25,2018-06-07,warm,TWI.MTFD10.res1.gauss_1.5sigma,0.431746945805332,0.436295973389049,0.322969000960871,0.262957842795214,TWI,gauss,1,,,1.5,MTFD,10
2019-03-30,2019-04-12,cool,TWI.MTFD10.res1.gauss_1.5sigma,0.57462842420289,0.644705437856719,0.409871643554819,0.445285835430084,TWI,gauss,1,,,1.5,MTFD,10
2019-08-23,2019-09-13,warm,TWI.MTFD10.res1.gauss_1.5sigma,0.0963673396123985,0.304130858436682,-0.470765787203817,-0.126517314754786,TWI,gauss,1,,,1.5,MTFD,10
2020-08-11,2020-08-26,warm,TWI.MTFD10.res1.gauss_1.5sigma,0.187649535966265,0.197169593156754,-0.270893380382064,-0.270089886001769,TWI,gauss,1,,,1.5,MTFD,10
2020-09-01,2020-09-20,warm,TWI.MTFD10.res1.gauss_1.5sigma,0.127066973162845,0.206168810778181,-0.393461667491203,-0.142197397906274,TWI,gauss,1,,,1.5,MTFD,10
2020-09-27,2020-10-17,cool,TWI.MTFD10.res1.gauss_1.5sigma,0.0237320107480244,0.120459092376915,-0.639844646595773,-0.32214355565507,TWI,gauss,1,,,1.5,MTFD,10
2021-03-25,2021-04-06,cool,TWI.MTFD10.res1.gauss_1.5sigma,0.396276387092778,0.43902687267631,0.309307088937231,0.314036032194552,TWI,gauss,1,,,1.5,MTFD,10
2021-09-05,2021-09-20,warm,TWI.MTFD10.res1.gauss_1.5sigma,0.018126771653898,0.332310139947626,-0.335174211729829,0.0942673438816055,TWI,gauss,1,,,1.5,MTFD,10
2017-08-27,2017-09-16,warm,TWI.MTFD10.res1.gauss_2.0sigma,0.530998881457182,0.531215500555563,0.236556515942353,0.215127636918339,TWI,gauss,1,,,2,MTFD,10
2017-11-29,2017-12-14,cool,TWI.MTFD10.res1.gauss_2.0sigma,0.375778330389304,0.568641201121577,0.149882722502049,0.399869302439497,TWI,gauss,1,,,2,MTFD,10
2017-12-22,2018-01-20,cool,TWI.MTFD10.res1.gauss_2.0sigma,0.471130548863051,0.529178394023999,0.371327015779797,0.383461839822609,TWI,gauss,1,,,2,MTFD,10
2018-05-25,2018-06-07,warm,TWI.MTFD10.res1.gauss_2.0sigma,0.443961482688699,0.450094810630566,0.361539985134129,0.296339924766235,TWI,gauss,1,,,2,MTFD,10
2019-03-30,2019-04-12,cool,TWI.MTFD10.res1.gauss_2.0sigma,0.618415320501805,0.691312737331069,0.492671313631556,0.519085020466024,TWI,gauss,1,,,2,MTFD,10
2019-08-23,2019-09-13,warm,TWI.MTFD10.res1.gauss_2.0sigma,0.330694389094702,0.462396766296151,-0.389056706214214,-0.086168515340224,TWI,gauss,1,,,2,MTFD,10
2020-08-11,2020-08-26,warm,TWI.MTFD10.res1.gauss_2.0sigma,0.197496965722861,0.20655081162071,-0.225499453433084,-0.233988380154965,TWI,gauss,1,,,2,MTFD,10
2020-09-01,2020-09-20,warm,TWI.MTFD10.res1.gauss_2.0sigma,0.128320892813312,0.205092754566288,-0.413250460259743,-0.17054617709169,TWI,gauss,1,,,2,MTFD,10
2020-09-27,2020-10-17,cool,TWI.MTFD10.res1.gauss_2.0sigma,0.0347897513779074,0.122194467492053,-0.597344399494868,-0.330602395252687,TWI,gauss,1,,,2,MTFD,10
2021-03-25,2021-04-06,cool,TWI.MTFD10.res1.gauss_2.0sigma,0.409431245073358,0.451687290105317,0.319059325466518,0.318580702677032,TWI,gauss,1,,,2,MTFD,10
2021-09-05,2021-09-20,warm,TWI.MTFD10.res1.gauss_2.0sigma,0.0315789796552689,0.332412449316478,-0.314903949037663,0.0690747340733705,TWI,gauss,1,,,2,MTFD,10
2017-08-27,2017-09-16,warm,TWI.MTFD10.res1.gauss_2.5sigma,0.545567647096174,0.546217678680621,0.2607967497339,0.236588219562127,TWI,gauss,1,,,2.5,MTFD,10
2017-11-29,2017-12-14,cool,TWI.MTFD10.res1.gauss_2.5sigma,0.421541150884923,0.597368823473457,0.259214347766206,0.439134578904549,TWI,gauss,1,,,2.5,MTFD,10
2017-12-22,2018-01-20,cool,TWI.MTFD10.res1.gauss_2.5sigma,0.47135423354133,0.522707678722864,0.382949936166023,0.383543382405111,TWI,gauss,1,,,2.5,MTFD,10
2018-05-25,2018-06-07,warm,TWI.MTFD10.res1.gauss_2.5sigma,0.45187578309433,0.461197470565861,0.35674433061021,0.288305977921905,TWI,gauss,1,,,2.5,MTFD,10
2019-03-30,2019-04-12,cool,TWI.MTFD10.res1.gauss_2.5sigma,0.599524416073331,0.688639670304857,0.471448651658042,0.513138151415441,TWI,gauss,1,,,2.5,MTFD,10
2019-08-23,2019-09-13,warm,TWI.MTFD10.res1.gauss_2.5sigma,0.365532909554761,0.467591488022739,-0.405075946947465,-0.179159837682846,TWI,gauss,1,,,2.5,MTFD,10
2020-08-11,2020-08-26,warm,TWI.MTFD10.res1.gauss_2.5sigma,0.196687061918654,0.203372756338374,-0.224871997247832,-0.250061861651025,TWI,gauss,1,,,2.5,MTFD,10
2020-09-01,2020-09-20,warm,TWI.MTFD10.res1.gauss_2.5sigma,0.124808208683512,0.19742206596247,-0.437598736634136,-0.202300673565635,TWI,gauss,1,,,2.5,MTFD,10
2020-09-27,2020-10-17,cool,TWI.MTFD10.res1.gauss_2.5sigma,0.0448910924632931,0.126090087718073,-0.528062513276966,-0.316833991062043,TWI,gauss,1,,,2.5,MTFD,10
2021-03-25,2021-04-06,cool,TWI.MTFD10.res1.gauss_2.5sigma,0.389609592066619,0.437234188259509,0.289386062373113,0.290384856126012,TWI,gauss,1,,,2.5,MTFD,10
2021-09-05,2021-09-20,warm,TWI.MTFD10.res1.gauss_2.5sigma,0.0737157780473829,0.335009442924382,-0.232815113855214,0.0441968017863423,TWI,gauss,1,,,2.5,MTFD,10
2017-08-27,2017-09-16,warm,TWI.MTFD10.res1.gauss_3.5sigma,0.518816814445101,0.521430704781963,0.256725709903845,0.227550924423207,TWI,gauss,1,,,3.5,MTFD,10
2017-11-29,2017-12-14,cool,TWI.MTFD10.res1.gauss_3.5sigma,0.459120515281822,0.611971789359585,0.350508624082566,0.463112292914042,TWI,gauss,1,,,3.5,MTFD,10
2017-12-22,2018-01-20,cool,TWI.MTFD10.res1.gauss_3.5sigma,0.462012602342448,0.510397476359338,0.376457738492837,0.368716814677314,TWI,gauss,1,,,3.5,MTFD,10
2018-05-25,2018-06-07,warm,TWI.MTFD10.res1.gauss_3.5sigma,0.437111704140987,0.447709828649187,0.300224335735966,0.211089629870979,TWI,gauss,1,,,3.5,MTFD,10
2019-03-30,2019-04-12,cool,TWI.MTFD10.res1.gauss_3.5sigma,0.590203148458016,0.685889487262072,0.449363736514118,0.494958404228601,TWI,gauss,1,,,3.5,MTFD,10
2019-08-23,2019-09-13,warm,TWI.MTFD10.res1.gauss_3.5sigma,0.418403299713127,0.499045370827125,-0.298346137516895,-0.153011276227327,TWI,gauss,1,,,3.5,MTFD,10
2020-08-11,2020-08-26,warm,TWI.MTFD10.res1.gauss_3.5sigma,0.273230518163787,0.276807144081757,0.11755272798956,0.0830567088518963,TWI,gauss,1,,,3.5,MTFD,10
2020-09-01,2020-09-20,warm,TWI.MTFD10.res1.gauss_3.5sigma,0.207848687996164,0.251657232876182,0.0289430884263752,0.0213352485090083,TWI,gauss,1,,,3.5,MTFD,10
2020-09-27,2020-10-17,cool,TWI.MTFD10.res1.gauss_3.5sigma,0.0363722327245213,0.124811306711387,-0.303721264067074,-0.243448155047884,TWI,gauss,1,,,3.5,MTFD,10
2021-03-25,2021-04-06,cool,TWI.MTFD10.res1.gauss_3.5sigma,0.348577260105978,0.405226554538738,0.227277388610865,0.235210898577806,TWI,gauss,1,,,3.5,MTFD,10
2021-09-05,2021-09-20,warm,TWI.MTFD10.res1.gauss_3.5sigma,0.205004344760987,0.361614371906773,-0.0594444481249017,0.0765929327632237,TWI,gauss,1,,,3.5,MTFD,10
2017-08-27,2017-09-16,warm,TWI.MTFD10.res1.gauss_5.0sigma,0.536957774727689,0.540137797088151,0.26693998380862,0.235959823257883,TWI,gauss,1,,,5,MTFD,10
2017-11-29,2017-12-14,cool,TWI.MTFD10.res1.gauss_5.0sigma,0.480251840264569,0.623254913326192,0.395932924679211,0.488625533417967,TWI,gauss,1,,,5,MTFD,10
2017-12-22,2018-01-20,cool,TWI.MTFD10.res1.gauss_5.0sigma,0.470572076221479,0.52558127519497,0.386465293958796,0.388965119874476,TWI,gauss,1,,,5,MTFD,10
2018-05-25,2018-06-07,warm,TWI.MTFD10.res1.gauss_5.0sigma,0.435880098991165,0.442794161793032,0.297036780804412,0.195629189300929,TWI,gauss,1,,,5,MTFD,10
2019-03-30,2019-04-12,cool,TWI.MTFD10.res1.gauss_5.0sigma,0.553134631822561,0.647081511685433,0.404500281519815,0.436807344460508,TWI,gauss,1,,,5,MTFD,10
2019-08-23,2019-09-13,warm,TWI.MTFD10.res1.gauss_5.0sigma,0.427495345677294,0.514773407026948,-0.128465059753086,-0.00218567878859399,TWI,gauss,1,,,5,MTFD,10
2020-08-11,2020-08-26,warm,TWI.MTFD10.res1.gauss_5.0sigma,0.434122154839091,0.436374527410172,0.310973728848762,0.293237311236439,TWI,gauss,1,,,5,MTFD,10
2020-09-01,2020-09-20,warm,TWI.MTFD10.res1.gauss_5.0sigma,0.373028633742819,0.394283250018372,0.215534802449399,0.20462224745929,TWI,gauss,1,,,5,MTFD,10
2020-09-27,2020-10-17,cool,TWI.MTFD10.res1.gauss_5.0sigma,0.201750172834833,0.229915962611434,-0.0574325713832074,-0.0785686722035088,TWI,gauss,1,,,5,MTFD,10
2021-03-25,2021-04-06,cool,TWI.MTFD10.res1.gauss_5.0sigma,0.300689715117256,0.363983389537786,0.170515188448112,0.181001798745674,TWI,gauss,1,,,5,MTFD,10
2021-09-05,2021-09-20,warm,TWI.MTFD10.res1.gauss_5.0sigma,0.305973459933889,0.407051780919344,0.0942782840724498,0.171803348871651,TWI,gauss,1,,,5,MTFD,10
2017-08-27,2017-09-16,warm,TWI.MTFD10.res1.NFNW,0.163953393192387,0.227498486853423,-0.396674488586524,-0.34216080378074,TWI,NFNW,1,,,,MTFD,10
2017-11-29,2017-12-14,cool,TWI.MTFD10.res1.NFNW,0.0369969196662637,0.305140237126833,-0.6373950150142,-0.074709474808309,TWI,NFNW,1,,,,MTFD,10
2017-12-22,2018-01-20,cool,TWI.MTFD10.res1.NFNW,0.0993184256720104,0.153315367091917,-0.466814286818146,-0.403792560151544,TWI,NFNW,1,,,,MTFD,10
2018-05-25,2018-06-07,warm,TWI.MTFD10.res1.NFNW,0.00916429217056154,0.0751394581013157,-0.631400027650622,-0.61873508076098,TWI,NFNW,1,,,,MTFD,10
2019-03-30,2019-04-12,cool,TWI.MTFD10.res1.NFNW,0.164753784795396,0.406279485636109,-0.671529365453263,-0.141365900710619,TWI,NFNW,1,,,,MTFD,10
2019-08-23,2019-09-13,warm,TWI.MTFD10.res1.NFNW,0.246366462210573,0.33228159722582,-0.0959406852639971,-0.0185818355295962,TWI,NFNW,1,,,,MTFD,10
2020-08-11,2020-08-26,warm,TWI.MTFD10.res1.NFNW,0.22048189870388,0.222522296477384,-0.0668519451510151,-0.0708089767780405,TWI,NFNW,1,,,,MTFD,10
2020-09-01,2020-09-20,warm,TWI.MTFD10.res1.NFNW,0.15223705442592,0.196081258005446,-0.204167123731562,-0.144877252933488,TWI,NFNW,1,,,,MTFD,10
2020-09-27,2020-10-17,cool,TWI.MTFD10.res1.NFNW,0.141727106782916,0.172908094216348,-0.228058120079093,-0.185865493347392,TWI,NFNW,1,,,,MTFD,10
2021-03-25,2021-04-06,cool,TWI.MTFD10.res1.NFNW,0.206318797059113,0.302019780549471,-0.0574619005104706,0.072374312512754,TWI,NFNW,1,,,,MTFD,10
2021-09-05,2021-09-20,warm,TWI.MTFD10.res1.NFNW,0.0675410553667981,0.348813598716176,-0.268064958200949,0.16736847488531,TWI,NFNW,1,,,,MTFD,10
2017-08-27,2017-09-16,warm,TWI.MTFD10.res1.SSC1,0.060955919670905,0.147269044026236,-0.784887500486377,-0.4940641343445,TWI,SSC,1,,1,,MTFD,10
2017-11-29,2017-12-14,cool,TWI.MTFD10.res1.SSC1,0.172678187470745,0.305486854556775,-0.264966213426597,-0.15310871109248,TWI,SSC,1,,1,,MTFD,10
2017-12-22,2018-01-20,cool,TWI.MTFD10.res1.SSC1,0.226384421829319,0.230710991379375,-0.121245652354462,-0.224973437238354,TWI,SSC,1,,1,,MTFD,10
2018-05-25,2018-06-07,warm,TWI.MTFD10.res1.SSC1,0.0560894265803955,0.110371745216223,-0.504605187376814,-0.481613935012348,TWI,SSC,1,,1,,MTFD,10
2019-03-30,2019-04-12,cool,TWI.MTFD10.res1.SSC1,0.127490542009777,0.467804749047296,-0.639820920292213,0.132058402170343,TWI,SSC,1,,1,,MTFD,10
2019-08-23,2019-09-13,warm,TWI.MTFD10.res1.SSC1,0.0216128153186782,0.253532318620628,-0.641091988239807,-0.158174566643818,TWI,SSC,1,,1,,MTFD,10
2020-08-11,2020-08-26,warm,TWI.MTFD10.res1.SSC1,0.223804401636229,0.226440154030789,-0.0703570629383257,-0.101023490000082,TWI,SSC,1,,1,,MTFD,10
2020-09-01,2020-09-20,warm,TWI.MTFD10.res1.SSC1,0.0871103124421702,0.187251298434951,-0.41513239609242,-0.217965058610414,TWI,SSC,1,,1,,MTFD,10
2020-09-27,2020-10-17,cool,TWI.MTFD10.res1.SSC1,0.043543158033889,0.137926993477063,-0.558021124708086,-0.333940628663063,TWI,SSC,1,,1,,MTFD,10
2021-03-25,2021-04-06,cool,TWI.MTFD10.res1.SSC1,0.210508353281433,0.349335516046283,0.0262992025654333,0.173131205884971,TWI,SSC,1,,1,,MTFD,10
2021-09-05,2021-09-20,warm,TWI.MTFD10.res1.SSC1,0.105464965005764,0.335169235358365,-0.239175550156924,0.142971106170094,TWI,SSC,1,,1,,MTFD,10
2017-08-27,2017-09-16,warm,TWI.MTFD10.res1.SSC10,0.597232477556368,0.599946807699736,0.313450717926783,0.275419706986554,TWI,SSC,1,,10,,MTFD,10
2017-11-29,2017-12-14,cool,TWI.MTFD10.res1.SSC10,0.46888157393604,0.608000536172079,0.352046918464342,0.433194862866348,TWI,SSC,1,,10,,MTFD,10
2017-12-22,2018-01-20,cool,TWI.MTFD10.res1.SSC10,0.44629579044993,0.500977609153531,0.361225992832546,0.346492228011439,TWI,SSC,1,,10,,MTFD,10
2018-05-25,2018-06-07,warm,TWI.MTFD10.res1.SSC10,0.426627557261253,0.433178911616431,0.243567376571084,0.142876382068331,TWI,SSC,1,,10,,MTFD,10
2019-03-30,2019-04-12,cool,TWI.MTFD10.res1.SSC10,0.457813446130732,0.576552925974025,0.272350514520254,0.325850947593003,TWI,SSC,1,,10,,MTFD,10
2019-08-23,2019-09-13,warm,TWI.MTFD10.res1.SSC10,0.407313576815932,0.493210173399412,-0.153185318909543,-0.00170711927009784,TWI,SSC,1,,10,,MTFD,10
2020-08-11,2020-08-26,warm,TWI.MTFD10.res1.SSC10,0.46048371446512,0.461839637522274,0.359930639668208,0.342663358574674,TWI,SSC,1,,10,,MTFD,10
2020-09-01,2020-09-20,warm,TWI.MTFD10.res1.SSC10,0.390503679704815,0.410342161501556,0.248725556502492,0.235550274523033,TWI,SSC,1,,10,,MTFD,10
2020-09-27,2020-10-17,cool,TWI.MTFD10.res1.SSC10,0.228417576087054,0.252870142721029,-0.0271158466958915,-0.0565200486613938,TWI,SSC,1,,10,,MTFD,10
2021-03-25,2021-04-06,cool,TWI.MTFD10.res1.SSC10,0.306537442226095,0.369884989638507,0.171054656151629,0.1758214695993,TWI,SSC,1,,10,,MTFD,10
2021-09-05,2021-09-20,warm,TWI.MTFD10.res1.SSC10,0.370586570439823,0.461074888127402,0.0762925342539753,0.121661937970909,TWI,SSC,1,,10,,MTFD,10
2017-08-27,2017-09-16,warm,TWI.MTFD10.res1.SSC2,0.356700255772503,0.358570232714873,0.054198464213581,0.0200004477103387,TWI,SSC,1,,2,,MTFD,10
2017-11-29,2017-12-14,cool,TWI.MTFD10.res1.SSC2,0.180941423716864,0.423842208245855,-0.49784948608349,0.148746916730655,TWI,SSC,1,,2,,MTFD,10
2017-12-22,2018-01-20,cool,TWI.MTFD10.res1.SSC2,0.363225285752704,0.428789218906669,0.230322786429445,0.245734762520811,TWI,SSC,1,,2,,MTFD,10
2018-05-25,2018-06-07,warm,TWI.MTFD10.res1.SSC2,0.405397989038023,0.407434073768229,0.242283351953364,0.179822694820022,TWI,SSC,1,,2,,MTFD,10
2019-03-30,2019-04-12,cool,TWI.MTFD10.res1.SSC2,0.564327947156702,0.626789180358284,0.36364085535788,0.425633046180316,TWI,SSC,1,,2,,MTFD,10
2019-08-23,2019-09-13,warm,TWI.MTFD10.res1.SSC2,0.0197171731326732,0.256907528059896,-0.646773868740475,-0.128157826276225,TWI,SSC,1,,2,,MTFD,10
2020-08-11,2020-08-26,warm,TWI.MTFD10.res1.SSC2,0.165457889387023,0.182463731528224,-0.368440097323648,-0.337157716591163,TWI,SSC,1,,2,,MTFD,10
2020-09-01,2020-09-20,warm,TWI.MTFD10.res1.SSC2,0.125324158053005,0.212964684203958,-0.370185943558875,-0.111987664765653,TWI,SSC,1,,2,,MTFD,10
2020-09-27,2020-10-17,cool,TWI.MTFD10.res1.SSC2,0.00260521085215185,0.12174529672717,-0.59593947872949,-0.300595178751886,TWI,SSC,1,,2,,MTFD,10
2021-03-25,2021-04-06,cool,TWI.MTFD10.res1.SSC2,0.350007386890108,0.396645076081172,0.269732093282425,0.273613077597563,TWI,SSC,1,,2,,MTFD,10
2021-09-05,2021-09-20,warm,TWI.MTFD10.res1.SSC2,0.0659092434987286,0.343323121129407,-0.358917332395948,0.142596569880221,TWI,SSC,1,,2,,MTFD,10
2017-08-27,2017-09-16,warm,TWI.MTFD10.res1.SSC3,0.451247967019538,0.451481768166151,0.165368027944855,0.135715407810621,TWI,SSC,1,,3,,MTFD,10
2017-11-29,2017-12-14,cool,TWI.MTFD10.res1.SSC3,0.243770475946011,0.474499879350983,-0.429325521821666,0.146157897504144,TWI,SSC,1,,3,,MTFD,10
2017-12-22,2018-01-20,cool,TWI.MTFD10.res1.SSC3,0.422934974731732,0.495287322629975,0.308919311328518,0.333587369776514,TWI,SSC,1,,3,,MTFD,10
2018-05-25,2018-06-07,warm,TWI.MTFD10.res1.SSC3,0.417014170716617,0.420638264362658,0.320016340774041,0.251291854176223,TWI,SSC,1,,3,,MTFD,10
2019-03-30,2019-04-12,cool,TWI.MTFD10.res1.SSC3,0.565210847997935,0.634974659443471,0.401669000179435,0.42940955510873,TWI,SSC,1,,3,,MTFD,10
2019-08-23,2019-09-13,warm,TWI.MTFD10.res1.SSC3,0.219740506052493,0.390316350271475,-0.440989523246689,-0.0920003453592207,TWI,SSC,1,,3,,MTFD,10
2020-08-11,2020-08-26,warm,TWI.MTFD10.res1.SSC3,0.135485851524191,0.145973184794417,-0.629603217417878,-0.580608264588837,TWI,SSC,1,,3,,MTFD,10
2020-09-01,2020-09-20,warm,TWI.MTFD10.res1.SSC3,0.0848783039611531,0.180548818598067,-0.727060248553244,-0.294204597017294,TWI,SSC,1,,3,,MTFD,10
2020-09-27,2020-10-17,cool,TWI.MTFD10.res1.SSC3,0.0592687895096901,0.127539851535288,-0.533803436211528,-0.344831903929808,TWI,SSC,1,,3,,MTFD,10
2021-03-25,2021-04-06,cool,TWI.MTFD10.res1.SSC3,0.361903833604192,0.412232492721511,0.280844325992973,0.281641435765512,TWI,SSC,1,,3,,MTFD,10
2021-09-05,2021-09-20,warm,TWI.MTFD10.res1.SSC3,0.041091183371276,0.337350666822068,-0.404291907999674,0.125465981990442,TWI,SSC,1,,3,,MTFD,10
2017-08-27,2017-09-16,warm,TWI.MTFD10.res1.SSC4,0.571674816954098,0.572192872740865,0.278596186026261,0.257906193918629,TWI,SSC,1,,4,,MTFD,10
2017-11-29,2017-12-14,cool,TWI.MTFD10.res1.SSC4,0.389542257528741,0.607342231116831,0.187355623447526,0.448477397628254,TWI,SSC,1,,4,,MTFD,10
2017-12-22,2018-01-20,cool,TWI.MTFD10.res1.SSC4,0.513547008482067,0.588102462175575,0.418541897991724,0.450478969672532,TWI,SSC,1,,4,,MTFD,10
2018-05-25,2018-06-07,warm,TWI.MTFD10.res1.SSC4,0.452623876554648,0.455426862149885,0.361284318411498,0.2974665586249,TWI,SSC,1,,4,,MTFD,10
2019-03-30,2019-04-12,cool,TWI.MTFD10.res1.SSC4,0.647378044040494,0.707610427859271,0.542623794725577,0.549632824208556,TWI,SSC,1,,4,,MTFD,10
2019-08-23,2019-09-13,warm,TWI.MTFD10.res1.SSC4,0.390529411784905,0.531705833174847,-0.00476984634183265,0.166860588198584,TWI,SSC,1,,4,,MTFD,10
2020-08-11,2020-08-26,warm,TWI.MTFD10.res1.SSC4,0.216364786294869,0.229044665916866,-0.131210574860006,-0.134242835288478,TWI,SSC,1,,4,,MTFD,10
2020-09-01,2020-09-20,warm,TWI.MTFD10.res1.SSC4,0.142341510367531,0.223003586398686,-0.331669801860101,-0.128271807082289,TWI,SSC,1,,4,,MTFD,10
2020-09-27,2020-10-17,cool,TWI.MTFD10.res1.SSC4,0.0127291747132397,0.120299273222432,-0.622181336853964,-0.331161580651708,TWI,SSC,1,,4,,MTFD,10
2021-03-25,2021-04-06,cool,TWI.MTFD10.res1.SSC4,0.436247437430641,0.472850801229153,0.359012152532257,0.352366441396691,TWI,SSC,1,,4,,MTFD,10
2021-09-05,2021-09-20,warm,TWI.MTFD10.res1.SSC4,0.00746436976338895,0.332665665728144,-0.377088966345317,0.0833358787574797,TWI,SSC,1,,4,,MTFD,10
2017-08-27,2017-09-16,warm,TWI.MTFD10.res1.SSC5,0.602097587805405,0.602342829594372,0.312888552412658,0.287099832272316,TWI,SSC,1,,5,,MTFD,10
2017-11-29,2017-12-14,cool,TWI.MTFD10.res1.SSC5,0.461125956122062,0.63248766781266,0.319473041543211,0.483838952887293,TWI,SSC,1,,5,,MTFD,10
2017-12-22,2018-01-20,cool,TWI.MTFD10.res1.SSC5,0.507419069123708,0.561691279735072,0.431186291106979,0.438921144933828,TWI,SSC,1,,5,,MTFD,10
2018-05-25,2018-06-07,warm,TWI.MTFD10.res1.SSC5,0.449433938192941,0.457318253542048,0.305179579894733,0.229715703423431,TWI,SSC,1,,5,,MTFD,10
2019-03-30,2019-04-12,cool,TWI.MTFD10.res1.SSC5,0.565420673690126,0.665516871982332,0.437999328618137,0.487487623024817,TWI,SSC,1,,5,,MTFD,10
2019-08-23,2019-09-13,warm,TWI.MTFD10.res1.SSC5,0.434791745874556,0.528420430236613,-0.280998982872708,-0.0744761067222937,TWI,SSC,1,,5,,MTFD,10
2020-08-11,2020-08-26,warm,TWI.MTFD10.res1.SSC5,0.254237806935207,0.261904953835771,0.0344200191703659,0.00732432695425397,TWI,SSC,1,,5,,MTFD,10
2020-09-01,2020-09-20,warm,TWI.MTFD10.res1.SSC5,0.183120860781495,0.241291243803961,-0.0896089748157231,-0.0442183350426793,TWI,SSC,1,,5,,MTFD,10
2020-09-27,2020-10-17,cool,TWI.MTFD10.res1.SSC5,0.0182271590044225,0.122748729330574,-0.527708166888956,-0.296095546383678,TWI,SSC,1,,5,,MTFD,10
2021-03-25,2021-04-06,cool,TWI.MTFD10.res1.SSC5,0.414690490775035,0.457476207426142,0.326717951438858,0.320518968475611,TWI,SSC,1,,5,,MTFD,10
2021-09-05,2021-09-20,warm,TWI.MTFD10.res1.SSC5,0.111339232164157,0.342329898556954,-0.223677614537599,0.0312778371458189,TWI,SSC,1,,5,,MTFD,10
2017-08-27,2017-09-16,warm,TWI.MTFD10.res1.SSC7,0.580909084923319,0.582169381599486,0.295185552368719,0.26492639431919,TWI,SSC,1,,7,,MTFD,10
2017-11-29,2017-12-14,cool,TWI.MTFD10.res1.SSC7,0.474986574805266,0.625217662388608,0.369742269956022,0.476711110633231,TWI,SSC,1,,7,,MTFD,10
2017-12-22,2018-01-20,cool,TWI.MTFD10.res1.SSC7,0.487392268338972,0.537244609914653,0.410191053742559,0.406250028617302,TWI,SSC,1,,7,,MTFD,10
2018-05-25,2018-06-07,warm,TWI.MTFD10.res1.SSC7,0.430212818633474,0.438671205503571,0.248901328394412,0.159686774732127,TWI,SSC,1,,7,,MTFD,10
2019-03-30,2019-04-12,cool,TWI.MTFD10.res1.SSC7,0.553695757231388,0.658980372376836,0.390183204250814,0.443493154120818,TWI,SSC,1,,7,,MTFD,10
2019-08-23,2019-09-13,warm,TWI.MTFD10.res1.SSC7,0.492784984106498,0.56501696992437,-0.0193447476410904,0.073332238069336,TWI,SSC,1,,7,,MTFD,10
2020-08-11,2020-08-26,warm,TWI.MTFD10.res1.SSC7,0.338170654664681,0.342595957357886,0.228983611297457,0.201859819657093,TWI,SSC,1,,7,,MTFD,10
2020-09-01,2020-09-20,warm,TWI.MTFD10.res1.SSC7,0.262910888166283,0.299366895223856,0.127157052860028,0.111626632149588,TWI,SSC,1,,7,,MTFD,10
2020-09-27,2020-10-17,cool,TWI.MTFD10.res1.SSC7,0.0966081314057121,0.153330200441932,-0.173740704362628,-0.177952158440965,TWI,SSC,1,,7,,MTFD,10
2021-03-25,2021-04-06,cool,TWI.MTFD10.res1.SSC7,0.341834447993412,0.401223741718907,0.221320336652011,0.22796174062183,TWI,SSC,1,,7,,MTFD,10
2021-09-05,2021-09-20,warm,TWI.MTFD10.res1.SSC7,0.310281674362919,0.409610315052205,0.119689531175244,0.180780996230772,TWI,SSC,1,,7,,MTFD,10
2017-08-27,2017-09-16,warm,TWI.MTFD10.res10.NFNW,0.752717826469074,0.754281740406234,0.590896165862751,0.542790625674598,TWI,NFNW,10,,,,MTFD,10
2017-11-29,2017-12-14,cool,TWI.MTFD10.res10.NFNW,0.560593535710744,0.685022369293512,0.423904355505572,0.513141245432203,TWI,NFNW,10,,,,MTFD,10
2017-12-22,2018-01-20,cool,TWI.MTFD10.res10.NFNW,0.619439554869414,0.664507227715812,0.575176252623506,0.585549162096485,TWI,NFNW,10,,,,MTFD,10
2018-05-25,2018-06-07,warm,TWI.MTFD10.res10.NFNW,0.364282558556904,0.370628645258602,0.0923316934755298,0.0370327477346787,TWI,NFNW,10,,,,MTFD,10
2019-03-30,2019-04-12,cool,TWI.MTFD10.res10.NFNW,0.562841235355984,0.674867974478197,0.424415229428999,0.498628518922878,TWI,NFNW,10,,,,MTFD,10
2019-08-23,2019-09-13,warm,TWI.MTFD10.res10.NFNW,0.619505264542873,0.676434456278291,0.437893402267366,0.437295532070096,TWI,NFNW,10,,,,MTFD,10
2020-08-11,2020-08-26,warm,TWI.MTFD10.res10.NFNW,0.473671429318963,0.483043834712622,0.40684758277936,0.391922083305283,TWI,NFNW,10,,,,MTFD,10
2020-09-01,2020-09-20,warm,TWI.MTFD10.res10.NFNW,0.345913347679878,0.380450049681904,0.239792509365079,0.239546462762288,TWI,NFNW,10,,,,MTFD,10
2020-09-27,2020-10-17,cool,TWI.MTFD10.res10.NFNW,0.151404822709739,0.196695659068299,-0.0862644907014748,-0.108060932504654,TWI,NFNW,10,,,,MTFD,10
2021-03-25,2021-04-06,cool,TWI.MTFD10.res10.NFNW,0.389641524346093,0.454032932245478,0.320818860588363,0.343140868951987,TWI,NFNW,10,,,,MTFD,10
2021-09-05,2021-09-20,warm,TWI.MTFD10.res10.NFNW,0.324266427568633,0.440436169229237,0.208211033394733,0.285245886980199,TWI,NFNW,10,,,,MTFD,10
2017-08-27,2017-09-16,warm,TWI.MTFD10.res2.NFNW,0.55903094877656,0.562802861980328,0.272455270440076,0.256248158439342,TWI,NFNW,2,,,,MTFD,10
2017-11-29,2017-12-14,cool,TWI.MTFD10.res2.NFNW,0.30978699051994,0.470259285765045,-0.15482470238787,0.159017762478604,TWI,NFNW,2,,,,MTFD,10
2017-12-22,2018-01-20,cool,TWI.MTFD10.res2.NFNW,0.512208699500638,0.544519779714104,0.435409971090823,0.429629196549269,TWI,NFNW,2,,,,MTFD,10
2018-05-25,2018-06-07,warm,TWI.MTFD10.res2.NFNW,0.506793780850784,0.510190614367786,0.40328070131142,0.362803027901354,TWI,NFNW,2,,,,MTFD,10
2019-03-30,2019-04-12,cool,TWI.MTFD10.res2.NFNW,0.526994517239697,0.611553831240212,0.357785132122566,0.442060671257369,TWI,NFNW,2,,,,MTFD,10
2019-08-23,2019-09-13,warm,TWI.MTFD10.res2.NFNW,0.106300104523684,0.301565877087846,-0.525306599855454,-0.0322086043238898,TWI,NFNW,2,,,,MTFD,10
2020-08-11,2020-08-26,warm,TWI.MTFD10.res2.NFNW,0.168732642991884,0.185563901116968,-0.41284181172442,-0.351153318359771,TWI,NFNW,2,,,,MTFD,10
2020-09-01,2020-09-20,warm,TWI.MTFD10.res2.NFNW,0.11985294464626,0.204449035809045,-0.48736028397031,-0.196180192128757,TWI,NFNW,2,,,,MTFD,10
2020-09-27,2020-10-17,cool,TWI.MTFD10.res2.NFNW,0.0159484995223296,0.120106100913784,-0.672412493429329,-0.363256325572027,TWI,NFNW,2,,,,MTFD,10
2021-03-25,2021-04-06,cool,TWI.MTFD10.res2.NFNW,0.339268054416377,0.402739507789987,0.264158360900787,0.289124469018112,TWI,NFNW,2,,,,MTFD,10
2021-09-05,2021-09-20,warm,TWI.MTFD10.res2.NFNW,0.056229592887641,0.335241849882614,-0.398094414166379,0.124249963432146,TWI,NFNW,2,,,,MTFD,10
2017-08-27,2017-09-16,warm,TWI.MTFD10.res3.NFNW,0.672193231569074,0.67229887070779,0.36277885378756,0.337760945823763,TWI,NFNW,3,,,,MTFD,10
2017-11-29,2017-12-14,cool,TWI.MTFD10.res3.NFNW,0.36399736615789,0.554457961389963,0.0432293070116761,0.278798519848912,TWI,NFNW,3,,,,MTFD,10
2017-12-22,2018-01-20,cool,TWI.MTFD10.res3.NFNW,0.509917462682063,0.573441569295206,0.431794274122068,0.457030920611105,TWI,NFNW,3,,,,MTFD,10
2018-05-25,2018-06-07,warm,TWI.MTFD10.res3.NFNW,0.347675329585815,0.352842241741344,0.0871634255626252,0.00875412308476493,TWI,NFNW,3,,,,MTFD,10
2019-03-30,2019-04-12,cool,TWI.MTFD10.res3.NFNW,0.515467498162834,0.61066112298335,0.361006896159707,0.404372815474612,TWI,NFNW,3,,,,MTFD,10
2019-08-23,2019-09-13,warm,TWI.MTFD10.res3.NFNW,0.471496827130771,0.580409707000405,-0.349007038712912,0.0145767836155278,TWI,NFNW,3,,,,MTFD,10
2020-08-11,2020-08-26,warm,TWI.MTFD10.res3.NFNW,0.20600471752714,0.21994720886039,-0.211168863398568,-0.217326296562956,TWI,NFNW,3,,,,MTFD,10
2020-09-01,2020-09-20,warm,TWI.MTFD10.res3.NFNW,0.146708340735655,0.223876495036273,-0.325593591557891,-0.151004661120446,TWI,NFNW,3,,,,MTFD,10
2020-09-27,2020-10-17,cool,TWI.MTFD10.res3.NFNW,0.00633711609779932,0.122477460182609,-0.580657584421877,-0.329339428541681,TWI,NFNW,3,,,,MTFD,10
2021-03-25,2021-04-06,cool,TWI.MTFD10.res3.NFNW,0.430470367823167,0.475960754809935,0.37017079157632,0.37544422805854,TWI,NFNW,3,,,,MTFD,10
2021-09-05,2021-09-20,warm,TWI.MTFD10.res3.NFNW,0.201864719582568,0.377765295448409,-0.100126583133357,0.0795172536204744,TWI,NFNW,3,,,,MTFD,10
2017-08-27,2017-09-16,warm,TWI.MTFD10.res4.NFNW,0.663537958826422,0.66421430414193,0.380093482867724,0.347215575392157,TWI,NFNW,4,,,,MTFD,10
2017-11-29,2017-12-14,cool,TWI.MTFD10.res4.NFNW,0.511567572104554,0.661054244674097,0.416512641799098,0.533060156728999,TWI,NFNW,4,,,,MTFD,10
2017-12-22,2018-01-20,cool,TWI.MTFD10.res4.NFNW,0.557751607380492,0.60930003377515,0.49329931769688,0.500048447559284,TWI,NFNW,4,,,,MTFD,10
2018-05-25,2018-06-07,warm,TWI.MTFD10.res4.NFNW,0.540890510947379,0.547572539700295,0.468148210443612,0.418423743476187,TWI,NFNW,4,,,,MTFD,10
2019-03-30,2019-04-12,cool,TWI.MTFD10.res4.NFNW,0.573923698967501,0.675226642794707,0.422983692006204,0.474236172219312,TWI,NFNW,4,,,,MTFD,10
2019-08-23,2019-09-13,warm,TWI.MTFD10.res4.NFNW,0.413599138150834,0.508640437727699,0.243335953356907,0.305501016258802,TWI,NFNW,4,,,,MTFD,10
2020-08-11,2020-08-26,warm,TWI.MTFD10.res4.NFNW,0.340902251401245,0.346501639853908,0.228186504301737,0.209248485515573,TWI,NFNW,4,,,,MTFD,10
2020-09-01,2020-09-20,warm,TWI.MTFD10.res4.NFNW,0.246016081000706,0.291448773801923,0.0859988673800303,0.0849067088464956,TWI,NFNW,4,,,,MTFD,10
2020-09-27,2020-10-17,cool,TWI.MTFD10.res4.NFNW,0.0653378062589268,0.13918374071491,-0.39851028784137,-0.265904468618831,TWI,NFNW,4,,,,MTFD,10
2021-03-25,2021-04-06,cool,TWI.MTFD10.res4.NFNW,0.448267264104659,0.485340448415951,0.367887938983241,0.360703010348881,TWI,NFNW,4,,,,MTFD,10
2021-09-05,2021-09-20,warm,TWI.MTFD10.res4.NFNW,0.253732702604429,0.401237573361614,-0.0634730583303932,0.0565776714918524,TWI,NFNW,4,,,,MTFD,10
2017-08-27,2017-09-16,warm,TWI.MTFD10.res5.NFNW,0.748322029007319,0.748322842610907,0.505259855939226,0.474576371588966,TWI,NFNW,5,,,,MTFD,10
2017-11-29,2017-12-14,cool,TWI.MTFD10.res5.NFNW,0.513541156301845,0.669748131571019,0.364450912650013,0.491716063955297,TWI,NFNW,5,,,,MTFD,10
2017-12-22,2018-01-20,cool,TWI.MTFD10.res5.NFNW,0.619566851533152,0.680801583124695,0.570326196564579,0.601862201867439,TWI,NFNW,5,,,,MTFD,10
2018-05-25,2018-06-07,warm,TWI.MTFD10.res5.NFNW,0.421007111654477,0.424203458032015,0.176231111264768,0.121312948293443,TWI,NFNW,5,,,,MTFD,10
2019-03-30,2019-04-12,cool,TWI.MTFD10.res5.NFNW,0.611778152556135,0.696636539942645,0.451757851422503,0.485213573269037,TWI,NFNW,5,,,,MTFD,10
2019-08-23,2019-09-13,warm,TWI.MTFD10.res5.NFNW,0.612243328843463,0.696340518565748,0.545408113124483,0.571040830623251,TWI,NFNW,5,,,,MTFD,10
2020-08-11,2020-08-26,warm,TWI.MTFD10.res5.NFNW,0.425327809649774,0.440015849195479,0.340927702332363,0.333618041057968,TWI,NFNW,5,,,,MTFD,10
2020-09-01,2020-09-20,warm,TWI.MTFD10.res5.NFNW,0.334038229670398,0.378413666462166,0.222222452356607,0.240464889509606,TWI,NFNW,5,,,,MTFD,10
2020-09-27,2020-10-17,cool,TWI.MTFD10.res5.NFNW,0.164930171599113,0.213783688306394,-0.0547887510027042,-0.0749533805994418,TWI,NFNW,5,,,,MTFD,10
2021-03-25,2021-04-06,cool,TWI.MTFD10.res5.NFNW,0.425517648152649,0.47338865236469,0.36277665681907,0.369799882407827,TWI,NFNW,5,,,,MTFD,10
2021-09-05,2021-09-20,warm,TWI.MTFD10.res5.NFNW,0.307931299700474,0.42307980250488,0.164661103548356,0.234568803859247,TWI,NFNW,5,,,,MTFD,10
2017-08-27,2017-09-16,warm,TWI.MTFD10.res7.NFNW,0.786112974974867,0.786331689262589,0.608858382853898,0.575064537618215,TWI,NFNW,7,,,,MTFD,10
2017-11-29,2017-12-14,cool,TWI.MTFD10.res7.NFNW,0.548717871925814,0.683373108660142,0.379302331018191,0.483866645387123,TWI,NFNW,7,,,,MTFD,10
2017-12-22,2018-01-20,cool,TWI.MTFD10.res7.NFNW,0.649382284299972,0.692014502677841,0.598544173592676,0.612068821757891,TWI,NFNW,7,,,,MTFD,10
2018-05-25,2018-06-07,warm,TWI.MTFD10.res7.NFNW,0.354402267517777,0.361121536846069,0.0293288812194202,-0.0111748410546328,TWI,NFNW,7,,,,MTFD,10
2019-03-30,2019-04-12,cool,TWI.MTFD10.res7.NFNW,0.520429457740042,0.637238129033703,0.370030352087898,0.42900454527796,TWI,NFNW,7,,,,MTFD,10
2019-08-23,2019-09-13,warm,TWI.MTFD10.res7.NFNW,0.70748684021668,0.768135250095065,0.69208365045134,0.700580368254665,TWI,NFNW,7,,,,MTFD,10
2020-08-11,2020-08-26,warm,TWI.MTFD10.res7.NFNW,0.356597936702751,0.373436447462199,0.252377855027168,0.243378636168959,TWI,NFNW,7,,,,MTFD,10
2020-09-01,2020-09-20,warm,TWI.MTFD10.res7.NFNW,0.265893796226566,0.31793966431712,0.126049152308983,0.14482121254598,TWI,NFNW,7,,,,MTFD,10
2020-09-27,2020-10-17,cool,TWI.MTFD10.res7.NFNW,0.110987153988537,0.172643378174053,-0.232610627851479,-0.192119934204498,TWI,NFNW,7,,,,MTFD,10
2021-03-25,2021-04-06,cool,TWI.MTFD10.res7.NFNW,0.434118046121752,0.485280245377537,0.371278705434529,0.39379799895226,TWI,NFNW,7,,,,MTFD,10
2021-09-05,2021-09-20,warm,TWI.MTFD10.res7.NFNW,0.297766065552837,0.418083820126513,0.161484283131752,0.239363415719387,TWI,NFNW,7,,,,MTFD,10
2017-08-27,2017-09-16,warm,TWI.MTFD2.res1.gauss_0.5sigma,0.347798200826603,0.354812045613482,-0.244785379772347,-0.292760296823147,TWI,gauss,1,,,0.5,MTFD,2
2017-11-29,2017-12-14,cool,TWI.MTFD2.res1.gauss_0.5sigma,0.0102734902501669,0.311351676619106,-0.613575797282485,-0.166645543880573,TWI,gauss,1,,,0.5,MTFD,2
2017-12-22,2018-01-20,cool,TWI.MTFD2.res1.gauss_0.5sigma,0.271470042642024,0.323638371214005,-0.0379576568667433,-0.0717364937774493,TWI,gauss,1,,,0.5,MTFD,2
2018-05-25,2018-06-07,warm,TWI.MTFD2.res1.gauss_0.5sigma,0.177506272542757,0.181235653733418,-0.204449485163784,-0.405821194430318,TWI,gauss,1,,,0.5,MTFD,2
2019-03-30,2019-04-12,cool,TWI.MTFD2.res1.gauss_0.5sigma,0.511048474488699,0.577157034541585,0.296730941416345,0.378599303510003,TWI,gauss,1,,,0.5,MTFD,2
2019-08-23,2019-09-13,warm,TWI.MTFD2.res1.gauss_0.5sigma,0.0386775251009324,0.268880746155855,-0.584951104647786,-0.160661995861133,TWI,gauss,1,,,0.5,MTFD,2
2020-08-11,2020-08-26,warm,TWI.MTFD2.res1.gauss_0.5sigma,0.0445576234076869,0.0768419540983583,-0.714937624488734,-0.486423424653758,TWI,gauss,1,,,0.5,MTFD,2
2020-09-01,2020-09-20,warm,TWI.MTFD2.res1.gauss_0.5sigma,0.0691801117877008,0.196821380097539,-0.576429971951835,-0.158648375886117,TWI,gauss,1,,,0.5,MTFD,2
2020-09-27,2020-10-17,cool,TWI.MTFD2.res1.gauss_0.5sigma,0.0245056369340285,0.140942942696482,-0.691907259295528,-0.326278421200114,TWI,gauss,1,,,0.5,MTFD,2
2021-03-25,2021-04-06,cool,TWI.MTFD2.res1.gauss_0.5sigma,0.309132792561245,0.382214371385815,0.207341402721666,0.241134416017249,TWI,gauss,1,,,0.5,MTFD,2
2021-09-05,2021-09-20,warm,TWI.MTFD2.res1.gauss_0.5sigma,0.184021090889819,0.384147973686018,-0.019821715462906,0.208583614275518,TWI,gauss,1,,,0.5,MTFD,2
2017-08-27,2017-09-16,warm,TWI.MTFD2.res1.gauss_1.0sigma,0.437791226143051,0.458230843428308,0.10756907578391,0.0905658399926252,TWI,gauss,1,,,1,MTFD,2
2017-11-29,2017-12-14,cool,TWI.MTFD2.res1.gauss_1.0sigma,0.19433279534425,0.363468017536023,-0.356880421120795,0.0126931665566064,TWI,gauss,1,,,1,MTFD,2
2017-12-22,2018-01-20,cool,TWI.MTFD2.res1.gauss_1.0sigma,0.393797876184834,0.414864647703869,0.258158863567836,0.216360609589863,TWI,gauss,1,,,1,MTFD,2
2018-05-25,2018-06-07,warm,TWI.MTFD2.res1.gauss_1.0sigma,0.398089023220985,0.403409718069599,0.243508747343418,0.176439458570923,TWI,gauss,1,,,1,MTFD,2
2019-03-30,2019-04-12,cool,TWI.MTFD2.res1.gauss_1.0sigma,0.527071155528699,0.613871701607187,0.332422554243875,0.430581058711345,TWI,gauss,1,,,1,MTFD,2
2019-08-23,2019-09-13,warm,TWI.MTFD2.res1.gauss_1.0sigma,0.0376414162350582,0.266248408778941,-0.629162515591272,-0.148900763548733,TWI,gauss,1,,,1,MTFD,2
2020-08-11,2020-08-26,warm,TWI.MTFD2.res1.gauss_1.0sigma,0.168813495157377,0.185444373895372,-0.367870603977157,-0.339327901930073,TWI,gauss,1,,,1,MTFD,2
2020-09-01,2020-09-20,warm,TWI.MTFD2.res1.gauss_1.0sigma,0.145577223769793,0.220387784001797,-0.25746325363566,-0.0982495786582085,TWI,gauss,1,,,1,MTFD,2
2020-09-27,2020-10-17,cool,TWI.MTFD2.res1.gauss_1.0sigma,0.0142883089835799,0.123668346260288,-0.509490431880541,-0.304519533002496,TWI,gauss,1,,,1,MTFD,2
2021-03-25,2021-04-06,cool,TWI.MTFD2.res1.gauss_1.0sigma,0.369681874507725,0.435295172790753,0.298187656041651,0.331715664085413,TWI,gauss,1,,,1,MTFD,2
2021-09-05,2021-09-20,warm,TWI.MTFD2.res1.gauss_1.0sigma,0.0540327722753147,0.339439908874097,-0.426494062704321,0.143763934367616,TWI,gauss,1,,,1,MTFD,2
2017-08-27,2017-09-16,warm,TWI.MTFD2.res1.gauss_1.5sigma,0.440061298760573,0.441909077127034,0.154166273265746,0.128473426928475,TWI,gauss,1,,,1.5,MTFD,2
2017-11-29,2017-12-14,cool,TWI.MTFD2.res1.gauss_1.5sigma,0.278727986077083,0.481482242795194,-0.166207821421347,0.25645362931911,TWI,gauss,1,,,1.5,MTFD,2
2017-12-22,2018-01-20,cool,TWI.MTFD2.res1.gauss_1.5sigma,0.407584467773242,0.463864597678402,0.292370971654864,0.298449414804315,TWI,gauss,1,,,1.5,MTFD,2
2018-05-25,2018-06-07,warm,TWI.MTFD2.res1.gauss_1.5sigma,0.41745784610091,0.422323938178619,0.311841701604405,0.246652257870479,TWI,gauss,1,,,1.5,MTFD,2
2019-03-30,2019-04-12,cool,TWI.MTFD2.res1.gauss_1.5sigma,0.579058656038877,0.649075489600415,0.414933344416475,0.450050996824761,TWI,gauss,1,,,1.5,MTFD,2
2019-08-23,2019-09-13,warm,TWI.MTFD2.res1.gauss_1.5sigma,0.132397984513956,0.3262534452186,-0.471286675206392,-0.125516046402835,TWI,gauss,1,,,1.5,MTFD,2
2020-08-11,2020-08-26,warm,TWI.MTFD2.res1.gauss_1.5sigma,0.187049521420065,0.196558497574979,-0.275276066097116,-0.274495866806041,TWI,gauss,1,,,1.5,MTFD,2
2020-09-01,2020-09-20,warm,TWI.MTFD2.res1.gauss_1.5sigma,0.125835867838271,0.205277709047973,-0.40412742331278,-0.146109430995114,TWI,gauss,1,,,1.5,MTFD,2
2020-09-27,2020-10-17,cool,TWI.MTFD2.res1.gauss_1.5sigma,0.0252294861110461,0.120587983738285,-0.640485118515597,-0.32339029543014,TWI,gauss,1,,,1.5,MTFD,2
2021-03-25,2021-04-06,cool,TWI.MTFD2.res1.gauss_1.5sigma,0.40131960575886,0.443624277995672,0.313990115824146,0.31847741273474,TWI,gauss,1,,,1.5,MTFD,2
2021-09-05,2021-09-20,warm,TWI.MTFD2.res1.gauss_1.5sigma,0.0185718958559779,0.33230682333895,-0.333783136179715,0.0934477632663914,TWI,gauss,1,,,1.5,MTFD,2
2017-08-27,2017-09-16,warm,TWI.MTFD2.res1.gauss_2.0sigma,0.530766025006966,0.530986428202307,0.23641522970848,0.214952038262418,TWI,gauss,1,,,2,MTFD,2
2017-11-29,2017-12-14,cool,TWI.MTFD2.res1.gauss_2.0sigma,0.375344278470802,0.568233089998564,0.148070142192966,0.398988069876698,TWI,gauss,1,,,2,MTFD,2
2017-12-22,2018-01-20,cool,TWI.MTFD2.res1.gauss_2.0sigma,0.470063467123708,0.528055220874562,0.370447094180127,0.382381717517034,TWI,gauss,1,,,2,MTFD,2
2018-05-25,2018-06-07,warm,TWI.MTFD2.res1.gauss_2.0sigma,0.443878034677326,0.450038118780383,0.361360157026649,0.296143285168455,TWI,gauss,1,,,2,MTFD,2
2019-03-30,2019-04-12,cool,TWI.MTFD2.res1.gauss_2.0sigma,0.618675857099816,0.691492201175571,0.492963820418121,0.519259455185513,TWI,gauss,1,,,2,MTFD,2
2019-08-23,2019-09-13,warm,TWI.MTFD2.res1.gauss_2.0sigma,0.328832390407397,0.460557175570495,-0.394750598234637,-0.0921692909412026,TWI,gauss,1,,,2,MTFD,2
2020-08-11,2020-08-26,warm,TWI.MTFD2.res1.gauss_2.0sigma,0.196636482314591,0.205660941627642,-0.230980852125701,-0.239520374422172,TWI,gauss,1,,,2,MTFD,2
2020-09-01,2020-09-20,warm,TWI.MTFD2.res1.gauss_2.0sigma,0.127472268141775,0.204443621498176,-0.420399456192552,-0.173421480354115,TWI,gauss,1,,,2,MTFD,2
2020-09-27,2020-10-17,cool,TWI.MTFD2.res1.gauss_2.0sigma,0.0357505853269122,0.122386839992623,-0.593459152168381,-0.330509228930553,TWI,gauss,1,,,2,MTFD,2
2021-03-25,2021-04-06,cool,TWI.MTFD2.res1.gauss_2.0sigma,0.409066720358588,0.451471015189589,0.31874036078617,0.318349163982309,TWI,gauss,1,,,2,MTFD,2
2021-09-05,2021-09-20,warm,TWI.MTFD2.res1.gauss_2.0sigma,0.0316634647528714,0.332413745339158,-0.314792026228292,0.0691578111323658,TWI,gauss,1,,,2,MTFD,2
2017-08-27,2017-09-16,warm,TWI.MTFD2.res1.gauss_2.5sigma,0.545375083115614,0.546031582395817,0.260743795417417,0.23648294835364,TWI,gauss,1,,,2.5,MTFD,2
2017-11-29,2017-12-14,cool,TWI.MTFD2.res1.gauss_2.5sigma,0.421185668531187,0.597017740100829,0.257921794582663,0.438263706897969,TWI,gauss,1,,,2.5,MTFD,2
2017-12-22,2018-01-20,cool,TWI.MTFD2.res1.gauss_2.5sigma,0.471355460812459,0.522718640430552,0.382926813120565,0.383536775473518,TWI,gauss,1,,,2.5,MTFD,2
2018-05-25,2018-06-07,warm,TWI.MTFD2.res1.gauss_2.5sigma,0.451970240194635,0.461290031233916,0.356936183623462,0.288553565420368,TWI,gauss,1,,,2.5,MTFD,2
2019-03-30,2019-04-12,cool,TWI.MTFD2.res1.gauss_2.5sigma,0.599641753827352,0.688720250661502,0.471679468014961,0.51328861695793,TWI,gauss,1,,,2.5,MTFD,2
2019-08-23,2019-09-13,warm,TWI.MTFD2.res1.gauss_2.5sigma,0.365309238464088,0.467387375757717,-0.40470074070879,-0.178979229362022,TWI,gauss,1,,,2.5,MTFD,2
2020-08-11,2020-08-26,warm,TWI.MTFD2.res1.gauss_2.5sigma,0.19688916037626,0.203567590522967,-0.223311184292418,-0.248673378626625,TWI,gauss,1,,,2.5,MTFD,2
2020-09-01,2020-09-20,warm,TWI.MTFD2.res1.gauss_2.5sigma,0.125181230098444,0.197661958575705,-0.434138127201412,-0.201111251273684,TWI,gauss,1,,,2.5,MTFD,2
2020-09-27,2020-10-17,cool,TWI.MTFD2.res1.gauss_2.5sigma,0.0445117195559744,0.125978888535312,-0.529732153168175,-0.31687246050989,TWI,gauss,1,,,2.5,MTFD,2
2021-03-25,2021-04-06,cool,TWI.MTFD2.res1.gauss_2.5sigma,0.389779939942497,0.437447875323212,0.289549549246212,0.290599051409213,TWI,gauss,1,,,2.5,MTFD,2
2021-09-05,2021-09-20,warm,TWI.MTFD2.res1.gauss_2.5sigma,0.0738404177086028,0.335026847625563,-0.232459155186149,0.0442691036221692,TWI,gauss,1,,,2.5,MTFD,2
2017-08-27,2017-09-16,warm,TWI.MTFD2.res1.gauss_3.5sigma,0.518840264705313,0.521459080581473,0.256769591140141,0.227570729448437,TWI,gauss,1,,,3.5,MTFD,2
2017-11-29,2017-12-14,cool,TWI.MTFD2.res1.gauss_3.5sigma,0.459138895864589,0.611950202301687,0.350525563779353,0.463026434747425,TWI,gauss,1,,,3.5,MTFD,2
2017-12-22,2018-01-20,cool,TWI.MTFD2.res1.gauss_3.5sigma,0.462044088965228,0.510407984744882,0.376472978430088,0.368725357753769,TWI,gauss,1,,,3.5,MTFD,2
2018-05-25,2018-06-07,warm,TWI.MTFD2.res1.gauss_3.5sigma,0.437366472795816,0.447975579103214,0.300998827951024,0.212108543308084,TWI,gauss,1,,,3.5,MTFD,2
2019-03-30,2019-04-12,cool,TWI.MTFD2.res1.gauss_3.5sigma,0.590221840160016,0.685896984738672,0.449402368273714,0.494986929561423,TWI,gauss,1,,,3.5,MTFD,2
2019-08-23,2019-09-13,warm,TWI.MTFD2.res1.gauss_3.5sigma,0.418390449384638,0.499032933727635,-0.297739041364387,-0.152561938106618,TWI,gauss,1,,,3.5,MTFD,2
2020-08-11,2020-08-26,warm,TWI.MTFD2.res1.gauss_3.5sigma,0.27319333730881,0.276771224857248,0.117450990660788,0.0829428895546856,TWI,gauss,1,,,3.5,MTFD,2
2020-09-01,2020-09-20,warm,TWI.MTFD2.res1.gauss_3.5sigma,0.207880554147314,0.251683525961121,0.0289937023638184,0.0213755880964058,TWI,gauss,1,,,3.5,MTFD,2
2020-09-27,2020-10-17,cool,TWI.MTFD2.res1.gauss_3.5sigma,0.0364289622412875,0.124826869042247,-0.303604711045828,-0.243404534620049,TWI,gauss,1,,,3.5,MTFD,2
2021-03-25,2021-04-06,cool,TWI.MTFD2.res1.gauss_3.5sigma,0.348800599930957,0.405454204448693,0.227466412581109,0.235420376957068,TWI,gauss,1,,,3.5,MTFD,2
2021-09-05,2021-09-20,warm,TWI.MTFD2.res1.gauss_3.5sigma,0.20515127738076,0.361684359090174,-0.0592705781257772,0.0766270561448969,TWI,gauss,1,,,3.5,MTFD,2
2017-08-27,2017-09-16,warm,TWI.MTFD2.res1.gauss_5.0sigma,0.537002511817453,0.540183250157187,0.266970633061707,0.235991549833585,TWI,gauss,1,,,5,MTFD,2
2017-11-29,2017-12-14,cool,TWI.MTFD2.res1.gauss_5.0sigma,0.480346590968039,0.623330064378896,0.396103954106915,0.488773070425399,TWI,gauss,1,,,5,MTFD,2
2017-12-22,2018-01-20,cool,TWI.MTFD2.res1.gauss_5.0sigma,0.470518112802496,0.525512894286475,0.386403735882287,0.388881407108459,TWI,gauss,1,,,5,MTFD,2
2018-05-25,2018-06-07,warm,TWI.MTFD2.res1.gauss_5.0sigma,0.436013409850813,0.442933602375838,0.297419940218518,0.196137259585571,TWI,gauss,1,,,5,MTFD,2
2019-03-30,2019-04-12,cool,TWI.MTFD2.res1.gauss_5.0sigma,0.55313510224756,0.647079718740716,0.404497854661758,0.436800103048206,TWI,gauss,1,,,5,MTFD,2
2019-08-23,2019-09-13,warm,TWI.MTFD2.res1.gauss_5.0sigma,0.427488998253792,0.514769809079288,-0.128483756955656,-0.00219814956602144,TWI,gauss,1,,,5,MTFD,2
2020-08-11,2020-08-26,warm,TWI.MTFD2.res1.gauss_5.0sigma,0.434120653594552,0.436372823588123,0.310971573500245,0.29323530664073,TWI,gauss,1,,,5,MTFD,2
2020-09-01,2020-09-20,warm,TWI.MTFD2.res1.gauss_5.0sigma,0.373025505285528,0.394281002692535,0.215531389799891,0.204618442583129,TWI,gauss,1,,,5,MTFD,2
2020-09-27,2020-10-17,cool,TWI.MTFD2.res1.gauss_5.0sigma,0.201744879565141,0.229911968302185,-0.0574356669607026,-0.0785714303700278,TWI,gauss,1,,,5,MTFD,2
2021-03-25,2021-04-06,cool,TWI.MTFD2.res1.gauss_5.0sigma,0.300792889457463,0.364070409947732,0.17064554572542,0.181128277081685,TWI,gauss,1,,,5,MTFD,2
2021-09-05,2021-09-20,warm,TWI.MTFD2.res1.gauss_5.0sigma,0.305993464900762,0.407066434835386,0.0942945732128843,0.171813665940603,TWI,gauss,1,,,5,MTFD,2
2017-08-27,2017-09-16,warm,TWI.MTFD2.res1.NFNW,0.172875509316519,0.238044972742913,-0.372170098597968,-0.327910668899997,TWI,NFNW,1,,,,MTFD,2
2017-11-29,2017-12-14,cool,TWI.MTFD2.res1.NFNW,0.0545238440318964,0.311868184946671,-0.562782309457624,-0.0623744061220847,TWI,NFNW,1,,,,MTFD,2
2017-12-22,2018-01-20,cool,TWI.MTFD2.res1.NFNW,0.0733392046025045,0.138147228723761,-0.576150078059836,-0.437995581420887,TWI,NFNW,1,,,,MTFD,2
2018-05-25,2018-06-07,warm,TWI.MTFD2.res1.NFNW,0.0111642849360891,0.074310196593628,-0.624307150357103,-0.615511055626669,TWI,NFNW,1,,,,MTFD,2
2019-03-30,2019-04-12,cool,TWI.MTFD2.res1.NFNW,0.176118650332928,0.408144111978918,-0.642782373054709,-0.123819767924113,TWI,NFNW,1,,,,MTFD,2
2019-08-23,2019-09-13,warm,TWI.MTFD2.res1.NFNW,0.237086862449342,0.322675417355788,-0.111059968857989,-0.028873796118088,TWI,NFNW,1,,,,MTFD,2
2020-08-11,2020-08-26,warm,TWI.MTFD2.res1.NFNW,0.223761527731253,0.227285101880796,-0.0614898339929308,-0.0637332857304214,TWI,NFNW,1,,,,MTFD,2
2020-09-01,2020-09-20,warm,TWI.MTFD2.res1.NFNW,0.157151434012186,0.196638615047656,-0.185696446323092,-0.142574744390042,TWI,NFNW,1,,,,MTFD,2
2020-09-27,2020-10-17,cool,TWI.MTFD2.res1.NFNW,0.14171234855933,0.17051518665605,-0.224229775487277,-0.190104264420342,TWI,NFNW,1,,,,MTFD,2
2021-03-25,2021-04-06,cool,TWI.MTFD2.res1.NFNW,0.210943897389703,0.302621748508105,-0.0547221252982204,0.0704450738586429,TWI,NFNW,1,,,,MTFD,2
2021-09-05,2021-09-20,warm,TWI.MTFD2.res1.NFNW,0.096172452402388,0.360609654790165,-0.175909682563175,0.186596785365013,TWI,NFNW,1,,,,MTFD,2
2017-08-27,2017-09-16,warm,TWI.MTFD2.res1.SSC1,0.0392729812288786,0.14800266750747,-0.822033094942657,-0.481313563509926,TWI,SSC,1,,1,,MTFD,2
2017-11-29,2017-12-14,cool,TWI.MTFD2.res1.SSC1,0.238235976306988,0.327857097507716,-0.1329484644609,-0.0933268717844631,TWI,SSC,1,,1,,MTFD,2
2017-12-22,2018-01-20,cool,TWI.MTFD2.res1.SSC1,0.265723109184569,0.267071211920126,-0.0422238649905997,-0.145777282988426,TWI,SSC,1,,1,,MTFD,2
2018-05-25,2018-06-07,warm,TWI.MTFD2.res1.SSC1,0.0959471276083753,0.145632625717551,-0.366817414855813,-0.372914802311118,TWI,SSC,1,,1,,MTFD,2
2019-03-30,2019-04-12,cool,TWI.MTFD2.res1.SSC1,0.152348276885608,0.481741880733208,-0.584903125915583,0.156112838651312,TWI,SSC,1,,1,,MTFD,2
2019-08-23,2019-09-13,warm,TWI.MTFD2.res1.SSC1,0.0317551221166669,0.251176726483564,-0.61032727386667,-0.157571944389324,TWI,SSC,1,,1,,MTFD,2
2020-08-11,2020-08-26,warm,TWI.MTFD2.res1.SSC1,0.136701285364291,0.140750210126406,-0.327485665677495,-0.341195284329599,TWI,SSC,1,,1,,MTFD,2
2020-09-01,2020-09-20,warm,TWI.MTFD2.res1.SSC1,0.0366994457482576,0.161055054481501,-0.666522065007402,-0.300735492740871,TWI,SSC,1,,1,,MTFD,2
2020-09-27,2020-10-17,cool,TWI.MTFD2.res1.SSC1,0.0557975737711474,0.145502622776214,-0.541709778228473,-0.322209475089401,TWI,SSC,1,,1,,MTFD,2
2021-03-25,2021-04-06,cool,TWI.MTFD2.res1.SSC1,0.253025419078498,0.379992718704222,0.103026985289609,0.218554330721092,TWI,SSC,1,,1,,MTFD,2
2021-09-05,2021-09-20,warm,TWI.MTFD2.res1.SSC1,0.090785728861797,0.333833574711624,-0.299591838503973,0.139296177354489,TWI,SSC,1,,1,,MTFD,2
2017-08-27,2017-09-16,warm,TWI.MTFD2.res1.SSC10,0.59718691788651,0.599900242966244,0.313400117614884,0.275374102324284,TWI,SSC,1,,10,,MTFD,2
2017-11-29,2017-12-14,cool,TWI.MTFD2.res1.SSC10,0.468790609524292,0.607930605879696,0.351847439079743,0.433033359124208,TWI,SSC,1,,10,,MTFD,2
2017-12-22,2018-01-20,cool,TWI.MTFD2.res1.SSC10,0.446329346106088,0.501023628491568,0.361286899274723,0.346580397904314,TWI,SSC,1,,10,,MTFD,2
2018-05-25,2018-06-07,warm,TWI.MTFD2.res1.SSC10,0.426553409896449,0.433100218430778,0.243379475240392,0.142634693564588,TWI,SSC,1,,10,,MTFD,2
2019-03-30,2019-04-12,cool,TWI.MTFD2.res1.SSC10,0.457804800911297,0.576547990799759,0.272339801246997,0.325844726073064,TWI,SSC,1,,10,,MTFD,2
2019-08-23,2019-09-13,warm,TWI.MTFD2.res1.SSC10,0.407344994233139,0.493239920940616,-0.153061725213076,-0.00159002555780284,TWI,SSC,1,,10,,MTFD,2
2020-08-11,2020-08-26,warm,TWI.MTFD2.res1.SSC10,0.460495799033992,0.461851877461874,0.359945627439783,0.342679489243973,TWI,SSC,1,,10,,MTFD,2
2020-09-01,2020-09-20,warm,TWI.MTFD2.res1.SSC10,0.390519594190152,0.410358044250437,0.24874552597693,0.235572092784086,TWI,SSC,1,,10,,MTFD,2
2020-09-27,2020-10-17,cool,TWI.MTFD2.res1.SSC10,0.228435750778742,0.252886960302779,-0.0270846871726096,-0.0564880258846882,TWI,SSC,1,,10,,MTFD,2
2021-03-25,2021-04-06,cool,TWI.MTFD2.res1.SSC10,0.306398652523853,0.369781209401207,0.170856903256897,0.175652447876698,TWI,SSC,1,,10,,MTFD,2
2021-09-05,2021-09-20,warm,TWI.MTFD2.res1.SSC10,0.370596437050099,0.461081219726136,0.0763006382857187,0.121666571766935,TWI,SSC,1,,10,,MTFD,2
2017-08-27,2017-09-16,warm,TWI.MTFD2.res1.SSC2,0.360087405294582,0.362110632203524,0.0560722027780962,0.0206779218874679,TWI,SSC,1,,2,,MTFD,2
2017-11-29,2017-12-14,cool,TWI.MTFD2.res1.SSC2,0.178191914206895,0.419726853336487,-0.510600308987217,0.132073232447021,TWI,SSC,1,,2,,MTFD,2
2017-12-22,2018-01-20,cool,TWI.MTFD2.res1.SSC2,0.372378587800898,0.437990988390148,0.241433943123408,0.258918642602462,TWI,SSC,1,,2,,MTFD,2
2018-05-25,2018-06-07,warm,TWI.MTFD2.res1.SSC2,0.413549937647998,0.415029346237953,0.251187732863591,0.191924109396781,TWI,SSC,1,,2,,MTFD,2
2019-03-30,2019-04-12,cool,TWI.MTFD2.res1.SSC2,0.580335361751678,0.636016623538498,0.390019728482032,0.441043617936323,TWI,SSC,1,,2,,MTFD,2
2019-08-23,2019-09-13,warm,TWI.MTFD2.res1.SSC2,0.0261239991553651,0.256549642618496,-0.644290759804189,-0.132200564578425,TWI,SSC,1,,2,,MTFD,2
2020-08-11,2020-08-26,warm,TWI.MTFD2.res1.SSC2,0.162071065015534,0.17966596685392,-0.384978654077865,-0.353504388532195,TWI,SSC,1,,2,,MTFD,2
2020-09-01,2020-09-20,warm,TWI.MTFD2.res1.SSC2,0.124281915179844,0.213030056096152,-0.376526792606273,-0.112809847578851,TWI,SSC,1,,2,,MTFD,2
2020-09-27,2020-10-17,cool,TWI.MTFD2.res1.SSC2,0.00310250385422931,0.121795860475459,-0.607311828408085,-0.302406982832796,TWI,SSC,1,,2,,MTFD,2
2021-03-25,2021-04-06,cool,TWI.MTFD2.res1.SSC2,0.353407433347436,0.399558486520656,0.275077468413338,0.278557610173234,TWI,SSC,1,,2,,MTFD,2
2021-09-05,2021-09-20,warm,TWI.MTFD2.res1.SSC2,0.0690063199282355,0.343834542752007,-0.330821990842242,0.149908171374391,TWI,SSC,1,,2,,MTFD,2
2017-08-27,2017-09-16,warm,TWI.MTFD2.res1.SSC3,0.446870884193453,0.447162208615271,0.163624991136383,0.132819324978503,TWI,SSC,1,,3,,MTFD,2
2017-11-29,2017-12-14,cool,TWI.MTFD2.res1.SSC3,0.241337654936907,0.473091130197075,-0.438938077723884,0.141439100058706,TWI,SSC,1,,3,,MTFD,2
2017-12-22,2018-01-20,cool,TWI.MTFD2.res1.SSC3,0.40581164643756,0.477555476703443,0.292299349493371,0.31355226572775,TWI,SSC,1,,3,,MTFD,2
2018-05-25,2018-06-07,warm,TWI.MTFD2.res1.SSC3,0.416778096125009,0.420814032110413,0.319192369009902,0.250767433400573,TWI,SSC,1,,3,,MTFD,2
2019-03-30,2019-04-12,cool,TWI.MTFD2.res1.SSC3,0.570550981621009,0.639106804576388,0.412478017709247,0.437608499456476,TWI,SSC,1,,3,,MTFD,2
2019-08-23,2019-09-13,warm,TWI.MTFD2.res1.SSC3,0.186717052193559,0.361248536153643,-0.462252411975582,-0.147587650710661,TWI,SSC,1,,3,,MTFD,2
2020-08-11,2020-08-26,warm,TWI.MTFD2.res1.SSC3,0.123412784839481,0.133602641450715,-0.685799502448299,-0.627525161660229,TWI,SSC,1,,3,,MTFD,2
2020-09-01,2020-09-20,warm,TWI.MTFD2.res1.SSC3,0.0706349621852877,0.171912208113612,-0.757467098021973,-0.326843436073583,TWI,SSC,1,,3,,MTFD,2
2020-09-27,2020-10-17,cool,TWI.MTFD2.res1.SSC3,0.0762603103628292,0.13463071914973,-0.444099508474104,-0.32343938535921,TWI,SSC,1,,3,,MTFD,2
2021-03-25,2021-04-06,cool,TWI.MTFD2.res1.SSC3,0.354790555401426,0.406463885393782,0.273226398645997,0.274331347447181,TWI,SSC,1,,3,,MTFD,2
2021-09-05,2021-09-20,warm,TWI.MTFD2.res1.SSC3,0.0488643652561663,0.339081390011802,-0.394882149407699,0.130512479862856,TWI,SSC,1,,3,,MTFD,2
2017-08-27,2017-09-16,warm,TWI.MTFD2.res1.SSC4,0.571242103961211,0.571730354133416,0.278456347428772,0.257605883925509,TWI,SSC,1,,4,,MTFD,2
2017-11-29,2017-12-14,cool,TWI.MTFD2.res1.SSC4,0.389116692149243,0.606914100015775,0.185621084881316,0.447645343453063,TWI,SSC,1,,4,,MTFD,2
2017-12-22,2018-01-20,cool,TWI.MTFD2.res1.SSC4,0.51383543387902,0.588660349720886,0.418575453741875,0.450850773643247,TWI,SSC,1,,4,,MTFD,2
2018-05-25,2018-06-07,warm,TWI.MTFD2.res1.SSC4,0.453600870857965,0.45637710270435,0.363074000730091,0.299602231723273,TWI,SSC,1,,4,,MTFD,2
2019-03-30,2019-04-12,cool,TWI.MTFD2.res1.SSC4,0.648734798549344,0.708774251355031,0.544943465727553,0.551436042142618,TWI,SSC,1,,4,,MTFD,2
2019-08-23,2019-09-13,warm,TWI.MTFD2.res1.SSC4,0.390314582238235,0.531573498649014,0.00103630707781838,0.16967548361166,TWI,SSC,1,,4,,MTFD,2
2020-08-11,2020-08-26,warm,TWI.MTFD2.res1.SSC4,0.21723554297018,0.229802242654858,-0.127663710360098,-0.13142381529811,TWI,SSC,1,,4,,MTFD,2
2020-09-01,2020-09-20,warm,TWI.MTFD2.res1.SSC4,0.143751464438462,0.223914273028855,-0.324021550785817,-0.125515278785149,TWI,SSC,1,,4,,MTFD,2
2020-09-27,2020-10-17,cool,TWI.MTFD2.res1.SSC4,0.0115241139317308,0.120366582895836,-0.623708758526654,-0.330717376098107,TWI,SSC,1,,4,,MTFD,2
2021-03-25,2021-04-06,cool,TWI.MTFD2.res1.SSC4,0.437003565972286,0.473482435614377,0.35971093223548,0.35300463160284,TWI,SSC,1,,4,,MTFD,2
2021-09-05,2021-09-20,warm,TWI.MTFD2.res1.SSC4,0.00871037430934096,0.332613717339425,-0.374843344490965,0.0834060282121069,TWI,SSC,1,,4,,MTFD,2
2017-08-27,2017-09-16,warm,TWI.MTFD2.res1.SSC5,0.601543184707989,0.601802394016267,0.312536626596702,0.286636140136992,TWI,SSC,1,,5,,MTFD,2
2017-11-29,2017-12-14,cool,TWI.MTFD2.res1.SSC5,0.460089084415395,0.631371037839713,0.316707190203935,0.481523900411716,TWI,SSC,1,,5,,MTFD,2
2017-12-22,2018-01-20,cool,TWI.MTFD2.res1.SSC5,0.504833962283409,0.558997865386453,0.428766967207935,0.435908765738531,TWI,SSC,1,,5,,MTFD,2
2018-05-25,2018-06-07,warm,TWI.MTFD2.res1.SSC5,0.448465178972051,0.456426940442836,0.303111861223606,0.227284008916163,TWI,SSC,1,,5,,MTFD,2
2019-03-30,2019-04-12,cool,TWI.MTFD2.res1.SSC5,0.564279067788906,0.66457694752167,0.43755306739422,0.48713556425563,TWI,SSC,1,,5,,MTFD,2
2019-08-23,2019-09-13,warm,TWI.MTFD2.res1.SSC5,0.430901011944308,0.524490453666663,-0.300913421104048,-0.0909205562537166,TWI,SSC,1,,5,,MTFD,2
2020-08-11,2020-08-26,warm,TWI.MTFD2.res1.SSC5,0.252105958920392,0.259676846431637,0.0278869201626671,5.46163242942798e-05,TWI,SSC,1,,5,,MTFD,2
2020-09-01,2020-09-20,warm,TWI.MTFD2.res1.SSC5,0.181074389621448,0.239462288809687,-0.0976574529521681,-0.050021932367058,TWI,SSC,1,,5,,MTFD,2
2020-09-27,2020-10-17,cool,TWI.MTFD2.res1.SSC5,0.0160012661513272,0.122269901904302,-0.536224355849355,-0.297914974966189,TWI,SSC,1,,5,,MTFD,2
2021-03-25,2021-04-06,cool,TWI.MTFD2.res1.SSC5,0.412804841205175,0.455959106432304,0.32471362030494,0.318680659734239,TWI,SSC,1,,5,,MTFD,2
2021-09-05,2021-09-20,warm,TWI.MTFD2.res1.SSC5,0.111560556880173,0.34238916501577,-0.22292262453369,0.0315557090428105,TWI,SSC,1,,5,,MTFD,2
2017-08-27,2017-09-16,warm,TWI.MTFD2.res1.SSC7,0.580696632244066,0.581963320524585,0.295059808053398,0.264777218464638,TWI,SSC,1,,7,,MTFD,2
2017-11-29,2017-12-14,cool,TWI.MTFD2.res1.SSC7,0.47483932286161,0.62503692496482,0.369446619829549,0.476335326564808,TWI,SSC,1,,7,,MTFD,2
2017-12-22,2018-01-20,cool,TWI.MTFD2.res1.SSC7,0.48712111972696,0.536941474758246,0.409888374432445,0.40584263521306,TWI,SSC,1,,7,,MTFD,2
2018-05-25,2018-06-07,warm,TWI.MTFD2.res1.SSC7,0.430192268241779,0.438666937747693,0.248908994659092,0.159701339824961,TWI,SSC,1,,7,,MTFD,2
2019-03-30,2019-04-12,cool,TWI.MTFD2.res1.SSC7,0.553478609906454,0.658807170832386,0.390009339270791,0.443349583574318,TWI,SSC,1,,7,,MTFD,2
2019-08-23,2019-09-13,warm,TWI.MTFD2.res1.SSC7,0.492492778503053,0.56470141458691,-0.0208846212611453,0.0720078355486172,TWI,SSC,1,,7,,MTFD,2
2020-08-11,2020-08-26,warm,TWI.MTFD2.res1.SSC7,0.337955934275841,0.342374429906544,0.228634425312859,0.201462755769649,TWI,SSC,1,,7,,MTFD,2
2020-09-01,2020-09-20,warm,TWI.MTFD2.res1.SSC7,0.26272453380343,0.29918554702516,0.126847313236071,0.111287031312673,TWI,SSC,1,,7,,MTFD,2
2020-09-27,2020-10-17,cool,TWI.MTFD2.res1.SSC7,0.096445389959436,0.153218026262213,-0.174109022451635,-0.178218473538112,TWI,SSC,1,,7,,MTFD,2
2021-03-25,2021-04-06,cool,TWI.MTFD2.res1.SSC7,0.341655990626723,0.401123118944744,0.221063948388313,0.227791998494796,TWI,SSC,1,,7,,MTFD,2
2021-09-05,2021-09-20,warm,TWI.MTFD2.res1.SSC7,0.310316145319259,0.409635917870657,0.1197155184284,0.180814946071864,TWI,SSC,1,,7,,MTFD,2
2017-08-27,2017-09-16,warm,TWI.MTFD2.res10.NFNW,0.753509369326634,0.755272461190139,0.592556505539126,0.54385226535001,TWI,NFNW,10,,,,MTFD,2
2017-11-29,2017-12-14,cool,TWI.MTFD2.res10.NFNW,0.565744471015816,0.688256187617847,0.431030669280026,0.516275947656595,TWI,NFNW,10,,,,MTFD,2
2017-12-22,2018-01-20,cool,TWI.MTFD2.res10.NFNW,0.628780841817172,0.675967029218095,0.586570323022382,0.599821438141549,TWI,NFNW,10,,,,MTFD,2
2018-05-25,2018-06-07,warm,TWI.MTFD2.res10.NFNW,0.367677915073677,0.373352240613499,0.0989548418715175,0.0411589650080807,TWI,NFNW,10,,,,MTFD,2
2019-03-30,2019-04-12,cool,TWI.MTFD2.res10.NFNW,0.56355965203933,0.67375110488567,0.423526908958787,0.49453737040069,TWI,NFNW,10,,,,MTFD,2
2019-08-23,2019-09-13,warm,TWI.MTFD2.res10.NFNW,0.620304996748965,0.679954814811623,0.441189746612751,0.446837055993946,TWI,NFNW,10,,,,MTFD,2
2020-08-11,2020-08-26,warm,TWI.MTFD2.res10.NFNW,0.500606310339455,0.509680065949799,0.435170715297628,0.41886101994401,TWI,NFNW,10,,,,MTFD,2
2020-09-01,2020-09-20,warm,TWI.MTFD2.res10.NFNW,0.374700805287601,0.406709378172656,0.270076640135227,0.270672461050318,TWI,NFNW,10,,,,MTFD,2
2020-09-27,2020-10-17,cool,TWI.MTFD2.res10.NFNW,0.181032720763414,0.220566443632951,-0.0340128067700429,-0.0629444238280484,TWI,NFNW,10,,,,MTFD,2
2021-03-25,2021-04-06,cool,TWI.MTFD2.res10.NFNW,0.393482621224104,0.455991083771084,0.323847674983326,0.343941899898087,TWI,NFNW,10,,,,MTFD,2
2021-09-05,2021-09-20,warm,TWI.MTFD2.res10.NFNW,0.331067783347211,0.444077383402785,0.219276999041491,0.292674861688127,TWI,NFNW,10,,,,MTFD,2
2017-08-27,2017-09-16,warm,TWI.MTFD2.res2.NFNW,0.543240013371893,0.543630375621154,0.253439119778876,0.233805042228615,TWI,NFNW,2,,,,MTFD,2
2017-11-29,2017-12-14,cool,TWI.MTFD2.res2.NFNW,0.287039441067871,0.4790219768823,-0.252807580518407,0.164469695082526,TWI,NFNW,2,,,,MTFD,2
2017-12-22,2018-01-20,cool,TWI.MTFD2.res2.NFNW,0.4800394088919,0.527406811090087,0.397446347011549,0.404619318712907,TWI,NFNW,2,,,,MTFD,2
2018-05-25,2018-06-07,warm,TWI.MTFD2.res2.NFNW,0.507344873868858,0.509902510952454,0.399972152213949,0.35595815670864,TWI,NFNW,2,,,,MTFD,2
2019-03-30,2019-04-12,cool,TWI.MTFD2.res2.NFNW,0.512206779329184,0.594696616879114,0.338833654100635,0.413930897691214,TWI,NFNW,2,,,,MTFD,2
2019-08-23,2019-09-13,warm,TWI.MTFD2.res2.NFNW,0.0588263018592436,0.279464064667917,-0.739552692403794,-0.0866266103939125,TWI,NFNW,2,,,,MTFD,2
2020-08-11,2020-08-26,warm,TWI.MTFD2.res2.NFNW,0.194570141346154,0.21248041249748,-0.220393329557158,-0.180417290660682,TWI,NFNW,2,,,,MTFD,2
2020-09-01,2020-09-20,warm,TWI.MTFD2.res2.NFNW,0.138962596017282,0.221554970522874,-0.322077197701633,-0.11124109575174,TWI,NFNW,2,,,,MTFD,2
2020-09-27,2020-10-17,cool,TWI.MTFD2.res2.NFNW,0.00186920514908528,0.122264244365904,-0.609579718475241,-0.321839024936497,TWI,NFNW,2,,,,MTFD,2
2021-03-25,2021-04-06,cool,TWI.MTFD2.res2.NFNW,0.342602697277425,0.400016022245436,0.267624194167972,0.284684386970614,TWI,NFNW,2,,,,MTFD,2
2021-09-05,2021-09-20,warm,TWI.MTFD2.res2.NFNW,0.0514872183401518,0.333237377433898,-0.384443696890123,0.101294693628415,TWI,NFNW,2,,,,MTFD,2
2017-08-27,2017-09-16,warm,TWI.MTFD2.res3.NFNW,0.681565233734874,0.681790040321909,0.382024720701909,0.356976413074754,TWI,NFNW,3,,,,MTFD,2
2017-11-29,2017-12-14,cool,TWI.MTFD2.res3.NFNW,0.376769424935022,0.566085504406046,0.0959609582576076,0.312840461124453,TWI,NFNW,3,,,,MTFD,2
2017-12-22,2018-01-20,cool,TWI.MTFD2.res3.NFNW,0.513199508685591,0.577228114409478,0.44425414720956,0.46778623106996,TWI,NFNW,3,,,,MTFD,2
2018-05-25,2018-06-07,warm,TWI.MTFD2.res3.NFNW,0.351871452657899,0.35660923582204,0.101771900403563,0.0233673794085754,TWI,NFNW,3,,,,MTFD,2
2019-03-30,2019-04-12,cool,TWI.MTFD2.res3.NFNW,0.525404917370511,0.617339120886648,0.375443819512736,0.415755793734748,TWI,NFNW,3,,,,MTFD,2
2019-08-23,2019-09-13,warm,TWI.MTFD2.res3.NFNW,0.46692552764747,0.576202643476847,-0.243200218396629,0.0679116618264705,TWI,NFNW,3,,,,MTFD,2
2020-08-11,2020-08-26,warm,TWI.MTFD2.res3.NFNW,0.222755655316334,0.236812399852643,-0.126108304610412,-0.137287249074196,TWI,NFNW,3,,,,MTFD,2
2020-09-01,2020-09-20,warm,TWI.MTFD2.res3.NFNW,0.14626929697338,0.224179866437156,-0.333399750911067,-0.150669900683883,TWI,NFNW,3,,,,MTFD,2
2020-09-27,2020-10-17,cool,TWI.MTFD2.res3.NFNW,0.00583467657263179,0.120724900735062,-0.541843657756396,-0.327971040052597,TWI,NFNW,3,,,,MTFD,2
2021-03-25,2021-04-06,cool,TWI.MTFD2.res3.NFNW,0.43352589120567,0.478683774116452,0.373648619164536,0.379036723070345,TWI,NFNW,3,,,,MTFD,2
2021-09-05,2021-09-20,warm,TWI.MTFD2.res3.NFNW,0.206125598682124,0.379937307925565,-0.0903847375292389,0.0857880770594382,TWI,NFNW,3,,,,MTFD,2
2017-08-27,2017-09-16,warm,TWI.MTFD2.res4.NFNW,0.650037443418817,0.651151560730612,0.367556699520385,0.332617705142956,TWI,NFNW,4,,,,MTFD,2
2017-11-29,2017-12-14,cool,TWI.MTFD2.res4.NFNW,0.481260176575265,0.630202325887536,0.362469982951703,0.478191903312976,TWI,NFNW,4,,,,MTFD,2
2017-12-22,2018-01-20,cool,TWI.MTFD2.res4.NFNW,0.533295608089841,0.582867074072863,0.470861124666264,0.471201307183256,TWI,NFNW,4,,,,MTFD,2
2018-05-25,2018-06-07,warm,TWI.MTFD2.res4.NFNW,0.535791495838959,0.543815763471981,0.46118855788474,0.41236791584886,TWI,NFNW,4,,,,MTFD,2
2019-03-30,2019-04-12,cool,TWI.MTFD2.res4.NFNW,0.561570740243938,0.663675315686168,0.408147405336329,0.459650242940168,TWI,NFNW,4,,,,MTFD,2
2019-08-23,2019-09-13,warm,TWI.MTFD2.res4.NFNW,0.384974049865008,0.479068720729168,0.120988216151638,0.205172095618632,TWI,NFNW,4,,,,MTFD,2
2020-08-11,2020-08-26,warm,TWI.MTFD2.res4.NFNW,0.294361223547817,0.299437280127194,0.12796939893662,0.0989346482027847,TWI,NFNW,4,,,,MTFD,2
2020-09-01,2020-09-20,warm,TWI.MTFD2.res4.NFNW,0.20314625022111,0.25370643746001,-0.034573799047661,-0.0194102654778083,TWI,NFNW,4,,,,MTFD,2
2020-09-27,2020-10-17,cool,TWI.MTFD2.res4.NFNW,0.0206420193642813,0.12249855349284,-0.622185237862797,-0.322849652274138,TWI,NFNW,4,,,,MTFD,2
2021-03-25,2021-04-06,cool,TWI.MTFD2.res4.NFNW,0.426450900156139,0.467752507736584,0.344094526316645,0.337879798758481,TWI,NFNW,4,,,,MTFD,2
2021-09-05,2021-09-20,warm,TWI.MTFD2.res4.NFNW,0.261270972105827,0.404609353697193,-0.058572336294786,0.052391900324204,TWI,NFNW,4,,,,MTFD,2
2017-08-27,2017-09-16,warm,TWI.MTFD2.res5.NFNW,0.745964585881226,0.745970180453005,0.505672731757829,0.473687392211924,TWI,NFNW,5,,,,MTFD,2
2017-11-29,2017-12-14,cool,TWI.MTFD2.res5.NFNW,0.496570632956868,0.652652157221025,0.333409741019908,0.461690799057088,TWI,NFNW,5,,,,MTFD,2
2017-12-22,2018-01-20,cool,TWI.MTFD2.res5.NFNW,0.601480124088841,0.66238532102486,0.55126506435312,0.580765743519257,TWI,NFNW,5,,,,MTFD,2
2018-05-25,2018-06-07,warm,TWI.MTFD2.res5.NFNW,0.416068773509932,0.419299140304693,0.166078703990448,0.111104312112075,TWI,NFNW,5,,,,MTFD,2
2019-03-30,2019-04-12,cool,TWI.MTFD2.res5.NFNW,0.606488794427137,0.689992070932688,0.446767895833939,0.478331451733367,TWI,NFNW,5,,,,MTFD,2
2019-08-23,2019-09-13,warm,TWI.MTFD2.res5.NFNW,0.597095396617436,0.681340581269902,0.501884212811466,0.526381479775744,TWI,NFNW,5,,,,MTFD,2
2020-08-11,2020-08-26,warm,TWI.MTFD2.res5.NFNW,0.401264436651713,0.415207596686341,0.314263072885113,0.306068044289773,TWI,NFNW,5,,,,MTFD,2
2020-09-01,2020-09-20,warm,TWI.MTFD2.res5.NFNW,0.313888144916287,0.358948061784058,0.199243117818369,0.215950741458192,TWI,NFNW,5,,,,MTFD,2
2020-09-27,2020-10-17,cool,TWI.MTFD2.res5.NFNW,0.144217983711764,0.196339149439147,-0.0976017863351973,-0.113281489151426,TWI,NFNW,5,,,,MTFD,2
2021-03-25,2021-04-06,cool,TWI.MTFD2.res5.NFNW,0.417815708567825,0.467791561410729,0.35501750086186,0.363223898501708,TWI,NFNW,5,,,,MTFD,2
2021-09-05,2021-09-20,warm,TWI.MTFD2.res5.NFNW,0.314684233531966,0.426999795563525,0.178774759340286,0.244156792849445,TWI,NFNW,5,,,,MTFD,2
2017-08-27,2017-09-16,warm,TWI.MTFD2.res7.NFNW,0.778511501467735,0.778948651318323,0.598690865903702,0.562606926915322,TWI,NFNW,7,,,,MTFD,2
2017-11-29,2017-12-14,cool,TWI.MTFD2.res7.NFNW,0.528576502730842,0.660974848882677,0.35330102327007,0.452474938308541,TWI,NFNW,7,,,,MTFD,2
2017-12-22,2018-01-20,cool,TWI.MTFD2.res7.NFNW,0.627001408735855,0.672168691622266,0.575374337191246,0.589780910189253,TWI,NFNW,7,,,,MTFD,2
2018-05-25,2018-06-07,warm,TWI.MTFD2.res7.NFNW,0.351454145897764,0.357537892613624,0.0241559630622597,-0.0199274118316604,TWI,NFNW,7,,,,MTFD,2
2019-03-30,2019-04-12,cool,TWI.MTFD2.res7.NFNW,0.518429130452497,0.628843273355612,0.371909857175611,0.425713479877438,TWI,NFNW,7,,,,MTFD,2
2019-08-23,2019-09-13,warm,TWI.MTFD2.res7.NFNW,0.678500907985097,0.742260092231153,0.640387814994437,0.642790901557864,TWI,NFNW,7,,,,MTFD,2
2020-08-11,2020-08-26,warm,TWI.MTFD2.res7.NFNW,0.384032188769658,0.4003894930439,0.29437842000372,0.281674924731546,TWI,NFNW,7,,,,MTFD,2
2020-09-01,2020-09-20,warm,TWI.MTFD2.res7.NFNW,0.29804219893656,0.344301937677172,0.17971910177784,0.196131931731181,TWI,NFNW,7,,,,MTFD,2
2020-09-27,2020-10-17,cool,TWI.MTFD2.res7.NFNW,0.143587183990803,0.195721223719383,-0.0972141529279939,-0.115745793877531,TWI,NFNW,7,,,,MTFD,2
2021-03-25,2021-04-06,cool,TWI.MTFD2.res7.NFNW,0.403990737327494,0.460226789651826,0.340935776062988,0.360922277126396,TWI,NFNW,7,,,,MTFD,2
2021-09-05,2021-09-20,warm,TWI.MTFD2.res7.NFNW,0.314910498177484,0.427505397028758,0.195855928310992,0.262572409247257,TWI,NFNW,7,,,,MTFD,2
2017-08-27,2017-09-16,warm,TWI.MTFD5.res1.gauss_0.5sigma,0.343937576880403,0.352198182351164,-0.238953792531587,-0.285049177109002,TWI,gauss,1,,,0.5,MTFD,5
2017-11-29,2017-12-14,cool,TWI.MTFD5.res1.gauss_0.5sigma,0.00979408820107405,0.310044509254525,-0.636815383686054,-0.15358925684087,TWI,gauss,1,,,0.5,MTFD,5
2017-12-22,2018-01-20,cool,TWI.MTFD5.res1.gauss_0.5sigma,0.258994235434677,0.31068199705419,-0.0640285377068489,-0.0964129563002377,TWI,gauss,1,,,0.5,MTFD,5
2018-05-25,2018-06-07,warm,TWI.MTFD5.res1.gauss_0.5sigma,0.170375206780563,0.174929230870942,-0.217748614978791,-0.414922067793138,TWI,gauss,1,,,0.5,MTFD,5
2019-03-30,2019-04-12,cool,TWI.MTFD5.res1.gauss_0.5sigma,0.50760533015641,0.577607388549831,0.284857450669564,0.375524324453998,TWI,gauss,1,,,0.5,MTFD,5
2019-08-23,2019-09-13,warm,TWI.MTFD5.res1.gauss_0.5sigma,0.0393261223333733,0.267708267900621,-0.596104702335858,-0.158469998188349,TWI,gauss,1,,,0.5,MTFD,5
2020-08-11,2020-08-26,warm,TWI.MTFD5.res1.gauss_0.5sigma,0.0620798113614408,0.0940910491048644,-0.678868512408817,-0.465507736887777,TWI,gauss,1,,,0.5,MTFD,5
2020-09-01,2020-09-20,warm,TWI.MTFD5.res1.gauss_0.5sigma,0.0823709453064872,0.203757855079587,-0.47184919879565,-0.130419421592064,TWI,gauss,1,,,0.5,MTFD,5
2020-09-27,2020-10-17,cool,TWI.MTFD5.res1.gauss_0.5sigma,0.0323528809070181,0.143842527926074,-0.654216601684208,-0.307198056812497,TWI,gauss,1,,,0.5,MTFD,5
2021-03-25,2021-04-06,cool,TWI.MTFD5.res1.gauss_0.5sigma,0.296247950039388,0.375533115866519,0.188453751033374,0.230732461847585,TWI,gauss,1,,,0.5,MTFD,5
2021-09-05,2021-09-20,warm,TWI.MTFD5.res1.gauss_0.5sigma,0.161875805856777,0.37046196176749,-0.0579196005833858,0.192352015449181,TWI,gauss,1,,,0.5,MTFD,5
2017-08-27,2017-09-16,warm,TWI.MTFD5.res1.gauss_1.0sigma,0.439314432085049,0.460649048583227,0.105372091462377,0.089033027774868,TWI,gauss,1,,,1,MTFD,5
2017-11-29,2017-12-14,cool,TWI.MTFD5.res1.gauss_1.0sigma,0.194300858377079,0.361971429559851,-0.341592121745928,0.0118086206590332,TWI,gauss,1,,,1,MTFD,5
2017-12-22,2018-01-20,cool,TWI.MTFD5.res1.gauss_1.0sigma,0.393187264473451,0.413341629096274,0.256242442588469,0.213105872941333,TWI,gauss,1,,,1,MTFD,5
2018-05-25,2018-06-07,warm,TWI.MTFD5.res1.gauss_1.0sigma,0.395153589085395,0.400760562692564,0.23972806299858,0.171925336716212,TWI,gauss,1,,,1,MTFD,5
2019-03-30,2019-04-12,cool,TWI.MTFD5.res1.gauss_1.0sigma,0.524575665507383,0.613890624262521,0.330346779215368,0.432602664215322,TWI,gauss,1,,,1,MTFD,5
2019-08-23,2019-09-13,warm,TWI.MTFD5.res1.gauss_1.0sigma,0.0455274459364278,0.268421899920848,-0.63898032867093,-0.146534209996441,TWI,gauss,1,,,1,MTFD,5
2020-08-11,2020-08-26,warm,TWI.MTFD5.res1.gauss_1.0sigma,0.169761859395347,0.186360770936857,-0.361728393000357,-0.33263605972874,TWI,gauss,1,,,1,MTFD,5
2020-09-01,2020-09-20,warm,TWI.MTFD5.res1.gauss_1.0sigma,0.147229407590049,0.221061867093341,-0.249089534256717,-0.0967361872056681,TWI,gauss,1,,,1,MTFD,5
2020-09-27,2020-10-17,cool,TWI.MTFD5.res1.gauss_1.0sigma,0.0164510071510008,0.124062443658718,-0.500256544324199,-0.304129105428375,TWI,gauss,1,,,1,MTFD,5
2021-03-25,2021-04-06,cool,TWI.MTFD5.res1.gauss_1.0sigma,0.368154798031004,0.434662547583432,0.295984700558925,0.330783990699699,TWI,gauss,1,,,1,MTFD,5
2021-09-05,2021-09-20,warm,TWI.MTFD5.res1.gauss_1.0sigma,0.0575073534931275,0.340436468852245,-0.416261510852989,0.144260602527001,TWI,gauss,1,,,1,MTFD,5
2017-08-27,2017-09-16,warm,TWI.MTFD5.res1.gauss_1.5sigma,0.437569700930176,0.439466245849069,0.152878966513157,0.126965367697035,TWI,gauss,1,,,1.5,MTFD,5
2017-11-29,2017-12-14,cool,TWI.MTFD5.res1.gauss_1.5sigma,0.274698714638605,0.478329846883307,-0.199300393647184,0.247017694379083,TWI,gauss,1,,,1.5,MTFD,5
2017-12-22,2018-01-20,cool,TWI.MTFD5.res1.gauss_1.5sigma,0.406160052443722,0.46260948574773,0.291142287866016,0.297269118485693,TWI,gauss,1,,,1.5,MTFD,5
2018-05-25,2018-06-07,warm,TWI.MTFD5.res1.gauss_1.5sigma,0.424169090199955,0.428880438539944,0.317347020554247,0.254731635111767,TWI,gauss,1,,,1.5,MTFD,5
2019-03-30,2019-04-12,cool,TWI.MTFD5.res1.gauss_1.5sigma,0.577350382893097,0.647315923321639,0.412941224157491,0.448126285712739,TWI,gauss,1,,,1.5,MTFD,5
2019-08-23,2019-09-13,warm,TWI.MTFD5.res1.gauss_1.5sigma,0.116801655418066,0.316478220197203,-0.472175978600381,-0.124885358195728,TWI,gauss,1,,,1.5,MTFD,5
2020-08-11,2020-08-26,warm,TWI.MTFD5.res1.gauss_1.5sigma,0.187485935422471,0.197002544380784,-0.272257606982032,-0.271446209689851,TWI,gauss,1,,,1.5,MTFD,5
2020-09-01,2020-09-20,warm,TWI.MTFD5.res1.gauss_1.5sigma,0.126701406405232,0.205906279874392,-0.396821429768722,-0.143409957695102,TWI,gauss,1,,,1.5,MTFD,5
2020-09-27,2020-10-17,cool,TWI.MTFD5.res1.gauss_1.5sigma,0.0242451487679172,0.120500819804173,-0.640360505433146,-0.322648685468531,TWI,gauss,1,,,1.5,MTFD,5
2021-03-25,2021-04-06,cool,TWI.MTFD5.res1.gauss_1.5sigma,0.399147673747585,0.441609763676562,0.311929260216119,0.316505999317527,TWI,gauss,1,,,1.5,MTFD,5
2021-09-05,2021-09-20,warm,TWI.MTFD5.res1.gauss_1.5sigma,0.0183199336606195,0.332308015225373,-0.334369695667992,0.0938640529489403,TWI,gauss,1,,,1.5,MTFD,5
2017-08-27,2017-09-16,warm,TWI.MTFD5.res1.gauss_2.0sigma,0.53081147053047,0.531031116248616,0.236438739440443,0.214986200463534,TWI,gauss,1,,,2,MTFD,5
2017-11-29,2017-12-14,cool,TWI.MTFD5.res1.gauss_2.0sigma,0.375479372709898,0.568351428551049,0.148641726403514,0.399254798278846,TWI,gauss,1,,,2,MTFD,5
2017-12-22,2018-01-20,cool,TWI.MTFD5.res1.gauss_2.0sigma,0.470446676610714,0.528454137605027,0.370754976363057,0.382757378670611,TWI,gauss,1,,,2,MTFD,5
2018-05-25,2018-06-07,warm,TWI.MTFD5.res1.gauss_2.0sigma,0.443898164454759,0.450050589709775,0.361414301773213,0.296199637996448,TWI,gauss,1,,,2,MTFD,5
2019-03-30,2019-04-12,cool,TWI.MTFD5.res1.gauss_2.0sigma,0.618540962921736,0.691399931784765,0.492812220968436,0.519170134429859,TWI,gauss,1,,,2,MTFD,5
2019-08-23,2019-09-13,warm,TWI.MTFD5.res1.gauss_2.0sigma,0.32951734975717,0.461223949537675,-0.392734715483107,-0.0900448904231326,TWI,gauss,1,,,2,MTFD,5
2020-08-11,2020-08-26,warm,TWI.MTFD5.res1.gauss_2.0sigma,0.196932645875312,0.205966097406683,-0.22909428932718,-0.237613963141677,TWI,gauss,1,,,2,MTFD,5
2020-09-01,2020-09-20,warm,TWI.MTFD5.res1.gauss_2.0sigma,0.127774953457516,0.204672023580447,-0.417849646038272,-0.172407055790264,TWI,gauss,1,,,2,MTFD,5
2020-09-27,2020-10-17,cool,TWI.MTFD5.res1.gauss_2.0sigma,0.0354080663441988,0.122317894507291,-0.594908947306297,-0.330561962933936,TWI,gauss,1,,,2,MTFD,5
2021-03-25,2021-04-06,cool,TWI.MTFD5.res1.gauss_2.0sigma,0.409168941344183,0.451521009192395,0.318815254811097,0.318393437754806,TWI,gauss,1,,,2,MTFD,5
2021-09-05,2021-09-20,warm,TWI.MTFD5.res1.gauss_2.0sigma,0.0316242665531141,0.33241301703306,-0.314831150122114,0.0691232424744499,TWI,gauss,1,,,2,MTFD,5
2017-08-27,2017-09-16,warm,TWI.MTFD5.res1.gauss_2.5sigma,0.545450202297194,0.546104205370957,0.26076223739481,0.236522581994141,TWI,gauss,1,,,2.5,MTFD,5
2017-11-29,2017-12-14,cool,TWI.MTFD5.res1.gauss_2.5sigma,0.421326444538965,0.597154871372533,0.258436447943466,0.438606548554283,TWI,gauss,1,,,2.5,MTFD,5
2017-12-22,2018-01-20,cool,TWI.MTFD5.res1.gauss_2.5sigma,0.471366255062393,0.522725452046749,0.382944489627175,0.383551000574849,TWI,gauss,1,,,2.5,MTFD,5
2018-05-25,2018-06-07,warm,TWI.MTFD5.res1.gauss_2.5sigma,0.451928336097983,0.461248861727666,0.356852666578903,0.288445658545357,TWI,gauss,1,,,2.5,MTFD,5
2019-03-30,2019-04-12,cool,TWI.MTFD5.res1.gauss_2.5sigma,0.599575993841272,0.688674297404462,0.471565518448067,0.513212549501135,TWI,gauss,1,,,2.5,MTFD,5
2019-08-23,2019-09-13,warm,TWI.MTFD5.res1.gauss_2.5sigma,0.365435842300548,0.467501499494409,-0.404806017120508,-0.179009546514171,TWI,gauss,1,,,2.5,MTFD,5
2020-08-11,2020-08-26,warm,TWI.MTFD5.res1.gauss_2.5sigma,0.196819301435438,0.203500675255514,-0.223865973965469,-0.2491599150197,TWI,gauss,1,,,2.5,MTFD,5
2020-09-01,2020-09-20,warm,TWI.MTFD5.res1.gauss_2.5sigma,0.125046732052353,0.197575813622373,-0.435395995261557,-0.20154253311132,TWI,gauss,1,,,2.5,MTFD,5
2020-09-27,2020-10-17,cool,TWI.MTFD5.res1.gauss_2.5sigma,0.0446474948480695,0.126018428041281,-0.529151249318746,-0.316869751274047,TWI,gauss,1,,,2.5,MTFD,5
2021-03-25,2021-04-06,cool,TWI.MTFD5.res1.gauss_2.5sigma,0.389674672161158,0.437322157906816,0.289447635521558,0.290472514896638,TWI,gauss,1,,,2.5,MTFD,5
2021-09-05,2021-09-20,warm,TWI.MTFD5.res1.gauss_2.5sigma,0.0737890369389026,0.335019422446676,-0.232609495402336,0.0442409226310413,TWI,gauss,1,,,2.5,MTFD,5
2017-08-27,2017-09-16,warm,TWI.MTFD5.res1.gauss_3.5sigma,0.518829687379599,0.521446680987916,0.256752230175938,0.22756231568021,TWI,gauss,1,,,3.5,MTFD,5
2017-11-29,2017-12-14,cool,TWI.MTFD5.res1.gauss_3.5sigma,0.459130821141388,0.611957378012954,0.350516354342911,0.463056533694742,TWI,gauss,1,,,3.5,MTFD,5
2017-12-22,2018-01-20,cool,TWI.MTFD5.res1.gauss_3.5sigma,0.462032971677231,0.51040490882597,0.376467933435556,0.36872318179212,TWI,gauss,1,,,3.5,MTFD,5
2018-05-25,2018-06-07,warm,TWI.MTFD5.res1.gauss_3.5sigma,0.437269209833384,0.447874111626368,0.300703587668744,0.211720007516907,TWI,gauss,1,,,3.5,MTFD,5
2019-03-30,2019-04-12,cool,TWI.MTFD5.res1.gauss_3.5sigma,0.590216334597679,0.685895277288386,0.449389713225157,0.494977668153984,TWI,gauss,1,,,3.5,MTFD,5
2019-08-23,2019-09-13,warm,TWI.MTFD5.res1.gauss_3.5sigma,0.418395872372926,0.499038209585978,-0.297965931129942,-0.152730211857578,TWI,gauss,1,,,3.5,MTFD,5
2020-08-11,2020-08-26,warm,TWI.MTFD5.res1.gauss_3.5sigma,0.273207185830426,0.276784596104104,0.117489058436069,0.0829855644620846,TWI,gauss,1,,,3.5,MTFD,5
2020-09-01,2020-09-20,warm,TWI.MTFD5.res1.gauss_3.5sigma,0.207868497669976,0.251673585904741,0.0289746498179557,0.0213604732768897,TWI,gauss,1,,,3.5,MTFD,5
2020-09-27,2020-10-17,cool,TWI.MTFD5.res1.gauss_3.5sigma,0.0364073255308445,0.124820933243935,-0.303648672890063,-0.243420961588158,TWI,gauss,1,,,3.5,MTFD,5
2021-03-25,2021-04-06,cool,TWI.MTFD5.res1.gauss_3.5sigma,0.348719086898289,0.405367082771002,0.2274079111411,0.235349243679586,TWI,gauss,1,,,3.5,MTFD,5
2021-09-05,2021-09-20,warm,TWI.MTFD5.res1.gauss_3.5sigma,0.205071507114198,0.36164612933253,-0.0593622344160569,0.0766139767507227,TWI,gauss,1,,,3.5,MTFD,5
2017-08-27,2017-09-16,warm,TWI.MTFD5.res1.gauss_5.0sigma,0.536985659598832,0.540166122981486,0.2669591091743,0.235979606150298,TWI,gauss,1,,,5,MTFD,5
2017-11-29,2017-12-14,cool,TWI.MTFD5.res1.gauss_5.0sigma,0.480310823108961,0.62330172197769,0.396039421810276,0.488717395554461,TWI,gauss,1,,,5,MTFD,5
2017-12-22,2018-01-20,cool,TWI.MTFD5.res1.gauss_5.0sigma,0.470538489234092,0.525538741800265,0.386426961099208,0.388913037426339,TWI,gauss,1,,,5,MTFD,5
2018-05-25,2018-06-07,warm,TWI.MTFD5.res1.gauss_5.0sigma,0.435963131110184,0.44288100057659,0.297275444633271,0.195945658421059,TWI,gauss,1,,,5,MTFD,5
2019-03-30,2019-04-12,cool,TWI.MTFD5.res1.gauss_5.0sigma,0.553135029061552,0.647080427680905,0.404498862319347,0.436802817747434,TWI,gauss,1,,,5,MTFD,5
2019-08-23,2019-09-13,warm,TWI.MTFD5.res1.gauss_5.0sigma,0.427491328494518,0.514771155922045,-0.128476805952237,-0.00219352704109146,TWI,gauss,1,,,5,MTFD,5
2020-08-11,2020-08-26,warm,TWI.MTFD5.res1.gauss_5.0sigma,0.434121344564652,0.436373594825962,0.310972524289351,0.293236200905521,TWI,gauss,1,,,5,MTFD,5
2020-09-01,2020-09-20,warm,TWI.MTFD5.res1.gauss_5.0sigma,0.373026821534314,0.394281990071973,0.215532795999841,0.204620004780803,TWI,gauss,1,,,5,MTFD,5
2020-09-27,2020-10-17,cool,TWI.MTFD5.res1.gauss_5.0sigma,0.201747029716899,0.229913616351282,-0.057434433137928,-0.0785703190055874,TWI,gauss,1,,,5,MTFD,5
2021-03-25,2021-04-06,cool,TWI.MTFD5.res1.gauss_5.0sigma,0.300755624248827,0.36403849176089,0.170598640059485,0.181081936270787,TWI,gauss,1,,,5,MTFD,5
2021-09-05,2021-09-20,warm,TWI.MTFD5.res1.gauss_5.0sigma,0.305985101972775,0.407060285123834,0.0942877845155227,0.171809348937987,TWI,gauss,1,,,5,MTFD,5
2017-08-27,2017-09-16,warm,TWI.MTFD5.res1.NFNW,0.167781736296661,0.232457921216889,-0.383093932475168,-0.334505504077858,TWI,NFNW,1,,,,MTFD,5
2017-11-29,2017-12-14,cool,TWI.MTFD5.res1.NFNW,0.0398437909396121,0.307261823554901,-0.626252946363305,-0.0708327102497711,TWI,NFNW,1,,,,MTFD,5
2017-12-22,2018-01-20,cool,TWI.MTFD5.res1.NFNW,0.0926952161560827,0.148432201696199,-0.488866523972596,-0.408600810969363,TWI,NFNW,1,,,,MTFD,5
2018-05-25,2018-06-07,warm,TWI.MTFD5.res1.NFNW,0.00218167837658174,0.0743289274894076,-0.63062102422623,-0.619725786010367,TWI,NFNW,1,,,,MTFD,5
2019-03-30,2019-04-12,cool,TWI.MTFD5.res1.NFNW,0.1739686657426,0.407895294745134,-0.656147293573606,-0.13957715383575,TWI,NFNW,1,,,,MTFD,5
2019-08-23,2019-09-13,warm,TWI.MTFD5.res1.NFNW,0.240197417048015,0.326546974992709,-0.105474848373469,-0.023708959382799,TWI,NFNW,1,,,,MTFD,5
2020-08-11,2020-08-26,warm,TWI.MTFD5.res1.NFNW,0.214741964069959,0.21724890913199,-0.0764557843790335,-0.0783277859741022,TWI,NFNW,1,,,,MTFD,5
2020-09-01,2020-09-20,warm,TWI.MTFD5.res1.NFNW,0.14786998718428,0.191704060379747,-0.208489900613792,-0.148117598117015,TWI,NFNW,1,,,,MTFD,5
2020-09-27,2020-10-17,cool,TWI.MTFD5.res1.NFNW,0.138490087104995,0.169303703165838,-0.229362387489954,-0.187652709255951,TWI,NFNW,1,,,,MTFD,5
2021-03-25,2021-04-06,cool,TWI.MTFD5.res1.NFNW,0.205852784052376,0.301243538465644,-0.0654867676373763,0.0683456301326871,TWI,NFNW,1,,,,MTFD,5
2021-09-05,2021-09-20,warm,TWI.MTFD5.res1.NFNW,0.0751828207913443,0.351760565191906,-0.243754423028057,0.172655863081331,TWI,NFNW,1,,,,MTFD,5
2017-08-27,2017-09-16,warm,TWI.MTFD5.res1.SSC1,0.0545667827616164,0.147018412263181,-0.800787815412898,-0.489621217361042,TWI,SSC,1,,1,,MTFD,5
2017-11-29,2017-12-14,cool,TWI.MTFD5.res1.SSC1,0.194898631411155,0.311385204841075,-0.221063010879354,-0.140676304666772,TWI,SSC,1,,1,,MTFD,5
2017-12-22,2018-01-20,cool,TWI.MTFD5.res1.SSC1,0.240391626584044,0.243326500302427,-0.0944938472623333,-0.196611445459254,TWI,SSC,1,,1,,MTFD,5
2018-05-25,2018-06-07,warm,TWI.MTFD5.res1.SSC1,0.0629586292223863,0.116399550050389,-0.483208053678939,-0.460774480145347,TWI,SSC,1,,1,,MTFD,5
2019-03-30,2019-04-12,cool,TWI.MTFD5.res1.SSC1,0.13763009919048,0.473480186524969,-0.617994365935133,0.141574451232431,TWI,SSC,1,,1,,MTFD,5
2019-08-23,2019-09-13,warm,TWI.MTFD5.res1.SSC1,0.0309924557013552,0.251513794978125,-0.604970762359808,-0.160640083149209,TWI,SSC,1,,1,,MTFD,5
2020-08-11,2020-08-26,warm,TWI.MTFD5.res1.SSC1,0.204146176657964,0.207003224612859,-0.117580510951841,-0.146505819772338,TWI,SSC,1,,1,,MTFD,5
2020-09-01,2020-09-20,warm,TWI.MTFD5.res1.SSC1,0.0757024606852681,0.180624254434226,-0.469790137034135,-0.236227515173934,TWI,SSC,1,,1,,MTFD,5
2020-09-27,2020-10-17,cool,TWI.MTFD5.res1.SSC1,0.0480962755068086,0.140569395702227,-0.547600157000967,-0.328233709397542,TWI,SSC,1,,1,,MTFD,5
2021-03-25,2021-04-06,cool,TWI.MTFD5.res1.SSC1,0.22580413217177,0.35908436800284,0.0562612894560244,0.189676081204997,TWI,SSC,1,,1,,MTFD,5
2021-09-05,2021-09-20,warm,TWI.MTFD5.res1.SSC1,0.101150096540828,0.334909096005871,-0.25850444836245,0.141433804659996,TWI,SSC,1,,1,,MTFD,5
2017-08-27,2017-09-16,warm,TWI.MTFD5.res1.SSC10,0.597203924670535,0.599917625552106,0.313419176430906,0.275391269390978,TWI,SSC,1,,10,,MTFD,5
2017-11-29,2017-12-14,cool,TWI.MTFD5.res1.SSC10,0.46882511402231,0.607957220038455,0.351923217169581,0.433094856038615,TWI,SSC,1,,10,,MTFD,5
2017-12-22,2018-01-20,cool,TWI.MTFD5.res1.SSC10,0.446316959254843,0.501006634941112,0.361264188082269,0.346547751203649,TWI,SSC,1,,10,,MTFD,5
2018-05-25,2018-06-07,warm,TWI.MTFD5.res1.SSC10,0.42658136263654,0.433129852484828,0.243450376893056,0.142725833175787,TWI,SSC,1,,10,,MTFD,5
2019-03-30,2019-04-12,cool,TWI.MTFD5.res1.SSC10,0.457809061202215,0.57655042756178,0.272345051556152,0.325847764124819,TWI,SSC,1,,10,,MTFD,5
2019-08-23,2019-09-13,warm,TWI.MTFD5.res1.SSC10,0.407333316918898,0.493228993624887,-0.153107576105916,-0.00163402747069876,TWI,SSC,1,,10,,MTFD,5
2020-08-11,2020-08-26,warm,TWI.MTFD5.res1.SSC10,0.460491875596587,0.461847908570913,0.35994048325385,0.342673947431957,TWI,SSC,1,,10,,MTFD,5
2020-09-01,2020-09-20,warm,TWI.MTFD5.res1.SSC10,0.390514440418097,0.410352872180499,0.248738616075794,0.235564573509118,TWI,SSC,1,,10,,MTFD,5
2020-09-27,2020-10-17,cool,TWI.MTFD5.res1.SSC10,0.228429745253925,0.252881385312799,-0.0270959977104894,-0.0564995522211708,TWI,SSC,1,,10,,MTFD,5
2021-03-25,2021-04-06,cool,TWI.MTFD5.res1.SSC10,0.306453722730609,0.369821937171638,0.170935401177651,0.175718636919353,TWI,SSC,1,,10,,MTFD,5
2021-09-05,2021-09-20,warm,TWI.MTFD5.res1.SSC10,0.370592344733968,0.461078462544923,0.0762982004059006,0.121665621342809,TWI,SSC,1,,10,,MTFD,5
2017-08-27,2017-09-16,warm,TWI.MTFD5.res1.SSC2,0.357027261464776,0.359065935328868,0.0546533161843198,0.0197586256846245,TWI,SSC,1,,2,,MTFD,5
2017-11-29,2017-12-14,cool,TWI.MTFD5.res1.SSC2,0.181799022035386,0.423135502330623,-0.495228261291169,0.145704373480724,TWI,SSC,1,,2,,MTFD,5
2017-12-22,2018-01-20,cool,TWI.MTFD5.res1.SSC2,0.367650091011496,0.432931857992974,0.235408034486014,0.251339174039267,TWI,SSC,1,,2,,MTFD,5
2018-05-25,2018-06-07,warm,TWI.MTFD5.res1.SSC2,0.407591538542216,0.409455342014969,0.245492628873049,0.184134970355163,TWI,SSC,1,,2,,MTFD,5
2019-03-30,2019-04-12,cool,TWI.MTFD5.res1.SSC2,0.571535399219789,0.631365186426206,0.37503025433718,0.432758281150241,TWI,SSC,1,,2,,MTFD,5
2019-08-23,2019-09-13,warm,TWI.MTFD5.res1.SSC2,0.0201217226716304,0.257330276639198,-0.650130055056246,-0.128729792469479,TWI,SSC,1,,2,,MTFD,5
2020-08-11,2020-08-26,warm,TWI.MTFD5.res1.SSC2,0.164382694745766,0.181458034887038,-0.374013463439154,-0.343203033882955,TWI,SSC,1,,2,,MTFD,5
2020-09-01,2020-09-20,warm,TWI.MTFD5.res1.SSC2,0.125174265130858,0.212970938553136,-0.370874508952731,-0.11193504630572,TWI,SSC,1,,2,,MTFD,5
2020-09-27,2020-10-17,cool,TWI.MTFD5.res1.SSC2,0.00279423231617652,0.121732421072986,-0.599000562805664,-0.300942188677528,TWI,SSC,1,,2,,MTFD,5
2021-03-25,2021-04-06,cool,TWI.MTFD5.res1.SSC2,0.352245701328362,0.398577776338427,0.272887270336957,0.276596318221123,TWI,SSC,1,,2,,MTFD,5
2021-09-05,2021-09-20,warm,TWI.MTFD5.res1.SSC2,0.0673357017550052,0.343495892520829,-0.34748239449295,0.145958161436658,TWI,SSC,1,,2,,MTFD,5
2017-08-27,2017-09-16,warm,TWI.MTFD5.res1.SSC3,0.447728281661528,0.448016741659407,0.163507599680172,0.133093456487671,TWI,SSC,1,,3,,MTFD,5
2017-11-29,2017-12-14,cool,TWI.MTFD5.res1.SSC3,0.241120013408523,0.472409447897812,-0.440628669101744,0.139483944007047,TWI,SSC,1,,3,,MTFD,5
2017-12-22,2018-01-20,cool,TWI.MTFD5.res1.SSC3,0.414410282702477,0.486391628835097,0.300597296630405,0.323617634106963,TWI,SSC,1,,3,,MTFD,5
2018-05-25,2018-06-07,warm,TWI.MTFD5.res1.SSC3,0.417069249690487,0.420905201658723,0.320081165407581,0.251753984491632,TWI,SSC,1,,3,,MTFD,5
2019-03-30,2019-04-12,cool,TWI.MTFD5.res1.SSC3,0.568136798856338,0.637313133271614,0.407306466558291,0.433803203437654,TWI,SSC,1,,3,,MTFD,5
2019-08-23,2019-09-13,warm,TWI.MTFD5.res1.SSC3,0.203031427631448,0.375325715504693,-0.454335640590701,-0.121188095874148,TWI,SSC,1,,3,,MTFD,5
2020-08-11,2020-08-26,warm,TWI.MTFD5.res1.SSC3,0.128991280617484,0.139287032675905,-0.662550205831812,-0.608919840968519,TWI,SSC,1,,3,,MTFD,5
2020-09-01,2020-09-20,warm,TWI.MTFD5.res1.SSC3,0.0779731559052075,0.176179210470693,-0.747291107885629,-0.311371368612724,TWI,SSC,1,,3,,MTFD,5
2020-09-27,2020-10-17,cool,TWI.MTFD5.res1.SSC3,0.0677012163309564,0.130830914415529,-0.488112147710957,-0.335022358882833,TWI,SSC,1,,3,,MTFD,5
2021-03-25,2021-04-06,cool,TWI.MTFD5.res1.SSC3,0.357826713963829,0.409125548591156,0.276344720028958,0.277667088253508,TWI,SSC,1,,3,,MTFD,5
2021-09-05,2021-09-20,warm,TWI.MTFD5.res1.SSC3,0.0444581007268932,0.33802885147142,-0.401622437983583,0.12779396931132,TWI,SSC,1,,3,,MTFD,5
2017-08-27,2017-09-16,warm,TWI.MTFD5.res1.SSC4,0.571427947968098,0.571929573665206,0.278572958016228,0.257780456482636,TWI,SSC,1,,4,,MTFD,5
2017-11-29,2017-12-14,cool,TWI.MTFD5.res1.SSC4,0.389389294764458,0.60718057031476,0.186651525289508,0.448129838872762,TWI,SSC,1,,4,,MTFD,5
2017-12-22,2018-01-20,cool,TWI.MTFD5.res1.SSC4,0.513149269835772,0.587826986917676,0.418171097786922,0.450228609132158,TWI,SSC,1,,4,,MTFD,5
2018-05-25,2018-06-07,warm,TWI.MTFD5.res1.SSC4,0.452995740199677,0.455790053183837,0.362013914993543,0.298311140654429,TWI,SSC,1,,4,,MTFD,5
2019-03-30,2019-04-12,cool,TWI.MTFD5.res1.SSC4,0.648097999229671,0.708215125031239,0.543906492431675,0.550613902701815,TWI,SSC,1,,4,,MTFD,5
2019-08-23,2019-09-13,warm,TWI.MTFD5.res1.SSC4,0.389684387008159,0.530904397930285,-0.00615809130861189,0.165895134420531,TWI,SSC,1,,4,,MTFD,5
2020-08-11,2020-08-26,warm,TWI.MTFD5.res1.SSC4,0.216527663215018,0.229129595679352,-0.1305243312034,-0.134030957850302,TWI,SSC,1,,4,,MTFD,5
2020-09-01,2020-09-20,warm,TWI.MTFD5.res1.SSC4,0.142681955119324,0.223149501025069,-0.329863095774072,-0.127837013995188,TWI,SSC,1,,4,,MTFD,5
2020-09-27,2020-10-17,cool,TWI.MTFD5.res1.SSC4,0.012530609726822,0.120304917571588,-0.622513487704526,-0.330961359107669,TWI,SSC,1,,4,,MTFD,5
2021-03-25,2021-04-06,cool,TWI.MTFD5.res1.SSC4,0.43654437651778,0.473117977672134,0.35929185821027,0.352628955786676,TWI,SSC,1,,4,,MTFD,5
2021-09-05,2021-09-20,warm,TWI.MTFD5.res1.SSC4,0.00817105120704609,0.332636131808152,-0.375817595974022,0.083393253073272,TWI,SSC,1,,4,,MTFD,5
2017-08-27,2017-09-16,warm,TWI.MTFD5.res1.SSC5,0.601868744827362,0.60212111773392,0.312821144005157,0.286959416653366,TWI,SSC,1,,5,,MTFD,5
2017-11-29,2017-12-14,cool,TWI.MTFD5.res1.SSC5,0.460816730999026,0.632144762813473,0.318658369544658,0.483129385135757,TWI,SSC,1,,5,,MTFD,5
2017-12-22,2018-01-20,cool,TWI.MTFD5.res1.SSC5,0.506192583727744,0.560435902512903,0.430072751163396,0.437549748622861,TWI,SSC,1,,5,,MTFD,5
2018-05-25,2018-06-07,warm,TWI.MTFD5.res1.SSC5,0.449166309240839,0.457080674680867,0.304643810696542,0.229088294544971,TWI,SSC,1,,5,,MTFD,5
2019-03-30,2019-04-12,cool,TWI.MTFD5.res1.SSC5,0.565563036247953,0.665592648998148,0.438415067533293,0.487779210739204,TWI,SSC,1,,5,,MTFD,5
2019-08-23,2019-09-13,warm,TWI.MTFD5.res1.SSC5,0.432757289935113,0.526401074120297,-0.290084158946033,-0.082110250336121,TWI,SSC,1,,5,,MTFD,5
2020-08-11,2020-08-26,warm,TWI.MTFD5.res1.SSC5,0.253244031353634,0.260854729517635,0.0314088146554428,0.00390534795034253,TWI,SSC,1,,5,,MTFD,5
2020-09-01,2020-09-20,warm,TWI.MTFD5.res1.SSC5,0.182124001291699,0.24039162939321,-0.0934978618808178,-0.0470577963648922,TWI,SSC,1,,5,,MTFD,5
2020-09-27,2020-10-17,cool,TWI.MTFD5.res1.SSC5,0.0170745833357981,0.122494741279941,-0.532289113220544,-0.297016288918408,TWI,SSC,1,,5,,MTFD,5
2021-03-25,2021-04-06,cool,TWI.MTFD5.res1.SSC5,0.413904491122378,0.456838804282691,0.325899216260348,0.319754928205205,TWI,SSC,1,,5,,MTFD,5
2021-09-05,2021-09-20,warm,TWI.MTFD5.res1.SSC5,0.111626391177181,0.34239822866754,-0.222957129080137,0.0314925732552127,TWI,SSC,1,,5,,MTFD,5
2017-08-27,2017-09-16,warm,TWI.MTFD5.res1.SSC7,0.580802065639037,0.582065505180966,0.295124513819725,0.264852016186159,TWI,SSC,1,,7,,MTFD,5
2017-11-29,2017-12-14,cool,TWI.MTFD5.res1.SSC7,0.474885562589336,0.625101713714069,0.369530767601473,0.476460719481468,TWI,SSC,1,,7,,MTFD,5
2017-12-22,2018-01-20,cool,TWI.MTFD5.res1.SSC7,0.48723053634325,0.537065435471642,0.410011181068085,0.406010107252104,TWI,SSC,1,,7,,MTFD,5
2018-05-25,2018-06-07,warm,TWI.MTFD5.res1.SSC7,0.430197810658468,0.438664877862695,0.248894694997134,0.159688860401504,TWI,SSC,1,,7,,MTFD,5
2019-03-30,2019-04-12,cool,TWI.MTFD5.res1.SSC7,0.553574886270372,0.658876986036549,0.390095630806205,0.443414112585041,TWI,SSC,1,,7,,MTFD,5
2019-08-23,2019-09-13,warm,TWI.MTFD5.res1.SSC7,0.492601655901571,0.564825022707085,-0.020331797874334,0.0724914953768923,TWI,SSC,1,,7,,MTFD,5
2020-08-11,2020-08-26,warm,TWI.MTFD5.res1.SSC7,0.338035101048132,0.342458014748726,0.228765247329172,0.201613031316474,TWI,SSC,1,,7,,MTFD,5
2020-09-01,2020-09-20,warm,TWI.MTFD5.res1.SSC7,0.262793535572285,0.299256203579631,0.126962693454763,0.111418375167034,TWI,SSC,1,,7,,MTFD,5
2020-09-27,2020-10-17,cool,TWI.MTFD5.res1.SSC7,0.0965078442726494,0.153262989616796,-0.173980626376456,-0.178120831121445,TWI,SSC,1,,7,,MTFD,5
2021-03-25,2021-04-06,cool,TWI.MTFD5.res1.SSC7,0.341722152410047,0.401158417511817,0.221169804093466,0.227861100421484,TWI,SSC,1,,7,,MTFD,5
2021-09-05,2021-09-20,warm,TWI.MTFD5.res1.SSC7,0.310292585662583,0.409619136371377,0.119705762111375,0.180804195617362,TWI,SSC,1,,7,,MTFD,5
2017-08-27,2017-09-16,warm,TWI.MTFD5.res10.NFNW,0.753106846141443,0.754791256365353,0.59178001477049,0.543333142850996,TWI,NFNW,10,,,,MTFD,5
2017-11-29,2017-12-14,cool,TWI.MTFD5.res10.NFNW,0.563165960310767,0.686467856300399,0.427385370171669,0.514384291088693,TWI,NFNW,10,,,,MTFD,5
2017-12-22,2018-01-20,cool,TWI.MTFD5.res10.NFNW,0.624445608225543,0.670717754639922,0.581306855225336,0.593368911920978,TWI,NFNW,10,,,,MTFD,5
2018-05-25,2018-06-07,warm,TWI.MTFD5.res10.NFNW,0.366209353476973,0.372163578993783,0.0959523821002033,0.0392198983554171,TWI,NFNW,10,,,,MTFD,5
2019-03-30,2019-04-12,cool,TWI.MTFD5.res10.NFNW,0.563695071981212,0.674618997813184,0.424464079811258,0.496845368974375,TWI,NFNW,10,,,,MTFD,5
2019-08-23,2019-09-13,warm,TWI.MTFD5.res10.NFNW,0.619967894748279,0.678318193405898,0.43985771791586,0.44271527009948,TWI,NFNW,10,,,,MTFD,5
2020-08-11,2020-08-26,warm,TWI.MTFD5.res10.NFNW,0.489310078286526,0.498495973059658,0.423524017067675,0.407799288197108,TWI,NFNW,10,,,,MTFD,5
2020-09-01,2020-09-20,warm,TWI.MTFD5.res10.NFNW,0.36265835107353,0.395605984285556,0.257871615402049,0.258093801011048,TWI,NFNW,10,,,,MTFD,5
2020-09-27,2020-10-17,cool,TWI.MTFD5.res10.NFNW,0.168556975365305,0.210290035815041,-0.0540523107452577,-0.081311410263341,TWI,NFNW,10,,,,MTFD,5
2021-03-25,2021-04-06,cool,TWI.MTFD5.res10.NFNW,0.391322066091417,0.454703847892916,0.321910954954288,0.342945533718396,TWI,NFNW,10,,,,MTFD,5
2021-09-05,2021-09-20,warm,TWI.MTFD5.res10.NFNW,0.32849456844056,0.442713983042378,0.215161019951909,0.289899640556846,TWI,NFNW,10,,,,MTFD,5
2017-08-27,2017-09-16,warm,TWI.MTFD5.res2.NFNW,0.560162450481957,0.563350633121283,0.273564079465153,0.256615675433936,TWI,NFNW,2,,,,MTFD,5
2017-11-29,2017-12-14,cool,TWI.MTFD5.res2.NFNW,0.2990089876971,0.464474147014274,-0.201136287550795,0.141255150901794,TWI,NFNW,2,,,,MTFD,5
2017-12-22,2018-01-20,cool,TWI.MTFD5.res2.NFNW,0.502815973266301,0.536572034663308,0.425655097016793,0.419286350066244,TWI,NFNW,2,,,,MTFD,5
2018-05-25,2018-06-07,warm,TWI.MTFD5.res2.NFNW,0.5063473579519,0.509288293790826,0.400927109106013,0.358557916383092,TWI,NFNW,2,,,,MTFD,5
2019-03-30,2019-04-12,cool,TWI.MTFD5.res2.NFNW,0.519308362175438,0.602477106535361,0.348073306300308,0.427250078987186,TWI,NFNW,2,,,,MTFD,5
2019-08-23,2019-09-13,warm,TWI.MTFD5.res2.NFNW,0.0832365214212262,0.290552225703954,-0.744339003438799,-0.0611492948904206,TWI,NFNW,2,,,,MTFD,5
2020-08-11,2020-08-26,warm,TWI.MTFD5.res2.NFNW,0.181927420458479,0.199355915111745,-0.310447327254392,-0.259470098020073,TWI,NFNW,2,,,,MTFD,5
2020-09-01,2020-09-20,warm,TWI.MTFD5.res2.NFNW,0.129348992729086,0.212890838457646,-0.402667716233286,-0.152280627003723,TWI,NFNW,2,,,,MTFD,5
2020-09-27,2020-10-17,cool,TWI.MTFD5.res2.NFNW,0.00743844056623949,0.120701111399457,-0.647750739295223,-0.343947988090151,TWI,NFNW,2,,,,MTFD,5
2021-03-25,2021-04-06,cool,TWI.MTFD5.res2.NFNW,0.343629785023669,0.406453501541489,0.269511130992214,0.294456944973219,TWI,NFNW,2,,,,MTFD,5
2021-09-05,2021-09-20,warm,TWI.MTFD5.res2.NFNW,0.0642831221579171,0.336207308419915,-0.376534026878669,0.123469641167959,TWI,NFNW,2,,,,MTFD,5
2017-08-27,2017-09-16,warm,TWI.MTFD5.res3.NFNW,0.675145809849608,0.675315616771339,0.367937333345953,0.343243848328674,TWI,NFNW,3,,,,MTFD,5
2017-11-29,2017-12-14,cool,TWI.MTFD5.res3.NFNW,0.365420043882494,0.556865742111161,0.0539230261776724,0.287021401604092,TWI,NFNW,3,,,,MTFD,5
2017-12-22,2018-01-20,cool,TWI.MTFD5.res3.NFNW,0.510266627474568,0.574622479073858,0.435142311470897,0.460263130709912,TWI,NFNW,3,,,,MTFD,5
2018-05-25,2018-06-07,warm,TWI.MTFD5.res3.NFNW,0.348083088255021,0.353003972874622,0.0900763023209252,0.0106408062564201,TWI,NFNW,3,,,,MTFD,5
2019-03-30,2019-04-12,cool,TWI.MTFD5.res3.NFNW,0.518461824586134,0.612026741927678,0.365420022742009,0.406539240583933,TWI,NFNW,3,,,,MTFD,5
2019-08-23,2019-09-13,warm,TWI.MTFD5.res3.NFNW,0.470660981076405,0.580672923822802,-0.328020245924726,0.0331103652845793,TWI,NFNW,3,,,,MTFD,5
2020-08-11,2020-08-26,warm,TWI.MTFD5.res3.NFNW,0.214136078684054,0.228130303720885,-0.16827330258302,-0.177966380876452,TWI,NFNW,3,,,,MTFD,5
2020-09-01,2020-09-20,warm,TWI.MTFD5.res3.NFNW,0.148303729439329,0.225681005611973,-0.317514513135485,-0.145102664230765,TWI,NFNW,3,,,,MTFD,5
2020-09-27,2020-10-17,cool,TWI.MTFD5.res3.NFNW,0.00344709624764357,0.122033119343148,-0.571032492581187,-0.329161217525721,TWI,NFNW,3,,,,MTFD,5
2021-03-25,2021-04-06,cool,TWI.MTFD5.res3.NFNW,0.434475061975444,0.479185796167302,0.374184951778251,0.379378132622861,TWI,NFNW,3,,,,MTFD,5
2021-09-05,2021-09-20,warm,TWI.MTFD5.res3.NFNW,0.203794755565258,0.378430171717504,-0.0958264346697602,0.080923832316934,TWI,NFNW,3,,,,MTFD,5
2017-08-27,2017-09-16,warm,TWI.MTFD5.res4.NFNW,0.657545092580223,0.658436924126301,0.373552259516933,0.339870847224709,TWI,NFNW,4,,,,MTFD,5
2017-11-29,2017-12-14,cool,TWI.MTFD5.res4.NFNW,0.497264824277648,0.646143945272889,0.392869391840078,0.508351305502652,TWI,NFNW,4,,,,MTFD,5
2017-12-22,2018-01-20,cool,TWI.MTFD5.res4.NFNW,0.547400924124132,0.598053530622427,0.483449534651942,0.487745493796906,TWI,NFNW,4,,,,MTFD,5
2018-05-25,2018-06-07,warm,TWI.MTFD5.res4.NFNW,0.539797024152427,0.547085651582909,0.466760469218835,0.417914710127505,TWI,NFNW,4,,,,MTFD,5
2019-03-30,2019-04-12,cool,TWI.MTFD5.res4.NFNW,0.56777915729636,0.669200042470939,0.416272384629852,0.46731936161042,TWI,NFNW,4,,,,MTFD,5
2019-08-23,2019-09-13,warm,TWI.MTFD5.res4.NFNW,0.402089456497541,0.496569958907074,0.19924666988817,0.268310363377591,TWI,NFNW,4,,,,MTFD,5
2020-08-11,2020-08-26,warm,TWI.MTFD5.res4.NFNW,0.317968121827925,0.323296979026451,0.182738085987401,0.159515397328621,TWI,NFNW,4,,,,MTFD,5
2020-09-01,2020-09-20,warm,TWI.MTFD5.res4.NFNW,0.224973304435856,0.272624103794767,0.0329866667964441,0.0366897077975924,TWI,NFNW,4,,,,MTFD,5
2020-09-27,2020-10-17,cool,TWI.MTFD5.res4.NFNW,0.0428393784030234,0.12899541790606,-0.52702750690236,-0.300626751510003,TWI,NFNW,4,,,,MTFD,5
2021-03-25,2021-04-06,cool,TWI.MTFD5.res4.NFNW,0.437775437516063,0.476796388754792,0.356239294392491,0.34949811720776,TWI,NFNW,4,,,,MTFD,5
2021-09-05,2021-09-20,warm,TWI.MTFD5.res4.NFNW,0.258003760079924,0.403230540384288,-0.0595856817610842,0.0555725699190983,TWI,NFNW,4,,,,MTFD,5
2017-08-27,2017-09-16,warm,TWI.MTFD5.res5.NFNW,0.746858391239432,0.746858810915337,0.504599580720382,0.473322680427311,TWI,NFNW,5,,,,MTFD,5
2017-11-29,2017-12-14,cool,TWI.MTFD5.res5.NFNW,0.503547491137512,0.659958384937518,0.346476811635308,0.47467841989201,TWI,NFNW,5,,,,MTFD,5
2017-12-22,2018-01-20,cool,TWI.MTFD5.res5.NFNW,0.609898064293157,0.671086397641942,0.560220597123848,0.590818704400487,TWI,NFNW,5,,,,MTFD,5
2018-05-25,2018-06-07,warm,TWI.MTFD5.res5.NFNW,0.417972029687441,0.421179279494299,0.169718663965194,0.114759717574265,TWI,NFNW,5,,,,MTFD,5
2019-03-30,2019-04-12,cool,TWI.MTFD5.res5.NFNW,0.609091037186355,0.693159104256618,0.448447203061463,0.48079128649124,TWI,NFNW,5,,,,MTFD,5
2019-08-23,2019-09-13,warm,TWI.MTFD5.res5.NFNW,0.604739959710022,0.688971362680291,0.525730572174195,0.550735711372451,TWI,NFNW,5,,,,MTFD,5
2020-08-11,2020-08-26,warm,TWI.MTFD5.res5.NFNW,0.413694927840114,0.428032459424908,0.327972047881559,0.320322804546029,TWI,NFNW,5,,,,MTFD,5
2020-09-01,2020-09-20,warm,TWI.MTFD5.res5.NFNW,0.324865874755985,0.369502484581941,0.211753667799935,0.229505120613771,TWI,NFNW,5,,,,MTFD,5
2020-09-27,2020-10-17,cool,TWI.MTFD5.res5.NFNW,0.155845228593284,0.206008424841913,-0.0715564620427398,-0.0909602598631549,TWI,NFNW,5,,,,MTFD,5
2021-03-25,2021-04-06,cool,TWI.MTFD5.res5.NFNW,0.421381659109904,0.470372475768021,0.358609982028292,0.366306623017141,TWI,NFNW,5,,,,MTFD,5
2021-09-05,2021-09-20,warm,TWI.MTFD5.res5.NFNW,0.311525624951932,0.425142307659915,0.172188439106621,0.239545162384459,TWI,NFNW,5,,,,MTFD,5
2017-08-27,2017-09-16,warm,TWI.MTFD5.res7.NFNW,0.78274755945472,0.783067403275569,0.60435080741722,0.569380352246821,TWI,NFNW,7,,,,MTFD,5
2017-11-29,2017-12-14,cool,TWI.MTFD5.res7.NFNW,0.539192349385495,0.672451483644654,0.366822312651536,0.468280023597511,TWI,NFNW,7,,,,MTFD,5
2017-12-22,2018-01-20,cool,TWI.MTFD5.res7.NFNW,0.638123924217144,0.682204385768222,0.586630858439897,0.600957463580184,TWI,NFNW,7,,,,MTFD,5
2018-05-25,2018-06-07,warm,TWI.MTFD5.res7.NFNW,0.353274025880841,0.359595259841476,0.0266512561744523,-0.0157311096823698,TWI,NFNW,7,,,,MTFD,5
2019-03-30,2019-04-12,cool,TWI.MTFD5.res7.NFNW,0.518924032835837,0.632289450157461,0.371025484358631,0.427439056280879,TWI,NFNW,7,,,,MTFD,5
2019-08-23,2019-09-13,warm,TWI.MTFD5.res7.NFNW,0.693863615173712,0.756102406872387,0.671024460501359,0.678075626529699,TWI,NFNW,7,,,,MTFD,5
2020-08-11,2020-08-26,warm,TWI.MTFD5.res7.NFNW,0.373428929349506,0.39007320657085,0.279622523396024,0.268663855451671,TWI,NFNW,7,,,,MTFD,5
2020-09-01,2020-09-20,warm,TWI.MTFD5.res7.NFNW,0.284774368468298,0.333455955116718,0.160504167976675,0.177664114407401,TWI,NFNW,7,,,,MTFD,5
2020-09-27,2020-10-17,cool,TWI.MTFD5.res7.NFNW,0.130067841814512,0.185953739341995,-0.142722874179236,-0.145231596563753,TWI,NFNW,7,,,,MTFD,5
2021-03-25,2021-04-06,cool,TWI.MTFD5.res7.NFNW,0.418364881263824,0.47212099842275,0.35573371100236,0.377062548067773,TWI,NFNW,7,,,,MTFD,5
2021-09-05,2021-09-20,warm,TWI.MTFD5.res7.NFNW,0.307002647215752,0.423048712070154,0.180871415760213,0.252146946826297,TWI,NFNW,7,,,,MTFD,5
2017-08-27,2017-09-16,warm,TWI.Rho8.res1.gauss_0.5sigma,0.0680887497940134,0.156178234160124,-0.600212152130048,-0.392952158980882,TWI,gauss,1,,,0.5,Rho8,
2017-11-29,2017-12-14,cool,TWI.Rho8.res1.gauss_0.5sigma,0.131412953825571,0.342241125998258,-0.324036553494159,-0.0729650736951355,TWI,gauss,1,,,0.5,Rho8,
2017-12-22,2018-01-20,cool,TWI.Rho8.res1.gauss_0.5sigma,0.0889196630559289,0.158035433594564,-0.359055030811433,-0.419531846354426,TWI,gauss,1,,,0.5,Rho8,
2018-05-25,2018-06-07,warm,TWI.Rho8.res1.gauss_0.5sigma,0.112775428180163,0.142733901546476,-0.397385525120058,-0.508174920146702,TWI,gauss,1,,,0.5,Rho8,
2019-03-30,2019-04-12,cool,TWI.Rho8.res1.gauss_0.5sigma,0.256673574486944,0.433995459755299,-0.149020330270476,0.118759671847498,TWI,gauss,1,,,0.5,Rho8,
2019-08-23,2019-09-13,warm,TWI.Rho8.res1.gauss_0.5sigma,0.160400571450515,0.3156889533283,-0.389145086750361,-0.27734008336405,TWI,gauss,1,,,0.5,Rho8,
2020-08-11,2020-08-26,warm,TWI.Rho8.res1.gauss_0.5sigma,0.122712805508003,0.124288795473605,-0.27569793458762,-0.284624113554215,TWI,gauss,1,,,0.5,Rho8,
2020-09-01,2020-09-20,warm,TWI.Rho8.res1.gauss_0.5sigma,0.0835761495182894,0.154082465718978,-0.332884301432688,-0.202046459452044,TWI,gauss,1,,,0.5,Rho8,
2020-09-27,2020-10-17,cool,TWI.Rho8.res1.gauss_0.5sigma,0.123788279103116,0.154593461550115,-0.19609425696704,-0.182592238689455,TWI,gauss,1,,,0.5,Rho8,
2021-03-25,2021-04-06,cool,TWI.Rho8.res1.gauss_0.5sigma,0.307978435768042,0.378345745161064,0.196898988888956,0.235043181031852,TWI,gauss,1,,,0.5,Rho8,
2021-09-05,2021-09-20,warm,TWI.Rho8.res1.gauss_0.5sigma,0.0308799109094431,0.338874060164004,-0.453294004046971,0.154405156864274,TWI,gauss,1,,,0.5,Rho8,
2017-08-27,2017-09-16,warm,TWI.Rho8.res1.gauss_1.0sigma,0.297764476503612,0.312640042790845,-0.014716031442358,-0.0447066505257857,TWI,gauss,1,,,1,Rho8,
2017-11-29,2017-12-14,cool,TWI.Rho8.res1.gauss_1.0sigma,0.0939680362861154,0.334986839579942,-0.714498204446443,0.0065289087735002,TWI,gauss,1,,,1,Rho8,
2017-12-22,2018-01-20,cool,TWI.Rho8.res1.gauss_1.0sigma,0.238387209105507,0.286796413904894,0.0335673156558289,0.0207374647886666,TWI,gauss,1,,,1,Rho8,
2018-05-25,2018-06-07,warm,TWI.Rho8.res1.gauss_1.0sigma,0.334637651385595,0.335528406058102,0.15229864330147,0.0987084244590227,TWI,gauss,1,,,1,Rho8,
2019-03-30,2019-04-12,cool,TWI.Rho8.res1.gauss_1.0sigma,0.694712830941655,0.707417807564057,0.583570151062789,0.562944576477868,TWI,gauss,1,,,1,Rho8,
2019-08-23,2019-09-13,warm,TWI.Rho8.res1.gauss_1.0sigma,0.080162377788066,0.249546480191358,-0.514725500492673,-0.215353040342128,TWI,gauss,1,,,1,Rho8,
2020-08-11,2020-08-26,warm,TWI.Rho8.res1.gauss_1.0sigma,0.214988143699877,0.242574390388524,-0.0303892437418828,0.0506108931035352,TWI,gauss,1,,,1,Rho8,
2020-09-01,2020-09-20,warm,TWI.Rho8.res1.gauss_1.0sigma,0.169239958805965,0.253083482276943,-0.0603964746398603,0.0589797144150191,TWI,gauss,1,,,1,Rho8,
2020-09-27,2020-10-17,cool,TWI.Rho8.res1.gauss_1.0sigma,0.0187816340033561,0.128802633879378,-0.338668873494483,-0.1959456963384,TWI,gauss,1,,,1,Rho8,
2021-03-25,2021-04-06,cool,TWI.Rho8.res1.gauss_1.0sigma,0.256842239252043,0.359962622289231,0.125326981732822,0.209335333584611,TWI,gauss,1,,,1,Rho8,
2021-09-05,2021-09-20,warm,TWI.Rho8.res1.gauss_1.0sigma,0.0770378724250816,0.338007866610768,-0.239705457276311,0.154041223221971,TWI,gauss,1,,,1,Rho8,
2017-08-27,2017-09-16,warm,TWI.Rho8.res1.gauss_1.5sigma,0.146742418312764,0.199017098177001,-0.310387610856399,-0.343962096635252,TWI,gauss,1,,,1.5,Rho8,
2017-11-29,2017-12-14,cool,TWI.Rho8.res1.gauss_1.5sigma,0.119489882255587,0.335154311614307,-0.545663969041249,0.0112206626470452,TWI,gauss,1,,,1.5,Rho8,
2017-12-22,2018-01-20,cool,TWI.Rho8.res1.gauss_1.5sigma,0.123228041165798,0.184634273453385,-0.488595293251822,-0.35004819358654,TWI,gauss,1,,,1.5,Rho8,
2018-05-25,2018-06-07,warm,TWI.Rho8.res1.gauss_1.5sigma,0.216226577251097,0.224202764444925,0.0357925968113517,-0.124174015015434,TWI,gauss,1,,,1.5,Rho8,
2019-03-30,2019-04-12,cool,TWI.Rho8.res1.gauss_1.5sigma,0.47224153796248,0.557095927777403,0.230405341669329,0.213859813163674,TWI,gauss,1,,,1.5,Rho8,
2019-08-23,2019-09-13,warm,TWI.Rho8.res1.gauss_1.5sigma,0.046125566092161,0.251332311595511,-0.659802465652125,-0.242375194201699,TWI,gauss,1,,,1.5,Rho8,
2020-08-11,2020-08-26,warm,TWI.Rho8.res1.gauss_1.5sigma,0.196268428297485,0.19749742734327,-0.138861656638691,-0.196522437636849,TWI,gauss,1,,,1.5,Rho8,
2020-09-01,2020-09-20,warm,TWI.Rho8.res1.gauss_1.5sigma,0.0865155452124804,0.175938820872845,-0.60736587192866,-0.234949606360382,TWI,gauss,1,,,1.5,Rho8,
2020-09-27,2020-10-17,cool,TWI.Rho8.res1.gauss_1.5sigma,0.0685708543798258,0.133963334638139,-0.357022090214452,-0.286573443774882,TWI,gauss,1,,,1.5,Rho8,
2021-03-25,2021-04-06,cool,TWI.Rho8.res1.gauss_1.5sigma,0.267375713911527,0.333556505498343,0.116700125842387,0.133591802210016,TWI,gauss,1,,,1.5,Rho8,
2021-09-05,2021-09-20,warm,TWI.Rho8.res1.gauss_1.5sigma,0.129684339840595,0.359670920967582,-0.11132063018965,0.167661866487019,TWI,gauss,1,,,1.5,Rho8,
2017-08-27,2017-09-16,warm,TWI.Rho8.res1.gauss_2.0sigma,0.217468388634074,0.243592171125915,-0.138800641269739,-0.226992504430827,TWI,gauss,1,,,2,Rho8,
2017-11-29,2017-12-14,cool,TWI.Rho8.res1.gauss_2.0sigma,0.0172314067896774,0.307720655586488,-0.475879453807774,-0.147776988136267,TWI,gauss,1,,,2,Rho8,
2017-12-22,2018-01-20,cool,TWI.Rho8.res1.gauss_2.0sigma,0.240020634488795,0.298311392578655,0.0261697914483112,0.0360493942574147,TWI,gauss,1,,,2,Rho8,
2018-05-25,2018-06-07,warm,TWI.Rho8.res1.gauss_2.0sigma,0.298755332059625,0.299406625478502,0.144668121603181,0.0479923600259281,TWI,gauss,1,,,2,Rho8,
2019-03-30,2019-04-12,cool,TWI.Rho8.res1.gauss_2.0sigma,0.476579613072672,0.526711712844827,0.236604488717631,0.264662468025595,TWI,gauss,1,,,2,Rho8,
2019-08-23,2019-09-13,warm,TWI.Rho8.res1.gauss_2.0sigma,0.0714005371821374,0.249464107289862,-0.684005087644059,-0.169932879705597,TWI,gauss,1,,,2,Rho8,
2020-08-11,2020-08-26,warm,TWI.Rho8.res1.gauss_2.0sigma,0.228410244941932,0.245360447329848,0.0206687736722149,0.0374147161077352,TWI,gauss,1,,,2,Rho8,
2020-09-01,2020-09-20,warm,TWI.Rho8.res1.gauss_2.0sigma,0.169981470131661,0.251796831855388,-0.0596933248245485,0.0426380832765853,TWI,gauss,1,,,2,Rho8,
2020-09-27,2020-10-17,cool,TWI.Rho8.res1.gauss_2.0sigma,0.0214231504172487,0.129209132976387,-0.359013107110455,-0.199404379303588,TWI,gauss,1,,,2,Rho8,
2021-03-25,2021-04-06,cool,TWI.Rho8.res1.gauss_2.0sigma,0.248559226594171,0.352756506790911,0.103812313868828,0.169768814313157,TWI,gauss,1,,,2,Rho8,
2021-09-05,2021-09-20,warm,TWI.Rho8.res1.gauss_2.0sigma,0.025495731828257,0.335517984470898,-0.548712730933106,0.0531978925667077,TWI,gauss,1,,,2,Rho8,
2017-08-27,2017-09-16,warm,TWI.Rho8.res1.gauss_2.5sigma,0.366661668283151,0.413149140643845,0.0783276358227781,0.0115078103805072,TWI,gauss,1,,,2.5,Rho8,
2017-11-29,2017-12-14,cool,TWI.Rho8.res1.gauss_2.5sigma,0.455536684440613,0.516032957513175,0.157901200258369,0.170035140590891,TWI,gauss,1,,,2.5,Rho8,
2017-12-22,2018-01-20,cool,TWI.Rho8.res1.gauss_2.5sigma,0.257669042557786,0.273156976025425,-0.368670269136114,-0.428595769740569,TWI,gauss,1,,,2.5,Rho8,
2018-05-25,2018-06-07,warm,TWI.Rho8.res1.gauss_2.5sigma,0.400426652010726,0.413087677334408,0.157041472251544,0.0221571755094632,TWI,gauss,1,,,2.5,Rho8,
2019-03-30,2019-04-12,cool,TWI.Rho8.res1.gauss_2.5sigma,0.119633622490623,0.414918862558615,-0.433914864147511,0.00491216922849526,TWI,gauss,1,,,2.5,Rho8,
2019-08-23,2019-09-13,warm,TWI.Rho8.res1.gauss_2.5sigma,0.0541308302253671,0.251963436798584,-0.455869141622958,-0.159159073273129,TWI,gauss,1,,,2.5,Rho8,
2020-08-11,2020-08-26,warm,TWI.Rho8.res1.gauss_2.5sigma,0.20189538523059,0.202018292284216,-0.0327365402463677,-0.0830533389459074,TWI,gauss,1,,,2.5,Rho8,
2020-09-01,2020-09-20,warm,TWI.Rho8.res1.gauss_2.5sigma,0.117776454508791,0.185998026585262,-0.229486451929155,-0.128501763359593,TWI,gauss,1,,,2.5,Rho8,
2020-09-27,2020-10-17,cool,TWI.Rho8.res1.gauss_2.5sigma,0.0765624545245123,0.141323785085965,-0.343924694506173,-0.218108838429316,TWI,gauss,1,,,2.5,Rho8,
2021-03-25,2021-04-06,cool,TWI.Rho8.res1.gauss_2.5sigma,0.244667384323455,0.346117940373274,0.0925016444083549,0.182812592321922,TWI,gauss,1,,,2.5,Rho8,
2021-09-05,2021-09-20,warm,TWI.Rho8.res1.gauss_2.5sigma,0.250163701920724,0.430930376203386,-0.243305563248831,0.0782313914645026,TWI,gauss,1,,,2.5,Rho8,
2017-08-27,2017-09-16,warm,TWI.Rho8.res1.gauss_3.5sigma,0.0670739464022388,0.150575257863942,-0.78421497001391,-0.605800795900966,TWI,gauss,1,,,3.5,Rho8,
2017-11-29,2017-12-14,cool,TWI.Rho8.res1.gauss_3.5sigma,0.371800356791988,0.537950574970792,0.241613903413189,0.399216675555793,TWI,gauss,1,,,3.5,Rho8,
2017-12-22,2018-01-20,cool,TWI.Rho8.res1.gauss_3.5sigma,0.2820764259855,0.339216656492207,0.0850676246249337,0.0193524094972407,TWI,gauss,1,,,3.5,Rho8,
2018-05-25,2018-06-07,warm,TWI.Rho8.res1.gauss_3.5sigma,0.313787494006683,0.320207961954437,0.216425555367738,0.0598086109865626,TWI,gauss,1,,,3.5,Rho8,
2019-03-30,2019-04-12,cool,TWI.Rho8.res1.gauss_3.5sigma,0.206020468650289,0.424403564846361,-0.352360853785167,0.0112999795041439,TWI,gauss,1,,,3.5,Rho8,
2019-08-23,2019-09-13,warm,TWI.Rho8.res1.gauss_3.5sigma,9.56291379249363e-05,0.25635974149846,-0.62609958767884,-0.184843711469491,TWI,gauss,1,,,3.5,Rho8,
2020-08-11,2020-08-26,warm,TWI.Rho8.res1.gauss_3.5sigma,0.0530136501203285,0.0572832375398364,-0.514764644889344,-0.511471649946716,TWI,gauss,1,,,3.5,Rho8,
2020-09-01,2020-09-20,warm,TWI.Rho8.res1.gauss_3.5sigma,0.0611349901552049,0.155398007452135,-0.488109880123341,-0.334959287579137,TWI,gauss,1,,,3.5,Rho8,
2020-09-27,2020-10-17,cool,TWI.Rho8.res1.gauss_3.5sigma,0.132693710931913,0.174335738247073,-0.287306708862478,-0.264667541085404,TWI,gauss,1,,,3.5,Rho8,
2021-03-25,2021-04-06,cool,TWI.Rho8.res1.gauss_3.5sigma,0.31265077099033,0.348952915463856,0.183615302522072,0.181090067864482,TWI,gauss,1,,,3.5,Rho8,
2021-09-05,2021-09-20,warm,TWI.Rho8.res1.gauss_3.5sigma,0.0842872187916413,0.332852757505221,-0.307562914501911,0.100410985516482,TWI,gauss,1,,,3.5,Rho8,
2017-08-27,2017-09-16,warm,TWI.Rho8.res1.gauss_5.0sigma,0.138997695523499,0.197602110551806,-0.354104897050847,-0.219271658819235,TWI,gauss,1,,,5,Rho8,
2017-11-29,2017-12-14,cool,TWI.Rho8.res1.gauss_5.0sigma,0.281148280432577,0.422735834599,0.0650571326922868,0.12569381163504,TWI,gauss,1,,,5,Rho8,
2017-12-22,2018-01-20,cool,TWI.Rho8.res1.gauss_5.0sigma,0.20530434898445,0.249669403425808,-0.0442247921834456,-0.131175959142203,TWI,gauss,1,,,5,Rho8,
2018-05-25,2018-06-07,warm,TWI.Rho8.res1.gauss_5.0sigma,0.0351917589299335,0.0767960616283794,-0.51708727151602,-0.5723468744491,TWI,gauss,1,,,5,Rho8,
2019-03-30,2019-04-12,cool,TWI.Rho8.res1.gauss_5.0sigma,0.186770972414385,0.468715617838299,-0.387217359495104,0.0971514854556463,TWI,gauss,1,,,5,Rho8,
2019-08-23,2019-09-13,warm,TWI.Rho8.res1.gauss_5.0sigma,0.437437213360595,0.473510202182597,-0.316887360808395,-0.245549312793472,TWI,gauss,1,,,5,Rho8,
2020-08-11,2020-08-26,warm,TWI.Rho8.res1.gauss_5.0sigma,0.122859900723883,0.122915363136898,-0.583339463039304,-0.572434348098319,TWI,gauss,1,,,5,Rho8,
2020-09-01,2020-09-20,warm,TWI.Rho8.res1.gauss_5.0sigma,0.0424195056504303,0.146294818047449,-0.586555389905637,-0.323236060540739,TWI,gauss,1,,,5,Rho8,
2020-09-27,2020-10-17,cool,TWI.Rho8.res1.gauss_5.0sigma,0.118714246569165,0.191856517148567,-0.180167468168626,-0.143024993567607,TWI,gauss,1,,,5,Rho8,
2021-03-25,2021-04-06,cool,TWI.Rho8.res1.gauss_5.0sigma,0.0452752374296043,0.244101487033179,-0.553988644203057,-0.121760746769622,TWI,gauss,1,,,5,Rho8,
2021-09-05,2021-09-20,warm,TWI.Rho8.res1.gauss_5.0sigma,0.167419308846763,0.363837396025365,-0.108920326165939,0.0871410449133454,TWI,gauss,1,,,5,Rho8,
2017-08-27,2017-09-16,warm,TWI.Rho8.res1.NFNW,0.0116351840566524,0.14732063593941,-0.771872783325891,-0.532491443669598,TWI,NFNW,1,,,,Rho8,
2017-11-29,2017-12-14,cool,TWI.Rho8.res1.NFNW,0.181159513085221,0.376497311891958,-0.126610163955095,0.0667919261169824,TWI,NFNW,1,,,,Rho8,
2017-12-22,2018-01-20,cool,TWI.Rho8.res1.NFNW,0.0344311918381925,0.13074806934579,-0.709829989623913,-0.491440776767976,TWI,NFNW,1,,,,Rho8,
2018-05-25,2018-06-07,warm,TWI.Rho8.res1.NFNW,0.119592169005178,0.132795576889737,-0.194744387938063,-0.317972401333318,TWI,NFNW,1,,,,Rho8,
2019-03-30,2019-04-12,cool,TWI.Rho8.res1.NFNW,0.345708903498604,0.471459472749121,-0.149325923442878,0.0789011020224467,TWI,NFNW,1,,,,Rho8,
2019-08-23,2019-09-13,warm,TWI.Rho8.res1.NFNW,0.124042359818009,0.256709322331542,-0.401047570928174,-0.112962547189352,TWI,NFNW,1,,,,Rho8,
2020-08-11,2020-08-26,warm,TWI.Rho8.res1.NFNW,0.100692026078526,0.101013804584337,-0.269233106934794,-0.247340365592013,TWI,NFNW,1,,,,Rho8,
2020-09-01,2020-09-20,warm,TWI.Rho8.res1.NFNW,0.0657355010050532,0.149099540487423,-0.353561685091578,-0.173966425048786,TWI,NFNW,1,,,,Rho8,
2020-09-27,2020-10-17,cool,TWI.Rho8.res1.NFNW,0.0334589431082012,0.12014810928946,-0.471660299069316,-0.236765660780723,TWI,NFNW,1,,,,Rho8,
2021-03-25,2021-04-06,cool,TWI.Rho8.res1.NFNW,0.239101804052167,0.320808815091894,0.0664650379158408,0.137225165974997,TWI,NFNW,1,,,,Rho8,
2021-09-05,2021-09-20,warm,TWI.Rho8.res1.NFNW,0.0060767215283043,0.337878931350954,-0.636044703849592,0.153387455922276,TWI,NFNW,1,,,,Rho8,
2017-08-27,2017-09-16,warm,TWI.Rho8.res1.SSC1,0.0112730262156491,0.147577586057022,-0.857364266145781,-0.531825590775383,TWI,SSC,1,,1,,Rho8,
2017-11-29,2017-12-14,cool,TWI.Rho8.res1.SSC1,0.0898066596899148,0.301691892444158,-0.492343335154054,-0.109065937845535,TWI,SSC,1,,1,,Rho8,
2017-12-22,2018-01-20,cool,TWI.Rho8.res1.SSC1,0.187070758809142,0.213498636862218,-0.136147257999533,-0.23278565430779,TWI,SSC,1,,1,,Rho8,
2018-05-25,2018-06-07,warm,TWI.Rho8.res1.SSC1,0.0242295758135382,0.0803078152230766,-0.636125419658003,-0.621186408312482,TWI,SSC,1,,1,,Rho8,
2019-03-30,2019-04-12,cool,TWI.Rho8.res1.SSC1,0.196915937452027,0.45995425884584,-0.423319783083944,0.0699300244284482,TWI,SSC,1,,1,,Rho8,
2019-08-23,2019-09-13,warm,TWI.Rho8.res1.SSC1,0.044094720334438,0.248649890003919,-0.664190280521488,-0.148476908962082,TWI,SSC,1,,1,,Rho8,
2020-08-11,2020-08-26,warm,TWI.Rho8.res1.SSC1,0.0121477902299228,0.0304131144948838,-0.612610581273866,-0.485003060100547,TWI,SSC,1,,1,,Rho8,
2020-09-01,2020-09-20,warm,TWI.Rho8.res1.SSC1,0.102343716702742,0.174381074494326,-0.26206166928441,-0.174224147875677,TWI,SSC,1,,1,,Rho8,
2020-09-27,2020-10-17,cool,TWI.Rho8.res1.SSC1,0.122590476418092,0.167611730919654,-0.172018437990418,-0.183677427034715,TWI,SSC,1,,1,,Rho8,
2021-03-25,2021-04-06,cool,TWI.Rho8.res1.SSC1,0.124281362899116,0.284290794993375,-0.191500277491911,0.0739791146315471,TWI,SSC,1,,1,,Rho8,
2021-09-05,2021-09-20,warm,TWI.Rho8.res1.SSC1,0.0752138340099678,0.336837056706796,-0.256736886662024,0.155410426721177,TWI,SSC,1,,1,,Rho8,
2017-08-27,2017-09-16,warm,TWI.Rho8.res1.SSC10,0.487304672364787,0.488888186753598,-0.0897767825536411,-0.128490823786625,TWI,SSC,1,,10,,Rho8,
2017-11-29,2017-12-14,cool,TWI.Rho8.res1.SSC10,0.14522062290656,0.305194028843966,-0.385842008247132,-0.120316684957049,TWI,SSC,1,,10,,Rho8,
2017-12-22,2018-01-20,cool,TWI.Rho8.res1.SSC10,0.138084839839711,0.212588344714633,-0.311013384855611,-0.240469264297456,TWI,SSC,1,,10,,Rho8,
2018-05-25,2018-06-07,warm,TWI.Rho8.res1.SSC10,0.373595301659007,0.373610518561343,0.0793472479762857,-0.00551226965599429,TWI,SSC,1,,10,,Rho8,
2019-03-30,2019-04-12,cool,TWI.Rho8.res1.SSC10,0.371767783784315,0.504592921221684,0.129516352676367,0.252003499482544,TWI,SSC,1,,10,,Rho8,
2019-08-23,2019-09-13,warm,TWI.Rho8.res1.SSC10,0.137198598261189,0.270207581858354,-0.366844584677866,-0.126971930232417,TWI,SSC,1,,10,,Rho8,
2020-08-11,2020-08-26,warm,TWI.Rho8.res1.SSC10,0.626815010098855,0.640526700359997,0.385528245695602,0.382459848962727,TWI,SSC,1,,10,,Rho8,
2020-09-01,2020-09-20,warm,TWI.Rho8.res1.SSC10,0.608515924194912,0.652169645284937,0.321856403534976,0.358185978622689,TWI,SSC,1,,10,,Rho8,
2020-09-27,2020-10-17,cool,TWI.Rho8.res1.SSC10,0.534812249223002,0.570252186493374,0.152801550748679,0.162221817585704,TWI,SSC,1,,10,,Rho8,
2021-03-25,2021-04-06,cool,TWI.Rho8.res1.SSC10,0.0173471584638451,0.244768523480723,-0.435362186063552,-0.0461396409525917,TWI,SSC,1,,10,,Rho8,
2021-09-05,2021-09-20,warm,TWI.Rho8.res1.SSC10,0.423932954354904,0.494010811444095,0.37119606467111,0.367086607177226,TWI,SSC,1,,10,,Rho8,
2017-08-27,2017-09-16,warm,TWI.Rho8.res1.SSC2,0.12210663928698,0.190676188046893,-0.515915169237218,-0.390872772677547,TWI,SSC,1,,2,,Rho8,
2017-11-29,2017-12-14,cool,TWI.Rho8.res1.SSC2,0.0577575226348773,0.299032606243033,-0.607798411386785,-0.102312377417665,TWI,SSC,1,,2,,Rho8,
2017-12-22,2018-01-20,cool,TWI.Rho8.res1.SSC2,0.145763323946104,0.177914706330415,-0.234150567726653,-0.32175435504596,TWI,SSC,1,,2,,Rho8,
2018-05-25,2018-06-07,warm,TWI.Rho8.res1.SSC2,0.0117531361559201,0.0786784796658592,-0.667202664838154,-0.581143689987693,TWI,SSC,1,,2,,Rho8,
2019-03-30,2019-04-12,cool,TWI.Rho8.res1.SSC2,0.133751444572239,0.455444564846819,-0.440982365872184,0.137134021654806,TWI,SSC,1,,2,,Rho8,
2019-08-23,2019-09-13,warm,TWI.Rho8.res1.SSC2,0.0491819897838423,0.248141947004195,-0.609339821844196,-0.150899726275419,TWI,SSC,1,,2,,Rho8,
2020-08-11,2020-08-26,warm,TWI.Rho8.res1.SSC2,0.0986181453972544,0.102818058438942,-0.317053176454743,-0.338129673448015,TWI,SSC,1,,2,,Rho8,
2020-09-01,2020-09-20,warm,TWI.Rho8.res1.SSC2,0.0526766512331938,0.161768443673567,-0.462905941324055,-0.203474647088644,TWI,SSC,1,,2,,Rho8,
2020-09-27,2020-10-17,cool,TWI.Rho8.res1.SSC2,0.0414699961580167,0.123309867137465,-0.489810974273176,-0.287810737345967,TWI,SSC,1,,2,,Rho8,
2021-03-25,2021-04-06,cool,TWI.Rho8.res1.SSC2,0.0032636182251955,0.24373534798083,-0.452445768953067,-0.0574060935241078,TWI,SSC,1,,2,,Rho8,
2021-09-05,2021-09-20,warm,TWI.Rho8.res1.SSC2,0.153696336938886,0.359730475999402,-0.0998778810467184,0.14811928062027,TWI,SSC,1,,2,,Rho8,
2017-08-27,2017-09-16,warm,TWI.Rho8.res1.SSC3,0.235705952015501,0.262166041233863,-0.298994640775063,-0.322253108313023,TWI,SSC,1,,3,,Rho8,
2017-11-29,2017-12-14,cool,TWI.Rho8.res1.SSC3,0.133420206330936,0.307183755710913,-0.416522908532059,-0.118414174863964,TWI,SSC,1,,3,,Rho8,
2017-12-22,2018-01-20,cool,TWI.Rho8.res1.SSC3,0.048172351863308,0.141383526122907,-0.779452002116185,-0.475249911916226,TWI,SSC,1,,3,,Rho8,
2018-05-25,2018-06-07,warm,TWI.Rho8.res1.SSC3,0.189937698494569,0.195017199592417,-0.184818463244426,-0.314397050552447,TWI,SSC,1,,3,,Rho8,
2019-03-30,2019-04-12,cool,TWI.Rho8.res1.SSC3,0.226822594979831,0.421102331833458,-0.273431170969819,0.0220524593031483,TWI,SSC,1,,3,,Rho8,
2019-08-23,2019-09-13,warm,TWI.Rho8.res1.SSC3,0.183912128227124,0.273926153869612,-0.20587833698762,-0.0894238775493431,TWI,SSC,1,,3,,Rho8,
2020-08-11,2020-08-26,warm,TWI.Rho8.res1.SSC3,0.136466605179427,0.137507733270091,-0.344236224237657,-0.288182384909962,TWI,SSC,1,,3,,Rho8,
2020-09-01,2020-09-20,warm,TWI.Rho8.res1.SSC3,0.137754564054272,0.183724056073025,-0.334242164536868,-0.25937382561129,TWI,SSC,1,,3,,Rho8,
2020-09-27,2020-10-17,cool,TWI.Rho8.res1.SSC3,0.149604216568566,0.176073338364482,-0.28760813272578,-0.2775881022427,TWI,SSC,1,,3,,Rho8,
2021-03-25,2021-04-06,cool,TWI.Rho8.res1.SSC3,0.106404519594096,0.261479746225473,-0.259393670953106,0.00602921476282262,TWI,SSC,1,,3,,Rho8,
2021-09-05,2021-09-20,warm,TWI.Rho8.res1.SSC3,0.0606620612051573,0.332609601211534,-0.326235666889974,0.145889819920657,TWI,SSC,1,,3,,Rho8,
2017-08-27,2017-09-16,warm,TWI.Rho8.res1.SSC4,0.508703493474487,0.509442086589608,0.108267606847536,0.0686839298064736,TWI,SSC,1,,4,,Rho8,
2017-11-29,2017-12-14,cool,TWI.Rho8.res1.SSC4,0.0378175248199032,0.301037923331711,-0.532016932771965,-0.212119662020944,TWI,SSC,1,,4,,Rho8,
2017-12-22,2018-01-20,cool,TWI.Rho8.res1.SSC4,0.308183006154531,0.358550739918552,0.125404075092513,0.091020320712932,TWI,SSC,1,,4,,Rho8,
2018-05-25,2018-06-07,warm,TWI.Rho8.res1.SSC4,0.413824543416907,0.414567555894178,0.135336531441039,0.0445746060908574,TWI,SSC,1,,4,,Rho8,
2019-03-30,2019-04-12,cool,TWI.Rho8.res1.SSC4,0.395905015922309,0.499664832722573,-0.022368139285102,0.141395767582732,TWI,SSC,1,,4,,Rho8,
2019-08-23,2019-09-13,warm,TWI.Rho8.res1.SSC4,0.0732462186378014,0.248333255358226,-0.68273734890562,-0.154219382114612,TWI,SSC,1,,4,,Rho8,
2020-08-11,2020-08-26,warm,TWI.Rho8.res1.SSC4,0.0880181641726265,0.107606406702631,-0.582774442709727,-0.415350046277155,TWI,SSC,1,,4,,Rho8,
2020-09-01,2020-09-20,warm,TWI.Rho8.res1.SSC4,0.0184518298949452,0.165124597257905,-0.601637460308371,-0.252307825711911,TWI,SSC,1,,4,,Rho8,
2020-09-27,2020-10-17,cool,TWI.Rho8.res1.SSC4,0.0648766484934008,0.122181368763919,-0.350606045969002,-0.274484851762832,TWI,SSC,1,,4,,Rho8,
2021-03-25,2021-04-06,cool,TWI.Rho8.res1.SSC4,0.255657648672033,0.35034275511887,0.11668541981713,0.171311152226808,TWI,SSC,1,,4,,Rho8,
2021-09-05,2021-09-20,warm,TWI.Rho8.res1.SSC4,0.0216113835818233,0.333427813471368,-0.626127721230307,0.140185646373967,TWI,SSC,1,,4,,Rho8,
2017-08-27,2017-09-16,warm,TWI.Rho8.res1.SSC5,0.22777866870673,0.30454695451303,-0.211555482356525,-0.187714441664958,TWI,SSC,1,,5,,Rho8,
2017-11-29,2017-12-14,cool,TWI.Rho8.res1.SSC5,0.216655856871024,0.338044112668731,-0.130651349213394,-0.0425371604601778,TWI,SSC,1,,5,,Rho8,
2017-12-22,2018-01-20,cool,TWI.Rho8.res1.SSC5,0.0532050772419789,0.12475264780188,-0.627720302308028,-0.542529739245344,TWI,SSC,1,,5,,Rho8,
2018-05-25,2018-06-07,warm,TWI.Rho8.res1.SSC5,0.228916367327478,0.274096532366393,0.0050478068935188,-0.0714453057922129,TWI,SSC,1,,5,,Rho8,
2019-03-30,2019-04-12,cool,TWI.Rho8.res1.SSC5,0.210959368379017,0.542782480227849,-0.258192052612345,0.263919547404258,TWI,SSC,1,,5,,Rho8,
2019-08-23,2019-09-13,warm,TWI.Rho8.res1.SSC5,0.000817082318567399,0.262809466731555,-0.733408836367167,-0.131997520412752,TWI,SSC,1,,5,,Rho8,
2020-08-11,2020-08-26,warm,TWI.Rho8.res1.SSC5,0.287686288351524,0.292840376894934,-0.0360369223896989,-0.0527506300727876,TWI,SSC,1,,5,,Rho8,
2020-09-01,2020-09-20,warm,TWI.Rho8.res1.SSC5,0.351008504627401,0.351338991678126,0.0813425796882043,0.0484654917120928,TWI,SSC,1,,5,,Rho8,
2020-09-27,2020-10-17,cool,TWI.Rho8.res1.SSC5,0.321338056696064,0.321338736045605,0.0451342544638899,0.00186543285016322,TWI,SSC,1,,5,,Rho8,
2021-03-25,2021-04-06,cool,TWI.Rho8.res1.SSC5,0.178751855092439,0.311644772902069,-0.0551504121062513,0.110394781011438,TWI,SSC,1,,5,,Rho8,
2021-09-05,2021-09-20,warm,TWI.Rho8.res1.SSC5,0.270305112974168,0.449011524804971,0.0512632656131898,0.261069173171375,TWI,SSC,1,,5,,Rho8,
2017-08-27,2017-09-16,warm,TWI.Rho8.res1.SSC7,0.126182255649482,0.209445497551773,-0.634586055049475,-0.37851147004757,TWI,SSC,1,,7,,Rho8,
2017-11-29,2017-12-14,cool,TWI.Rho8.res1.SSC7,0.233546140053498,0.346604981835449,-0.206617172829906,-0.0748350543990184,TWI,SSC,1,,7,,Rho8,
2017-12-22,2018-01-20,cool,TWI.Rho8.res1.SSC7,0.152764988529446,0.179236905853889,-0.431236979296962,-0.446996983095709,TWI,SSC,1,,7,,Rho8,
2018-05-25,2018-06-07,warm,TWI.Rho8.res1.SSC7,0.0832050871521711,0.101632247627707,-0.400783073424516,-0.465344037442002,TWI,SSC,1,,7,,Rho8,
2019-03-30,2019-04-12,cool,TWI.Rho8.res1.SSC7,0.186328081139543,0.406836396824737,-0.28223045126577,0.0380847370055558,TWI,SSC,1,,7,,Rho8,
2019-08-23,2019-09-13,warm,TWI.Rho8.res1.SSC7,0.376901795805462,0.408260630847883,-0.477183974358022,-0.420466256087625,TWI,SSC,1,,7,,Rho8,
2020-08-11,2020-08-26,warm,TWI.Rho8.res1.SSC7,0.239938048967677,0.240074201521164,-0.0346247777361643,-0.0935650383642175,TWI,SSC,1,,7,,Rho8,
2020-09-01,2020-09-20,warm,TWI.Rho8.res1.SSC7,0.20687552193122,0.233769465389119,-0.0815009443151852,-0.105962368397048,TWI,SSC,1,,7,,Rho8,
2020-09-27,2020-10-17,cool,TWI.Rho8.res1.SSC7,0.105870007712768,0.146964922104265,-0.25129667883462,-0.257240950408739,TWI,SSC,1,,7,,Rho8,
2021-03-25,2021-04-06,cool,TWI.Rho8.res1.SSC7,0.125317290830845,0.275150214162106,-0.252190182373431,0.0290708126752194,TWI,SSC,1,,7,,Rho8,
2021-09-05,2021-09-20,warm,TWI.Rho8.res1.SSC7,0.135455448905858,0.35254624922934,-0.228150731258418,0.112515481483939,TWI,SSC,1,,7,,Rho8,
2017-08-27,2017-09-16,warm,TWI.Rho8.res10.NFNW,0.744268467404143,0.744551923610351,0.509913762524171,0.487539551168711,TWI,NFNW,10,,,,Rho8,
2017-11-29,2017-12-14,cool,TWI.Rho8.res10.NFNW,0.456392857394558,0.621286648279787,0.256245134789786,0.421102118058262,TWI,NFNW,10,,,,Rho8,
2017-12-22,2018-01-20,cool,TWI.Rho8.res10.NFNW,0.552725218666538,0.603461059841648,0.478981820879547,0.496908266638333,TWI,NFNW,10,,,,Rho8,
2018-05-25,2018-06-07,warm,TWI.Rho8.res10.NFNW,0.268735104761742,0.276816955756156,-0.105433831199609,-0.177793564113746,TWI,NFNW,10,,,,Rho8,
2019-03-30,2019-04-12,cool,TWI.Rho8.res10.NFNW,0.424659943723213,0.553922504348779,0.278827193901698,0.356696379773263,TWI,NFNW,10,,,,Rho8,
2019-08-23,2019-09-13,warm,TWI.Rho8.res10.NFNW,0.684234581704122,0.751096580082018,0.667713866127868,0.680885814271024,TWI,NFNW,10,,,,Rho8,
2020-08-11,2020-08-26,warm,TWI.Rho8.res10.NFNW,0.319210365722299,0.345849063245469,0.179873378749714,0.192887208376663,TWI,NFNW,10,,,,Rho8,
2020-09-01,2020-09-20,warm,TWI.Rho8.res10.NFNW,0.225900620305892,0.291265024721104,0.0361484902178493,0.0866349418305252,TWI,NFNW,10,,,,Rho8,
2020-09-27,2020-10-17,cool,TWI.Rho8.res10.NFNW,0.0680769180611776,0.148940740489899,-0.447290828666452,-0.269197451587581,TWI,NFNW,10,,,,Rho8,
2021-03-25,2021-04-06,cool,TWI.Rho8.res10.NFNW,0.367735197019736,0.421223002937795,0.280514809375587,0.278535520863581,TWI,NFNW,10,,,,Rho8,
2021-09-05,2021-09-20,warm,TWI.Rho8.res10.NFNW,0.268657517059572,0.395504259542799,0.0837561675036706,0.168448124509607,TWI,NFNW,10,,,,Rho8,
2017-08-27,2017-09-16,warm,TWI.Rho8.res2.NFNW,0.509714070110261,0.535274298476367,-0.15298524189091,-0.197017383848644,TWI,NFNW,2,,,,Rho8,
2017-11-29,2017-12-14,cool,TWI.Rho8.res2.NFNW,0.0575183220888926,0.299497375900092,-0.405639966444967,-0.114664831200972,TWI,NFNW,2,,,,Rho8,
2017-12-22,2018-01-20,cool,TWI.Rho8.res2.NFNW,0.24072341710209,0.262918479100036,0.0297031680667958,-0.0903894260946091,TWI,NFNW,2,,,,Rho8,
2018-05-25,2018-06-07,warm,TWI.Rho8.res2.NFNW,0.272553373719014,0.282993135034455,-0.0689602884555648,-0.250531973714238,TWI,NFNW,2,,,,Rho8,
2019-03-30,2019-04-12,cool,TWI.Rho8.res2.NFNW,0.157326417296227,0.426472053146193,-0.609033903035642,-0.0320609276109765,TWI,NFNW,2,,,,Rho8,
2019-08-23,2019-09-13,warm,TWI.Rho8.res2.NFNW,0.104289234195104,0.270297178469732,-0.606097229129575,-0.100962982373781,TWI,NFNW,2,,,,Rho8,
2020-08-11,2020-08-26,warm,TWI.Rho8.res2.NFNW,0.21751070364469,0.223554979453274,-0.0340639278813321,-0.0728956529075498,TWI,NFNW,2,,,,Rho8,
2020-09-01,2020-09-20,warm,TWI.Rho8.res2.NFNW,0.159763254874036,0.215136499854603,-0.128454301890006,-0.102690584828755,TWI,NFNW,2,,,,Rho8,
2020-09-27,2020-10-17,cool,TWI.Rho8.res2.NFNW,0.0972587134672448,0.153645789829969,-0.285725234720143,-0.230513560840631,TWI,NFNW,2,,,,Rho8,
2021-03-25,2021-04-06,cool,TWI.Rho8.res2.NFNW,0.229071587669781,0.345370895494913,0.0516235688305313,0.178398126897289,TWI,NFNW,2,,,,Rho8,
2021-09-05,2021-09-20,warm,TWI.Rho8.res2.NFNW,0.290339388972148,0.444747343989233,0.0139626592036871,0.204578699770899,TWI,NFNW,2,,,,Rho8,
2017-08-27,2017-09-16,warm,TWI.Rho8.res3.NFNW,0.551401465877544,0.560279481390599,0.121689411339333,0.0821283582049656,TWI,NFNW,3,,,,Rho8,
2017-11-29,2017-12-14,cool,TWI.Rho8.res3.NFNW,0.186378897455309,0.371555289698082,-0.166823453407721,0.0580450353713944,TWI,NFNW,3,,,,Rho8,
2017-12-22,2018-01-20,cool,TWI.Rho8.res3.NFNW,0.419684233110012,0.455795022772386,0.297109631776737,0.266322343431058,TWI,NFNW,3,,,,Rho8,
2018-05-25,2018-06-07,warm,TWI.Rho8.res3.NFNW,0.133176069385286,0.147979801131041,-0.19581971274283,-0.353894330326962,TWI,NFNW,3,,,,Rho8,
2019-03-30,2019-04-12,cool,TWI.Rho8.res3.NFNW,0.461246761048799,0.571784394334141,0.268833067942313,0.323527736656513,TWI,NFNW,3,,,,Rho8,
2019-08-23,2019-09-13,warm,TWI.Rho8.res3.NFNW,0.507555700492376,0.624135384965084,-0.535418908724471,-0.180526449813438,TWI,NFNW,3,,,,Rho8,
2020-08-11,2020-08-26,warm,TWI.Rho8.res3.NFNW,0.207229826180334,0.215877433105084,-0.158061727737542,-0.1811098715464,TWI,NFNW,3,,,,Rho8,
2020-09-01,2020-09-20,warm,TWI.Rho8.res3.NFNW,0.127440588192671,0.20809287329948,-0.376815505861971,-0.15850951048971,TWI,NFNW,3,,,,Rho8,
2020-09-27,2020-10-17,cool,TWI.Rho8.res3.NFNW,0.0247784777256917,0.120411436378422,-0.568799397926466,-0.312348842588196,TWI,NFNW,3,,,,Rho8,
2021-03-25,2021-04-06,cool,TWI.Rho8.res3.NFNW,0.459587280119739,0.534383917574727,0.404750184362316,0.448622482075355,TWI,NFNW,3,,,,Rho8,
2021-09-05,2021-09-20,warm,TWI.Rho8.res3.NFNW,0.269513752867575,0.437784010999736,0.136334130328484,0.296104049032538,TWI,NFNW,3,,,,Rho8,
2017-08-27,2017-09-16,warm,TWI.Rho8.res4.NFNW,0.404221970811114,0.410848373236483,0.0433455641606153,0.0104207575529378,TWI,NFNW,4,,,,Rho8,
2017-11-29,2017-12-14,cool,TWI.Rho8.res4.NFNW,0.103876794678306,0.344325998441896,-0.597385140798334,-0.0141765419746844,TWI,NFNW,4,,,,Rho8,
2017-12-22,2018-01-20,cool,TWI.Rho8.res4.NFNW,0.298955310377997,0.362407292132601,0.100267097670119,0.120591482506735,TWI,NFNW,4,,,,Rho8,
2018-05-25,2018-06-07,warm,TWI.Rho8.res4.NFNW,0.277099823617936,0.277951407989415,0.112040730774992,-0.0193450064975624,TWI,NFNW,4,,,,Rho8,
2019-03-30,2019-04-12,cool,TWI.Rho8.res4.NFNW,0.60244464658386,0.63411744737114,0.46367571567048,0.462542102306974,TWI,NFNW,4,,,,Rho8,
2019-08-23,2019-09-13,warm,TWI.Rho8.res4.NFNW,0.172972322536524,0.384102301045198,-0.365539815144735,-0.0270414832815645,TWI,NFNW,4,,,,Rho8,
2020-08-11,2020-08-26,warm,TWI.Rho8.res4.NFNW,0.21410819588575,0.235648266234204,-0.0737040160462502,-0.0438623256415856,TWI,NFNW,4,,,,Rho8,
2020-09-01,2020-09-20,warm,TWI.Rho8.res4.NFNW,0.185288926092112,0.262407338983509,-0.0556073214855819,0.0442137152103443,TWI,NFNW,4,,,,Rho8,
2020-09-27,2020-10-17,cool,TWI.Rho8.res4.NFNW,0.0472101002543277,0.14007163967332,-0.370724282226233,-0.223438913963255,TWI,NFNW,4,,,,Rho8,
2021-03-25,2021-04-06,cool,TWI.Rho8.res4.NFNW,0.368404070111494,0.412100779428397,0.297517140069547,0.294256959763664,TWI,NFNW,4,,,,Rho8,
2021-09-05,2021-09-20,warm,TWI.Rho8.res4.NFNW,0.172652978509231,0.358615017681515,0.00396430661878221,0.200757854850539,TWI,NFNW,4,,,,Rho8,
2017-08-27,2017-09-16,warm,TWI.Rho8.res5.NFNW,0.78441245979052,0.784523885488202,0.691127048650219,0.653990840233836,TWI,NFNW,5,,,,Rho8,
2017-11-29,2017-12-14,cool,TWI.Rho8.res5.NFNW,0.277024477488666,0.45768480835565,0.0554778759364798,0.14795998715667,TWI,NFNW,5,,,,Rho8,
2017-12-22,2018-01-20,cool,TWI.Rho8.res5.NFNW,0.501111079878269,0.557179284645692,0.383538228419526,0.391999221864731,TWI,NFNW,5,,,,Rho8,
2018-05-25,2018-06-07,warm,TWI.Rho8.res5.NFNW,0.149116615337068,0.157824169076746,-0.0942433112526306,-0.152491312318643,TWI,NFNW,5,,,,Rho8,
2019-03-30,2019-04-12,cool,TWI.Rho8.res5.NFNW,0.549918152178876,0.632940574352427,0.398892607458743,0.4251770269272,TWI,NFNW,5,,,,Rho8,
2019-08-23,2019-09-13,warm,TWI.Rho8.res5.NFNW,0.574774602175594,0.679110278692759,-0.172798668490994,0.192590150026861,TWI,NFNW,5,,,,Rho8,
2020-08-11,2020-08-26,warm,TWI.Rho8.res5.NFNW,0.381996926528965,0.410330291999679,0.24113137443037,0.247468822364197,TWI,NFNW,5,,,,Rho8,
2020-09-01,2020-09-20,warm,TWI.Rho8.res5.NFNW,0.331258536941346,0.403078119609517,0.167713892784955,0.212510378230499,TWI,NFNW,5,,,,Rho8,
2020-09-27,2020-10-17,cool,TWI.Rho8.res5.NFNW,0.236207877845315,0.297106691757425,0.0730347715890452,0.083122816287312,TWI,NFNW,5,,,,Rho8,
2021-03-25,2021-04-06,cool,TWI.Rho8.res5.NFNW,0.339847310665359,0.39850296116811,0.259599956523517,0.251492479740438,TWI,NFNW,5,,,,Rho8,
2021-09-05,2021-09-20,warm,TWI.Rho8.res5.NFNW,0.334372135320886,0.455302332203037,0.261816111500231,0.354705584811643,TWI,NFNW,5,,,,Rho8,
2017-08-27,2017-09-16,warm,TWI.Rho8.res7.NFNW,0.75418200541363,0.765185630773705,0.624928198334937,0.600886366913047,TWI,NFNW,7,,,,Rho8,
2017-11-29,2017-12-14,cool,TWI.Rho8.res7.NFNW,0.307123266744586,0.434956234076317,0.077879716173058,0.116713438087208,TWI,NFNW,7,,,,Rho8,
2017-12-22,2018-01-20,cool,TWI.Rho8.res7.NFNW,0.471876216613966,0.489413949675886,0.365704136979532,0.340452363470158,TWI,NFNW,7,,,,Rho8,
2018-05-25,2018-06-07,warm,TWI.Rho8.res7.NFNW,0.145792882372645,0.162671415911145,-0.118973375841045,-0.144633062442909,TWI,NFNW,7,,,,Rho8,
2019-03-30,2019-04-12,cool,TWI.Rho8.res7.NFNW,0.36810492464441,0.546360486171724,0.0129266817087486,0.299871843228711,TWI,NFNW,7,,,,Rho8,
2019-08-23,2019-09-13,warm,TWI.Rho8.res7.NFNW,0.654693003590395,0.70034514539,0.572767917646686,0.497612250908821,TWI,NFNW,7,,,,Rho8,
2020-08-11,2020-08-26,warm,TWI.Rho8.res7.NFNW,0.198987316810055,0.21011897220066,-0.107562047042995,-0.125601484261927,TWI,NFNW,7,,,,Rho8,
2020-09-01,2020-09-20,warm,TWI.Rho8.res7.NFNW,0.165234685150533,0.227657350191847,-0.103303523563618,-0.0975626030297416,TWI,NFNW,7,,,,Rho8,
2020-09-27,2020-10-17,cool,TWI.Rho8.res7.NFNW,0.0898418898439908,0.154713043394091,-0.423847209432366,-0.245239027952875,TWI,NFNW,7,,,,Rho8,
2021-03-25,2021-04-06,cool,TWI.Rho8.res7.NFNW,0.344777677883686,0.428858645969312,0.262410696106114,0.318965623840385,TWI,NFNW,7,,,,Rho8,
2021-09-05,2021-09-20,warm,TWI.Rho8.res7.NFNW,0.32894779780103,0.452071216874217,0.247289543789724,0.335638475303712,TWI,NFNW,7,,,,Rho8,
