timestamp,vwc
2018-01-01 00:00:00,20.211616158485413
2018-01-01 00:15:00,20.20452292636037
2018-01-01 00:30:00,20.197429694235325
2018-01-01 00:45:00,20.19033646211028
2018-01-01 01:00:00,20.183243229985237
2018-01-01 01:15:00,20.176149997860193
2018-01-01 01:30:00,20.16905676573515
2018-01-01 01:45:00,20.161963533610106
2018-01-01 02:00:00,20.15487030148506
2018-01-01 02:15:00,20.147777069360018
2018-01-01 02:30:00,20.140683837234974
2018-01-01 02:45:00,20.13359060510993
2018-01-01 03:00:00,20.126497372984886
2018-01-01 03:15:00,20.119404140859842
2018-01-01 03:30:00,20.1123109087348
2018-01-01 03:45:00,20.105217676609755
2018-01-01 04:00:00,20.09812444448471
2018-01-01 04:15:00,20.09338540956378
2018-01-01 04:30:00,20.08864637464285
2018-01-01 04:45:00,20.083907339721918
2018-01-01 05:00:00,20.079168304800987
2018-01-01 05:15:00,20.074429269880056
2018-01-01 05:30:00,20.069690234959126
2018-01-01 05:45:00,20.064951200038195
2018-01-01 06:00:00,20.060212165117264
2018-01-01 06:15:00,20.055473130196333
2018-01-01 06:30:00,20.050734095275402
2018-01-01 06:45:00,20.04599506035447
2018-01-01 07:00:00,20.04125602543354
2018-01-01 07:15:00,20.03651699051261
2018-01-01 07:30:00,20.03177795559168
2018-01-01 07:45:00,20.027038920670748
2018-01-01 08:00:00,20.022299885749817
2018-01-01 08:15:00,20.015175733715296
2018-01-01 08:30:00,20.008051581680775
2018-01-01 08:45:00,20.000927429646254
2018-01-01 09:00:00,19.993803277611732
2018-01-01 09:15:00,19.98667912557721
2018-01-01 09:30:00,19.97955497354269
2018-01-01 09:45:00,19.97243082150817
2018-01-01 10:00:00,19.965306669473648
2018-01-01 10:15:00,19.958182517439127
2018-01-01 10:30:00,19.951058365404606
2018-01-01 10:45:00,19.943934213370085
2018-01-01 11:00:00,19.936810061335564
2018-01-01 11:15:00,19.929685909301043
2018-01-01 11:30:00,19.92256175726652
2018-01-01 11:45:00,19.915437605232
2018-01-01 12:00:00,19.90831345319748
2018-01-01 12:15:00,19.90593457594514
2018-01-01 12:30:00,19.9035556986928
2018-01-01 12:45:00,19.90117682144046
2018-01-01 13:00:00,19.898797944188118
2018-01-01 13:15:00,19.896419066935778
2018-01-01 13:30:00,19.894040189683437
2018-01-01 13:45:00,19.891661312431097
2018-01-01 14:00:00,19.889282435178757
2018-01-01 14:15:00,19.886903557926416
2018-01-01 14:30:00,19.884524680674076
2018-01-01 14:45:00,19.882145803421736
2018-01-01 15:00:00,19.879766926169395
2018-01-01 15:15:00,19.877388048917055
2018-01-01 15:30:00,19.875009171664715
2018-01-01 15:45:00,19.872630294412374
2018-01-01 16:00:00,19.870251417160034
2018-01-01 16:15:00,19.870251417160034
2018-01-01 16:30:00,19.870251417160034
2018-01-01 16:45:00,19.870251417160034
2018-01-01 17:00:00,19.870251417160034
2018-01-01 17:15:00,19.870251417160034
2018-01-01 17:30:00,19.870251417160034
2018-01-01 17:45:00,19.870251417160034
2018-01-01 18:00:00,19.870251417160034
2018-01-01 18:15:00,19.870251417160034
2018-01-01 18:30:00,19.870251417160034
2018-01-01 18:45:00,19.870251417160034
2018-01-01 19:00:00,19.870251417160034
2018-01-01 19:15:00,19.870251417160034
2018-01-01 19:30:00,19.870251417160034
2018-01-01 19:45:00,19.870251417160034
2018-01-01 20:00:00,19.870251417160034
2018-01-01 20:15:00,19.870251417160034
2018-01-01 20:30:00,19.870251417160034
2018-01-01 20:45:00,19.870251417160034
2018-01-01 21:00:00,19.870251417160034
2018-01-01 21:15:00,19.870251417160034
2018-01-01 21:30:00,19.870251417160034
2018-01-01 21:45:00,19.870251417160034
2018-01-01 22:00:00,19.870251417160034
2018-01-01 22:15:00,19.870251417160034
2018-01-01 22:30:00,19.870251417160034
2018-01-01 22:45:00,19.870251417160034
2018-01-01 23:00:00,19.870251417160034
2018-01-01 23:15:00,19.870251417160034
2018-01-01 23:30:00,19.870251417160034
2018-01-01 23:45:00,19.870251417160034
2018-01-02 00:00:00,19.870251417160034
2018-01-02 00:15:00,19.86310239881277
2018-01-02 00:30:00,19.855953380465508
2018-01-02 00:45:00,19.848804362118244
2018-01-02 01:00:00,19.84165534377098
2018-01-02 01:15:00,19.834506325423717
2018-01-02 01:30:00,19.827357307076454
2018-01-02 01:45:00,19.82020828872919
2018-01-02 02:00:00,19.813059270381927
2018-01-02 02:15:00,19.805910252034664
2018-01-02 02:30:00,19.7987612336874
2018-01-02 02:45:00,19.791612215340137
2018-01-02 03:00:00,19.784463196992874
2018-01-02 03:15:00,19.77731417864561
2018-01-02 03:30:00,19.770165160298347
2018-01-02 03:45:00,19.763016141951084
2018-01-02 04:00:00,19.75586712360382
2018-01-02 04:15:00,19.751090835779905
2018-01-02 04:30:00,19.74631454795599
2018-01-02 04:45:00,19.741538260132074
2018-01-02 05:00:00,19.73676197230816
2018-01-02 05:15:00,19.731985684484243
2018-01-02 05:30:00,19.727209396660328
2018-01-02 05:45:00,19.722433108836412
2018-01-02 06:00:00,19.717656821012497
2018-01-02 06:15:00,19.71288053318858
2018-01-02 06:30:00,19.708104245364666
2018-01-02 06:45:00,19.70332795754075
2018-01-02 07:00:00,19.698551669716835
2018-01-02 07:15:00,19.69377538189292
2018-01-02 07:30:00,19.688999094069004
2018-01-02 07:45:00,19.68422280624509
2018-01-02 08:00:00,19.679446518421173
2018-01-02 08:15:00,19.674661848694086
2018-01-02 08:30:00,19.669877178967
2018-01-02 08:45:00,19.665092509239912
2018-01-02 09:00:00,19.660307839512825
2018-01-02 09:15:00,19.655523169785738
2018-01-02 09:30:00,19.65073850005865
2018-01-02 09:45:00,19.645953830331564
2018-01-02 10:00:00,19.641169160604477
2018-01-02 10:15:00,19.63638449087739
2018-01-02 10:30:00,19.631599821150303
2018-01-02 10:45:00,19.626815151423216
2018-01-02 11:00:00,19.62203048169613
2018-01-02 11:15:00,19.617245811969042
2018-01-02 11:30:00,19.612461142241955
2018-01-02 11:45:00,19.607676472514868
2018-01-02 12:00:00,19.60289180278778
2018-01-02 12:15:00,19.60289180278778
2018-01-02 12:30:00,19.60289180278778
2018-01-02 12:45:00,19.60289180278778
2018-01-02 13:00:00,19.60289180278778
2018-01-02 13:15:00,19.60289180278778
2018-01-02 13:30:00,19.60289180278778
2018-01-02 13:45:00,19.60289180278778
2018-01-02 14:00:00,19.60289180278778
2018-01-02 14:15:00,19.60289180278778
2018-01-02 14:30:00,19.60289180278778
2018-01-02 14:45:00,19.60289180278778
2018-01-02 15:00:00,19.60289180278778
2018-01-02 15:15:00,19.60289180278778
2018-01-02 15:30:00,19.60289180278778
2018-01-02 15:45:00,19.60289180278778
2018-01-02 16:00:00,19.60289180278778
2018-01-02 16:15:00,19.605285115540028
2018-01-02 16:30:00,19.607678428292274
2018-01-02 16:45:00,19.61007174104452
2018-01-02 17:00:00,19.612465053796768
2018-01-02 17:15:00,19.614858366549015
2018-01-02 17:30:00,19.617251679301262
2018-01-02 17:45:00,19.61964499205351
2018-01-02 18:00:00,19.622038304805756
2018-01-02 18:15:00,19.624431617558002
2018-01-02 18:30:00,19.62682493031025
2018-01-02 18:45:00,19.629218243062496
2018-01-02 19:00:00,19.631611555814743
2018-01-02 19:15:00,19.63400486856699
2018-01-02 19:30:00,19.636398181319237
2018-01-02 19:45:00,19.638791494071484
2018-01-02 20:00:00,19.64118480682373
2018-01-02 20:15:00,19.638791494071484
2018-01-02 20:30:00,19.636398181319237
2018-01-02 20:45:00,19.63400486856699
2018-01-02 21:00:00,19.631611555814743
2018-01-02 21:15:00,19.629218243062496
2018-01-02 21:30:00,19.62682493031025
2018-01-02 21:45:00,19.624431617558002
2018-01-02 22:00:00,19.622038304805756
2018-01-02 22:15:00,19.61964499205351
2018-01-02 22:30:00,19.617251679301262
2018-01-02 22:45:00,19.614858366549015
2018-01-02 23:00:00,19.612465053796768
2018-01-02 23:15:00,19.61007174104452
2018-01-02 23:30:00,19.607678428292274
2018-01-02 23:45:00,19.605285115540028
2018-01-03 00:00:00,19.60289180278778
2018-01-03 00:15:00,19.600496347993612
2018-01-03 00:30:00,19.598100893199444
2018-01-03 00:45:00,19.595705438405275
2018-01-03 01:00:00,19.593309983611107
2018-01-03 01:15:00,19.59091452881694
2018-01-03 01:30:00,19.58851907402277
2018-01-03 01:45:00,19.5861236192286
2018-01-03 02:00:00,19.583728164434433
2018-01-03 02:15:00,19.581332709640265
2018-01-03 02:30:00,19.578937254846096
2018-01-03 02:45:00,19.576541800051928
2018-01-03 03:00:00,19.57414634525776
2018-01-03 03:15:00,19.57175089046359
2018-01-03 03:30:00,19.569355435669422
2018-01-03 03:45:00,19.566959980875254
2018-01-03 04:00:00,19.564564526081085
2018-01-03 04:15:00,19.5597673766315
2018-01-03 04:30:00,19.55497022718191
2018-01-03 04:45:00,19.550173077732325
2018-01-03 05:00:00,19.545375928282738
2018-01-03 05:15:00,19.54057877883315
2018-01-03 05:30:00,19.535781629383564
2018-01-03 05:45:00,19.530984479933977
2018-01-03 06:00:00,19.52618733048439
2018-01-03 06:15:00,19.521390181034803
2018-01-03 06:30:00,19.516593031585217
2018-01-03 06:45:00,19.51179588213563
2018-01-03 07:00:00,19.506998732686043
2018-01-03 07:15:00,19.502201583236456
2018-01-03 07:30:00,19.49740443378687
2018-01-03 07:45:00,19.492607284337282
2018-01-03 08:00:00,19.487810134887695
2018-01-03 08:15:00,19.48059881106019
2018-01-03 08:30:00,19.473387487232685
2018-01-03 08:45:00,19.46617616340518
2018-01-03 09:00:00,19.458964839577675
2018-01-03 09:15:00,19.45175351575017
2018-01-03 09:30:00,19.444542191922665
2018-01-03 09:45:00,19.43733086809516
2018-01-03 10:00:00,19.430119544267654
2018-01-03 10:15:00,19.42290822044015
2018-01-03 10:30:00,19.415696896612644
2018-01-03 10:45:00,19.40848557278514
2018-01-03 11:00:00,19.401274248957634
2018-01-03 11:15:00,19.39406292513013
2018-01-03 11:30:00,19.386851601302624
2018-01-03 11:45:00,19.37964027747512
2018-01-03 12:00:00,19.372428953647614
2018-01-03 12:15:00,19.374834839254618
2018-01-03 12:30:00,19.377240724861622
2018-01-03 12:45:00,19.379646610468626
2018-01-03 13:00:00,19.38205249607563
2018-01-03 13:15:00,19.384458381682634
2018-01-03 13:30:00,19.38686426728964
2018-01-03 13:45:00,19.389270152896643
2018-01-03 14:00:00,19.391676038503647
2018-01-03 14:15:00,19.39408192411065
2018-01-03 14:30:00,19.396487809717655
2018-01-03 14:45:00,19.39889369532466
2018-01-03 15:00:00,19.401299580931664
2018-01-03 15:15:00,19.403705466538668
2018-01-03 15:30:00,19.406111352145672
2018-01-03 15:45:00,19.408517237752676
2018-01-03 16:00:00,19.41092312335968
2018-01-03 16:15:00,19.413326866924763
2018-01-03 16:30:00,19.415730610489845
2018-01-03 16:45:00,19.418134354054928
2018-01-03 17:00:00,19.42053809762001
2018-01-03 17:15:00,19.422941841185093
2018-01-03 17:30:00,19.425345584750175
2018-01-03 17:45:00,19.427749328315258
2018-01-03 18:00:00,19.43015307188034
2018-01-03 18:15:00,19.432556815445423
2018-01-03 18:30:00,19.434960559010506
2018-01-03 18:45:00,19.43736430257559
2018-01-03 19:00:00,19.43976804614067
2018-01-03 19:15:00,19.442171789705753
2018-01-03 19:30:00,19.444575533270836
2018-01-03 19:45:00,19.44697927683592
2018-01-03 20:00:00,19.449383020401
2018-01-03 20:15:00,19.449383020401
2018-01-03 20:30:00,19.449383020401
2018-01-03 20:45:00,19.449383020401
2018-01-03 21:00:00,19.449383020401
2018-01-03 21:15:00,19.449383020401
2018-01-03 21:30:00,19.449383020401
2018-01-03 21:45:00,19.449383020401
2018-01-03 22:00:00,19.449383020401
2018-01-03 22:15:00,19.449383020401
2018-01-03 22:30:00,19.449383020401
2018-01-03 22:45:00,19.449383020401
2018-01-03 23:00:00,19.449383020401
2018-01-03 23:15:00,19.449383020401
2018-01-03 23:30:00,19.449383020401
2018-01-03 23:45:00,19.449383020401
2018-01-04 00:00:00,19.449383020401
2018-01-04 00:15:00,19.44697927683592
2018-01-04 00:30:00,19.444575533270836
2018-01-04 00:45:00,19.442171789705753
2018-01-04 01:00:00,19.43976804614067
2018-01-04 01:15:00,19.43736430257559
2018-01-04 01:30:00,19.434960559010506
2018-01-04 01:45:00,19.432556815445423
2018-01-04 02:00:00,19.43015307188034
2018-01-04 02:15:00,19.427749328315258
2018-01-04 02:30:00,19.425345584750175
2018-01-04 02:45:00,19.422941841185093
2018-01-04 03:00:00,19.42053809762001
2018-01-04 03:15:00,19.418134354054928
2018-01-04 03:30:00,19.415730610489845
2018-01-04 03:45:00,19.413326866924763
2018-01-04 04:00:00,19.41092312335968
2018-01-04 04:15:00,19.408517237752676
2018-01-04 04:30:00,19.406111352145672
2018-01-04 04:45:00,19.403705466538668
2018-01-04 05:00:00,19.401299580931664
2018-01-04 05:15:00,19.39889369532466
2018-01-04 05:30:00,19.396487809717655
2018-01-04 05:45:00,19.39408192411065
2018-01-04 06:00:00,19.391676038503647
2018-01-04 06:15:00,19.389270152896643
2018-01-04 06:30:00,19.38686426728964
2018-01-04 06:45:00,19.384458381682634
2018-01-04 07:00:00,19.38205249607563
2018-01-04 07:15:00,19.379646610468626
2018-01-04 07:30:00,19.377240724861622
2018-01-04 07:45:00,19.374834839254618
2018-01-04 08:00:00,19.372428953647614
2018-01-04 08:15:00,19.367610942572355
2018-01-04 08:30:00,19.362792931497097
2018-01-04 08:45:00,19.35797492042184
2018-01-04 09:00:00,19.35315690934658
2018-01-04 09:15:00,19.348338898271322
2018-01-04 09:30:00,19.343520887196064
2018-01-04 09:45:00,19.338702876120806
2018-01-04 10:00:00,19.333884865045547
2018-01-04 10:15:00,19.32906685397029
2018-01-04 10:30:00,19.32424884289503
2018-01-04 10:45:00,19.319430831819773
2018-01-04 11:00:00,19.314612820744514
2018-01-04 11:15:00,19.309794809669256
2018-01-04 11:30:00,19.304976798593998
2018-01-04 11:45:00,19.30015878751874
2018-01-04 12:00:00,19.29534077644348
2018-01-04 12:15:00,19.29534077644348
2018-01-04 12:30:00,19.29534077644348
2018-01-04 12:45:00,19.29534077644348
2018-01-04 13:00:00,19.29534077644348
2018-01-04 13:15:00,19.29534077644348
2018-01-04 13:30:00,19.29534077644348
2018-01-04 13:45:00,19.29534077644348
2018-01-04 14:00:00,19.29534077644348
2018-01-04 14:15:00,19.29534077644348
2018-01-04 14:30:00,19.29534077644348
2018-01-04 14:45:00,19.29534077644348
2018-01-04 15:00:00,19.29534077644348
2018-01-04 15:15:00,19.29534077644348
2018-01-04 15:30:00,19.29534077644348
2018-01-04 15:45:00,19.29534077644348
2018-01-04 16:00:00,19.29534077644348
2018-01-04 16:15:00,19.29775085300207
2018-01-04 16:30:00,19.30016092956066
2018-01-04 16:45:00,19.30257100611925
2018-01-04 17:00:00,19.30498108267784
2018-01-04 17:15:00,19.30739115923643
2018-01-04 17:30:00,19.30980123579502
2018-01-04 17:45:00,19.31221131235361
2018-01-04 18:00:00,19.3146213889122
2018-01-04 18:15:00,19.31703146547079
2018-01-04 18:30:00,19.31944154202938
2018-01-04 18:45:00,19.32185161858797
2018-01-04 19:00:00,19.32426169514656
2018-01-04 19:15:00,19.32667177170515
2018-01-04 19:30:00,19.32908184826374
2018-01-04 19:45:00,19.33149192482233
2018-01-04 20:00:00,19.33390200138092
2018-01-04 20:15:00,19.33390200138092
2018-01-04 20:30:00,19.33390200138092
2018-01-04 20:45:00,19.33390200138092
2018-01-04 21:00:00,19.33390200138092
2018-01-04 21:15:00,19.33390200138092
2018-01-04 21:30:00,19.33390200138092
2018-01-04 21:45:00,19.33390200138092
2018-01-04 22:00:00,19.33390200138092
2018-01-04 22:15:00,19.33390200138092
2018-01-04 22:30:00,19.33390200138092
2018-01-04 22:45:00,19.33390200138092
2018-01-04 23:00:00,19.33390200138092
2018-01-04 23:15:00,19.33390200138092
2018-01-04 23:30:00,19.33390200138092
2018-01-04 23:45:00,19.33390200138092
2018-01-05 00:00:00,19.33390200138092
2018-01-05 00:15:00,19.33390200138092
2018-01-05 00:30:00,19.33390200138092
2018-01-05 00:45:00,19.33390200138092
2018-01-05 01:00:00,19.33390200138092
2018-01-05 01:15:00,19.33390200138092
2018-01-05 01:30:00,19.33390200138092
2018-01-05 01:45:00,19.33390200138092
2018-01-05 02:00:00,19.33390200138092
2018-01-05 02:15:00,19.33390200138092
2018-01-05 02:30:00,19.33390200138092
2018-01-05 02:45:00,19.33390200138092
2018-01-05 03:00:00,19.33390200138092
2018-01-05 03:15:00,19.33390200138092
2018-01-05 03:30:00,19.33390200138092
2018-01-05 03:45:00,19.33390200138092
2018-01-05 04:00:00,19.33390200138092
2018-01-05 04:15:00,19.33390200138092
2018-01-05 04:30:00,19.33390200138092
2018-01-05 04:45:00,19.33390200138092
2018-01-05 05:00:00,19.33390200138092
2018-01-05 05:15:00,19.33390200138092
2018-01-05 05:30:00,19.33390200138092
2018-01-05 05:45:00,19.33390200138092
2018-01-05 06:00:00,19.33390200138092
2018-01-05 06:15:00,19.33390200138092
2018-01-05 06:30:00,19.33390200138092
2018-01-05 06:45:00,19.33390200138092
2018-01-05 07:00:00,19.33390200138092
2018-01-05 07:15:00,19.33390200138092
2018-01-05 07:30:00,19.33390200138092
2018-01-05 07:45:00,19.33390200138092
2018-01-05 08:00:00,19.33390200138092
2018-01-05 08:15:00,19.33149192482233
2018-01-05 08:30:00,19.32908184826374
2018-01-05 08:45:00,19.32667177170515
2018-01-05 09:00:00,19.32426169514656
2018-01-05 09:15:00,19.32185161858797
2018-01-05 09:30:00,19.31944154202938
2018-01-05 09:45:00,19.31703146547079
2018-01-05 10:00:00,19.3146213889122
2018-01-05 10:15:00,19.31221131235361
2018-01-05 10:30:00,19.30980123579502
2018-01-05 10:45:00,19.30739115923643
2018-01-05 11:00:00,19.30498108267784
2018-01-05 11:15:00,19.30257100611925
2018-01-05 11:30:00,19.30016092956066
2018-01-05 11:45:00,19.29775085300207
2018-01-05 12:00:00,19.29534077644348
2018-01-05 12:15:00,19.29775085300207
2018-01-05 12:30:00,19.30016092956066
2018-01-05 12:45:00,19.30257100611925
2018-01-05 13:00:00,19.30498108267784
2018-01-05 13:15:00,19.30739115923643
2018-01-05 13:30:00,19.30980123579502
2018-01-05 13:45:00,19.31221131235361
2018-01-05 14:00:00,19.3146213889122
2018-01-05 14:15:00,19.31703146547079
2018-01-05 14:30:00,19.31944154202938
2018-01-05 14:45:00,19.32185161858797
2018-01-05 15:00:00,19.32426169514656
2018-01-05 15:15:00,19.32667177170515
2018-01-05 15:30:00,19.32908184826374
2018-01-05 15:45:00,19.33149192482233
2018-01-05 16:00:00,19.33390200138092
2018-01-05 16:15:00,19.33390200138092
2018-01-05 16:30:00,19.33390200138092
2018-01-05 16:45:00,19.33390200138092
2018-01-05 17:00:00,19.33390200138092
2018-01-05 17:15:00,19.33390200138092
2018-01-05 17:30:00,19.33390200138092
2018-01-05 17:45:00,19.33390200138092
2018-01-05 18:00:00,19.33390200138092
2018-01-05 18:15:00,19.33390200138092
2018-01-05 18:30:00,19.33390200138092
2018-01-05 18:45:00,19.33390200138092
2018-01-05 19:00:00,19.33390200138092
2018-01-05 19:15:00,19.33390200138092
2018-01-05 19:30:00,19.33390200138092
2018-01-05 19:45:00,19.33390200138092
2018-01-05 20:00:00,19.33390200138092
2018-01-05 20:15:00,19.33630993589759
2018-01-05 20:30:00,19.338717870414257
2018-01-05 20:45:00,19.341125804930925
2018-01-05 21:00:00,19.343533739447594
2018-01-05 21:15:00,19.345941673964262
2018-01-05 21:30:00,19.34834960848093
2018-01-05 21:45:00,19.3507575429976
2018-01-05 22:00:00,19.353165477514267
2018-01-05 22:15:00,19.355573412030935
2018-01-05 22:30:00,19.357981346547604
2018-01-05 22:45:00,19.360389281064272
2018-01-05 23:00:00,19.36279721558094
2018-01-05 23:15:00,19.36520515009761
2018-01-05 23:30:00,19.367613084614277
2018-01-05 23:45:00,19.370021019130945
2018-01-06 00:00:00,19.372428953647614
2018-01-06 00:15:00,19.374834839254618
2018-01-06 00:30:00,19.377240724861622
2018-01-06 00:45:00,19.379646610468626
2018-01-06 01:00:00,19.38205249607563
2018-01-06 01:15:00,19.384458381682634
2018-01-06 01:30:00,19.38686426728964
2018-01-06 01:45:00,19.389270152896643
2018-01-06 02:00:00,19.391676038503647
2018-01-06 02:15:00,19.39408192411065
2018-01-06 02:30:00,19.396487809717655
2018-01-06 02:45:00,19.39889369532466
2018-01-06 03:00:00,19.401299580931664
2018-01-06 03:15:00,19.403705466538668
2018-01-06 03:30:00,19.406111352145672
2018-01-06 03:45:00,19.408517237752676
2018-01-06 04:00:00,19.41092312335968
2018-01-06 04:15:00,19.413326866924763
2018-01-06 04:30:00,19.415730610489845
2018-01-06 04:45:00,19.418134354054928
2018-01-06 05:00:00,19.42053809762001
2018-01-06 05:15:00,19.422941841185093
2018-01-06 05:30:00,19.425345584750175
2018-01-06 05:45:00,19.427749328315258
2018-01-06 06:00:00,19.43015307188034
2018-01-06 06:15:00,19.432556815445423
2018-01-06 06:30:00,19.434960559010506
2018-01-06 06:45:00,19.43736430257559
2018-01-06 07:00:00,19.43976804614067
2018-01-06 07:15:00,19.442171789705753
2018-01-06 07:30:00,19.444575533270836
2018-01-06 07:45:00,19.44697927683592
2018-01-06 08:00:00,19.449383020401
2018-01-06 08:15:00,19.449383020401
2018-01-06 08:30:00,19.449383020401
2018-01-06 08:45:00,19.449383020401
2018-01-06 09:00:00,19.449383020401
2018-01-06 09:15:00,19.449383020401
2018-01-06 09:30:00,19.449383020401
2018-01-06 09:45:00,19.449383020401
2018-01-06 10:00:00,19.449383020401
2018-01-06 10:15:00,19.449383020401
2018-01-06 10:30:00,19.449383020401
2018-01-06 10:45:00,19.449383020401
2018-01-06 11:00:00,19.449383020401
2018-01-06 11:15:00,19.449383020401
2018-01-06 11:30:00,19.449383020401
2018-01-06 11:45:00,19.449383020401
2018-01-06 12:00:00,19.449383020401
2018-01-06 12:15:00,19.454184360802174
2018-01-06 12:30:00,19.458985701203346
2018-01-06 12:45:00,19.46378704160452
2018-01-06 13:00:00,19.46858838200569
2018-01-06 13:15:00,19.473389722406864
2018-01-06 13:30:00,19.478191062808037
2018-01-06 13:45:00,19.48299240320921
2018-01-06 14:00:00,19.487793743610382
2018-01-06 14:15:00,19.492595084011555
2018-01-06 14:30:00,19.497396424412727
2018-01-06 14:45:00,19.5021977648139
2018-01-06 15:00:00,19.506999105215073
2018-01-06 15:15:00,19.511800445616245
2018-01-06 15:30:00,19.516601786017418
2018-01-06 15:45:00,19.52140312641859
2018-01-06 16:00:00,19.526204466819763
2018-01-06 16:15:00,19.530997425317764
2018-01-06 16:30:00,19.535790383815765
2018-01-06 16:45:00,19.540583342313766
2018-01-06 17:00:00,19.545376300811768
2018-01-06 17:15:00,19.55016925930977
2018-01-06 17:30:00,19.55496221780777
2018-01-06 17:45:00,19.55975517630577
2018-01-06 18:00:00,19.564548134803772
2018-01-06 18:15:00,19.569341093301773
2018-01-06 18:30:00,19.574134051799774
2018-01-06 18:45:00,19.578927010297775
2018-01-06 19:00:00,19.583719968795776
2018-01-06 19:15:00,19.588512927293777
2018-01-06 19:30:00,19.59330588579178
2018-01-06 19:45:00,19.59809884428978
2018-01-06 20:00:00,19.60289180278778
2018-01-06 20:15:00,19.605285115540028
2018-01-06 20:30:00,19.607678428292274
2018-01-06 20:45:00,19.61007174104452
2018-01-06 21:00:00,19.612465053796768
2018-01-06 21:15:00,19.614858366549015
2018-01-06 21:30:00,19.617251679301262
2018-01-06 21:45:00,19.61964499205351
2018-01-06 22:00:00,19.622038304805756
2018-01-06 22:15:00,19.624431617558002
2018-01-06 22:30:00,19.62682493031025
2018-01-06 22:45:00,19.629218243062496
2018-01-06 23:00:00,19.631611555814743
2018-01-06 23:15:00,19.63400486856699
2018-01-06 23:30:00,19.636398181319237
2018-01-06 23:45:00,19.638791494071484
2018-01-07 00:00:00,19.64118480682373
2018-01-07 00:15:00,19.64357616379857
2018-01-07 00:30:00,19.64596752077341
2018-01-07 00:45:00,19.64835887774825
2018-01-07 01:00:00,19.65075023472309
2018-01-07 01:15:00,19.65314159169793
2018-01-07 01:30:00,19.65553294867277
2018-01-07 01:45:00,19.65792430564761
2018-01-07 02:00:00,19.660315662622452
2018-01-07 02:15:00,19.662707019597292
2018-01-07 02:30:00,19.665098376572132
2018-01-07 02:45:00,19.667489733546972
2018-01-07 03:00:00,19.669881090521812
2018-01-07 03:15:00,19.672272447496653
2018-01-07 03:30:00,19.674663804471493
2018-01-07 03:45:00,19.677055161446333
2018-01-07 04:00:00,19.679446518421173
2018-01-07 04:15:00,19.679446518421173
2018-01-07 04:30:00,19.679446518421173
2018-01-07 04:45:00,19.679446518421173
2018-01-07 05:00:00,19.679446518421173
2018-01-07 05:15:00,19.679446518421173
2018-01-07 05:30:00,19.679446518421173
2018-01-07 05:45:00,19.679446518421173
2018-01-07 06:00:00,19.679446518421173
2018-01-07 06:15:00,19.679446518421173
2018-01-07 06:30:00,19.679446518421173
2018-01-07 06:45:00,19.679446518421173
2018-01-07 07:00:00,19.679446518421173
2018-01-07 07:15:00,19.679446518421173
2018-01-07 07:30:00,19.679446518421173
2018-01-07 07:45:00,19.679446518421173
2018-01-07 08:00:00,19.679446518421173
2018-01-07 08:15:00,19.68183573335409
2018-01-07 08:30:00,19.68422494828701
2018-01-07 08:45:00,19.68661416321993
2018-01-07 09:00:00,19.689003378152847
2018-01-07 09:15:00,19.691392593085766
2018-01-07 09:30:00,19.693781808018684
2018-01-07 09:45:00,19.696171022951603
2018-01-07 10:00:00,19.69856023788452
2018-01-07 10:15:00,19.70094945281744
2018-01-07 10:30:00,19.70333866775036
2018-01-07 10:45:00,19.705727882683277
2018-01-07 11:00:00,19.708117097616196
2018-01-07 11:15:00,19.710506312549114
2018-01-07 11:30:00,19.712895527482033
2018-01-07 11:45:00,19.71528474241495
2018-01-07 12:00:00,19.71767395734787
2018-01-07 12:15:00,19.720061030238867
2018-01-07 12:30:00,19.722448103129864
2018-01-07 12:45:00,19.72483517602086
2018-01-07 13:00:00,19.727222248911858
2018-01-07 13:15:00,19.729609321802855
2018-01-07 13:30:00,19.73199639469385
2018-01-07 13:45:00,19.73438346758485
2018-01-07 14:00:00,19.736770540475845
2018-01-07 14:15:00,19.739157613366842
2018-01-07 14:30:00,19.74154468625784
2018-01-07 14:45:00,19.743931759148836
2018-01-07 15:00:00,19.746318832039833
2018-01-07 15:15:00,19.74870590493083
2018-01-07 15:30:00,19.751092977821827
2018-01-07 15:45:00,19.753480050712824
2018-01-07 16:00:00,19.75586712360382
2018-01-07 16:15:00,19.833486899733543
2018-01-07 16:30:00,19.911106675863266
2018-01-07 16:45:00,19.98872645199299
2018-01-07 17:00:00,20.06634622812271
2018-01-07 17:15:00,20.143966004252434
2018-01-07 17:30:00,20.221585780382156
2018-01-07 17:45:00,20.29920555651188
2018-01-07 18:00:00,20.3768253326416
2018-01-07 18:15:00,20.454445108771324
2018-01-07 18:30:00,20.532064884901047
2018-01-07 18:45:00,20.60968466103077
2018-01-07 19:00:00,20.687304437160492
2018-01-07 19:15:00,20.764924213290215
2018-01-07 19:30:00,20.842543989419937
2018-01-07 19:45:00,20.92016376554966
2018-01-07 20:00:00,20.997783541679382
2018-01-07 20:15:00,21.661672927439213
2018-01-07 20:30:00,22.325562313199043
2018-01-07 20:45:00,22.989451698958874
2018-01-07 21:00:00,23.653341084718704
2018-01-07 21:15:00,24.317230470478535
2018-01-07 21:30:00,24.981119856238365
2018-01-07 21:45:00,25.645009241998196
2018-01-07 22:00:00,26.308898627758026
2018-01-07 22:15:00,26.972788013517857
2018-01-07 22:30:00,27.636677399277687
2018-01-07 22:45:00,28.300566785037518
2018-01-07 23:00:00,28.964456170797348
2018-01-07 23:15:00,29.62834555655718
2018-01-07 23:30:00,30.29223494231701
2018-01-07 23:45:00,30.95612432807684
2018-01-08 00:00:00,31.62001371383667
2018-01-08 00:15:00,31.37700781226158
2018-01-08 00:30:00,31.134001910686493
2018-01-08 00:45:00,30.890996009111404
2018-01-08 01:00:00,30.647990107536316
2018-01-08 01:15:00,30.404984205961227
2018-01-08 01:30:00,30.16197830438614
2018-01-08 01:45:00,29.91897240281105
2018-01-08 02:00:00,29.675966501235962
2018-01-08 02:15:00,29.432960599660873
2018-01-08 02:30:00,29.189954698085785
2018-01-08 02:45:00,28.946948796510696
2018-01-08 03:00:00,28.703942894935608
2018-01-08 03:15:00,28.46093699336052
2018-01-08 03:30:00,28.21793109178543
2018-01-08 03:45:00,27.974925190210342
2018-01-08 04:00:00,27.731919288635254
2018-01-08 04:15:00,27.57914811372757
2018-01-08 04:30:00,27.426376938819885
2018-01-08 04:45:00,27.2736057639122
2018-01-08 05:00:00,27.120834589004517
2018-01-08 05:15:00,26.968063414096832
2018-01-08 05:30:00,26.815292239189148
2018-01-08 05:45:00,26.662521064281464
2018-01-08 06:00:00,26.50974988937378
2018-01-08 06:15:00,26.356978714466095
2018-01-08 06:30:00,26.20420753955841
2018-01-08 06:45:00,26.051436364650726
2018-01-08 07:00:00,25.898665189743042
2018-01-08 07:15:00,25.745894014835358
2018-01-08 07:30:00,25.593122839927673
2018-01-08 07:45:00,25.44035166501999
2018-01-08 08:00:00,25.287580490112305
2018-01-08 08:15:00,25.23285998031497
2018-01-08 08:30:00,25.178139470517635
2018-01-08 08:45:00,25.1234189607203
2018-01-08 09:00:00,25.068698450922966
2018-01-08 09:15:00,25.01397794112563
2018-01-08 09:30:00,24.959257431328297
2018-01-08 09:45:00,24.904536921530962
2018-01-08 10:00:00,24.849816411733627
2018-01-08 10:15:00,24.795095901936293
2018-01-08 10:30:00,24.740375392138958
2018-01-08 10:45:00,24.685654882341623
2018-01-08 11:00:00,24.63093437254429
2018-01-08 11:15:00,24.576213862746954
2018-01-08 11:30:00,24.52149335294962
2018-01-08 11:45:00,24.466772843152285
2018-01-08 12:00:00,24.41205233335495
2018-01-08 12:15:00,24.37989776954055
2018-01-08 12:30:00,24.347743205726147
2018-01-08 12:45:00,24.315588641911745
2018-01-08 13:00:00,24.283434078097343
2018-01-08 13:15:00,24.251279514282942
2018-01-08 13:30:00,24.21912495046854
2018-01-08 13:45:00,24.18697038665414
2018-01-08 14:00:00,24.154815822839737
2018-01-08 14:15:00,24.122661259025335
2018-01-08 14:30:00,24.090506695210934
2018-01-08 14:45:00,24.058352131396532
2018-01-08 15:00:00,24.02619756758213
2018-01-08 15:15:00,23.99404300376773
2018-01-08 15:30:00,23.961888439953327
2018-01-08 15:45:00,23.929733876138926
2018-01-08 16:00:00,23.897579312324524
2018-01-08 16:15:00,23.87154372408986
2018-01-08 16:30:00,23.845508135855198
2018-01-08 16:45:00,23.819472547620535
2018-01-08 17:00:00,23.793436959385872
2018-01-08 17:15:00,23.76740137115121
2018-01-08 17:30:00,23.741365782916546
2018-01-08 17:45:00,23.715330194681883
2018-01-08 18:00:00,23.68929460644722
2018-01-08 18:15:00,23.663259018212557
2018-01-08 18:30:00,23.637223429977894
2018-01-08 18:45:00,23.61118784174323
2018-01-08 19:00:00,23.585152253508568
2018-01-08 19:15:00,23.559116665273905
2018-01-08 19:30:00,23.533081077039242
2018-01-08 19:45:00,23.50704548880458
2018-01-08 20:00:00,23.481009900569916
2018-01-08 20:15:00,23.46349749714136
2018-01-08 20:30:00,23.445985093712807
2018-01-08 20:45:00,23.428472690284252
2018-01-08 21:00:00,23.410960286855698
2018-01-08 21:15:00,23.393447883427143
2018-01-08 21:30:00,23.37593547999859
2018-01-08 21:45:00,23.358423076570034
2018-01-08 22:00:00,23.34091067314148
2018-01-08 22:15:00,23.323398269712925
2018-01-08 22:30:00,23.30588586628437
2018-01-08 22:45:00,23.288373462855816
2018-01-08 23:00:00,23.27086105942726
2018-01-08 23:15:00,23.253348655998707
2018-01-08 23:30:00,23.235836252570152
2018-01-08 23:45:00,23.218323849141598
2018-01-09 00:00:00,23.200811445713043
2018-01-09 00:15:00,23.185385670512915
2018-01-09 00:30:00,23.169959895312786
2018-01-09 00:45:00,23.154534120112658
2018-01-09 01:00:00,23.13910834491253
2018-01-09 01:15:00,23.1236825697124
2018-01-09 01:30:00,23.108256794512272
2018-01-09 01:45:00,23.092831019312143
2018-01-09 02:00:00,23.077405244112015
2018-01-09 02:15:00,23.061979468911886
2018-01-09 02:30:00,23.046553693711758
2018-01-09 02:45:00,23.03112791851163
2018-01-09 03:00:00,23.0157021433115
2018-01-09 03:15:00,23.000276368111372
2018-01-09 03:30:00,22.984850592911243
2018-01-09 03:45:00,22.969424817711115
2018-01-09 04:00:00,22.953999042510986
2018-01-09 04:15:00,22.94514114037156
2018-01-09 04:30:00,22.936283238232136
2018-01-09 04:45:00,22.92742533609271
2018-01-09 05:00:00,22.918567433953285
2018-01-09 05:15:00,22.90970953181386
2018-01-09 05:30:00,22.900851629674435
2018-01-09 05:45:00,22.89199372753501
2018-01-09 06:00:00,22.883135825395584
2018-01-09 06:15:00,22.87427792325616
2018-01-09 06:30:00,22.865420021116734
2018-01-09 06:45:00,22.85656211897731
2018-01-09 07:00:00,22.847704216837883
2018-01-09 07:15:00,22.838846314698458
2018-01-09 07:30:00,22.829988412559032
2018-01-09 07:45:00,22.821130510419607
2018-01-09 08:00:00,22.812272608280182
2018-01-09 08:15:00,22.81449008733034
2018-01-09 08:30:00,22.8167075663805
2018-01-09 08:45:00,22.81892504543066
2018-01-09 09:00:00,22.82114252448082
2018-01-09 09:15:00,22.82336000353098
2018-01-09 09:30:00,22.82557748258114
2018-01-09 09:45:00,22.827794961631298
2018-01-09 10:00:00,22.830012440681458
2018-01-09 10:15:00,22.832229919731617
2018-01-09 10:30:00,22.834447398781776
2018-01-09 10:45:00,22.836664877831936
2018-01-09 11:00:00,22.838882356882095
2018-01-09 11:15:00,22.841099835932255
2018-01-09 11:30:00,22.843317314982414
2018-01-09 11:45:00,22.845534794032574
2018-01-09 12:00:00,22.847752273082733
2018-01-09 12:15:00,22.843315452337265
2018-01-09 12:30:00,22.838878631591797
2018-01-09 12:45:00,22.83444181084633
2018-01-09 13:00:00,22.83000499010086
2018-01-09 13:15:00,22.825568169355392
2018-01-09 13:30:00,22.821131348609924
2018-01-09 13:45:00,22.816694527864456
2018-01-09 14:00:00,22.812257707118988
2018-01-09 14:15:00,22.80782088637352
2018-01-09 14:30:00,22.80338406562805
2018-01-09 14:45:00,22.798947244882584
2018-01-09 15:00:00,22.794510424137115
2018-01-09 15:15:00,22.790073603391647
2018-01-09 15:30:00,22.78563678264618
2018-01-09 15:45:00,22.78119996190071
2018-01-09 16:00:00,22.776763141155243
2018-01-09 16:15:00,22.770093195140362
2018-01-09 16:30:00,22.76342324912548
2018-01-09 16:45:00,22.7567533031106
2018-01-09 17:00:00,22.75008335709572
2018-01-09 17:15:00,22.743413411080837
2018-01-09 17:30:00,22.736743465065956
2018-01-09 17:45:00,22.730073519051075
2018-01-09 18:00:00,22.723403573036194
2018-01-09 18:15:00,22.716733627021313
2018-01-09 18:30:00,22.71006368100643
2018-01-09 18:45:00,22.70339373499155
2018-01-09 19:00:00,22.69672378897667
2018-01-09 19:15:00,22.690053842961788
2018-01-09 19:30:00,22.683383896946907
2018-01-09 19:45:00,22.676713950932026
2018-01-09 20:00:00,22.670044004917145
2018-01-09 20:15:00,22.66335627064109
2018-01-09 20:30:00,22.656668536365032
2018-01-09 20:45:00,22.649980802088976
2018-01-09 21:00:00,22.64329306781292
2018-01-09 21:15:00,22.636605333536863
2018-01-09 21:30:00,22.629917599260807
2018-01-09 21:45:00,22.62322986498475
2018-01-09 22:00:00,22.616542130708694
2018-01-09 22:15:00,22.609854396432638
2018-01-09 22:30:00,22.603166662156582
2018-01-09 22:45:00,22.596478927880526
2018-01-09 23:00:00,22.58979119360447
2018-01-09 23:15:00,22.583103459328413
2018-01-09 23:30:00,22.576415725052357
2018-01-09 23:45:00,22.5697279907763
2018-01-10 00:00:00,22.563040256500244
2018-01-10 00:15:00,22.558571863919497
2018-01-10 00:30:00,22.55410347133875
2018-01-10 00:45:00,22.549635078758
2018-01-10 01:00:00,22.545166686177254
2018-01-10 01:15:00,22.540698293596506
2018-01-10 01:30:00,22.53622990101576
2018-01-10 01:45:00,22.53176150843501
2018-01-10 02:00:00,22.527293115854263
2018-01-10 02:15:00,22.522824723273516
2018-01-10 02:30:00,22.518356330692768
2018-01-10 02:45:00,22.51388793811202
2018-01-10 03:00:00,22.509419545531273
2018-01-10 03:15:00,22.504951152950525
2018-01-10 03:30:00,22.500482760369778
2018-01-10 03:45:00,22.49601436778903
2018-01-10 04:00:00,22.491545975208282
2018-01-10 04:15:00,22.4893088452518
2018-01-10 04:30:00,22.487071715295315
2018-01-10 04:45:00,22.48483458533883
2018-01-10 05:00:00,22.482597455382347
2018-01-10 05:15:00,22.480360325425863
2018-01-10 05:30:00,22.47812319546938
2018-01-10 05:45:00,22.475886065512896
2018-01-10 06:00:00,22.47364893555641
2018-01-10 06:15:00,22.471411805599928
2018-01-10 06:30:00,22.469174675643444
2018-01-10 06:45:00,22.46693754568696
2018-01-10 07:00:00,22.464700415730476
2018-01-10 07:15:00,22.462463285773993
2018-01-10 07:30:00,22.46022615581751
2018-01-10 07:45:00,22.457989025861025
2018-01-10 08:00:00,22.45575189590454
2018-01-10 08:15:00,22.45351281017065
2018-01-10 08:30:00,22.45127372443676
2018-01-10 08:45:00,22.44903463870287
2018-01-10 09:00:00,22.44679555296898
2018-01-10 09:15:00,22.44455646723509
2018-01-10 09:30:00,22.442317381501198
2018-01-10 09:45:00,22.440078295767307
2018-01-10 10:00:00,22.437839210033417
2018-01-10 10:15:00,22.435600124299526
2018-01-10 10:30:00,22.433361038565636
2018-01-10 10:45:00,22.431121952831745
2018-01-10 11:00:00,22.428882867097855
2018-01-10 11:15:00,22.426643781363964
2018-01-10 11:30:00,22.424404695630074
2018-01-10 11:45:00,22.422165609896183
2018-01-10 12:00:00,22.419926524162292
2018-01-10 12:15:00,22.415442299097776
2018-01-10 12:30:00,22.41095807403326
2018-01-10 12:45:00,22.406473848968744
2018-01-10 13:00:00,22.401989623904228
2018-01-10 13:15:00,22.397505398839712
2018-01-10 13:30:00,22.393021173775196
2018-01-10 13:45:00,22.38853694871068
2018-01-10 14:00:00,22.384052723646164
2018-01-10 14:15:00,22.379568498581648
2018-01-10 14:30:00,22.375084273517132
2018-01-10 14:45:00,22.370600048452616
2018-01-10 15:00:00,22.3661158233881
2018-01-10 15:15:00,22.361631598323584
2018-01-10 15:30:00,22.357147373259068
2018-01-10 15:45:00,22.35266314819455
2018-01-10 16:00:00,22.348178923130035
2018-01-10 16:15:00,22.39266550168395
2018-01-10 16:30:00,22.437152080237865
2018-01-10 16:45:00,22.48163865879178
2018-01-10 17:00:00,22.526125237345695
2018-01-10 17:15:00,22.57061181589961
2018-01-10 17:30:00,22.615098394453526
2018-01-10 17:45:00,22.65958497300744
2018-01-10 18:00:00,22.704071551561356
2018-01-10 18:15:00,22.74855813011527
2018-01-10 18:30:00,22.793044708669186
2018-01-10 18:45:00,22.8375312872231
2018-01-10 19:00:00,22.882017865777016
2018-01-10 19:15:00,22.92650444433093
2018-01-10 19:30:00,22.970991022884846
2018-01-10 19:45:00,23.01547760143876
2018-01-10 20:00:00,23.059964179992676
2018-01-10 20:15:00,23.070963006466627
2018-01-10 20:30:00,23.08196183294058
2018-01-10 20:45:00,23.09296065941453
2018-01-10 21:00:00,23.10395948588848
2018-01-10 21:15:00,23.114958312362432
2018-01-10 21:30:00,23.125957138836384
2018-01-10 21:45:00,23.136955965310335
2018-01-10 22:00:00,23.147954791784286
2018-01-10 22:15:00,23.158953618258238
2018-01-10 22:30:00,23.16995244473219
2018-01-10 22:45:00,23.18095127120614
2018-01-10 23:00:00,23.191950097680092
2018-01-10 23:15:00,23.202948924154043
2018-01-10 23:30:00,23.213947750627995
2018-01-10 23:45:00,23.224946577101946
2018-01-11 00:00:00,23.235945403575897
2018-01-11 00:15:00,23.23374953120947
2018-01-11 00:30:00,23.23155365884304
2018-01-11 00:45:00,23.229357786476612
2018-01-11 01:00:00,23.227161914110184
2018-01-11 01:15:00,23.224966041743755
2018-01-11 01:30:00,23.222770169377327
2018-01-11 01:45:00,23.2205742970109
2018-01-11 02:00:00,23.21837842464447
2018-01-11 02:15:00,23.216182552278042
2018-01-11 02:30:00,23.213986679911613
2018-01-11 02:45:00,23.211790807545185
2018-01-11 03:00:00,23.209594935178757
2018-01-11 03:15:00,23.20739906281233
2018-01-11 03:30:00,23.2052031904459
2018-01-11 03:45:00,23.20300731807947
2018-01-11 04:00:00,23.200811445713043
2018-01-11 04:15:00,23.198613617569208
2018-01-11 04:30:00,23.196415789425373
2018-01-11 04:45:00,23.194217961281538
2018-01-11 05:00:00,23.192020133137703
2018-01-11 05:15:00,23.189822304993868
2018-01-11 05:30:00,23.187624476850033
2018-01-11 05:45:00,23.185426648706198
2018-01-11 06:00:00,23.183228820562363
2018-01-11 06:15:00,23.181030992418528
2018-01-11 06:30:00,23.178833164274693
2018-01-11 06:45:00,23.176635336130857
2018-01-11 07:00:00,23.174437507987022
2018-01-11 07:15:00,23.172239679843187
2018-01-11 07:30:00,23.170041851699352
2018-01-11 07:45:00,23.167844023555517
2018-01-11 08:00:00,23.165646195411682
2018-01-11 08:15:00,23.163446504622698
2018-01-11 08:30:00,23.161246813833714
2018-01-11 08:45:00,23.15904712304473
2018-01-11 09:00:00,23.156847432255745
2018-01-11 09:15:00,23.15464774146676
2018-01-11 09:30:00,23.152448050677776
2018-01-11 09:45:00,23.150248359888792
2018-01-11 10:00:00,23.148048669099808
2018-01-11 10:15:00,23.145848978310823
2018-01-11 10:30:00,23.14364928752184
2018-01-11 10:45:00,23.141449596732855
2018-01-11 11:00:00,23.13924990594387
2018-01-11 11:15:00,23.137050215154886
2018-01-11 11:30:00,23.134850524365902
2018-01-11 11:45:00,23.132650833576918
2018-01-11 12:00:00,23.130451142787933
2018-01-11 12:15:00,23.12604570761323
2018-01-11 12:30:00,23.121640272438526
2018-01-11 12:45:00,23.117234837263823
2018-01-11 13:00:00,23.11282940208912
2018-01-11 13:15:00,23.108423966914415
2018-01-11 13:30:00,23.10401853173971
2018-01-11 13:45:00,23.099613096565008
2018-01-11 14:00:00,23.095207661390305
2018-01-11 14:15:00,23.0908022262156
2018-01-11 14:30:00,23.086396791040897
2018-01-11 14:45:00,23.081991355866194
2018-01-11 15:00:00,23.07758592069149
2018-01-11 15:15:00,23.073180485516787
2018-01-11 15:30:00,23.068775050342083
2018-01-11 15:45:00,23.06436961516738
2018-01-11 16:00:00,23.059964179992676
2018-01-11 16:15:00,23.055550921708345
2018-01-11 16:30:00,23.051137663424015
2018-01-11 16:45:00,23.046724405139685
2018-01-11 17:00:00,23.042311146855354
2018-01-11 17:15:00,23.037897888571024
2018-01-11 17:30:00,23.033484630286694
2018-01-11 17:45:00,23.029071372002363
2018-01-11 18:00:00,23.024658113718033
2018-01-11 18:15:00,23.020244855433702
2018-01-11 18:30:00,23.015831597149372
2018-01-11 18:45:00,23.01141833886504
2018-01-11 19:00:00,23.00700508058071
2018-01-11 19:15:00,23.00259182229638
2018-01-11 19:30:00,22.99817856401205
2018-01-11 19:45:00,22.99376530572772
2018-01-11 20:00:00,22.98935204744339
2018-01-11 20:15:00,22.982717491686344
2018-01-11 20:30:00,22.9760829359293
2018-01-11 20:45:00,22.969448380172253
2018-01-11 21:00:00,22.962813824415207
2018-01-11 21:15:00,22.95617926865816
2018-01-11 21:30:00,22.949544712901115
2018-01-11 21:45:00,22.94291015714407
2018-01-11 22:00:00,22.936275601387024
2018-01-11 22:15:00,22.929641045629978
2018-01-11 22:30:00,22.923006489872932
2018-01-11 22:45:00,22.916371934115887
2018-01-11 23:00:00,22.90973737835884
2018-01-11 23:15:00,22.903102822601795
2018-01-11 23:30:00,22.89646826684475
2018-01-11 23:45:00,22.889833711087704
2018-01-12 00:00:00,22.883199155330658
2018-01-12 00:15:00,22.876546904444695
2018-01-12 00:30:00,22.86989465355873
2018-01-12 00:45:00,22.863242402672768
2018-01-12 01:00:00,22.856590151786804
2018-01-12 01:15:00,22.84993790090084
2018-01-12 01:30:00,22.843285650014877
2018-01-12 01:45:00,22.836633399128914
2018-01-12 02:00:00,22.82998114824295
2018-01-12 02:15:00,22.823328897356987
2018-01-12 02:30:00,22.816676646471024
2018-01-12 02:45:00,22.81002439558506
2018-01-12 03:00:00,22.803372144699097
2018-01-12 03:15:00,22.796719893813133
2018-01-12 03:30:00,22.79006764292717
2018-01-12 03:45:00,22.783415392041206
2018-01-12 04:00:00,22.776763141155243
2018-01-12 04:15:00,22.76786593720317
2018-01-12 04:30:00,22.758968733251095
2018-01-12 04:45:00,22.75007152929902
2018-01-12 05:00:00,22.741174325346947
2018-01-12 05:15:00,22.732277121394873
2018-01-12 05:30:00,22.7233799174428
2018-01-12 05:45:00,22.714482713490725
2018-01-12 06:00:00,22.70558550953865
2018-01-12 06:15:00,22.696688305586576
2018-01-12 06:30:00,22.687791101634502
2018-01-12 06:45:00,22.67889389768243
2018-01-12 07:00:00,22.669996693730354
2018-01-12 07:15:00,22.66109948977828
2018-01-12 07:30:00,22.652202285826206
2018-01-12 07:45:00,22.643305081874132
2018-01-12 08:00:00,22.634407877922058
2018-01-12 08:15:00,22.627714183181524
2018-01-12 08:30:00,22.62102048844099
2018-01-12 08:45:00,22.614326793700457
2018-01-12 09:00:00,22.607633098959923
2018-01-12 09:15:00,22.60093940421939
2018-01-12 09:30:00,22.594245709478855
2018-01-12 09:45:00,22.58755201473832
2018-01-12 10:00:00,22.580858319997787
2018-01-12 10:15:00,22.574164625257254
2018-01-12 10:30:00,22.56747093051672
2018-01-12 10:45:00,22.560777235776186
2018-01-12 11:00:00,22.554083541035652
2018-01-12 11:15:00,22.54738984629512
2018-01-12 11:30:00,22.540696151554585
2018-01-12 11:45:00,22.53400245681405
2018-01-12 12:00:00,22.527308762073517
2018-01-12 12:15:00,22.53400245681405
2018-01-12 12:30:00,22.540696151554585
2018-01-12 12:45:00,22.54738984629512
2018-01-12 13:00:00,22.554083541035652
2018-01-12 13:15:00,22.560777235776186
2018-01-12 13:30:00,22.56747093051672
2018-01-12 13:45:00,22.574164625257254
2018-01-12 14:00:00,22.580858319997787
2018-01-12 14:15:00,22.58755201473832
2018-01-12 14:30:00,22.594245709478855
2018-01-12 14:45:00,22.60093940421939
2018-01-12 15:00:00,22.607633098959923
2018-01-12 15:15:00,22.614326793700457
2018-01-12 15:30:00,22.62102048844099
2018-01-12 15:45:00,22.627714183181524
2018-01-12 16:00:00,22.634407877922058
2018-01-12 16:15:00,22.63663513585925
2018-01-12 16:30:00,22.638862393796444
2018-01-12 16:45:00,22.641089651733637
2018-01-12 17:00:00,22.64331690967083
2018-01-12 17:15:00,22.645544167608023
2018-01-12 17:30:00,22.647771425545216
2018-01-12 17:45:00,22.64999868348241
2018-01-12 18:00:00,22.6522259414196
2018-01-12 18:15:00,22.654453199356794
2018-01-12 18:30:00,22.656680457293987
2018-01-12 18:45:00,22.65890771523118
2018-01-12 19:00:00,22.661134973168373
2018-01-12 19:15:00,22.663362231105566
2018-01-12 19:30:00,22.66558948904276
2018-01-12 19:45:00,22.667816746979952
2018-01-12 20:00:00,22.670044004917145
2018-01-12 20:15:00,22.66335627064109
2018-01-12 20:30:00,22.656668536365032
2018-01-12 20:45:00,22.649980802088976
2018-01-12 21:00:00,22.64329306781292
2018-01-12 21:15:00,22.636605333536863
2018-01-12 21:30:00,22.629917599260807
2018-01-12 21:45:00,22.62322986498475
2018-01-12 22:00:00,22.616542130708694
2018-01-12 22:15:00,22.609854396432638
2018-01-12 22:30:00,22.603166662156582
2018-01-12 22:45:00,22.596478927880526
2018-01-12 23:00:00,22.58979119360447
2018-01-12 23:15:00,22.583103459328413
2018-01-12 23:30:00,22.576415725052357
2018-01-12 23:45:00,22.5697279907763
2018-01-13 00:00:00,22.563040256500244
2018-01-13 00:15:00,22.556334733963013
2018-01-13 00:30:00,22.54962921142578
2018-01-13 00:45:00,22.54292368888855
2018-01-13 01:00:00,22.53621816635132
2018-01-13 01:15:00,22.529512643814087
2018-01-13 01:30:00,22.522807121276855
2018-01-13 01:45:00,22.516101598739624
2018-01-13 02:00:00,22.509396076202393
2018-01-13 02:15:00,22.50269055366516
2018-01-13 02:30:00,22.49598503112793
2018-01-13 02:45:00,22.4892795085907
2018-01-13 03:00:00,22.482573986053467
2018-01-13 03:15:00,22.475868463516235
2018-01-13 03:30:00,22.469162940979004
2018-01-13 03:45:00,22.462457418441772
2018-01-13 04:00:00,22.45575189590454
2018-01-13 04:15:00,22.449028585106134
2018-01-13 04:30:00,22.442305274307728
2018-01-13 04:45:00,22.43558196350932
2018-01-13 05:00:00,22.428858652710915
2018-01-13 05:15:00,22.422135341912508
2018-01-13 05:30:00,22.4154120311141
2018-01-13 05:45:00,22.408688720315695
2018-01-13 06:00:00,22.401965409517288
2018-01-13 06:15:00,22.39524209871888
2018-01-13 06:30:00,22.388518787920475
2018-01-13 06:45:00,22.38179547712207
2018-01-13 07:00:00,22.375072166323662
2018-01-13 07:15:00,22.368348855525255
2018-01-13 07:30:00,22.36162554472685
2018-01-13 07:45:00,22.354902233928442
2018-01-13 08:00:00,22.348178923130035
2018-01-13 08:15:00,22.345933876931667
2018-01-13 08:30:00,22.3436888307333
2018-01-13 08:45:00,22.34144378453493
2018-01-13 09:00:00,22.339198738336563
2018-01-13 09:15:00,22.336953692138195
2018-01-13 09:30:00,22.334708645939827
2018-01-13 09:45:00,22.33246359974146
2018-01-13 10:00:00,22.33021855354309
2018-01-13 10:15:00,22.327973507344723
2018-01-13 10:30:00,22.325728461146355
2018-01-13 10:45:00,22.323483414947987
2018-01-13 11:00:00,22.32123836874962
2018-01-13 11:15:00,22.31899332255125
2018-01-13 11:30:00,22.316748276352882
2018-01-13 11:45:00,22.314503230154514
2018-01-13 12:00:00,22.312258183956146
2018-01-13 12:15:00,22.31898745521903
2018-01-13 12:30:00,22.325716726481915
2018-01-13 12:45:00,22.3324459977448
2018-01-13 13:00:00,22.339175269007683
2018-01-13 13:15:00,22.345904540270567
2018-01-13 13:30:00,22.35263381153345
2018-01-13 13:45:00,22.359363082796335
2018-01-13 14:00:00,22.36609235405922
2018-01-13 14:15:00,22.372821625322104
2018-01-13 14:30:00,22.379550896584988
2018-01-13 14:45:00,22.386280167847872
2018-01-13 15:00:00,22.393009439110756
2018-01-13 15:15:00,22.39973871037364
2018-01-13 15:30:00,22.406467981636524
2018-01-13 15:45:00,22.41319725289941
2018-01-13 16:00:00,22.419926524162292
2018-01-13 16:15:00,22.419926524162292
2018-01-13 16:30:00,22.419926524162292
2018-01-13 16:45:00,22.419926524162292
2018-01-13 17:00:00,22.419926524162292
2018-01-13 17:15:00,22.419926524162292
2018-01-13 17:30:00,22.419926524162292
2018-01-13 17:45:00,22.419926524162292
2018-01-13 18:00:00,22.419926524162292
2018-01-13 18:15:00,22.419926524162292
2018-01-13 18:30:00,22.419926524162292
2018-01-13 18:45:00,22.419926524162292
2018-01-13 19:00:00,22.419926524162292
2018-01-13 19:15:00,22.419926524162292
2018-01-13 19:30:00,22.419926524162292
2018-01-13 19:45:00,22.419926524162292
2018-01-13 20:00:00,22.419926524162292
2018-01-13 20:15:00,22.415442299097776
2018-01-13 20:30:00,22.41095807403326
2018-01-13 20:45:00,22.406473848968744
2018-01-13 21:00:00,22.401989623904228
2018-01-13 21:15:00,22.397505398839712
2018-01-13 21:30:00,22.393021173775196
2018-01-13 21:45:00,22.38853694871068
2018-01-13 22:00:00,22.384052723646164
2018-01-13 22:15:00,22.379568498581648
2018-01-13 22:30:00,22.375084273517132
2018-01-13 22:45:00,22.370600048452616
2018-01-13 23:00:00,22.3661158233881
2018-01-13 23:15:00,22.361631598323584
2018-01-13 23:30:00,22.357147373259068
2018-01-13 23:45:00,22.35266314819455
2018-01-14 00:00:00,22.348178923130035
2018-01-14 00:15:00,22.345933876931667
2018-01-14 00:30:00,22.3436888307333
2018-01-14 00:45:00,22.34144378453493
2018-01-14 01:00:00,22.339198738336563
2018-01-14 01:15:00,22.336953692138195
2018-01-14 01:30:00,22.334708645939827
2018-01-14 01:45:00,22.33246359974146
2018-01-14 02:00:00,22.33021855354309
2018-01-14 02:15:00,22.327973507344723
2018-01-14 02:30:00,22.325728461146355
2018-01-14 02:45:00,22.323483414947987
2018-01-14 03:00:00,22.32123836874962
2018-01-14 03:15:00,22.31899332255125
2018-01-14 03:30:00,22.316748276352882
2018-01-14 03:45:00,22.314503230154514
2018-01-14 04:00:00,22.312258183956146
2018-01-14 04:15:00,22.310011088848114
2018-01-14 04:30:00,22.307763993740082
2018-01-14 04:45:00,22.30551689863205
2018-01-14 05:00:00,22.303269803524017
2018-01-14 05:15:00,22.301022708415985
2018-01-14 05:30:00,22.298775613307953
2018-01-14 05:45:00,22.29652851819992
2018-01-14 06:00:00,22.29428142309189
2018-01-14 06:15:00,22.292034327983856
2018-01-14 06:30:00,22.289787232875824
2018-01-14 06:45:00,22.28754013776779
2018-01-14 07:00:00,22.28529304265976
2018-01-14 07:15:00,22.283045947551727
2018-01-14 07:30:00,22.280798852443695
2018-01-14 07:45:00,22.278551757335663
2018-01-14 08:00:00,22.27630466222763
2018-01-14 08:15:00,22.27630466222763
2018-01-14 08:30:00,22.27630466222763
2018-01-14 08:45:00,22.27630466222763
2018-01-14 09:00:00,22.27630466222763
2018-01-14 09:15:00,22.27630466222763
2018-01-14 09:30:00,22.27630466222763
2018-01-14 09:45:00,22.27630466222763
2018-01-14 10:00:00,22.27630466222763
2018-01-14 10:15:00,22.27630466222763
2018-01-14 10:30:00,22.27630466222763
2018-01-14 10:45:00,22.27630466222763
2018-01-14 11:00:00,22.27630466222763
2018-01-14 11:15:00,22.27630466222763
2018-01-14 11:30:00,22.27630466222763
2018-01-14 11:45:00,22.27630466222763
2018-01-14 12:00:00,22.27630466222763
2018-01-14 12:15:00,22.28079680353403
2018-01-14 12:30:00,22.28528894484043
2018-01-14 12:45:00,22.28978108614683
2018-01-14 13:00:00,22.294273227453232
2018-01-14 13:15:00,22.298765368759632
2018-01-14 13:30:00,22.303257510066032
2018-01-14 13:45:00,22.307749651372433
2018-01-14 14:00:00,22.312241792678833
2018-01-14 14:15:00,22.316733933985233
2018-01-14 14:30:00,22.321226075291634
2018-01-14 14:45:00,22.325718216598034
2018-01-14 15:00:00,22.330210357904434
2018-01-14 15:15:00,22.334702499210835
2018-01-14 15:30:00,22.339194640517235
2018-01-14 15:45:00,22.343686781823635
2018-01-14 16:00:00,22.348178923130035
2018-01-14 16:15:00,22.345933876931667
2018-01-14 16:30:00,22.3436888307333
2018-01-14 16:45:00,22.34144378453493
2018-01-14 17:00:00,22.339198738336563
2018-01-14 17:15:00,22.336953692138195
2018-01-14 17:30:00,22.334708645939827
2018-01-14 17:45:00,22.33246359974146
2018-01-14 18:00:00,22.33021855354309
2018-01-14 18:15:00,22.327973507344723
2018-01-14 18:30:00,22.325728461146355
2018-01-14 18:45:00,22.323483414947987
2018-01-14 19:00:00,22.32123836874962
2018-01-14 19:15:00,22.31899332255125
2018-01-14 19:30:00,22.316748276352882
2018-01-14 19:45:00,22.314503230154514
2018-01-14 20:00:00,22.312258183956146
2018-01-14 20:15:00,22.307762037962675
2018-01-14 20:30:00,22.303265891969204
2018-01-14 20:45:00,22.298769745975733
2018-01-14 21:00:00,22.29427359998226
2018-01-14 21:15:00,22.28977745398879
2018-01-14 21:30:00,22.28528130799532
2018-01-14 21:45:00,22.280785162001848
2018-01-14 22:00:00,22.276289016008377
2018-01-14 22:15:00,22.271792870014906
2018-01-14 22:30:00,22.267296724021435
2018-01-14 22:45:00,22.262800578027964
2018-01-14 23:00:00,22.258304432034492
2018-01-14 23:15:00,22.25380828604102
2018-01-14 23:30:00,22.24931214004755
2018-01-14 23:45:00,22.24481599405408
2018-01-15 00:00:00,22.240319848060608
2018-01-15 00:15:00,22.235815785825253
2018-01-15 00:30:00,22.231311723589897
2018-01-15 00:45:00,22.226807661354542
2018-01-15 01:00:00,22.222303599119186
2018-01-15 01:15:00,22.21779953688383
2018-01-15 01:30:00,22.213295474648476
2018-01-15 01:45:00,22.20879141241312
2018-01-15 02:00:00,22.204287350177765
2018-01-15 02:15:00,22.19978328794241
2018-01-15 02:30:00,22.195279225707054
2018-01-15 02:45:00,22.1907751634717
2018-01-15 03:00:00,22.186271101236343
2018-01-15 03:15:00,22.181767039000988
2018-01-15 03:30:00,22.177262976765633
2018-01-15 03:45:00,22.172758914530277
2018-01-15 04:00:00,22.168254852294922
2018-01-15 04:15:00,22.165999840945005
2018-01-15 04:30:00,22.16374482959509
2018-01-15 04:45:00,22.161489818245173
2018-01-15 05:00:00,22.159234806895256
2018-01-15 05:15:00,22.15697979554534
2018-01-15 05:30:00,22.154724784195423
2018-01-15 05:45:00,22.152469772845507
2018-01-15 06:00:00,22.15021476149559
2018-01-15 06:15:00,22.147959750145674
2018-01-15 06:30:00,22.145704738795757
2018-01-15 06:45:00,22.14344972744584
2018-01-15 07:00:00,22.141194716095924
2018-01-15 07:15:00,22.138939704746008
2018-01-15 07:30:00,22.13668469339609
2018-01-15 07:45:00,22.134429682046175
2018-01-15 08:00:00,22.13217467069626
2018-01-15 08:15:00,22.134429682046175
2018-01-15 08:30:00,22.13668469339609
2018-01-15 08:45:00,22.138939704746008
2018-01-15 09:00:00,22.141194716095924
2018-01-15 09:15:00,22.14344972744584
2018-01-15 09:30:00,22.145704738795757
2018-01-15 09:45:00,22.147959750145674
2018-01-15 10:00:00,22.15021476149559
2018-01-15 10:15:00,22.152469772845507
2018-01-15 10:30:00,22.154724784195423
2018-01-15 10:45:00,22.15697979554534
2018-01-15 11:00:00,22.159234806895256
2018-01-15 11:15:00,22.161489818245173
2018-01-15 11:30:00,22.16374482959509
2018-01-15 11:45:00,22.165999840945005
2018-01-15 12:00:00,22.168254852294922
2018-01-15 12:15:00,22.168254852294922
2018-01-15 12:30:00,22.168254852294922
2018-01-15 12:45:00,22.168254852294922
2018-01-15 13:00:00,22.168254852294922
2018-01-15 13:15:00,22.168254852294922
2018-01-15 13:30:00,22.168254852294922
2018-01-15 13:45:00,22.168254852294922
2018-01-15 14:00:00,22.168254852294922
2018-01-15 14:15:00,22.168254852294922
2018-01-15 14:30:00,22.168254852294922
2018-01-15 14:45:00,22.168254852294922
2018-01-15 15:00:00,22.168254852294922
2018-01-15 15:15:00,22.168254852294922
2018-01-15 15:30:00,22.168254852294922
2018-01-15 15:45:00,22.168254852294922
2018-01-15 16:00:00,22.168254852294922
2018-01-15 16:15:00,22.165999840945005
2018-01-15 16:30:00,22.16374482959509
2018-01-15 16:45:00,22.161489818245173
2018-01-15 17:00:00,22.159234806895256
2018-01-15 17:15:00,22.15697979554534
2018-01-15 17:30:00,22.154724784195423
2018-01-15 17:45:00,22.152469772845507
2018-01-15 18:00:00,22.15021476149559
2018-01-15 18:15:00,22.147959750145674
2018-01-15 18:30:00,22.145704738795757
2018-01-15 18:45:00,22.14344972744584
2018-01-15 19:00:00,22.141194716095924
2018-01-15 19:15:00,22.138939704746008
2018-01-15 19:30:00,22.13668469339609
2018-01-15 19:45:00,22.134429682046175
2018-01-15 20:00:00,22.13217467069626
2018-01-15 20:15:00,22.125397715717554
2018-01-15 20:30:00,22.11862076073885
2018-01-15 20:45:00,22.111843805760145
2018-01-15 21:00:00,22.10506685078144
2018-01-15 21:15:00,22.098289895802736
2018-01-15 21:30:00,22.091512940824032
2018-01-15 21:45:00,22.084735985845327
2018-01-15 22:00:00,22.077959030866623
2018-01-15 22:15:00,22.07118207588792
2018-01-15 22:30:00,22.064405120909214
2018-01-15 22:45:00,22.05762816593051
2018-01-15 23:00:00,22.050851210951805
2018-01-15 23:15:00,22.0440742559731
2018-01-15 23:30:00,22.037297300994396
2018-01-15 23:45:00,22.03052034601569
2018-01-16 00:00:00,22.023743391036987
2018-01-16 00:15:00,22.016948461532593
2018-01-16 00:30:00,22.0101535320282
2018-01-16 00:45:00,22.003358602523804
2018-01-16 01:00:00,21.99656367301941
2018-01-16 01:15:00,21.989768743515015
2018-01-16 01:30:00,21.98297381401062
2018-01-16 01:45:00,21.976178884506226
2018-01-16 02:00:00,21.96938395500183
2018-01-16 02:15:00,21.962589025497437
2018-01-16 02:30:00,21.955794095993042
2018-01-16 02:45:00,21.948999166488647
2018-01-16 03:00:00,21.942204236984253
2018-01-16 03:15:00,21.93540930747986
2018-01-16 03:30:00,21.928614377975464
2018-01-16 03:45:00,21.92181944847107
2018-01-16 04:00:00,21.915024518966675
2018-01-16 04:15:00,21.90593658015132
2018-01-16 04:30:00,21.896848641335964
2018-01-16 04:45:00,21.88776070252061
2018-01-16 05:00:00,21.878672763705254
2018-01-16 05:15:00,21.8695848248899
2018-01-16 05:30:00,21.860496886074543
2018-01-16 05:45:00,21.851408947259188
2018-01-16 06:00:00,21.842321008443832
2018-01-16 06:15:00,21.833233069628477
2018-01-16 06:30:00,21.824145130813122
2018-01-16 06:45:00,21.815057191997766
2018-01-16 07:00:00,21.80596925318241
2018-01-16 07:15:00,21.796881314367056
2018-01-16 07:30:00,21.7877933755517
2018-01-16 07:45:00,21.778705436736345
2018-01-16 08:00:00,21.76961749792099
2018-01-16 08:15:00,21.755925472825766
2018-01-16 08:30:00,21.74223344773054
2018-01-16 08:45:00,21.728541422635317
2018-01-16 09:00:00,21.714849397540092
2018-01-16 09:15:00,21.701157372444868
2018-01-16 09:30:00,21.687465347349644
2018-01-16 09:45:00,21.67377332225442
2018-01-16 10:00:00,21.660081297159195
2018-01-16 10:15:00,21.64638927206397
2018-01-16 10:30:00,21.632697246968746
2018-01-16 10:45:00,21.619005221873522
2018-01-16 11:00:00,21.605313196778297
2018-01-16 11:15:00,21.591621171683073
2018-01-16 11:30:00,21.57792914658785
2018-01-16 11:45:00,21.564237121492624
2018-01-16 12:00:00,21.5505450963974
2018-01-16 12:15:00,21.545965038239956
2018-01-16 12:30:00,21.541384980082512
2018-01-16 12:45:00,21.536804921925068
2018-01-16 13:00:00,21.532224863767624
2018-01-16 13:15:00,21.52764480561018
2018-01-16 13:30:00,21.523064747452736
2018-01-16 13:45:00,21.518484689295292
2018-01-16 14:00:00,21.513904631137848
2018-01-16 14:15:00,21.509324572980404
2018-01-16 14:30:00,21.50474451482296
2018-01-16 14:45:00,21.500164456665516
2018-01-16 15:00:00,21.495584398508072
2018-01-16 15:15:00,21.491004340350628
2018-01-16 15:30:00,21.486424282193184
2018-01-16 15:45:00,21.48184422403574
2018-01-16 16:00:00,21.477264165878296
2018-01-16 16:15:00,21.47955521941185
2018-01-16 16:30:00,21.481846272945404
2018-01-16 16:45:00,21.484137326478958
2018-01-16 17:00:00,21.486428380012512
2018-01-16 17:15:00,21.488719433546066
2018-01-16 17:30:00,21.49101048707962
2018-01-16 17:45:00,21.493301540613174
2018-01-16 18:00:00,21.49559259414673
2018-01-16 18:15:00,21.497883647680283
2018-01-16 18:30:00,21.500174701213837
2018-01-16 18:45:00,21.50246575474739
2018-01-16 19:00:00,21.504756808280945
2018-01-16 19:15:00,21.5070478618145
2018-01-16 19:30:00,21.509338915348053
2018-01-16 19:45:00,21.511629968881607
2018-01-16 20:00:00,21.51392102241516
2018-01-16 20:15:00,21.504744701087475
2018-01-16 20:30:00,21.49556837975979
2018-01-16 20:45:00,21.486392058432102
2018-01-16 21:00:00,21.477215737104416
2018-01-16 21:15:00,21.46803941577673
2018-01-16 21:30:00,21.458863094449043
2018-01-16 21:45:00,21.449686773121357
2018-01-16 22:00:00,21.44051045179367
2018-01-16 22:15:00,21.431334130465984
2018-01-16 22:30:00,21.422157809138298
2018-01-16 22:45:00,21.41298148781061
2018-01-16 23:00:00,21.403805166482925
2018-01-16 23:15:00,21.39462884515524
2018-01-16 23:30:00,21.385452523827553
2018-01-16 23:45:00,21.376276202499866
2018-01-17 00:00:00,21.36709988117218
2018-01-17 00:15:00,21.350963599979877
2018-01-17 00:30:00,21.334827318787575
2018-01-17 00:45:00,21.318691037595272
2018-01-17 01:00:00,21.30255475640297
2018-01-17 01:15:00,21.286418475210667
2018-01-17 01:30:00,21.270282194018364
2018-01-17 01:45:00,21.25414591282606
2018-01-17 02:00:00,21.23800963163376
2018-01-17 02:15:00,21.221873350441456
2018-01-17 02:30:00,21.205737069249153
2018-01-17 02:45:00,21.18960078805685
2018-01-17 03:00:00,21.173464506864548
2018-01-17 03:15:00,21.157328225672245
2018-01-17 03:30:00,21.141191944479942
2018-01-17 03:45:00,21.12505566328764
2018-01-17 04:00:00,21.108919382095337
2018-01-17 04:15:00,21.10197339206934
2018-01-17 04:30:00,21.095027402043343
2018-01-17 04:45:00,21.088081412017345
2018-01-17 05:00:00,21.08113542199135
2018-01-17 05:15:00,21.07418943196535
2018-01-17 05:30:00,21.067243441939354
2018-01-17 05:45:00,21.060297451913357
2018-01-17 06:00:00,21.05335146188736
2018-01-17 06:15:00,21.046405471861362
2018-01-17 06:30:00,21.039459481835365
2018-01-17 06:45:00,21.032513491809368
2018-01-17 07:00:00,21.02556750178337
2018-01-17 07:15:00,21.018621511757374
2018-01-17 07:30:00,21.011675521731377
2018-01-17 07:45:00,21.00472953170538
2018-01-17 08:00:00,20.997783541679382
2018-01-17 08:15:00,20.990819297730923
2018-01-17 08:30:00,20.983855053782463
2018-01-17 08:45:00,20.976890809834003
2018-01-17 09:00:00,20.969926565885544
2018-01-17 09:15:00,20.962962321937084
2018-01-17 09:30:00,20.955998077988625
2018-01-17 09:45:00,20.949033834040165
2018-01-17 10:00:00,20.942069590091705
2018-01-17 10:15:00,20.935105346143246
2018-01-17 10:30:00,20.928141102194786
2018-01-17 10:45:00,20.921176858246326
2018-01-17 11:00:00,20.914212614297867
2018-01-17 11:15:00,20.907248370349407
2018-01-17 11:30:00,20.900284126400948
2018-01-17 11:45:00,20.893319882452488
2018-01-17 12:00:00,20.88635563850403
2018-01-17 12:15:00,20.891000516712666
2018-01-17 12:30:00,20.895645394921303
2018-01-17 12:45:00,20.90029027312994
2018-01-17 13:00:00,20.904935151338577
2018-01-17 13:15:00,20.909580029547215
2018-01-17 13:30:00,20.91422490775585
2018-01-17 13:45:00,20.91886978596449
2018-01-17 14:00:00,20.923514664173126
2018-01-17 14:15:00,20.928159542381763
2018-01-17 14:30:00,20.9328044205904
2018-01-17 14:45:00,20.937449298799038
2018-01-17 15:00:00,20.942094177007675
2018-01-17 15:15:00,20.946739055216312
2018-01-17 15:30:00,20.95138393342495
2018-01-17 15:45:00,20.956028811633587
2018-01-17 16:00:00,20.960673689842224
2018-01-17 16:15:00,20.962993055582047
2018-01-17 16:30:00,20.96531242132187
2018-01-17 16:45:00,20.96763178706169
2018-01-17 17:00:00,20.969951152801514
2018-01-17 17:15:00,20.972270518541336
2018-01-17 17:30:00,20.97458988428116
2018-01-17 17:45:00,20.97690925002098
2018-01-17 18:00:00,20.979228615760803
2018-01-17 18:15:00,20.981547981500626
2018-01-17 18:30:00,20.983867347240448
2018-01-17 18:45:00,20.98618671298027
2018-01-17 19:00:00,20.988506078720093
2018-01-17 19:15:00,20.990825444459915
2018-01-17 19:30:00,20.993144810199738
2018-01-17 19:45:00,20.99546417593956
2018-01-17 20:00:00,20.997783541679382
2018-01-17 20:15:00,21.000100951641798
2018-01-17 20:30:00,21.002418361604214
2018-01-17 20:45:00,21.00473577156663
2018-01-17 21:00:00,21.007053181529045
2018-01-17 21:15:00,21.00937059149146
2018-01-17 21:30:00,21.011688001453876
2018-01-17 21:45:00,21.014005411416292
2018-01-17 22:00:00,21.016322821378708
2018-01-17 22:15:00,21.018640231341124
2018-01-17 22:30:00,21.02095764130354
2018-01-17 22:45:00,21.023275051265955
2018-01-17 23:00:00,21.02559246122837
2018-01-17 23:15:00,21.027909871190786
2018-01-17 23:30:00,21.030227281153202
2018-01-17 23:45:00,21.032544691115618
2018-01-18 00:00:00,21.034862101078033
2018-01-18 00:15:00,21.032544691115618
2018-01-18 00:30:00,21.030227281153202
2018-01-18 00:45:00,21.027909871190786
2018-01-18 01:00:00,21.02559246122837
2018-01-18 01:15:00,21.023275051265955
2018-01-18 01:30:00,21.02095764130354
2018-01-18 01:45:00,21.018640231341124
2018-01-18 02:00:00,21.016322821378708
2018-01-18 02:15:00,21.014005411416292
2018-01-18 02:30:00,21.011688001453876
2018-01-18 02:45:00,21.00937059149146
2018-01-18 03:00:00,21.007053181529045
2018-01-18 03:15:00,21.00473577156663
2018-01-18 03:30:00,21.002418361604214
2018-01-18 03:45:00,21.000100951641798
2018-01-18 04:00:00,20.997783541679382
2018-01-18 04:15:00,20.986166317015886
2018-01-18 04:30:00,20.97454909235239
2018-01-18 04:45:00,20.962931867688894
2018-01-18 05:00:00,20.9513146430254
2018-01-18 05:15:00,20.939697418361902
2018-01-18 05:30:00,20.928080193698406
2018-01-18 05:45:00,20.91646296903491
2018-01-18 06:00:00,20.904845744371414
2018-01-18 06:15:00,20.893228519707918
2018-01-18 06:30:00,20.881611295044422
2018-01-18 06:45:00,20.869994070380926
2018-01-18 07:00:00,20.85837684571743
2018-01-18 07:15:00,20.846759621053934
2018-01-18 07:30:00,20.835142396390438
2018-01-18 07:45:00,20.823525171726942
2018-01-18 08:00:00,20.811907947063446
2018-01-18 08:15:00,20.80023977905512
2018-01-18 08:30:00,20.78857161104679
2018-01-18 08:45:00,20.776903443038464
2018-01-18 09:00:00,20.765235275030136
2018-01-18 09:15:00,20.75356710702181
2018-01-18 09:30:00,20.74189893901348
2018-01-18 09:45:00,20.730230771005154
2018-01-18 10:00:00,20.718562602996826
2018-01-18 10:15:00,20.7068944349885
2018-01-18 10:30:00,20.69522626698017
2018-01-18 10:45:00,20.683558098971844
2018-01-18 11:00:00,20.671889930963516
2018-01-18 11:15:00,20.66022176295519
2018-01-18 11:30:00,20.64855359494686
2018-01-18 11:45:00,20.636885426938534
2018-01-18 12:00:00,20.625217258930206
2018-01-18 12:15:00,20.62755497172475
2018-01-18 12:30:00,20.62989268451929
2018-01-18 12:45:00,20.632230397313833
2018-01-18 13:00:00,20.634568110108376
2018-01-18 13:15:00,20.636905822902918
2018-01-18 13:30:00,20.63924353569746
2018-01-18 13:45:00,20.641581248492002
2018-01-18 14:00:00,20.643918961286545
2018-01-18 14:15:00,20.646256674081087
2018-01-18 14:30:00,20.64859438687563
2018-01-18 14:45:00,20.65093209967017
2018-01-18 15:00:00,20.653269812464714
2018-01-18 15:15:00,20.655607525259256
2018-01-18 15:30:00,20.6579452380538
2018-01-18 15:45:00,20.66028295084834
2018-01-18 16:00:00,20.662620663642883
2018-01-18 16:15:00,20.667290035635233
2018-01-18 16:30:00,20.671959407627583
2018-01-18 16:45:00,20.676628779619932
2018-01-18 17:00:00,20.681298151612282
2018-01-18 17:15:00,20.68596752360463
2018-01-18 17:30:00,20.69063689559698
2018-01-18 17:45:00,20.69530626758933
2018-01-18 18:00:00,20.69997563958168
2018-01-18 18:15:00,20.70464501157403
2018-01-18 18:30:00,20.70931438356638
2018-01-18 18:45:00,20.71398375555873
2018-01-18 19:00:00,20.71865312755108
2018-01-18 19:15:00,20.72332249954343
2018-01-18 19:30:00,20.727991871535778
2018-01-18 19:45:00,20.732661243528128
2018-01-18 20:00:00,20.737330615520477
2018-01-18 20:15:00,20.739662181586027
2018-01-18 20:30:00,20.741993747651577
2018-01-18 20:45:00,20.744325313717127
2018-01-18 21:00:00,20.746656879782677
2018-01-18 21:15:00,20.748988445848227
2018-01-18 21:30:00,20.751320011913776
2018-01-18 21:45:00,20.753651577979326
2018-01-18 22:00:00,20.755983144044876
2018-01-18 22:15:00,20.758314710110426
2018-01-18 22:30:00,20.760646276175976
2018-01-18 22:45:00,20.762977842241526
2018-01-18 23:00:00,20.765309408307076
2018-01-18 23:15:00,20.767640974372625
2018-01-18 23:30:00,20.769972540438175
2018-01-18 23:45:00,20.772304106503725
2018-01-19 00:00:00,20.774635672569275
2018-01-19 00:15:00,20.77929275110364
2018-01-19 00:30:00,20.783949829638004
2018-01-19 00:45:00,20.78860690817237
2018-01-19 01:00:00,20.793263986706734
2018-01-19 01:15:00,20.7979210652411
2018-01-19 01:30:00,20.802578143775463
2018-01-19 01:45:00,20.807235222309828
2018-01-19 02:00:00,20.811892300844193
2018-01-19 02:15:00,20.816549379378557
2018-01-19 02:30:00,20.821206457912922
2018-01-19 02:45:00,20.825863536447287
2018-01-19 03:00:00,20.83052061498165
2018-01-19 03:15:00,20.835177693516016
2018-01-19 03:30:00,20.83983477205038
2018-01-19 03:45:00,20.844491850584745
2018-01-19 04:00:00,20.84914892911911
2018-01-19 04:15:00,20.853797812014818
2018-01-19 04:30:00,20.858446694910526
2018-01-19 04:45:00,20.863095577806234
2018-01-19 05:00:00,20.867744460701942
2018-01-19 05:15:00,20.87239334359765
2018-01-19 05:30:00,20.87704222649336
2018-01-19 05:45:00,20.881691109389067
2018-01-19 06:00:00,20.886339992284775
2018-01-19 06:15:00,20.890988875180483
2018-01-19 06:30:00,20.89563775807619
2018-01-19 06:45:00,20.9002866409719
2018-01-19 07:00:00,20.904935523867607
2018-01-19 07:15:00,20.909584406763315
2018-01-19 07:30:00,20.914233289659023
2018-01-19 07:45:00,20.91888217255473
2018-01-19 08:00:00,20.92353105545044
2018-01-19 08:15:00,20.92353105545044
2018-01-19 08:30:00,20.92353105545044
2018-01-19 08:45:00,20.92353105545044
2018-01-19 09:00:00,20.92353105545044
2018-01-19 09:15:00,20.92353105545044
2018-01-19 09:30:00,20.92353105545044
2018-01-19 09:45:00,20.92353105545044
2018-01-19 10:00:00,20.92353105545044
2018-01-19 10:15:00,20.92353105545044
2018-01-19 10:30:00,20.92353105545044
2018-01-19 10:45:00,20.92353105545044
2018-01-19 11:00:00,20.92353105545044
2018-01-19 11:15:00,20.92353105545044
2018-01-19 11:30:00,20.92353105545044
2018-01-19 11:45:00,20.92353105545044
2018-01-19 12:00:00,20.92353105545044
2018-01-19 12:15:00,20.92817183583975
2018-01-19 12:30:00,20.932812616229057
2018-01-19 12:45:00,20.937453396618366
2018-01-19 13:00:00,20.942094177007675
2018-01-19 13:15:00,20.946734957396984
2018-01-19 13:30:00,20.951375737786293
2018-01-19 13:45:00,20.956016518175602
2018-01-19 14:00:00,20.96065729856491
2018-01-19 14:15:00,20.96529807895422
2018-01-19 14:30:00,20.96993885934353
2018-01-19 14:45:00,20.974579639732838
2018-01-19 15:00:00,20.979220420122147
2018-01-19 15:15:00,20.983861200511456
2018-01-19 15:30:00,20.988501980900764
2018-01-19 15:45:00,20.993142761290073
2018-01-19 16:00:00,20.997783541679382
2018-01-19 16:15:00,21.002416219562292
2018-01-19 16:30:00,21.007048897445202
2018-01-19 16:45:00,21.01168157532811
2018-01-19 17:00:00,21.01631425321102
2018-01-19 17:15:00,21.02094693109393
2018-01-19 17:30:00,21.02557960897684
2018-01-19 17:45:00,21.03021228685975
2018-01-19 18:00:00,21.03484496474266
2018-01-19 18:15:00,21.03947764262557
2018-01-19 18:30:00,21.04411032050848
2018-01-19 18:45:00,21.04874299839139
2018-01-19 19:00:00,21.0533756762743
2018-01-19 19:15:00,21.05800835415721
2018-01-19 19:30:00,21.06264103204012
2018-01-19 19:45:00,21.06727370992303
2018-01-19 20:00:00,21.07190638780594
2018-01-19 20:15:00,21.07653096318245
2018-01-19 20:30:00,21.08115553855896
2018-01-19 20:45:00,21.08578011393547
2018-01-19 21:00:00,21.09040468931198
2018-01-19 21:15:00,21.095029264688492
2018-01-19 21:30:00,21.099653840065002
2018-01-19 21:45:00,21.104278415441513
2018-01-19 22:00:00,21.108902990818024
2018-01-19 22:15:00,21.113527566194534
2018-01-19 22:30:00,21.118152141571045
2018-01-19 22:45:00,21.122776716947556
2018-01-19 23:00:00,21.127401292324066
2018-01-19 23:15:00,21.132025867700577
2018-01-19 23:30:00,21.136650443077087
2018-01-19 23:45:00,21.141275018453598
2018-01-20 00:00:00,21.14589959383011
2018-01-20 00:15:00,21.15282118320465
2018-01-20 00:30:00,21.159742772579193
2018-01-20 00:45:00,21.166664361953735
2018-01-20 01:00:00,21.173585951328278
2018-01-20 01:15:00,21.18050754070282
2018-01-20 01:30:00,21.187429130077362
2018-01-20 01:45:00,21.194350719451904
2018-01-20 02:00:00,21.201272308826447
2018-01-20 02:15:00,21.20819389820099
2018-01-20 02:30:00,21.21511548757553
2018-01-20 02:45:00,21.222037076950073
2018-01-20 03:00:00,21.228958666324615
2018-01-20 03:15:00,21.235880255699158
2018-01-20 03:30:00,21.2428018450737
2018-01-20 03:45:00,21.249723434448242
2018-01-20 04:00:00,21.256645023822784
2018-01-20 04:15:00,21.26584555953741
2018-01-20 04:30:00,21.275046095252037
2018-01-20 04:45:00,21.284246630966663
2018-01-20 05:00:00,21.29344716668129
2018-01-20 05:15:00,21.302647702395916
2018-01-20 05:30:00,21.311848238110542
2018-01-20 05:45:00,21.32104877382517
2018-01-20 06:00:00,21.330249309539795
2018-01-20 06:15:00,21.33944984525442
2018-01-20 06:30:00,21.348650380969048
2018-01-20 06:45:00,21.357850916683674
2018-01-20 07:00:00,21.3670514523983
2018-01-20 07:15:00,21.376251988112926
2018-01-20 07:30:00,21.385452523827553
2018-01-20 07:45:00,21.39465305954218
2018-01-20 08:00:00,21.403853595256805
2018-01-20 08:15:00,21.413021814078093
2018-01-20 08:30:00,21.42219003289938
2018-01-20 08:45:00,21.431358251720667
2018-01-20 09:00:00,21.440526470541954
2018-01-20 09:15:00,21.44969468936324
2018-01-20 09:30:00,21.45886290818453
2018-01-20 09:45:00,21.468031127005816
2018-01-20 10:00:00,21.477199345827103
2018-01-20 10:15:00,21.48636756464839
2018-01-20 10:30:00,21.495535783469677
2018-01-20 10:45:00,21.504704002290964
2018-01-20 11:00:00,21.51387222111225
2018-01-20 11:15:00,21.52304043993354
2018-01-20 11:30:00,21.532208658754826
2018-01-20 11:45:00,21.541376877576113
2018-01-20 12:00:00,21.5505450963974
2018-01-20 12:15:00,21.555117145180702
2018-01-20 12:30:00,21.559689193964005
2018-01-20 12:45:00,21.564261242747307
2018-01-20 13:00:00,21.56883329153061
2018-01-20 13:15:00,21.57340534031391
2018-01-20 13:30:00,21.577977389097214
2018-01-20 13:45:00,21.582549437880516
2018-01-20 14:00:00,21.58712148666382
2018-01-20 14:15:00,21.59169353544712
2018-01-20 14:30:00,21.596265584230423
2018-01-20 14:45:00,21.600837633013725
2018-01-20 15:00:00,21.605409681797028
2018-01-20 15:15:00,21.60998173058033
2018-01-20 15:30:00,21.614553779363632
2018-01-20 15:45:00,21.619125828146935
2018-01-20 16:00:00,21.623697876930237
2018-01-20 16:15:00,21.621412876993418
2018-01-20 16:30:00,21.6191278770566
2018-01-20 16:45:00,21.61684287711978
2018-01-20 17:00:00,21.61455787718296
2018-01-20 17:15:00,21.61227287724614
2018-01-20 17:30:00,21.609987877309322
2018-01-20 17:45:00,21.607702877372503
2018-01-20 18:00:00,21.605417877435684
2018-01-20 18:15:00,21.603132877498865
2018-01-20 18:30:00,21.600847877562046
2018-01-20 18:45:00,21.598562877625227
2018-01-20 19:00:00,21.596277877688408
2018-01-20 19:15:00,21.59399287775159
2018-01-20 19:30:00,21.59170787781477
2018-01-20 19:45:00,21.58942287787795
2018-01-20 20:00:00,21.58713787794113
2018-01-20 20:15:00,21.58713787794113
2018-01-20 20:30:00,21.58713787794113
2018-01-20 20:45:00,21.58713787794113
2018-01-20 21:00:00,21.58713787794113
2018-01-20 21:15:00,21.58713787794113
2018-01-20 21:30:00,21.58713787794113
2018-01-20 21:45:00,21.58713787794113
2018-01-20 22:00:00,21.58713787794113
2018-01-20 22:15:00,21.58713787794113
2018-01-20 22:30:00,21.58713787794113
2018-01-20 22:45:00,21.58713787794113
2018-01-20 23:00:00,21.58713787794113
2018-01-20 23:15:00,21.58713787794113
2018-01-20 23:30:00,21.58713787794113
2018-01-20 23:45:00,21.58713787794113
2018-01-21 00:00:00,21.58713787794113
2018-01-21 00:15:00,21.58713787794113
2018-01-21 00:30:00,21.58713787794113
2018-01-21 00:45:00,21.58713787794113
2018-01-21 01:00:00,21.58713787794113
2018-01-21 01:15:00,21.58713787794113
2018-01-21 01:30:00,21.58713787794113
2018-01-21 01:45:00,21.58713787794113
2018-01-21 02:00:00,21.58713787794113
2018-01-21 02:15:00,21.58713787794113
2018-01-21 02:30:00,21.58713787794113
2018-01-21 02:45:00,21.58713787794113
2018-01-21 03:00:00,21.58713787794113
2018-01-21 03:15:00,21.58713787794113
2018-01-21 03:30:00,21.58713787794113
2018-01-21 03:45:00,21.58713787794113
2018-01-21 04:00:00,21.58713787794113
2018-01-21 04:15:00,21.58713787794113
2018-01-21 04:30:00,21.58713787794113
2018-01-21 04:45:00,21.58713787794113
2018-01-21 05:00:00,21.58713787794113
2018-01-21 05:15:00,21.58713787794113
2018-01-21 05:30:00,21.58713787794113
2018-01-21 05:45:00,21.58713787794113
2018-01-21 06:00:00,21.58713787794113
2018-01-21 06:15:00,21.58713787794113
2018-01-21 06:30:00,21.58713787794113
2018-01-21 06:45:00,21.58713787794113
2018-01-21 07:00:00,21.58713787794113
2018-01-21 07:15:00,21.58713787794113
2018-01-21 07:30:00,21.58713787794113
2018-01-21 07:45:00,21.58713787794113
2018-01-21 08:00:00,21.58713787794113
2018-01-21 08:15:00,21.58942287787795
2018-01-21 08:30:00,21.59170787781477
2018-01-21 08:45:00,21.59399287775159
2018-01-21 09:00:00,21.596277877688408
2018-01-21 09:15:00,21.598562877625227
2018-01-21 09:30:00,21.600847877562046
2018-01-21 09:45:00,21.603132877498865
2018-01-21 10:00:00,21.605417877435684
2018-01-21 10:15:00,21.607702877372503
2018-01-21 10:30:00,21.609987877309322
2018-01-21 10:45:00,21.61227287724614
2018-01-21 11:00:00,21.61455787718296
2018-01-21 11:15:00,21.61684287711978
2018-01-21 11:30:00,21.6191278770566
2018-01-21 11:45:00,21.621412876993418
2018-01-21 12:00:00,21.623697876930237
2018-01-21 12:15:00,21.62598092108965
2018-01-21 12:30:00,21.62826396524906
2018-01-21 12:45:00,21.630547009408474
2018-01-21 13:00:00,21.632830053567886
2018-01-21 13:15:00,21.6351130977273
2018-01-21 13:30:00,21.63739614188671
2018-01-21 13:45:00,21.639679186046124
2018-01-21 14:00:00,21.641962230205536
2018-01-21 14:15:00,21.64424527436495
2018-01-21 14:30:00,21.64652831852436
2018-01-21 14:45:00,21.648811362683773
2018-01-21 15:00:00,21.651094406843185
2018-01-21 15:15:00,21.653377451002598
2018-01-21 15:30:00,21.65566049516201
2018-01-21 15:45:00,21.657943539321423
2018-01-21 16:00:00,21.660226583480835
2018-01-21 16:15:00,21.667063515633345
2018-01-21 16:30:00,21.673900447785854
2018-01-21 16:45:00,21.680737379938364
2018-01-21 17:00:00,21.687574312090874
2018-01-21 17:15:00,21.694411244243383
2018-01-21 17:30:00,21.701248176395893
2018-01-21 17:45:00,21.708085108548403
2018-01-21 18:00:00,21.714922040700912
2018-01-21 18:15:00,21.721758972853422
2018-01-21 18:30:00,21.728595905005932
2018-01-21 18:45:00,21.73543283715844
2018-01-21 19:00:00,21.74226976931095
2018-01-21 19:15:00,21.74910670146346
2018-01-21 19:30:00,21.75594363361597
2018-01-21 19:45:00,21.76278056576848
2018-01-21 20:00:00,21.76961749792099
2018-01-21 20:15:00,22.400651965290308
2018-01-21 20:30:00,23.031686432659626
2018-01-21 20:45:00,23.662720900028944
2018-01-21 21:00:00,24.293755367398262
2018-01-21 21:15:00,24.92478983476758
2018-01-21 21:30:00,25.555824302136898
2018-01-21 21:45:00,26.186858769506216
2018-01-21 22:00:00,26.817893236875534
2018-01-21 22:15:00,27.448927704244852
2018-01-21 22:30:00,28.07996217161417
2018-01-21 22:45:00,28.710996638983488
2018-01-21 23:00:00,29.342031106352806
2018-01-21 23:15:00,29.973065573722124
2018-01-21 23:30:00,30.604100041091442
2018-01-21 23:45:00,31.23513450846076
2018-01-22 00:00:00,31.866168975830078
2018-01-22 00:15:00,31.83353766798973
2018-01-22 00:30:00,31.800906360149384
2018-01-22 00:45:00,31.768275052309036
2018-01-22 01:00:00,31.73564374446869
2018-01-22 01:15:00,31.70301243662834
2018-01-22 01:30:00,31.670381128787994
2018-01-22 01:45:00,31.637749820947647
2018-01-22 02:00:00,31.6051185131073
2018-01-22 02:15:00,31.572487205266953
2018-01-22 02:30:00,31.539855897426605
2018-01-22 02:45:00,31.507224589586258
2018-01-22 03:00:00,31.47459328174591
2018-01-22 03:15:00,31.441961973905563
2018-01-22 03:30:00,31.409330666065216
2018-01-22 03:45:00,31.37669935822487
2018-01-22 04:00:00,31.34406805038452
2018-01-22 04:15:00,31.160592287778854
2018-01-22 04:30:00,30.977116525173187
2018-01-22 04:45:00,30.79364076256752
2018-01-22 05:00:00,30.610164999961853
2018-01-22 05:15:00,30.426689237356186
2018-01-22 05:30:00,30.24321347475052
2018-01-22 05:45:00,30.05973771214485
2018-01-22 06:00:00,29.876261949539185
2018-01-22 06:15:00,29.692786186933517
2018-01-22 06:30:00,29.50931042432785
2018-01-22 06:45:00,29.325834661722183
2018-01-22 07:00:00,29.142358899116516
2018-01-22 07:15:00,28.95888313651085
2018-01-22 07:30:00,28.775407373905182
2018-01-22 07:45:00,28.591931611299515
2018-01-22 08:00:00,28.408455848693848
2018-01-22 08:15:00,28.336850553750992
2018-01-22 08:30:00,28.265245258808136
2018-01-22 08:45:00,28.19363996386528
2018-01-22 09:00:00,28.122034668922424
2018-01-22 09:15:00,28.05042937397957
2018-01-22 09:30:00,27.978824079036713
2018-01-22 09:45:00,27.907218784093857
2018-01-22 10:00:00,27.835613489151
2018-01-22 10:15:00,27.764008194208145
2018-01-22 10:30:00,27.69240289926529
2018-01-22 10:45:00,27.620797604322433
2018-01-22 11:00:00,27.549192309379578
2018-01-22 11:15:00,27.477587014436722
2018-01-22 11:30:00,27.405981719493866
2018-01-22 11:45:00,27.33437642455101
2018-01-22 12:00:00,27.262771129608154
2018-01-22 12:15:00,27.215014211833477
2018-01-22 12:30:00,27.1672572940588
2018-01-22 12:45:00,27.119500376284122
2018-01-22 13:00:00,27.071743458509445
2018-01-22 13:15:00,27.023986540734768
2018-01-22 13:30:00,26.97622962296009
2018-01-22 13:45:00,26.928472705185413
2018-01-22 14:00:00,26.880715787410736
2018-01-22 14:15:00,26.83295886963606
2018-01-22 14:30:00,26.78520195186138
2018-01-22 14:45:00,26.737445034086704
2018-01-22 15:00:00,26.689688116312027
2018-01-22 15:15:00,26.64193119853735
2018-01-22 15:30:00,26.594174280762672
2018-01-22 15:45:00,26.546417362987995
2018-01-22 16:00:00,26.498660445213318
2018-01-22 16:15:00,26.46827921271324
2018-01-22 16:30:00,26.437897980213165
2018-01-22 16:45:00,26.40751674771309
2018-01-22 17:00:00,26.377135515213013
2018-01-22 17:15:00,26.346754282712936
2018-01-22 17:30:00,26.31637305021286
2018-01-22 17:45:00,26.285991817712784
2018-01-22 18:00:00,26.255610585212708
2018-01-22 18:15:00,26.22522935271263
2018-01-22 18:30:00,26.194848120212555
2018-01-22 18:45:00,26.16446688771248
2018-01-22 19:00:00,26.134085655212402
2018-01-22 19:15:00,26.103704422712326
2018-01-22 19:30:00,26.07332319021225
2018-01-22 19:45:00,26.042941957712173
2018-01-22 20:00:00,26.012560725212097
2018-01-22 20:15:00,25.99413301795721
2018-01-22 20:30:00,25.975705310702324
2018-01-22 20:45:00,25.957277603447437
2018-01-22 21:00:00,25.93884989619255
2018-01-22 21:15:00,25.920422188937664
2018-01-22 21:30:00,25.901994481682777
2018-01-22 21:45:00,25.88356677442789
2018-01-22 22:00:00,25.865139067173004
2018-01-22 22:15:00,25.846711359918118
2018-01-22 22:30:00,25.82828365266323
2018-01-22 22:45:00,25.809855945408344
2018-01-22 23:00:00,25.791428238153458
2018-01-22 23:15:00,25.77300053089857
2018-01-22 23:30:00,25.754572823643684
2018-01-22 23:45:00,25.736145116388798
2018-01-23 00:00:00,25.71771740913391
2018-01-23 00:15:00,25.70328079164028
2018-01-23 00:30:00,25.688844174146652
2018-01-23 00:45:00,25.674407556653023
2018-01-23 01:00:00,25.659970939159393
2018-01-23 01:15:00,25.645534321665764
2018-01-23 01:30:00,25.631097704172134
2018-01-23 01:45:00,25.616661086678505
2018-01-23 02:00:00,25.602224469184875
2018-01-23 02:15:00,25.587787851691246
2018-01-23 02:30:00,25.573351234197617
2018-01-23 02:45:00,25.558914616703987
2018-01-23 03:00:00,25.544477999210358
2018-01-23 03:15:00,25.530041381716728
2018-01-23 03:30:00,25.5156047642231
2018-01-23 03:45:00,25.50116814672947
2018-01-23 04:00:00,25.48673152923584
2018-01-23 04:15:00,25.465949065983295
2018-01-23 04:30:00,25.44516660273075
2018-01-23 04:45:00,25.424384139478207
2018-01-23 05:00:00,25.403601676225662
2018-01-23 05:15:00,25.382819212973118
2018-01-23 05:30:00,25.362036749720573
2018-01-23 05:45:00,25.34125428646803
2018-01-23 06:00:00,25.320471823215485
2018-01-23 06:15:00,25.29968935996294
2018-01-23 06:30:00,25.278906896710396
2018-01-23 06:45:00,25.25812443345785
2018-01-23 07:00:00,25.237341970205307
2018-01-23 07:15:00,25.216559506952763
2018-01-23 07:30:00,25.195777043700218
2018-01-23 07:45:00,25.174994580447674
2018-01-23 08:00:00,25.15421211719513
2018-01-23 08:15:00,25.147940777242184
2018-01-23 08:30:00,25.141669437289238
2018-01-23 08:45:00,25.135398097336292
2018-01-23 09:00:00,25.129126757383347
2018-01-23 09:15:00,25.1228554174304
2018-01-23 09:30:00,25.116584077477455
2018-01-23 09:45:00,25.11031273752451
2018-01-23 10:00:00,25.104041397571564
2018-01-23 10:15:00,25.097770057618618
2018-01-23 10:30:00,25.091498717665672
2018-01-23 10:45:00,25.085227377712727
2018-01-23 11:00:00,25.07895603775978
2018-01-23 11:15:00,25.072684697806835
2018-01-23 11:30:00,25.06641335785389
2018-01-23 11:45:00,25.060142017900944
2018-01-23 12:00:00,25.053870677947998
2018-01-23 12:15:00,25.043380726128817
2018-01-23 12:30:00,25.032890774309635
2018-01-23 12:45:00,25.022400822490454
2018-01-23 13:00:00,25.011910870671272
2018-01-23 13:15:00,25.00142091885209
2018-01-23 13:30:00,24.99093096703291
2018-01-23 13:45:00,24.980441015213728
2018-01-23 14:00:00,24.969951063394547
2018-01-23 14:15:00,24.959461111575365
2018-01-23 14:30:00,24.948971159756184
2018-01-23 14:45:00,24.938481207937002
2018-01-23 15:00:00,24.92799125611782
2018-01-23 15:15:00,24.91750130429864
2018-01-23 15:30:00,24.907011352479458
2018-01-23 15:45:00,24.896521400660276
2018-01-23 16:00:00,24.886031448841095
2018-01-23 16:15:00,24.87549427896738
2018-01-23 16:30:00,24.864957109093666
2018-01-23 16:45:00,24.85441993921995
2018-01-23 17:00:00,24.843882769346237
2018-01-23 17:15:00,24.833345599472523
2018-01-23 17:30:00,24.82280842959881
2018-01-23 17:45:00,24.812271259725094
2018-01-23 18:00:00,24.80173408985138
2018-01-23 18:15:00,24.791196919977665
2018-01-23 18:30:00,24.78065975010395
2018-01-23 18:45:00,24.770122580230236
2018-01-23 19:00:00,24.75958541035652
2018-01-23 19:15:00,24.749048240482807
2018-01-23 19:30:00,24.738511070609093
2018-01-23 19:45:00,24.72797390073538
2018-01-23 20:00:00,24.717436730861664
2018-01-23 20:15:00,24.71109163016081
2018-01-23 20:30:00,24.704746529459953
2018-01-23 20:45:00,24.698401428759098
2018-01-23 21:00:00,24.692056328058243
2018-01-23 21:15:00,24.685711227357388
2018-01-23 21:30:00,24.679366126656532
2018-01-23 21:45:00,24.673021025955677
2018-01-23 22:00:00,24.666675925254822
2018-01-23 22:15:00,24.660330824553967
2018-01-23 22:30:00,24.65398572385311
2018-01-23 22:45:00,24.647640623152256
2018-01-23 23:00:00,24.6412955224514
2018-01-23 23:15:00,24.634950421750546
2018-01-23 23:30:00,24.62860532104969
2018-01-23 23:45:00,24.622260220348835
2018-01-24 00:00:00,24.61591511964798
2018-01-24 00:15:00,24.603173695504665
2018-01-24 00:30:00,24.59043227136135
2018-01-24 00:45:00,24.577690847218037
2018-01-24 01:00:00,24.564949423074722
2018-01-24 01:15:00,24.552207998931408
2018-01-24 01:30:00,24.539466574788094
2018-01-24 01:45:00,24.52672515064478
2018-01-24 02:00:00,24.513983726501465
2018-01-24 02:15:00,24.50124230235815
2018-01-24 02:30:00,24.488500878214836
2018-01-24 02:45:00,24.47575945407152
2018-01-24 03:00:00,24.463018029928207
2018-01-24 03:15:00,24.450276605784893
2018-01-24 03:30:00,24.43753518164158
2018-01-24 03:45:00,24.424793757498264
2018-01-24 04:00:00,24.41205233335495
2018-01-24 04:15:00,24.401382077485323
2018-01-24 04:30:00,24.390711821615696
2018-01-24 04:45:00,24.38004156574607
2018-01-24 05:00:00,24.369371309876442
2018-01-24 05:15:00,24.358701054006815
2018-01-24 05:30:00,24.348030798137188
2018-01-24 05:45:00,24.33736054226756
2018-01-24 06:00:00,24.326690286397934
2018-01-24 06:15:00,24.316020030528307
2018-01-24 06:30:00,24.30534977465868
2018-01-24 06:45:00,24.294679518789053
2018-01-24 07:00:00,24.284009262919426
2018-01-24 07:15:00,24.2733390070498
2018-01-24 07:30:00,24.262668751180172
2018-01-24 07:45:00,24.251998495310545
2018-01-24 08:00:00,24.241328239440918
2018-01-24 08:15:00,24.243466090410948
2018-01-24 08:30:00,24.245603941380978
2018-01-24 08:45:00,24.247741792351007
2018-01-24 09:00:00,24.249879643321037
2018-01-24 09:15:00,24.252017494291067
2018-01-24 09:30:00,24.254155345261097
2018-01-24 09:45:00,24.256293196231127
2018-01-24 10:00:00,24.258431047201157
2018-01-24 10:15:00,24.260568898171186
2018-01-24 10:30:00,24.262706749141216
2018-01-24 10:45:00,24.264844600111246
2018-01-24 11:00:00,24.266982451081276
2018-01-24 11:15:00,24.269120302051306
2018-01-24 11:30:00,24.271258153021336
2018-01-24 11:45:00,24.273396003991365
2018-01-24 12:00:00,24.275533854961395
2018-01-24 12:15:00,24.28619461134076
2018-01-24 12:30:00,24.296855367720127
2018-01-24 12:45:00,24.307516124099493
2018-01-24 13:00:00,24.31817688047886
2018-01-24 13:15:00,24.328837636858225
2018-01-24 13:30:00,24.33949839323759
2018-01-24 13:45:00,24.350159149616957
2018-01-24 14:00:00,24.360819905996323
2018-01-24 14:15:00,24.37148066237569
2018-01-24 14:30:00,24.382141418755054
2018-01-24 14:45:00,24.39280217513442
2018-01-24 15:00:00,24.403462931513786
2018-01-24 15:15:00,24.414123687893152
2018-01-24 15:30:00,24.424784444272518
2018-01-24 15:45:00,24.435445200651884
2018-01-24 16:00:00,24.44610595703125
2018-01-24 16:15:00,24.437581188976765
2018-01-24 16:30:00,24.42905642092228
2018-01-24 16:45:00,24.420531652867794
2018-01-24 17:00:00,24.41200688481331
2018-01-24 17:15:00,24.403482116758823
2018-01-24 17:30:00,24.394957348704338
2018-01-24 17:45:00,24.386432580649853
2018-01-24 18:00:00,24.377907812595367
2018-01-24 18:15:00,24.369383044540882
2018-01-24 18:30:00,24.360858276486397
2018-01-24 18:45:00,24.35233350843191
2018-01-24 19:00:00,24.343808740377426
2018-01-24 19:15:00,24.33528397232294
2018-01-24 19:30:00,24.326759204268456
2018-01-24 19:45:00,24.31823443621397
2018-01-24 20:00:00,24.309709668159485
2018-01-24 20:15:00,24.305435828864574
2018-01-24 20:30:00,24.301161989569664
2018-01-24 20:45:00,24.296888150274754
2018-01-24 21:00:00,24.292614310979843
2018-01-24 21:15:00,24.288340471684933
2018-01-24 21:30:00,24.284066632390022
2018-01-24 21:45:00,24.279792793095112
2018-01-24 22:00:00,24.2755189538002
2018-01-24 22:15:00,24.27124511450529
2018-01-24 22:30:00,24.26697127521038
2018-01-24 22:45:00,24.26269743591547
2018-01-24 23:00:00,24.25842359662056
2018-01-24 23:15:00,24.25414975732565
2018-01-24 23:30:00,24.24987591803074
2018-01-24 23:45:00,24.24560207873583
2018-01-25 00:00:00,24.241328239440918
2018-01-25 00:15:00,24.234903138130903
2018-01-25 00:30:00,24.22847803682089
2018-01-25 00:45:00,24.222052935510874
2018-01-25 01:00:00,24.21562783420086
2018-01-25 01:15:00,24.209202732890844
2018-01-25 01:30:00,24.20277763158083
2018-01-25 01:45:00,24.196352530270815
2018-01-25 02:00:00,24.1899274289608
2018-01-25 02:15:00,24.183502327650785
2018-01-25 02:30:00,24.17707722634077
2018-01-25 02:45:00,24.170652125030756
2018-01-25 03:00:00,24.16422702372074
2018-01-25 03:15:00,24.157801922410727
2018-01-25 03:30:00,24.151376821100712
2018-01-25 03:45:00,24.144951719790697
2018-01-25 04:00:00,24.138526618480682
2018-01-25 04:15:00,24.136381037533283
2018-01-25 04:30:00,24.134235456585884
2018-01-25 04:45:00,24.132089875638485
2018-01-25 05:00:00,24.129944294691086
2018-01-25 05:15:00,24.127798713743687
2018-01-25 05:30:00,24.125653132796288
2018-01-25 05:45:00,24.12350755184889
2018-01-25 06:00:00,24.12136197090149
2018-01-25 06:15:00,24.11921638995409
2018-01-25 06:30:00,24.11707080900669
2018-01-25 06:45:00,24.114925228059292
2018-01-25 07:00:00,24.112779647111893
2018-01-25 07:15:00,24.110634066164494
2018-01-25 07:30:00,24.108488485217094
2018-01-25 07:45:00,24.106342904269695
2018-01-25 08:00:00,24.104197323322296
2018-01-25 08:15:00,24.108486529439688
2018-01-25 08:30:00,24.11277573555708
2018-01-25 08:45:00,24.11706494167447
2018-01-25 09:00:00,24.121354147791862
2018-01-25 09:15:00,24.125643353909254
2018-01-25 09:30:00,24.129932560026646
2018-01-25 09:45:00,24.134221766144037
2018-01-25 10:00:00,24.13851097226143
2018-01-25 10:15:00,24.14280017837882
2018-01-25 10:30:00,24.147089384496212
2018-01-25 10:45:00,24.151378590613604
2018-01-25 11:00:00,24.155667796730995
2018-01-25 11:15:00,24.159957002848387
2018-01-25 11:30:00,24.16424620896578
2018-01-25 11:45:00,24.16853541508317
2018-01-25 12:00:00,24.17282462120056
2018-01-25 12:15:00,24.16638797149062
2018-01-25 12:30:00,24.15995132178068
2018-01-25 12:45:00,24.15351467207074
2018-01-25 13:00:00,24.1470780223608
2018-01-25 13:15:00,24.14064137265086
2018-01-25 13:30:00,24.134204722940922
2018-01-25 13:45:00,24.127768073230982
2018-01-25 14:00:00,24.121331423521042
2018-01-25 14:15:00,24.114894773811102
2018-01-25 14:30:00,24.108458124101162
2018-01-25 14:45:00,24.102021474391222
2018-01-25 15:00:00,24.095584824681282
2018-01-25 15:15:00,24.089148174971342
2018-01-25 15:30:00,24.082711525261402
2018-01-25 15:45:00,24.076274875551462
2018-01-25 16:00:00,24.069838225841522
2018-01-25 16:15:00,24.05907204374671
2018-01-25 16:30:00,24.048305861651897
2018-01-25 16:45:00,24.037539679557085
2018-01-25 17:00:00,24.026773497462273
2018-01-25 17:15:00,24.01600731536746
2018-01-25 17:30:00,24.005241133272648
2018-01-25 17:45:00,23.994474951177835
2018-01-25 18:00:00,23.983708769083023
2018-01-25 18:15:00,23.97294258698821
2018-01-25 18:30:00,23.9621764048934
2018-01-25 18:45:00,23.951410222798586
2018-01-25 19:00:00,23.940644040703773
2018-01-25 19:15:00,23.92987785860896
2018-01-25 19:30:00,23.91911167651415
2018-01-25 19:45:00,23.908345494419336
2018-01-25 20:00:00,23.897579312324524
2018-01-25 20:15:00,23.89542032033205
2018-01-25 20:30:00,23.893261328339577
2018-01-25 20:45:00,23.891102336347103
2018-01-25 21:00:00,23.88894334435463
2018-01-25 21:15:00,23.886784352362156
2018-01-25 21:30:00,23.884625360369682
2018-01-25 21:45:00,23.88246636837721
2018-01-25 22:00:00,23.880307376384735
2018-01-25 22:15:00,23.87814838439226
2018-01-25 22:30:00,23.875989392399788
2018-01-25 22:45:00,23.873830400407314
2018-01-25 23:00:00,23.87167140841484
2018-01-25 23:15:00,23.869512416422367
2018-01-25 23:30:00,23.867353424429893
2018-01-25 23:45:00,23.86519443243742
2018-01-26 00:00:00,23.863035440444946
2018-01-26 00:15:00,23.860874492675066
2018-01-26 00:30:00,23.858713544905186
2018-01-26 00:45:00,23.856552597135305
2018-01-26 01:00:00,23.854391649365425
2018-01-26 01:15:00,23.852230701595545
2018-01-26 01:30:00,23.850069753825665
2018-01-26 01:45:00,23.847908806055784
2018-01-26 02:00:00,23.845747858285904
2018-01-26 02:15:00,23.843586910516024
2018-01-26 02:30:00,23.841425962746143
2018-01-26 02:45:00,23.839265014976263
2018-01-26 03:00:00,23.837104067206383
2018-01-26 03:15:00,23.834943119436502
2018-01-26 03:30:00,23.832782171666622
2018-01-26 03:45:00,23.830621223896742
2018-01-26 04:00:00,23.82846027612686
2018-01-26 04:15:00,23.826297465711832
2018-01-26 04:30:00,23.824134655296803
2018-01-26 04:45:00,23.821971844881773
2018-01-26 05:00:00,23.819809034466743
2018-01-26 05:15:00,23.817646224051714
2018-01-26 05:30:00,23.815483413636684
2018-01-26 05:45:00,23.813320603221655
2018-01-26 06:00:00,23.811157792806625
2018-01-26 06:15:00,23.808994982391596
2018-01-26 06:30:00,23.806832171976566
2018-01-26 06:45:00,23.804669361561537
2018-01-26 07:00:00,23.802506551146507
2018-01-26 07:15:00,23.800343740731478
2018-01-26 07:30:00,23.798180930316448
2018-01-26 07:45:00,23.79601811990142
2018-01-26 08:00:00,23.79385530948639
2018-01-26 08:15:00,23.791690450161695
2018-01-26 08:30:00,23.789525590837002
2018-01-26 08:45:00,23.787360731512308
2018-01-26 09:00:00,23.785195872187614
2018-01-26 09:15:00,23.78303101286292
2018-01-26 09:30:00,23.780866153538227
2018-01-26 09:45:00,23.778701294213533
2018-01-26 10:00:00,23.77653643488884
2018-01-26 10:15:00,23.774371575564146
2018-01-26 10:30:00,23.772206716239452
2018-01-26 10:45:00,23.77004185691476
2018-01-26 11:00:00,23.767876997590065
2018-01-26 11:15:00,23.76571213826537
2018-01-26 11:30:00,23.763547278940678
2018-01-26 11:45:00,23.761382419615984
2018-01-26 12:00:00,23.75921756029129
2018-01-26 12:15:00,23.757050838321447
2018-01-26 12:30:00,23.754884116351604
2018-01-26 12:45:00,23.75271739438176
2018-01-26 13:00:00,23.75055067241192
2018-01-26 13:15:00,23.748383950442076
2018-01-26 13:30:00,23.746217228472233
2018-01-26 13:45:00,23.74405050650239
2018-01-26 14:00:00,23.741883784532547
2018-01-26 14:15:00,23.739717062562704
2018-01-26 14:30:00,23.73755034059286
2018-01-26 14:45:00,23.73538361862302
2018-01-26 15:00:00,23.733216896653175
2018-01-26 15:15:00,23.731050174683332
2018-01-26 15:30:00,23.72888345271349
2018-01-26 15:45:00,23.726716730743647
2018-01-26 16:00:00,23.724550008773804
2018-01-26 16:15:00,23.720210790634155
2018-01-26 16:30:00,23.715871572494507
2018-01-26 16:45:00,23.71153235435486
2018-01-26 17:00:00,23.70719313621521
2018-01-26 17:15:00,23.70285391807556
2018-01-26 17:30:00,23.698514699935913
2018-01-26 17:45:00,23.694175481796265
2018-01-26 18:00:00,23.689836263656616
2018-01-26 18:15:00,23.685497045516968
2018-01-26 18:30:00,23.68115782737732
2018-01-26 18:45:00,23.67681860923767
2018-01-26 19:00:00,23.672479391098022
2018-01-26 19:15:00,23.668140172958374
2018-01-26 19:30:00,23.663800954818726
2018-01-26 19:45:00,23.659461736679077
2018-01-26 20:00:00,23.65512251853943
2018-01-26 20:15:00,23.65512251853943
2018-01-26 20:30:00,23.65512251853943
2018-01-26 20:45:00,23.65512251853943
2018-01-26 21:00:00,23.65512251853943
2018-01-26 21:15:00,23.65512251853943
2018-01-26 21:30:00,23.65512251853943
2018-01-26 21:45:00,23.65512251853943
2018-01-26 22:00:00,23.65512251853943
2018-01-26 22:15:00,23.65512251853943
2018-01-26 22:30:00,23.65512251853943
2018-01-26 22:45:00,23.65512251853943
2018-01-26 23:00:00,23.65512251853943
2018-01-26 23:15:00,23.65512251853943
2018-01-26 23:30:00,23.65512251853943
2018-01-26 23:45:00,23.65512251853943
2018-01-27 00:00:00,23.65512251853943
2018-01-27 00:15:00,23.67674158886075
2018-01-27 00:30:00,23.69836065918207
2018-01-27 00:45:00,23.719979729503393
2018-01-27 01:00:00,23.741598799824715
2018-01-27 01:15:00,23.763217870146036
2018-01-27 01:30:00,23.784836940467358
2018-01-27 01:45:00,23.80645601078868
2018-01-27 02:00:00,23.82807508111
2018-01-27 02:15:00,23.849694151431322
2018-01-27 02:30:00,23.871313221752644
2018-01-27 02:45:00,23.892932292073965
2018-01-27 03:00:00,23.914551362395287
2018-01-27 03:15:00,23.936170432716608
2018-01-27 03:30:00,23.95778950303793
2018-01-27 03:45:00,23.97940857335925
2018-01-27 04:00:00,24.001027643680573
2018-01-27 04:15:00,24.02245430275798
2018-01-27 04:30:00,24.043880961835384
2018-01-27 04:45:00,24.06530762091279
2018-01-27 05:00:00,24.086734279990196
2018-01-27 05:15:00,24.108160939067602
2018-01-27 05:30:00,24.129587598145008
2018-01-27 05:45:00,24.151014257222414
2018-01-27 06:00:00,24.17244091629982
2018-01-27 06:15:00,24.193867575377226
2018-01-27 06:30:00,24.215294234454632
2018-01-27 06:45:00,24.236720893532038
2018-01-27 07:00:00,24.258147552609444
2018-01-27 07:15:00,24.27957421168685
2018-01-27 07:30:00,24.301000870764256
2018-01-27 07:45:00,24.32242752984166
2018-01-27 08:00:00,24.343854188919067
2018-01-27 08:15:00,24.341720156371593
2018-01-27 08:30:00,24.33958612382412
2018-01-27 08:45:00,24.337452091276646
2018-01-27 09:00:00,24.33531805872917
2018-01-27 09:15:00,24.333184026181698
2018-01-27 09:30:00,24.331049993634224
2018-01-27 09:45:00,24.32891596108675
2018-01-27 10:00:00,24.326781928539276
2018-01-27 10:15:00,24.324647895991802
2018-01-27 10:30:00,24.32251386344433
2018-01-27 10:45:00,24.320379830896854
2018-01-27 11:00:00,24.31824579834938
2018-01-27 11:15:00,24.316111765801907
2018-01-27 11:30:00,24.313977733254433
2018-01-27 11:45:00,24.31184370070696
2018-01-27 12:00:00,24.309709668159485
2018-01-27 12:15:00,24.301154352724552
2018-01-27 12:30:00,24.29259903728962
2018-01-27 12:45:00,24.284043721854687
2018-01-27 13:00:00,24.275488406419754
2018-01-27 13:15:00,24.26693309098482
2018-01-27 13:30:00,24.25837777554989
2018-01-27 13:45:00,24.249822460114956
2018-01-27 14:00:00,24.241267144680023
2018-01-27 14:15:00,24.23271182924509
2018-01-27 14:30:00,24.224156513810158
2018-01-27 14:45:00,24.215601198375225
2018-01-27 15:00:00,24.207045882940292
2018-01-27 15:15:00,24.19849056750536
2018-01-27 15:30:00,24.189935252070427
2018-01-27 15:45:00,24.181379936635494
2018-01-27 16:00:00,24.17282462120056
2018-01-27 16:15:00,24.164238572120667
2018-01-27 16:30:00,24.15565252304077
2018-01-27 16:45:00,24.147066473960876
2018-01-27 17:00:00,24.13848042488098
2018-01-27 17:15:00,24.129894375801086
2018-01-27 17:30:00,24.12130832672119
2018-01-27 17:45:00,24.112722277641296
2018-01-27 18:00:00,24.1041362285614
2018-01-27 18:15:00,24.095550179481506
2018-01-27 18:30:00,24.08696413040161
2018-01-27 18:45:00,24.078378081321716
2018-01-27 19:00:00,24.06979203224182
2018-01-27 19:15:00,24.061205983161926
2018-01-27 19:30:00,24.05261993408203
2018-01-27 19:45:00,24.044033885002136
2018-01-27 20:00:00,24.03544783592224
2018-01-27 20:15:00,24.03114326298237
2018-01-27 20:30:00,24.026838690042496
2018-01-27 20:45:00,24.022534117102623
2018-01-27 21:00:00,24.01822954416275
2018-01-27 21:15:00,24.013924971222878
2018-01-27 21:30:00,24.009620398283005
2018-01-27 21:45:00,24.005315825343132
2018-01-27 22:00:00,24.00101125240326
2018-01-27 22:15:00,23.996706679463387
2018-01-27 22:30:00,23.992402106523514
2018-01-27 22:45:00,23.98809753358364
2018-01-27 23:00:00,23.98379296064377
2018-01-27 23:15:00,23.979488387703896
2018-01-27 23:30:00,23.975183814764023
2018-01-27 23:45:00,23.97087924182415
2018-01-28 00:00:00,23.966574668884277
2018-01-28 00:15:00,23.962262459099293
2018-01-28 00:30:00,23.957950249314308
2018-01-28 00:45:00,23.953638039529324
2018-01-28 01:00:00,23.94932582974434
2018-01-28 01:15:00,23.945013619959354
2018-01-28 01:30:00,23.94070141017437
2018-01-28 01:45:00,23.936389200389385
2018-01-28 02:00:00,23.9320769906044
2018-01-28 02:15:00,23.927764780819416
2018-01-28 02:30:00,23.92345257103443
2018-01-28 02:45:00,23.919140361249447
2018-01-28 03:00:00,23.914828151464462
2018-01-28 03:15:00,23.910515941679478
2018-01-28 03:30:00,23.906203731894493
2018-01-28 03:45:00,23.90189152210951
2018-01-28 04:00:00,23.897579312324524
2018-01-28 04:15:00,23.89109656214714
2018-01-28 04:30:00,23.884613811969757
2018-01-28 04:45:00,23.878131061792374
2018-01-28 05:00:00,23.87164831161499
2018-01-28 05:15:00,23.865165561437607
2018-01-28 05:30:00,23.858682811260223
2018-01-28 05:45:00,23.85220006108284
2018-01-28 06:00:00,23.845717310905457
2018-01-28 06:15:00,23.839234560728073
2018-01-28 06:30:00,23.83275181055069
2018-01-28 06:45:00,23.826269060373306
2018-01-28 07:00:00,23.819786310195923
2018-01-28 07:15:00,23.81330356001854
2018-01-28 07:30:00,23.806820809841156
2018-01-28 07:45:00,23.800338059663773
2018-01-28 08:00:00,23.79385530948639
2018-01-28 08:15:00,23.79385530948639
2018-01-28 08:30:00,23.79385530948639
2018-01-28 08:45:00,23.79385530948639
2018-01-28 09:00:00,23.79385530948639
2018-01-28 09:15:00,23.79385530948639
2018-01-28 09:30:00,23.79385530948639
2018-01-28 09:45:00,23.79385530948639
2018-01-28 10:00:00,23.79385530948639
2018-01-28 10:15:00,23.79385530948639
2018-01-28 10:30:00,23.79385530948639
2018-01-28 10:45:00,23.79385530948639
2018-01-28 11:00:00,23.79385530948639
2018-01-28 11:15:00,23.79385530948639
2018-01-28 11:30:00,23.79385530948639
2018-01-28 11:45:00,23.79385530948639
2018-01-28 12:00:00,23.79385530948639
2018-01-28 12:15:00,23.79601811990142
2018-01-28 12:30:00,23.798180930316448
2018-01-28 12:45:00,23.800343740731478
2018-01-28 13:00:00,23.802506551146507
2018-01-28 13:15:00,23.804669361561537
2018-01-28 13:30:00,23.806832171976566
2018-01-28 13:45:00,23.808994982391596
2018-01-28 14:00:00,23.811157792806625
2018-01-28 14:15:00,23.813320603221655
2018-01-28 14:30:00,23.815483413636684
2018-01-28 14:45:00,23.817646224051714
2018-01-28 15:00:00,23.819809034466743
2018-01-28 15:15:00,23.821971844881773
2018-01-28 15:30:00,23.824134655296803
2018-01-28 15:45:00,23.826297465711832
2018-01-28 16:00:00,23.82846027612686
2018-01-28 16:15:00,23.821965884417295
2018-01-28 16:30:00,23.81547149270773
2018-01-28 16:45:00,23.808977100998163
2018-01-28 17:00:00,23.802482709288597
2018-01-28 17:15:00,23.79598831757903
2018-01-28 17:30:00,23.789493925869465
2018-01-28 17:45:00,23.7829995341599
2018-01-28 18:00:00,23.776505142450333
2018-01-28 18:15:00,23.770010750740767
2018-01-28 18:30:00,23.7635163590312
2018-01-28 18:45:00,23.757021967321634
2018-01-28 19:00:00,23.750527575612068
2018-01-28 19:15:00,23.744033183902502
2018-01-28 19:30:00,23.737538792192936
2018-01-28 19:45:00,23.73104440048337
2018-01-28 20:00:00,23.724550008773804
2018-01-28 20:15:00,23.722381331026554
2018-01-28 20:30:00,23.720212653279305
2018-01-28 20:45:00,23.718043975532055
2018-01-28 21:00:00,23.715875297784805
2018-01-28 21:15:00,23.713706620037556
2018-01-28 21:30:00,23.711537942290306
2018-01-28 21:45:00,23.709369264543056
2018-01-28 22:00:00,23.707200586795807
2018-01-28 22:15:00,23.705031909048557
2018-01-28 22:30:00,23.702863231301308
2018-01-28 22:45:00,23.700694553554058
2018-01-28 23:00:00,23.69852587580681
2018-01-28 23:15:00,23.69635719805956
2018-01-28 23:30:00,23.69418852031231
2018-01-28 23:45:00,23.69201984256506
2018-01-29 00:00:00,23.68985116481781
2018-01-29 00:15:00,23.68768062442541
2018-01-29 00:30:00,23.685510084033012
2018-01-29 00:45:00,23.683339543640614
2018-01-29 01:00:00,23.681169003248215
2018-01-29 01:15:00,23.678998462855816
2018-01-29 01:30:00,23.676827922463417
2018-01-29 01:45:00,23.674657382071018
2018-01-29 02:00:00,23.67248684167862
2018-01-29 02:15:00,23.67031630128622
2018-01-29 02:30:00,23.66814576089382
2018-01-29 02:45:00,23.665975220501423
2018-01-29 03:00:00,23.663804680109024
2018-01-29 03:15:00,23.661634139716625
2018-01-29 03:30:00,23.659463599324226
2018-01-29 03:45:00,23.657293058931828
2018-01-29 04:00:00,23.65512251853943
2018-01-29 04:15:00,23.652949929237366
2018-01-29 04:30:00,23.650777339935303
2018-01-29 04:45:00,23.64860475063324
2018-01-29 05:00:00,23.646432161331177
2018-01-29 05:15:00,23.644259572029114
2018-01-29 05:30:00,23.64208698272705
2018-01-29 05:45:00,23.639914393424988
2018-01-29 06:00:00,23.637741804122925
2018-01-29 06:15:00,23.635569214820862
2018-01-29 06:30:00,23.6333966255188
2018-01-29 06:45:00,23.631224036216736
2018-01-29 07:00:00,23.629051446914673
2018-01-29 07:15:00,23.62687885761261
2018-01-29 07:30:00,23.624706268310547
2018-01-29 07:45:00,23.622533679008484
2018-01-29 08:00:00,23.62036108970642
2018-01-29 08:15:00,23.62036108970642
2018-01-29 08:30:00,23.62036108970642
2018-01-29 08:45:00,23.62036108970642
2018-01-29 09:00:00,23.62036108970642
2018-01-29 09:15:00,23.62036108970642
2018-01-29 09:30:00,23.62036108970642
2018-01-29 09:45:00,23.62036108970642
2018-01-29 10:00:00,23.62036108970642
2018-01-29 10:15:00,23.62036108970642
2018-01-29 10:30:00,23.62036108970642
2018-01-29 10:45:00,23.62036108970642
2018-01-29 11:00:00,23.62036108970642
2018-01-29 11:15:00,23.62036108970642
2018-01-29 11:30:00,23.62036108970642
2018-01-29 11:45:00,23.62036108970642
2018-01-29 12:00:00,23.62036108970642
2018-01-29 12:15:00,23.61818663775921
2018-01-29 12:30:00,23.616012185811996
2018-01-29 12:45:00,23.613837733864784
2018-01-29 13:00:00,23.611663281917572
2018-01-29 13:15:00,23.60948882997036
2018-01-29 13:30:00,23.607314378023148
2018-01-29 13:45:00,23.605139926075935
2018-01-29 14:00:00,23.602965474128723
2018-01-29 14:15:00,23.60079102218151
2018-01-29 14:30:00,23.5986165702343
2018-01-29 14:45:00,23.596442118287086
2018-01-29 15:00:00,23.594267666339874
2018-01-29 15:15:00,23.592093214392662
2018-01-29 15:30:00,23.58991876244545
2018-01-29 15:45:00,23.587744310498238
2018-01-29 16:00:00,23.585569858551025
2018-01-29 16:15:00,23.583393450826406
2018-01-29 16:30:00,23.581217043101788
2018-01-29 16:45:00,23.57904063537717
2018-01-29 17:00:00,23.57686422765255
2018-01-29 17:15:00,23.57468781992793
2018-01-29 17:30:00,23.572511412203312
2018-01-29 17:45:00,23.570335004478693
2018-01-29 18:00:00,23.568158596754074
2018-01-29 18:15:00,23.565982189029455
2018-01-29 18:30:00,23.563805781304836
2018-01-29 18:45:00,23.561629373580217
2018-01-29 19:00:00,23.5594529658556
2018-01-29 19:15:00,23.55727655813098
2018-01-29 19:30:00,23.55510015040636
2018-01-29 19:45:00,23.55292374268174
2018-01-29 20:00:00,23.550747334957123
2018-01-29 20:15:00,23.546388745307922
2018-01-29 20:30:00,23.542030155658722
2018-01-29 20:45:00,23.53767156600952
2018-01-29 21:00:00,23.53331297636032
2018-01-29 21:15:00,23.52895438671112
2018-01-29 21:30:00,23.52459579706192
2018-01-29 21:45:00,23.52023720741272
2018-01-29 22:00:00,23.51587861776352
2018-01-29 22:15:00,23.51152002811432
2018-01-29 22:30:00,23.50716143846512
2018-01-29 22:45:00,23.502802848815918
2018-01-29 23:00:00,23.498444259166718
2018-01-29 23:15:00,23.494085669517517
2018-01-29 23:30:00,23.489727079868317
2018-01-29 23:45:00,23.485368490219116
2018-01-30 00:00:00,23.481009900569916
2018-01-30 00:15:00,23.474457301199436
2018-01-30 00:30:00,23.467904701828957
2018-01-30 00:45:00,23.461352102458477
2018-01-30 01:00:00,23.454799503087997
2018-01-30 01:15:00,23.448246903717518
2018-01-30 01:30:00,23.44169430434704
2018-01-30 01:45:00,23.43514170497656
2018-01-30 02:00:00,23.42858910560608
2018-01-30 02:15:00,23.4220365062356
2018-01-30 02:30:00,23.41548390686512
2018-01-30 02:45:00,23.40893130749464
2018-01-30 03:00:00,23.40237870812416
2018-01-30 03:15:00,23.39582610875368
2018-01-30 03:30:00,23.3892735093832
2018-01-30 03:45:00,23.382720910012722
2018-01-30 04:00:00,23.376168310642242
2018-01-30 04:15:00,23.371790256351233
2018-01-30 04:30:00,23.367412202060223
2018-01-30 04:45:00,23.363034147769213
2018-01-30 05:00:00,23.358656093478203
2018-01-30 05:15:00,23.354278039187193
2018-01-30 05:30:00,23.349899984896183
2018-01-30 05:45:00,23.345521930605173
2018-01-30 06:00:00,23.341143876314163
2018-01-30 06:15:00,23.336765822023153
2018-01-30 06:30:00,23.332387767732143
2018-01-30 06:45:00,23.328009713441133
2018-01-30 07:00:00,23.323631659150124
2018-01-30 07:15:00,23.319253604859114
2018-01-30 07:30:00,23.314875550568104
2018-01-30 07:45:00,23.310497496277094
2018-01-30 08:00:00,23.306119441986084
2018-01-30 08:15:00,23.306119441986084
2018-01-30 08:30:00,23.306119441986084
2018-01-30 08:45:00,23.306119441986084
2018-01-30 09:00:00,23.306119441986084
2018-01-30 09:15:00,23.306119441986084
2018-01-30 09:30:00,23.306119441986084
2018-01-30 09:45:00,23.306119441986084
2018-01-30 10:00:00,23.306119441986084
2018-01-30 10:15:00,23.306119441986084
2018-01-30 10:30:00,23.306119441986084
2018-01-30 10:45:00,23.306119441986084
2018-01-30 11:00:00,23.306119441986084
2018-01-30 11:15:00,23.306119441986084
2018-01-30 11:30:00,23.306119441986084
2018-01-30 11:45:00,23.306119441986084
2018-01-30 12:00:00,23.306119441986084
2018-01-30 12:15:00,23.312683682888746
2018-01-30 12:30:00,23.31924792379141
2018-01-30 12:45:00,23.32581216469407
2018-01-30 13:00:00,23.332376405596733
2018-01-30 13:15:00,23.338940646499395
2018-01-30 13:30:00,23.345504887402058
2018-01-30 13:45:00,23.35206912830472
2018-01-30 14:00:00,23.358633369207382
2018-01-30 14:15:00,23.365197610110044
2018-01-30 14:30:00,23.371761851012707
2018-01-30 14:45:00,23.37832609191537
2018-01-30 15:00:00,23.38489033281803
2018-01-30 15:15:00,23.391454573720694
2018-01-30 15:30:00,23.398018814623356
2018-01-30 15:45:00,23.404583055526018
2018-01-30 16:00:00,23.41114729642868
2018-01-30 16:15:00,23.408961109817028
2018-01-30 16:30:00,23.406774923205376
2018-01-30 16:45:00,23.404588736593723
2018-01-30 17:00:00,23.40240254998207
2018-01-30 17:15:00,23.40021636337042
2018-01-30 17:30:00,23.398030176758766
2018-01-30 17:45:00,23.395843990147114
2018-01-30 18:00:00,23.39365780353546
2018-01-30 18:15:00,23.39147161692381
2018-01-30 18:30:00,23.389285430312157
2018-01-30 18:45:00,23.387099243700504
2018-01-30 19:00:00,23.384913057088852
2018-01-30 19:15:00,23.3827268704772
2018-01-30 19:30:00,23.380540683865547
2018-01-30 19:45:00,23.378354497253895
2018-01-30 20:00:00,23.376168310642242
2018-01-30 20:15:00,23.37398026138544
2018-01-30 20:30:00,23.37179221212864
2018-01-30 20:45:00,23.369604162871838
2018-01-30 21:00:00,23.367416113615036
2018-01-30 21:15:00,23.365228064358234
2018-01-30 21:30:00,23.363040015101433
2018-01-30 21:45:00,23.36085196584463
2018-01-30 22:00:00,23.35866391658783
2018-01-30 22:15:00,23.356475867331028
2018-01-30 22:30:00,23.354287818074226
2018-01-30 22:45:00,23.352099768817425
2018-01-30 23:00:00,23.349911719560623
2018-01-30 23:15:00,23.34772367030382
2018-01-30 23:30:00,23.34553562104702
2018-01-30 23:45:00,23.34334757179022
2018-01-31 00:00:00,23.341159522533417
2018-01-31 00:15:00,23.33896951749921
2018-01-31 00:30:00,23.336779512465
2018-01-31 00:45:00,23.334589507430792
2018-01-31 01:00:00,23.332399502396584
2018-01-31 01:15:00,23.330209497362375
2018-01-31 01:30:00,23.328019492328167
2018-01-31 01:45:00,23.32582948729396
2018-01-31 02:00:00,23.32363948225975
2018-01-31 02:15:00,23.321449477225542
2018-01-31 02:30:00,23.319259472191334
2018-01-31 02:45:00,23.317069467157125
2018-01-31 03:00:00,23.314879462122917
2018-01-31 03:15:00,23.31268945708871
2018-01-31 03:30:00,23.3104994520545
2018-01-31 03:45:00,23.308309447020292
2018-01-31 04:00:00,23.306119441986084
2018-01-31 04:15:00,23.30392748117447
2018-01-31 04:30:00,23.301735520362854
2018-01-31 04:45:00,23.29954355955124
2018-01-31 05:00:00,23.297351598739624
2018-01-31 05:15:00,23.29515963792801
2018-01-31 05:30:00,23.292967677116394
2018-01-31 05:45:00,23.29077571630478
2018-01-31 06:00:00,23.288583755493164
2018-01-31 06:15:00,23.28639179468155
2018-01-31 06:30:00,23.284199833869934
2018-01-31 06:45:00,23.28200787305832
2018-01-31 07:00:00,23.279815912246704
2018-01-31 07:15:00,23.27762395143509
2018-01-31 07:30:00,23.275431990623474
2018-01-31 07:45:00,23.27324002981186
2018-01-31 08:00:00,23.271048069000244
2018-01-31 08:15:00,23.271048069000244
2018-01-31 08:30:00,23.271048069000244
2018-01-31 08:45:00,23.271048069000244
2018-01-31 09:00:00,23.271048069000244
2018-01-31 09:15:00,23.271048069000244
2018-01-31 09:30:00,23.271048069000244
2018-01-31 09:45:00,23.271048069000244
2018-01-31 10:00:00,23.271048069000244
2018-01-31 10:15:00,23.271048069000244
2018-01-31 10:30:00,23.271048069000244
2018-01-31 10:45:00,23.271048069000244
2018-01-31 11:00:00,23.271048069000244
2018-01-31 11:15:00,23.271048069000244
2018-01-31 11:30:00,23.271048069000244
2018-01-31 11:45:00,23.271048069000244
2018-01-31 12:00:00,23.271048069000244
2018-01-31 12:15:00,23.268854152411222
2018-01-31 12:30:00,23.2666602358222
2018-01-31 12:45:00,23.26446631923318
2018-01-31 13:00:00,23.262272402644157
2018-01-31 13:15:00,23.260078486055136
2018-01-31 13:30:00,23.257884569466114
2018-01-31 13:45:00,23.255690652877092
2018-01-31 14:00:00,23.25349673628807
2018-01-31 14:15:00,23.25130281969905
2018-01-31 14:30:00,23.249108903110027
2018-01-31 14:45:00,23.246914986521006
2018-01-31 15:00:00,23.244721069931984
2018-01-31 15:15:00,23.242527153342962
2018-01-31 15:30:00,23.24033323675394
2018-01-31 15:45:00,23.23813932016492
2018-01-31 16:00:00,23.235945403575897
2018-01-31 16:15:00,23.231551703065634
2018-01-31 16:30:00,23.22715800255537
2018-01-31 16:45:00,23.222764302045107
2018-01-31 17:00:00,23.218370601534843
2018-01-31 17:15:00,23.21397690102458
2018-01-31 17:30:00,23.209583200514317
2018-01-31 17:45:00,23.205189500004053
2018-01-31 18:00:00,23.20079579949379
2018-01-31 18:15:00,23.196402098983526
2018-01-31 18:30:00,23.192008398473263
2018-01-31 18:45:00,23.187614697963
2018-01-31 19:00:00,23.183220997452736
2018-01-31 19:15:00,23.178827296942472
2018-01-31 19:30:00,23.17443359643221
2018-01-31 19:45:00,23.170039895921946
2018-01-31 20:00:00,23.165646195411682
2018-01-31 20:15:00,23.165646195411682
2018-01-31 20:30:00,23.165646195411682
2018-01-31 20:45:00,23.165646195411682
2018-01-31 21:00:00,23.165646195411682
2018-01-31 21:15:00,23.165646195411682
2018-01-31 21:30:00,23.165646195411682
2018-01-31 21:45:00,23.165646195411682
2018-01-31 22:00:00,23.165646195411682
2018-01-31 22:15:00,23.165646195411682
2018-01-31 22:30:00,23.165646195411682
2018-01-31 22:45:00,23.165646195411682
2018-01-31 23:00:00,23.165646195411682
2018-01-31 23:15:00,23.165646195411682
2018-01-31 23:30:00,23.165646195411682
2018-01-31 23:45:00,23.165646195411682
2018-02-01 00:00:00,23.165646195411682
2018-02-01 00:15:00,23.163446504622698
2018-02-01 00:30:00,23.161246813833714
2018-02-01 00:45:00,23.15904712304473
2018-02-01 01:00:00,23.156847432255745
2018-02-01 01:15:00,23.15464774146676
2018-02-01 01:30:00,23.152448050677776
2018-02-01 01:45:00,23.150248359888792
2018-02-01 02:00:00,23.148048669099808
2018-02-01 02:15:00,23.145848978310823
2018-02-01 02:30:00,23.14364928752184
2018-02-01 02:45:00,23.141449596732855
2018-02-01 03:00:00,23.13924990594387
2018-02-01 03:15:00,23.137050215154886
2018-02-01 03:30:00,23.134850524365902
2018-02-01 03:45:00,23.132650833576918
2018-02-01 04:00:00,23.130451142787933
2018-02-01 04:15:00,23.130451142787933
2018-02-01 04:30:00,23.130451142787933
2018-02-01 04:45:00,23.130451142787933
2018-02-01 05:00:00,23.130451142787933
2018-02-01 05:15:00,23.130451142787933
2018-02-01 05:30:00,23.130451142787933
2018-02-01 05:45:00,23.130451142787933
2018-02-01 06:00:00,23.130451142787933
2018-02-01 06:15:00,23.130451142787933
2018-02-01 06:30:00,23.130451142787933
2018-02-01 06:45:00,23.130451142787933
2018-02-01 07:00:00,23.130451142787933
2018-02-01 07:15:00,23.130451142787933
2018-02-01 07:30:00,23.130451142787933
2018-02-01 07:45:00,23.130451142787933
2018-02-01 08:00:00,23.130451142787933
2018-02-01 08:15:00,23.128249403089285
2018-02-01 08:30:00,23.126047663390636
2018-02-01 08:45:00,23.123845923691988
2018-02-01 09:00:00,23.12164418399334
2018-02-01 09:15:00,23.11944244429469
2018-02-01 09:30:00,23.117240704596043
2018-02-01 09:45:00,23.115038964897394
2018-02-01 10:00:00,23.112837225198746
2018-02-01 10:15:00,23.110635485500097
2018-02-01 10:30:00,23.10843374580145
2018-02-01 10:45:00,23.1062320061028
2018-02-01 11:00:00,23.104030266404152
2018-02-01 11:15:00,23.101828526705503
2018-02-01 11:30:00,23.099626787006855
2018-02-01 11:45:00,23.097425047308207
2018-02-01 12:00:00,23.095223307609558
2018-02-01 12:15:00,23.093019612133503
2018-02-01 12:30:00,23.090815916657448
2018-02-01 12:45:00,23.088612221181393
2018-02-01 13:00:00,23.086408525705338
2018-02-01 13:15:00,23.084204830229282
2018-02-01 13:30:00,23.082001134753227
2018-02-01 13:45:00,23.079797439277172
2018-02-01 14:00:00,23.077593743801117
2018-02-01 14:15:00,23.075390048325062
2018-02-01 14:30:00,23.073186352849007
2018-02-01 14:45:00,23.07098265737295
2018-02-01 15:00:00,23.068778961896896
2018-02-01 15:15:00,23.06657526642084
2018-02-01 15:30:00,23.064371570944786
2018-02-01 15:45:00,23.06216787546873
2018-02-01 16:00:00,23.059964179992676
2018-02-01 16:15:00,23.057758528739214
2018-02-01 16:30:00,23.055552877485752
2018-02-01 16:45:00,23.05334722623229
2018-02-01 17:00:00,23.05114157497883
2018-02-01 17:15:00,23.048935923725367
2018-02-01 17:30:00,23.046730272471905
2018-02-01 17:45:00,23.044524621218443
2018-02-01 18:00:00,23.04231896996498
2018-02-01 18:15:00,23.04011331871152
2018-02-01 18:30:00,23.037907667458057
2018-02-01 18:45:00,23.035702016204596
2018-02-01 19:00:00,23.033496364951134
2018-02-01 19:15:00,23.031290713697672
2018-02-01 19:30:00,23.02908506244421
2018-02-01 19:45:00,23.026879411190748
2018-02-01 20:00:00,23.024673759937286
2018-02-01 20:15:00,23.022466152906418
2018-02-01 20:30:00,23.02025854587555
2018-02-01 20:45:00,23.01805093884468
2018-02-01 21:00:00,23.015843331813812
2018-02-01 21:15:00,23.013635724782944
2018-02-01 21:30:00,23.011428117752075
2018-02-01 21:45:00,23.009220510721207
2018-02-01 22:00:00,23.007012903690338
2018-02-01 22:15:00,23.00480529665947
2018-02-01 22:30:00,23.0025976896286
2018-02-01 22:45:00,23.000390082597733
2018-02-01 23:00:00,22.998182475566864
2018-02-01 23:15:00,22.995974868535995
2018-02-01 23:30:00,22.993767261505127
2018-02-01 23:45:00,22.99155965447426
2018-02-02 00:00:00,22.98935204744339
2018-02-02 00:15:00,22.984930966049433
2018-02-02 00:30:00,22.980509884655476
2018-02-02 00:45:00,22.97608880326152
2018-02-02 01:00:00,22.97166772186756
2018-02-02 01:15:00,22.967246640473604
2018-02-02 01:30:00,22.962825559079647
2018-02-02 01:45:00,22.95840447768569
2018-02-02 02:00:00,22.953983396291733
2018-02-02 02:15:00,22.949562314897776
2018-02-02 02:30:00,22.94514123350382
2018-02-02 02:45:00,22.94072015210986
2018-02-02 03:00:00,22.936299070715904
2018-02-02 03:15:00,22.931877989321947
2018-02-02 03:30:00,22.92745690792799
2018-02-02 03:45:00,22.923035826534033
2018-02-02 04:00:00,22.918614745140076
2018-02-02 04:15:00,22.91418584063649
2018-02-02 04:30:00,22.909756936132908
2018-02-02 04:45:00,22.905328031629324
2018-02-02 05:00:00,22.90089912712574
2018-02-02 05:15:00,22.896470222622156
2018-02-02 05:30:00,22.892041318118572
2018-02-02 05:45:00,22.88761241361499
2018-02-02 06:00:00,22.883183509111404
2018-02-02 06:15:00,22.87875460460782
2018-02-02 06:30:00,22.874325700104237
2018-02-02 06:45:00,22.869896795600653
2018-02-02 07:00:00,22.86546789109707
2018-02-02 07:15:00,22.861038986593485
2018-02-02 07:30:00,22.8566100820899
2018-02-02 07:45:00,22.852181177586317
2018-02-02 08:00:00,22.847752273082733
2018-02-02 08:15:00,22.847752273082733
2018-02-02 08:30:00,22.847752273082733
2018-02-02 08:45:00,22.847752273082733
2018-02-02 09:00:00,22.847752273082733
2018-02-02 09:15:00,22.847752273082733
2018-02-02 09:30:00,22.847752273082733
2018-02-02 09:45:00,22.847752273082733
2018-02-02 10:00:00,22.847752273082733
2018-02-02 10:15:00,22.847752273082733
2018-02-02 10:30:00,22.847752273082733
2018-02-02 10:45:00,22.847752273082733
2018-02-02 11:00:00,22.847752273082733
2018-02-02 11:15:00,22.847752273082733
2018-02-02 11:30:00,22.847752273082733
2018-02-02 11:45:00,22.847752273082733
2018-02-02 12:00:00,22.847752273082733
2018-02-02 12:15:00,22.84996770322323
2018-02-02 12:30:00,22.852183133363724
2018-02-02 12:45:00,22.85439856350422
2018-02-02 13:00:00,22.856613993644714
2018-02-02 13:15:00,22.85882942378521
2018-02-02 13:30:00,22.861044853925705
2018-02-02 13:45:00,22.8632602840662
2018-02-02 14:00:00,22.865475714206696
2018-02-02 14:15:00,22.86769114434719
2018-02-02 14:30:00,22.869906574487686
2018-02-02 14:45:00,22.87212200462818
2018-02-02 15:00:00,22.874337434768677
2018-02-02 15:15:00,22.876552864909172
2018-02-02 15:30:00,22.878768295049667
2018-02-02 15:45:00,22.880983725190163
2018-02-02 16:00:00,22.883199155330658
2018-02-02 16:15:00,22.880983725190163
2018-02-02 16:30:00,22.878768295049667
2018-02-02 16:45:00,22.876552864909172
2018-02-02 17:00:00,22.874337434768677
2018-02-02 17:15:00,22.87212200462818
2018-02-02 17:30:00,22.869906574487686
2018-02-02 17:45:00,22.86769114434719
2018-02-02 18:00:00,22.865475714206696
2018-02-02 18:15:00,22.8632602840662
2018-02-02 18:30:00,22.861044853925705
2018-02-02 18:45:00,22.85882942378521
2018-02-02 19:00:00,22.856613993644714
2018-02-02 19:15:00,22.85439856350422
2018-02-02 19:30:00,22.852183133363724
2018-02-02 19:45:00,22.84996770322323
2018-02-02 20:00:00,22.847752273082733
2018-02-02 20:15:00,22.847752273082733
2018-02-02 20:30:00,22.847752273082733
2018-02-02 20:45:00,22.847752273082733
2018-02-02 21:00:00,22.847752273082733
2018-02-02 21:15:00,22.847752273082733
2018-02-02 21:30:00,22.847752273082733
2018-02-02 21:45:00,22.847752273082733
2018-02-02 22:00:00,22.847752273082733
2018-02-02 22:15:00,22.847752273082733
2018-02-02 22:30:00,22.847752273082733
2018-02-02 22:45:00,22.847752273082733
2018-02-02 23:00:00,22.847752273082733
2018-02-02 23:15:00,22.847752273082733
2018-02-02 23:30:00,22.847752273082733
2018-02-02 23:45:00,22.847752273082733
2018-02-03 00:00:00,22.847752273082733
2018-02-03 00:15:00,22.845534794032574
2018-02-03 00:30:00,22.843317314982414
2018-02-03 00:45:00,22.841099835932255
2018-02-03 01:00:00,22.838882356882095
2018-02-03 01:15:00,22.836664877831936
2018-02-03 01:30:00,22.834447398781776
2018-02-03 01:45:00,22.832229919731617
2018-02-03 02:00:00,22.830012440681458
2018-02-03 02:15:00,22.827794961631298
2018-02-03 02:30:00,22.82557748258114
2018-02-03 02:45:00,22.82336000353098
2018-02-03 03:00:00,22.82114252448082
2018-02-03 03:15:00,22.81892504543066
2018-02-03 03:30:00,22.8167075663805
2018-02-03 03:45:00,22.81449008733034
2018-02-03 04:00:00,22.812272608280182
2018-02-03 04:15:00,22.8078318759799
2018-02-03 04:30:00,22.80339114367962
2018-02-03 04:45:00,22.798950411379337
2018-02-03 05:00:00,22.794509679079056
2018-02-03 05:15:00,22.790068946778774
2018-02-03 05:30:00,22.785628214478493
2018-02-03 05:45:00,22.78118748217821
2018-02-03 06:00:00,22.77674674987793
2018-02-03 06:15:00,22.772306017577648
2018-02-03 06:30:00,22.767865285277367
2018-02-03 06:45:00,22.763424552977085
2018-02-03 07:00:00,22.758983820676804
2018-02-03 07:15:00,22.754543088376522
2018-02-03 07:30:00,22.75010235607624
2018-02-03 07:45:00,22.74566162377596
2018-02-03 08:00:00,22.741220891475677
2018-02-03 08:15:00,22.74344228208065
2018-02-03 08:30:00,22.745663672685623
2018-02-03 08:45:00,22.747885063290596
2018-02-03 09:00:00,22.75010645389557
2018-02-03 09:15:00,22.75232784450054
2018-02-03 09:30:00,22.754549235105515
2018-02-03 09:45:00,22.756770625710487
2018-02-03 10:00:00,22.75899201631546
2018-02-03 10:15:00,22.761213406920433
2018-02-03 10:30:00,22.763434797525406
2018-02-03 10:45:00,22.76565618813038
2018-02-03 11:00:00,22.76787757873535
2018-02-03 11:15:00,22.770098969340324
2018-02-03 11:30:00,22.772320359945297
2018-02-03 11:45:00,22.77454175055027
2018-02-03 12:00:00,22.776763141155243
2018-02-03 12:15:00,22.776763141155243
2018-02-03 12:30:00,22.776763141155243
2018-02-03 12:45:00,22.776763141155243
2018-02-03 13:00:00,22.776763141155243
2018-02-03 13:15:00,22.776763141155243
2018-02-03 13:30:00,22.776763141155243
2018-02-03 13:45:00,22.776763141155243
2018-02-03 14:00:00,22.776763141155243
2018-02-03 14:15:00,22.776763141155243
2018-02-03 14:30:00,22.776763141155243
2018-02-03 14:45:00,22.776763141155243
2018-02-03 15:00:00,22.776763141155243
2018-02-03 15:15:00,22.776763141155243
2018-02-03 15:30:00,22.776763141155243
2018-02-03 15:45:00,22.776763141155243
2018-02-03 16:00:00,22.776763141155243
2018-02-03 16:15:00,22.77454175055027
2018-02-03 16:30:00,22.772320359945297
2018-02-03 16:45:00,22.770098969340324
2018-02-03 17:00:00,22.76787757873535
2018-02-03 17:15:00,22.76565618813038
2018-02-03 17:30:00,22.763434797525406
2018-02-03 17:45:00,22.761213406920433
2018-02-03 18:00:00,22.75899201631546
2018-02-03 18:15:00,22.756770625710487
2018-02-03 18:30:00,22.754549235105515
2018-02-03 18:45:00,22.75232784450054
2018-02-03 19:00:00,22.75010645389557
2018-02-03 19:15:00,22.747885063290596
2018-02-03 19:30:00,22.745663672685623
2018-02-03 19:45:00,22.74344228208065
2018-02-03 20:00:00,22.741220891475677
2018-02-03 20:15:00,22.738997545093298
2018-02-03 20:30:00,22.73677419871092
2018-02-03 20:45:00,22.73455085232854
2018-02-03 21:00:00,22.73232750594616
2018-02-03 21:15:00,22.73010415956378
2018-02-03 21:30:00,22.7278808131814
2018-02-03 21:45:00,22.72565746679902
2018-02-03 22:00:00,22.72343412041664
2018-02-03 22:15:00,22.72121077403426
2018-02-03 22:30:00,22.718987427651882
2018-02-03 22:45:00,22.716764081269503
2018-02-03 23:00:00,22.714540734887123
2018-02-03 23:15:00,22.712317388504744
2018-02-03 23:30:00,22.710094042122364
2018-02-03 23:45:00,22.707870695739985
2018-02-04 00:00:00,22.705647349357605
2018-02-04 00:15:00,22.705647349357605
2018-02-04 00:30:00,22.705647349357605
2018-02-04 00:45:00,22.705647349357605
2018-02-04 01:00:00,22.705647349357605
2018-02-04 01:15:00,22.705647349357605
2018-02-04 01:30:00,22.705647349357605
2018-02-04 01:45:00,22.705647349357605
2018-02-04 02:00:00,22.705647349357605
2018-02-04 02:15:00,22.705647349357605
2018-02-04 02:30:00,22.705647349357605
2018-02-04 02:45:00,22.705647349357605
2018-02-04 03:00:00,22.705647349357605
2018-02-04 03:15:00,22.705647349357605
2018-02-04 03:30:00,22.705647349357605
2018-02-04 03:45:00,22.705647349357605
2018-02-04 04:00:00,22.705647349357605
2018-02-04 04:15:00,22.703422140330076
2018-02-04 04:30:00,22.701196931302547
2018-02-04 04:45:00,22.69897172227502
2018-02-04 05:00:00,22.69674651324749
2018-02-04 05:15:00,22.69452130421996
2018-02-04 05:30:00,22.692296095192432
2018-02-04 05:45:00,22.690070886164904
2018-02-04 06:00:00,22.687845677137375
2018-02-04 06:15:00,22.685620468109846
2018-02-04 06:30:00,22.683395259082317
2018-02-04 06:45:00,22.68117005005479
2018-02-04 07:00:00,22.67894484102726
2018-02-04 07:15:00,22.67671963199973
2018-02-04 07:30:00,22.674494422972202
2018-02-04 07:45:00,22.672269213944674
2018-02-04 08:00:00,22.670044004917145
2018-02-04 08:15:00,22.672269213944674
2018-02-04 08:30:00,22.674494422972202
2018-02-04 08:45:00,22.67671963199973
2018-02-04 09:00:00,22.67894484102726
2018-02-04 09:15:00,22.68117005005479
2018-02-04 09:30:00,22.683395259082317
2018-02-04 09:45:00,22.685620468109846
2018-02-04 10:00:00,22.687845677137375
2018-02-04 10:15:00,22.690070886164904
2018-02-04 10:30:00,22.692296095192432
2018-02-04 10:45:00,22.69452130421996
2018-02-04 11:00:00,22.69674651324749
2018-02-04 11:15:00,22.69897172227502
2018-02-04 11:30:00,22.701196931302547
2018-02-04 11:45:00,22.703422140330076
2018-02-04 12:00:00,22.705647349357605
2018-02-04 12:15:00,22.705647349357605
2018-02-04 12:30:00,22.705647349357605
2018-02-04 12:45:00,22.705647349357605
2018-02-04 13:00:00,22.705647349357605
2018-02-04 13:15:00,22.705647349357605
2018-02-04 13:30:00,22.705647349357605
2018-02-04 13:45:00,22.705647349357605
2018-02-04 14:00:00,22.705647349357605
2018-02-04 14:15:00,22.705647349357605
2018-02-04 14:30:00,22.705647349357605
2018-02-04 14:45:00,22.705647349357605
2018-02-04 15:00:00,22.705647349357605
2018-02-04 15:15:00,22.705647349357605
2018-02-04 15:30:00,22.705647349357605
2018-02-04 15:45:00,22.705647349357605
2018-02-04 16:00:00,22.705647349357605
2018-02-04 16:15:00,22.703422140330076
2018-02-04 16:30:00,22.701196931302547
2018-02-04 16:45:00,22.69897172227502
2018-02-04 17:00:00,22.69674651324749
2018-02-04 17:15:00,22.69452130421996
2018-02-04 17:30:00,22.692296095192432
2018-02-04 17:45:00,22.690070886164904
2018-02-04 18:00:00,22.687845677137375
2018-02-04 18:15:00,22.685620468109846
2018-02-04 18:30:00,22.683395259082317
2018-02-04 18:45:00,22.68117005005479
2018-02-04 19:00:00,22.67894484102726
2018-02-04 19:15:00,22.67671963199973
2018-02-04 19:30:00,22.674494422972202
2018-02-04 19:45:00,22.672269213944674
2018-02-04 20:00:00,22.670044004917145
2018-02-04 20:15:00,22.665587440133095
2018-02-04 20:30:00,22.661130875349045
2018-02-04 20:45:00,22.656674310564995
2018-02-04 21:00:00,22.652217745780945
2018-02-04 21:15:00,22.647761180996895
2018-02-04 21:30:00,22.643304616212845
2018-02-04 21:45:00,22.638848051428795
2018-02-04 22:00:00,22.634391486644745
2018-02-04 22:15:00,22.629934921860695
2018-02-04 22:30:00,22.625478357076645
2018-02-04 22:45:00,22.621021792292595
2018-02-04 23:00:00,22.616565227508545
2018-02-04 23:15:00,22.612108662724495
2018-02-04 23:30:00,22.607652097940445
2018-02-04 23:45:00,22.603195533156395
2018-02-05 00:00:00,22.598738968372345
2018-02-05 00:15:00,22.594274580478668
2018-02-05 00:30:00,22.58981019258499
2018-02-05 00:45:00,22.585345804691315
2018-02-05 01:00:00,22.580881416797638
2018-02-05 01:15:00,22.57641702890396
2018-02-05 01:30:00,22.571952641010284
2018-02-05 01:45:00,22.567488253116608
2018-02-05 02:00:00,22.56302386522293
2018-02-05 02:15:00,22.558559477329254
2018-02-05 02:30:00,22.554095089435577
2018-02-05 02:45:00,22.5496307015419
2018-02-05 03:00:00,22.545166313648224
2018-02-05 03:15:00,22.540701925754547
2018-02-05 03:30:00,22.53623753786087
2018-02-05 03:45:00,22.531773149967194
2018-02-05 04:00:00,22.527308762073517
2018-02-05 04:15:00,22.520597372204065
2018-02-05 04:30:00,22.513885982334614
2018-02-05 04:45:00,22.507174592465162
2018-02-05 05:00:00,22.50046320259571
2018-02-05 05:15:00,22.49375181272626
2018-02-05 05:30:00,22.487040422856808
2018-02-05 05:45:00,22.480329032987356
2018-02-05 06:00:00,22.473617643117905
2018-02-05 06:15:00,22.466906253248453
2018-02-05 06:30:00,22.460194863379
2018-02-05 06:45:00,22.45348347350955
2018-02-05 07:00:00,22.4467720836401
2018-02-05 07:15:00,22.440060693770647
2018-02-05 07:30:00,22.433349303901196
2018-02-05 07:45:00,22.426637914031744
2018-02-05 08:00:00,22.419926524162292
2018-02-05 08:15:00,22.417685389518738
2018-02-05 08:30:00,22.415444254875183
2018-02-05 08:45:00,22.41320312023163
2018-02-05 09:00:00,22.410961985588074
2018-02-05 09:15:00,22.40872085094452
2018-02-05 09:30:00,22.406479716300964
2018-02-05 09:45:00,22.40423858165741
2018-02-05 10:00:00,22.401997447013855
2018-02-05 10:15:00,22.3997563123703
2018-02-05 10:30:00,22.397515177726746
2018-02-05 10:45:00,22.39527404308319
2018-02-05 11:00:00,22.393032908439636
2018-02-05 11:15:00,22.39079177379608
2018-02-05 11:30:00,22.388550639152527
2018-02-05 11:45:00,22.386309504508972
2018-02-05 12:00:00,22.384068369865417
2018-02-05 12:15:00,22.390785720199347
2018-02-05 12:30:00,22.397503070533276
2018-02-05 12:45:00,22.404220420867205
2018-02-05 13:00:00,22.410937771201134
2018-02-05 13:15:00,22.417655121535063
2018-02-05 13:30:00,22.424372471868992
2018-02-05 13:45:00,22.43108982220292
2018-02-05 14:00:00,22.43780717253685
2018-02-05 14:15:00,22.44452452287078
2018-02-05 14:30:00,22.451241873204708
2018-02-05 14:45:00,22.457959223538637
2018-02-05 15:00:00,22.464676573872566
2018-02-05 15:15:00,22.471393924206495
2018-02-05 15:30:00,22.478111274540424
2018-02-05 15:45:00,22.484828624874353
2018-02-05 16:00:00,22.491545975208282
2018-02-05 16:15:00,22.49378114938736
2018-02-05 16:30:00,22.496016323566437
2018-02-05 16:45:00,22.498251497745514
2018-02-05 17:00:00,22.50048667192459
2018-02-05 17:15:00,22.502721846103668
2018-02-05 17:30:00,22.504957020282745
2018-02-05 17:45:00,22.507192194461823
2018-02-05 18:00:00,22.5094273686409
2018-02-05 18:15:00,22.511662542819977
2018-02-05 18:30:00,22.513897716999054
2018-02-05 18:45:00,22.51613289117813
2018-02-05 19:00:00,22.51836806535721
2018-02-05 19:15:00,22.520603239536285
2018-02-05 19:30:00,22.522838413715363
2018-02-05 19:45:00,22.52507358789444
2018-02-05 20:00:00,22.527308762073517
2018-02-05 20:15:00,22.527308762073517
2018-02-05 20:30:00,22.527308762073517
2018-02-05 20:45:00,22.527308762073517
2018-02-05 21:00:00,22.527308762073517
2018-02-05 21:15:00,22.527308762073517
2018-02-05 21:30:00,22.527308762073517
2018-02-05 21:45:00,22.527308762073517
2018-02-05 22:00:00,22.527308762073517
2018-02-05 22:15:00,22.527308762073517
2018-02-05 22:30:00,22.527308762073517
2018-02-05 22:45:00,22.527308762073517
2018-02-05 23:00:00,22.527308762073517
2018-02-05 23:15:00,22.527308762073517
2018-02-05 23:30:00,22.527308762073517
2018-02-05 23:45:00,22.527308762073517
2018-02-06 00:00:00,22.527308762073517
2018-02-06 00:15:00,22.527308762073517
2018-02-06 00:30:00,22.527308762073517
2018-02-06 00:45:00,22.527308762073517
2018-02-06 01:00:00,22.527308762073517
2018-02-06 01:15:00,22.527308762073517
2018-02-06 01:30:00,22.527308762073517
2018-02-06 01:45:00,22.527308762073517
2018-02-06 02:00:00,22.527308762073517
2018-02-06 02:15:00,22.527308762073517
2018-02-06 02:30:00,22.527308762073517
2018-02-06 02:45:00,22.527308762073517
2018-02-06 03:00:00,22.527308762073517
2018-02-06 03:15:00,22.527308762073517
2018-02-06 03:30:00,22.527308762073517
2018-02-06 03:45:00,22.527308762073517
2018-02-06 04:00:00,22.527308762073517
2018-02-06 04:15:00,22.52507358789444
2018-02-06 04:30:00,22.522838413715363
2018-02-06 04:45:00,22.520603239536285
2018-02-06 05:00:00,22.51836806535721
2018-02-06 05:15:00,22.51613289117813
2018-02-06 05:30:00,22.513897716999054
2018-02-06 05:45:00,22.511662542819977
2018-02-06 06:00:00,22.5094273686409
2018-02-06 06:15:00,22.507192194461823
2018-02-06 06:30:00,22.504957020282745
2018-02-06 06:45:00,22.502721846103668
2018-02-06 07:00:00,22.50048667192459
2018-02-06 07:15:00,22.498251497745514
2018-02-06 07:30:00,22.496016323566437
2018-02-06 07:45:00,22.49378114938736
2018-02-06 08:00:00,22.491545975208282
2018-02-06 08:15:00,22.491545975208282
2018-02-06 08:30:00,22.491545975208282
2018-02-06 08:45:00,22.491545975208282
2018-02-06 09:00:00,22.491545975208282
2018-02-06 09:15:00,22.491545975208282
2018-02-06 09:30:00,22.491545975208282
2018-02-06 09:45:00,22.491545975208282
2018-02-06 10:00:00,22.491545975208282
2018-02-06 10:15:00,22.491545975208282
2018-02-06 10:30:00,22.491545975208282
2018-02-06 10:45:00,22.491545975208282
2018-02-06 11:00:00,22.491545975208282
2018-02-06 11:15:00,22.491545975208282
2018-02-06 11:30:00,22.491545975208282
2018-02-06 11:45:00,22.491545975208282
2018-02-06 12:00:00,22.491545975208282
2018-02-06 12:15:00,22.491545975208282
2018-02-06 12:30:00,22.491545975208282
2018-02-06 12:45:00,22.491545975208282
2018-02-06 13:00:00,22.491545975208282
2018-02-06 13:15:00,22.491545975208282
2018-02-06 13:30:00,22.491545975208282
2018-02-06 13:45:00,22.491545975208282
2018-02-06 14:00:00,22.491545975208282
2018-02-06 14:15:00,22.491545975208282
2018-02-06 14:30:00,22.491545975208282
2018-02-06 14:45:00,22.491545975208282
2018-02-06 15:00:00,22.491545975208282
2018-02-06 15:15:00,22.491545975208282
2018-02-06 15:30:00,22.491545975208282
2018-02-06 15:45:00,22.491545975208282
2018-02-06 16:00:00,22.491545975208282
2018-02-06 16:15:00,22.49378114938736
2018-02-06 16:30:00,22.496016323566437
2018-02-06 16:45:00,22.498251497745514
2018-02-06 17:00:00,22.50048667192459
2018-02-06 17:15:00,22.502721846103668
2018-02-06 17:30:00,22.504957020282745
2018-02-06 17:45:00,22.507192194461823
2018-02-06 18:00:00,22.5094273686409
2018-02-06 18:15:00,22.511662542819977
2018-02-06 18:30:00,22.513897716999054
2018-02-06 18:45:00,22.51613289117813
2018-02-06 19:00:00,22.51836806535721
2018-02-06 19:15:00,22.520603239536285
2018-02-06 19:30:00,22.522838413715363
2018-02-06 19:45:00,22.52507358789444
2018-02-06 20:00:00,22.527308762073517
2018-02-06 20:15:00,22.527308762073517
2018-02-06 20:30:00,22.527308762073517
2018-02-06 20:45:00,22.527308762073517
2018-02-06 21:00:00,22.527308762073517
2018-02-06 21:15:00,22.527308762073517
2018-02-06 21:30:00,22.527308762073517
2018-02-06 21:45:00,22.527308762073517
2018-02-06 22:00:00,22.527308762073517
2018-02-06 22:15:00,22.527308762073517
2018-02-06 22:30:00,22.527308762073517
2018-02-06 22:45:00,22.527308762073517
2018-02-06 23:00:00,22.527308762073517
2018-02-06 23:15:00,22.527308762073517
2018-02-06 23:30:00,22.527308762073517
2018-02-06 23:45:00,22.527308762073517
2018-02-07 00:00:00,22.527308762073517
2018-02-07 00:15:00,22.527308762073517
2018-02-07 00:30:00,22.527308762073517
2018-02-07 00:45:00,22.527308762073517
2018-02-07 01:00:00,22.527308762073517
2018-02-07 01:15:00,22.527308762073517
2018-02-07 01:30:00,22.527308762073517
2018-02-07 01:45:00,22.527308762073517
2018-02-07 02:00:00,22.527308762073517
2018-02-07 02:15:00,22.527308762073517
2018-02-07 02:30:00,22.527308762073517
2018-02-07 02:45:00,22.527308762073517
2018-02-07 03:00:00,22.527308762073517
2018-02-07 03:15:00,22.527308762073517
2018-02-07 03:30:00,22.527308762073517
2018-02-07 03:45:00,22.527308762073517
2018-02-07 04:00:00,22.527308762073517
2018-02-07 04:15:00,22.52507358789444
2018-02-07 04:30:00,22.522838413715363
2018-02-07 04:45:00,22.520603239536285
2018-02-07 05:00:00,22.51836806535721
2018-02-07 05:15:00,22.51613289117813
2018-02-07 05:30:00,22.513897716999054
2018-02-07 05:45:00,22.511662542819977
2018-02-07 06:00:00,22.5094273686409
2018-02-07 06:15:00,22.507192194461823
2018-02-07 06:30:00,22.504957020282745
2018-02-07 06:45:00,22.502721846103668
2018-02-07 07:00:00,22.50048667192459
2018-02-07 07:15:00,22.498251497745514
2018-02-07 07:30:00,22.496016323566437
2018-02-07 07:45:00,22.49378114938736
2018-02-07 08:00:00,22.491545975208282
2018-02-07 08:15:00,22.491545975208282
2018-02-07 08:30:00,22.491545975208282
2018-02-07 08:45:00,22.491545975208282
2018-02-07 09:00:00,22.491545975208282
2018-02-07 09:15:00,22.491545975208282
2018-02-07 09:30:00,22.491545975208282
2018-02-07 09:45:00,22.491545975208282
2018-02-07 10:00:00,22.491545975208282
2018-02-07 10:15:00,22.491545975208282
2018-02-07 10:30:00,22.491545975208282
2018-02-07 10:45:00,22.491545975208282
2018-02-07 11:00:00,22.491545975208282
2018-02-07 11:15:00,22.491545975208282
2018-02-07 11:30:00,22.491545975208282
2018-02-07 11:45:00,22.491545975208282
2018-02-07 12:00:00,22.491545975208282
2018-02-07 12:15:00,22.49378114938736
2018-02-07 12:30:00,22.496016323566437
2018-02-07 12:45:00,22.498251497745514
2018-02-07 13:00:00,22.50048667192459
2018-02-07 13:15:00,22.502721846103668
2018-02-07 13:30:00,22.504957020282745
2018-02-07 13:45:00,22.507192194461823
2018-02-07 14:00:00,22.5094273686409
2018-02-07 14:15:00,22.511662542819977
2018-02-07 14:30:00,22.513897716999054
2018-02-07 14:45:00,22.51613289117813
2018-02-07 15:00:00,22.51836806535721
2018-02-07 15:15:00,22.520603239536285
2018-02-07 15:30:00,22.522838413715363
2018-02-07 15:45:00,22.52507358789444
2018-02-07 16:00:00,22.527308762073517
2018-02-07 16:15:00,22.52507358789444
2018-02-07 16:30:00,22.522838413715363
2018-02-07 16:45:00,22.520603239536285
2018-02-07 17:00:00,22.51836806535721
2018-02-07 17:15:00,22.51613289117813
2018-02-07 17:30:00,22.513897716999054
2018-02-07 17:45:00,22.511662542819977
2018-02-07 18:00:00,22.5094273686409
2018-02-07 18:15:00,22.507192194461823
2018-02-07 18:30:00,22.504957020282745
2018-02-07 18:45:00,22.502721846103668
2018-02-07 19:00:00,22.50048667192459
2018-02-07 19:15:00,22.498251497745514
2018-02-07 19:30:00,22.496016323566437
2018-02-07 19:45:00,22.49378114938736
2018-02-07 20:00:00,22.491545975208282
2018-02-07 20:15:00,22.4893088452518
2018-02-07 20:30:00,22.487071715295315
2018-02-07 20:45:00,22.48483458533883
2018-02-07 21:00:00,22.482597455382347
2018-02-07 21:15:00,22.480360325425863
2018-02-07 21:30:00,22.47812319546938
2018-02-07 21:45:00,22.475886065512896
2018-02-07 22:00:00,22.47364893555641
2018-02-07 22:15:00,22.471411805599928
2018-02-07 22:30:00,22.469174675643444
2018-02-07 22:45:00,22.46693754568696
2018-02-07 23:00:00,22.464700415730476
2018-02-07 23:15:00,22.462463285773993
2018-02-07 23:30:00,22.46022615581751
2018-02-07 23:45:00,22.457989025861025
2018-02-08 00:00:00,22.45575189590454
2018-02-08 00:15:00,22.451271675527096
2018-02-08 00:30:00,22.44679145514965
2018-02-08 00:45:00,22.442311234772205
2018-02-08 01:00:00,22.43783101439476
2018-02-08 01:15:00,22.433350794017315
2018-02-08 01:30:00,22.42887057363987
2018-02-08 01:45:00,22.424390353262424
2018-02-08 02:00:00,22.41991013288498
2018-02-08 02:15:00,22.415429912507534
2018-02-08 02:30:00,22.41094969213009
2018-02-08 02:45:00,22.406469471752644
2018-02-08 03:00:00,22.4019892513752
2018-02-08 03:15:00,22.397509030997753
2018-02-08 03:30:00,22.393028810620308
2018-02-08 03:45:00,22.388548590242863
2018-02-08 04:00:00,22.384068369865417
2018-02-08 04:15:00,22.379580233246088
2018-02-08 04:30:00,22.37509209662676
2018-02-08 04:45:00,22.37060396000743
2018-02-08 05:00:00,22.3661158233881
2018-02-08 05:15:00,22.36162768676877
2018-02-08 05:30:00,22.35713955014944
2018-02-08 05:45:00,22.35265141353011
2018-02-08 06:00:00,22.348163276910782
2018-02-08 06:15:00,22.343675140291452
2018-02-08 06:30:00,22.339187003672123
2018-02-08 06:45:00,22.334698867052794
2018-02-08 07:00:00,22.330210730433464
2018-02-08 07:15:00,22.325722593814135
2018-02-08 07:30:00,22.321234457194805
2018-02-08 07:45:00,22.316746320575476
2018-02-08 08:00:00,22.312258183956146
2018-02-08 08:15:00,22.312258183956146
2018-02-08 08:30:00,22.312258183956146
2018-02-08 08:45:00,22.312258183956146
2018-02-08 09:00:00,22.312258183956146
2018-02-08 09:15:00,22.312258183956146
2018-02-08 09:30:00,22.312258183956146
2018-02-08 09:45:00,22.312258183956146
2018-02-08 10:00:00,22.312258183956146
2018-02-08 10:15:00,22.312258183956146
2018-02-08 10:30:00,22.312258183956146
2018-02-08 10:45:00,22.312258183956146
2018-02-08 11:00:00,22.312258183956146
2018-02-08 11:15:00,22.312258183956146
2018-02-08 11:30:00,22.312258183956146
2018-02-08 11:45:00,22.312258183956146
2018-02-08 12:00:00,22.312258183956146
2018-02-08 12:15:00,22.316746320575476
2018-02-08 12:30:00,22.321234457194805
2018-02-08 12:45:00,22.325722593814135
2018-02-08 13:00:00,22.330210730433464
2018-02-08 13:15:00,22.334698867052794
2018-02-08 13:30:00,22.339187003672123
2018-02-08 13:45:00,22.343675140291452
2018-02-08 14:00:00,22.348163276910782
2018-02-08 14:15:00,22.35265141353011
2018-02-08 14:30:00,22.35713955014944
2018-02-08 14:45:00,22.36162768676877
2018-02-08 15:00:00,22.3661158233881
2018-02-08 15:15:00,22.37060396000743
2018-02-08 15:30:00,22.37509209662676
2018-02-08 15:45:00,22.379580233246088
2018-02-08 16:00:00,22.384068369865417
2018-02-08 16:15:00,22.384068369865417
2018-02-08 16:30:00,22.384068369865417
2018-02-08 16:45:00,22.384068369865417
2018-02-08 17:00:00,22.384068369865417
2018-02-08 17:15:00,22.384068369865417
2018-02-08 17:30:00,22.384068369865417
2018-02-08 17:45:00,22.384068369865417
2018-02-08 18:00:00,22.384068369865417
2018-02-08 18:15:00,22.384068369865417
2018-02-08 18:30:00,22.384068369865417
2018-02-08 18:45:00,22.384068369865417
2018-02-08 19:00:00,22.384068369865417
2018-02-08 19:15:00,22.384068369865417
2018-02-08 19:30:00,22.384068369865417
2018-02-08 19:45:00,22.384068369865417
2018-02-08 20:00:00,22.384068369865417
2018-02-08 20:15:00,22.381825279444456
2018-02-08 20:30:00,22.379582189023495
2018-02-08 20:45:00,22.377339098602533
2018-02-08 21:00:00,22.375096008181572
2018-02-08 21:15:00,22.37285291776061
2018-02-08 21:30:00,22.37060982733965
2018-02-08 21:45:00,22.368366736918688
2018-02-08 22:00:00,22.366123646497726
2018-02-08 22:15:00,22.363880556076765
2018-02-08 22:30:00,22.361637465655804
2018-02-08 22:45:00,22.359394375234842
2018-02-08 23:00:00,22.35715128481388
2018-02-08 23:15:00,22.35490819439292
2018-02-08 23:30:00,22.352665103971958
2018-02-08 23:45:00,22.350422013550997
2018-02-09 00:00:00,22.348178923130035
2018-02-09 00:15:00,22.348178923130035
2018-02-09 00:30:00,22.348178923130035
2018-02-09 00:45:00,22.348178923130035
2018-02-09 01:00:00,22.348178923130035
2018-02-09 01:15:00,22.348178923130035
2018-02-09 01:30:00,22.348178923130035
2018-02-09 01:45:00,22.348178923130035
2018-02-09 02:00:00,22.348178923130035
2018-02-09 02:15:00,22.348178923130035
2018-02-09 02:30:00,22.348178923130035
2018-02-09 02:45:00,22.348178923130035
2018-02-09 03:00:00,22.348178923130035
2018-02-09 03:15:00,22.348178923130035
2018-02-09 03:30:00,22.348178923130035
2018-02-09 03:45:00,22.348178923130035
2018-02-09 04:00:00,22.348178923130035
2018-02-09 04:15:00,22.345933876931667
2018-02-09 04:30:00,22.3436888307333
2018-02-09 04:45:00,22.34144378453493
2018-02-09 05:00:00,22.339198738336563
2018-02-09 05:15:00,22.336953692138195
2018-02-09 05:30:00,22.334708645939827
2018-02-09 05:45:00,22.33246359974146
2018-02-09 06:00:00,22.33021855354309
2018-02-09 06:15:00,22.327973507344723
2018-02-09 06:30:00,22.325728461146355
2018-02-09 06:45:00,22.323483414947987
2018-02-09 07:00:00,22.32123836874962
2018-02-09 07:15:00,22.31899332255125
2018-02-09 07:30:00,22.316748276352882
2018-02-09 07:45:00,22.314503230154514
2018-02-09 08:00:00,22.312258183956146
2018-02-09 08:15:00,22.312258183956146
2018-02-09 08:30:00,22.312258183956146
2018-02-09 08:45:00,22.312258183956146
2018-02-09 09:00:00,22.312258183956146
2018-02-09 09:15:00,22.312258183956146
2018-02-09 09:30:00,22.312258183956146
2018-02-09 09:45:00,22.312258183956146
2018-02-09 10:00:00,22.312258183956146
2018-02-09 10:15:00,22.312258183956146
2018-02-09 10:30:00,22.312258183956146
2018-02-09 10:45:00,22.312258183956146
2018-02-09 11:00:00,22.312258183956146
2018-02-09 11:15:00,22.312258183956146
2018-02-09 11:30:00,22.312258183956146
2018-02-09 11:45:00,22.312258183956146
2018-02-09 12:00:00,22.312258183956146
2018-02-09 12:15:00,22.314503230154514
2018-02-09 12:30:00,22.316748276352882
2018-02-09 12:45:00,22.31899332255125
2018-02-09 13:00:00,22.32123836874962
2018-02-09 13:15:00,22.323483414947987
2018-02-09 13:30:00,22.325728461146355
2018-02-09 13:45:00,22.327973507344723
2018-02-09 14:00:00,22.33021855354309
2018-02-09 14:15:00,22.33246359974146
2018-02-09 14:30:00,22.334708645939827
2018-02-09 14:45:00,22.336953692138195
2018-02-09 15:00:00,22.339198738336563
2018-02-09 15:15:00,22.34144378453493
2018-02-09 15:30:00,22.3436888307333
2018-02-09 15:45:00,22.345933876931667
2018-02-09 16:00:00,22.348178923130035
2018-02-09 16:15:00,22.345933876931667
2018-02-09 16:30:00,22.3436888307333
2018-02-09 16:45:00,22.34144378453493
2018-02-09 17:00:00,22.339198738336563
2018-02-09 17:15:00,22.336953692138195
2018-02-09 17:30:00,22.334708645939827
2018-02-09 17:45:00,22.33246359974146
2018-02-09 18:00:00,22.33021855354309
2018-02-09 18:15:00,22.327973507344723
2018-02-09 18:30:00,22.325728461146355
2018-02-09 18:45:00,22.323483414947987
2018-02-09 19:00:00,22.32123836874962
2018-02-09 19:15:00,22.31899332255125
2018-02-09 19:30:00,22.316748276352882
2018-02-09 19:45:00,22.314503230154514
2018-02-09 20:00:00,22.312258183956146
2018-02-09 20:15:00,22.312258183956146
2018-02-09 20:30:00,22.312258183956146
2018-02-09 20:45:00,22.312258183956146
2018-02-09 21:00:00,22.312258183956146
2018-02-09 21:15:00,22.312258183956146
2018-02-09 21:30:00,22.312258183956146
2018-02-09 21:45:00,22.312258183956146
2018-02-09 22:00:00,22.312258183956146
2018-02-09 22:15:00,22.312258183956146
2018-02-09 22:30:00,22.312258183956146
2018-02-09 22:45:00,22.312258183956146
2018-02-09 23:00:00,22.312258183956146
2018-02-09 23:15:00,22.312258183956146
2018-02-09 23:30:00,22.312258183956146
2018-02-09 23:45:00,22.312258183956146
2018-02-10 00:00:00,22.312258183956146
2018-02-10 00:15:00,22.314503230154514
2018-02-10 00:30:00,22.316748276352882
2018-02-10 00:45:00,22.31899332255125
2018-02-10 01:00:00,22.32123836874962
2018-02-10 01:15:00,22.323483414947987
2018-02-10 01:30:00,22.325728461146355
2018-02-10 01:45:00,22.327973507344723
2018-02-10 02:00:00,22.33021855354309
2018-02-10 02:15:00,22.33246359974146
2018-02-10 02:30:00,22.334708645939827
2018-02-10 02:45:00,22.336953692138195
2018-02-10 03:00:00,22.339198738336563
2018-02-10 03:15:00,22.34144378453493
2018-02-10 03:30:00,22.3436888307333
2018-02-10 03:45:00,22.345933876931667
2018-02-10 04:00:00,22.348178923130035
2018-02-10 04:15:00,22.350422013550997
2018-02-10 04:30:00,22.352665103971958
2018-02-10 04:45:00,22.35490819439292
2018-02-10 05:00:00,22.35715128481388
2018-02-10 05:15:00,22.359394375234842
2018-02-10 05:30:00,22.361637465655804
2018-02-10 05:45:00,22.363880556076765
2018-02-10 06:00:00,22.366123646497726
2018-02-10 06:15:00,22.368366736918688
2018-02-10 06:30:00,22.37060982733965
2018-02-10 06:45:00,22.37285291776061
2018-02-10 07:00:00,22.375096008181572
2018-02-10 07:15:00,22.377339098602533
2018-02-10 07:30:00,22.379582189023495
2018-02-10 07:45:00,22.381825279444456
2018-02-10 08:00:00,22.384068369865417
2018-02-10 08:15:00,22.388548590242863
2018-02-10 08:30:00,22.393028810620308
2018-02-10 08:45:00,22.397509030997753
2018-02-10 09:00:00,22.4019892513752
2018-02-10 09:15:00,22.406469471752644
2018-02-10 09:30:00,22.41094969213009
2018-02-10 09:45:00,22.415429912507534
2018-02-10 10:00:00,22.41991013288498
2018-02-10 10:15:00,22.424390353262424
2018-02-10 10:30:00,22.42887057363987
2018-02-10 10:45:00,22.433350794017315
2018-02-10 11:00:00,22.43783101439476
2018-02-10 11:15:00,22.442311234772205
2018-02-10 11:30:00,22.44679145514965
2018-02-10 11:45:00,22.451271675527096
2018-02-10 12:00:00,22.45575189590454
2018-02-10 12:15:00,22.457989025861025
2018-02-10 12:30:00,22.46022615581751
2018-02-10 12:45:00,22.462463285773993
2018-02-10 13:00:00,22.464700415730476
2018-02-10 13:15:00,22.46693754568696
2018-02-10 13:30:00,22.469174675643444
2018-02-10 13:45:00,22.471411805599928
2018-02-10 14:00:00,22.47364893555641
2018-02-10 14:15:00,22.475886065512896
2018-02-10 14:30:00,22.47812319546938
2018-02-10 14:45:00,22.480360325425863
2018-02-10 15:00:00,22.482597455382347
2018-02-10 15:15:00,22.48483458533883
2018-02-10 15:30:00,22.487071715295315
2018-02-10 15:45:00,22.4893088452518
2018-02-10 16:00:00,22.491545975208282
2018-02-10 16:15:00,22.49601436778903
2018-02-10 16:30:00,22.500482760369778
2018-02-10 16:45:00,22.504951152950525
2018-02-10 17:00:00,22.509419545531273
2018-02-10 17:15:00,22.51388793811202
2018-02-10 17:30:00,22.518356330692768
2018-02-10 17:45:00,22.522824723273516
2018-02-10 18:00:00,22.527293115854263
2018-02-10 18:15:00,22.53176150843501
2018-02-10 18:30:00,22.53622990101576
2018-02-10 18:45:00,22.540698293596506
2018-02-10 19:00:00,22.545166686177254
2018-02-10 19:15:00,22.549635078758
2018-02-10 19:30:00,22.55410347133875
2018-02-10 19:45:00,22.558571863919497
2018-02-10 20:00:00,22.563040256500244
2018-02-10 20:15:00,22.56527142599225
2018-02-10 20:30:00,22.567502595484257
2018-02-10 20:45:00,22.569733764976263
2018-02-10 21:00:00,22.57196493446827
2018-02-10 21:15:00,22.574196103960276
2018-02-10 21:30:00,22.576427273452282
2018-02-10 21:45:00,22.57865844294429
2018-02-10 22:00:00,22.580889612436295
2018-02-10 22:15:00,22.5831207819283
2018-02-10 22:30:00,22.585351951420307
2018-02-10 22:45:00,22.587583120912313
2018-02-10 23:00:00,22.58981429040432
2018-02-10 23:15:00,22.592045459896326
2018-02-10 23:30:00,22.594276629388332
2018-02-10 23:45:00,22.59650779888034
2018-02-11 00:00:00,22.598738968372345
2018-02-11 00:15:00,22.600968275219202
2018-02-11 00:30:00,22.60319758206606
2018-02-11 00:45:00,22.605426888912916
2018-02-11 01:00:00,22.607656195759773
2018-02-11 01:15:00,22.60988550260663
2018-02-11 01:30:00,22.612114809453487
2018-02-11 01:45:00,22.614344116300344
2018-02-11 02:00:00,22.6165734231472
2018-02-11 02:15:00,22.61880272999406
2018-02-11 02:30:00,22.621032036840916
2018-02-11 02:45:00,22.623261343687773
2018-02-11 03:00:00,22.62549065053463
2018-02-11 03:15:00,22.627719957381487
2018-02-11 03:30:00,22.629949264228344
2018-02-11 03:45:00,22.6321785710752
2018-02-11 04:00:00,22.634407877922058
2018-02-11 04:15:00,22.6321785710752
2018-02-11 04:30:00,22.629949264228344
2018-02-11 04:45:00,22.627719957381487
2018-02-11 05:00:00,22.62549065053463
2018-02-11 05:15:00,22.623261343687773
2018-02-11 05:30:00,22.621032036840916
2018-02-11 05:45:00,22.61880272999406
2018-02-11 06:00:00,22.6165734231472
2018-02-11 06:15:00,22.614344116300344
2018-02-11 06:30:00,22.612114809453487
2018-02-11 06:45:00,22.60988550260663
2018-02-11 07:00:00,22.607656195759773
2018-02-11 07:15:00,22.605426888912916
2018-02-11 07:30:00,22.60319758206606
2018-02-11 07:45:00,22.600968275219202
2018-02-11 08:00:00,22.598738968372345
2018-02-11 08:15:00,22.59650779888034
2018-02-11 08:30:00,22.594276629388332
2018-02-11 08:45:00,22.592045459896326
2018-02-11 09:00:00,22.58981429040432
2018-02-11 09:15:00,22.587583120912313
2018-02-11 09:30:00,22.585351951420307
2018-02-11 09:45:00,22.5831207819283
2018-02-11 10:00:00,22.580889612436295
2018-02-11 10:15:00,22.57865844294429
2018-02-11 10:30:00,22.576427273452282
2018-02-11 10:45:00,22.574196103960276
2018-02-11 11:00:00,22.57196493446827
2018-02-11 11:15:00,22.569733764976263
2018-02-11 11:30:00,22.567502595484257
2018-02-11 11:45:00,22.56527142599225
2018-02-11 12:00:00,22.563040256500244
2018-02-11 12:15:00,22.563040256500244
2018-02-11 12:30:00,22.563040256500244
2018-02-11 12:45:00,22.563040256500244
2018-02-11 13:00:00,22.563040256500244
2018-02-11 13:15:00,22.563040256500244
2018-02-11 13:30:00,22.563040256500244
2018-02-11 13:45:00,22.563040256500244
2018-02-11 14:00:00,22.563040256500244
2018-02-11 14:15:00,22.563040256500244
2018-02-11 14:30:00,22.563040256500244
2018-02-11 14:45:00,22.563040256500244
2018-02-11 15:00:00,22.563040256500244
2018-02-11 15:15:00,22.563040256500244
2018-02-11 15:30:00,22.563040256500244
2018-02-11 15:45:00,22.563040256500244
2018-02-11 16:00:00,22.563040256500244
2018-02-11 16:15:00,22.563040256500244
2018-02-11 16:30:00,22.563040256500244
2018-02-11 16:45:00,22.563040256500244
2018-02-11 17:00:00,22.563040256500244
2018-02-11 17:15:00,22.563040256500244
2018-02-11 17:30:00,22.563040256500244
2018-02-11 17:45:00,22.563040256500244
2018-02-11 18:00:00,22.563040256500244
2018-02-11 18:15:00,22.563040256500244
2018-02-11 18:30:00,22.563040256500244
2018-02-11 18:45:00,22.563040256500244
2018-02-11 19:00:00,22.563040256500244
2018-02-11 19:15:00,22.563040256500244
2018-02-11 19:30:00,22.563040256500244
2018-02-11 19:45:00,22.563040256500244
2018-02-11 20:00:00,22.563040256500244
2018-02-11 20:15:00,22.560807038098574
2018-02-11 20:30:00,22.558573819696903
2018-02-11 20:45:00,22.556340601295233
2018-02-11 21:00:00,22.554107382893562
2018-02-11 21:15:00,22.551874164491892
2018-02-11 21:30:00,22.54964094609022
2018-02-11 21:45:00,22.54740772768855
2018-02-11 22:00:00,22.54517450928688
2018-02-11 22:15:00,22.54294129088521
2018-02-11 22:30:00,22.54070807248354
2018-02-11 22:45:00,22.53847485408187
2018-02-11 23:00:00,22.5362416356802
2018-02-11 23:15:00,22.534008417278528
2018-02-11 23:30:00,22.531775198876858
2018-02-11 23:45:00,22.529541980475187
2018-02-12 00:00:00,22.527308762073517
2018-02-12 00:15:00,22.52507358789444
2018-02-12 00:30:00,22.522838413715363
2018-02-12 00:45:00,22.520603239536285
2018-02-12 01:00:00,22.51836806535721
2018-02-12 01:15:00,22.51613289117813
2018-02-12 01:30:00,22.513897716999054
2018-02-12 01:45:00,22.511662542819977
2018-02-12 02:00:00,22.5094273686409
2018-02-12 02:15:00,22.507192194461823
2018-02-12 02:30:00,22.504957020282745
2018-02-12 02:45:00,22.502721846103668
2018-02-12 03:00:00,22.50048667192459
2018-02-12 03:15:00,22.498251497745514
2018-02-12 03:30:00,22.496016323566437
2018-02-12 03:45:00,22.49378114938736
2018-02-12 04:00:00,22.491545975208282
2018-02-12 04:15:00,22.487069759517908
2018-02-12 04:30:00,22.482593543827534
2018-02-12 04:45:00,22.47811732813716
2018-02-12 05:00:00,22.473641112446785
2018-02-12 05:15:00,22.46916489675641
2018-02-12 05:30:00,22.464688681066036
2018-02-12 05:45:00,22.460212465375662
2018-02-12 06:00:00,22.455736249685287
2018-02-12 06:15:00,22.451260033994913
2018-02-12 06:30:00,22.44678381830454
2018-02-12 06:45:00,22.442307602614164
2018-02-12 07:00:00,22.43783138692379
2018-02-12 07:15:00,22.433355171233416
2018-02-12 07:30:00,22.42887895554304
2018-02-12 07:45:00,22.424402739852667
2018-02-12 08:00:00,22.419926524162292
2018-02-12 08:15:00,22.419926524162292
2018-02-12 08:30:00,22.419926524162292
2018-02-12 08:45:00,22.419926524162292
2018-02-12 09:00:00,22.419926524162292
2018-02-12 09:15:00,22.419926524162292
2018-02-12 09:30:00,22.419926524162292
2018-02-12 09:45:00,22.419926524162292
2018-02-12 10:00:00,22.419926524162292
2018-02-12 10:15:00,22.419926524162292
2018-02-12 10:30:00,22.419926524162292
2018-02-12 10:45:00,22.419926524162292
2018-02-12 11:00:00,22.419926524162292
2018-02-12 11:15:00,22.419926524162292
2018-02-12 11:30:00,22.419926524162292
2018-02-12 11:45:00,22.419926524162292
2018-02-12 12:00:00,22.419926524162292
2018-02-12 12:15:00,22.43110230192542
2018-02-12 12:30:00,22.44227807968855
2018-02-12 12:45:00,22.453453857451677
2018-02-12 13:00:00,22.464629635214806
2018-02-12 13:15:00,22.475805412977934
2018-02-12 13:30:00,22.486981190741062
2018-02-12 13:45:00,22.49815696850419
2018-02-12 14:00:00,22.50933274626732
2018-02-12 14:15:00,22.520508524030447
2018-02-12 14:30:00,22.531684301793575
2018-02-12 14:45:00,22.542860079556704
2018-02-12 15:00:00,22.554035857319832
2018-02-12 15:15:00,22.56521163508296
2018-02-12 15:30:00,22.57638741284609
2018-02-12 15:45:00,22.587563190609217
2018-02-12 16:00:00,22.598738968372345
2018-02-12 16:15:00,22.600968275219202
2018-02-12 16:30:00,22.60319758206606
2018-02-12 16:45:00,22.605426888912916
2018-02-12 17:00:00,22.607656195759773
2018-02-12 17:15:00,22.60988550260663
2018-02-12 17:30:00,22.612114809453487
2018-02-12 17:45:00,22.614344116300344
2018-02-12 18:00:00,22.6165734231472
2018-02-12 18:15:00,22.61880272999406
2018-02-12 18:30:00,22.621032036840916
2018-02-12 18:45:00,22.623261343687773
2018-02-12 19:00:00,22.62549065053463
2018-02-12 19:15:00,22.627719957381487
2018-02-12 19:30:00,22.629949264228344
2018-02-12 19:45:00,22.6321785710752
2018-02-12 20:00:00,22.634407877922058
2018-02-12 20:15:00,22.6321785710752
2018-02-12 20:30:00,22.629949264228344
2018-02-12 20:45:00,22.627719957381487
2018-02-12 21:00:00,22.62549065053463
2018-02-12 21:15:00,22.623261343687773
2018-02-12 21:30:00,22.621032036840916
2018-02-12 21:45:00,22.61880272999406
2018-02-12 22:00:00,22.6165734231472
2018-02-12 22:15:00,22.614344116300344
2018-02-12 22:30:00,22.612114809453487
2018-02-12 22:45:00,22.60988550260663
2018-02-12 23:00:00,22.607656195759773
2018-02-12 23:15:00,22.605426888912916
2018-02-12 23:30:00,22.60319758206606
2018-02-12 23:45:00,22.600968275219202
2018-02-13 00:00:00,22.598738968372345
2018-02-13 00:15:00,22.594274580478668
2018-02-13 00:30:00,22.58981019258499
2018-02-13 00:45:00,22.585345804691315
2018-02-13 01:00:00,22.580881416797638
2018-02-13 01:15:00,22.57641702890396
2018-02-13 01:30:00,22.571952641010284
2018-02-13 01:45:00,22.567488253116608
2018-02-13 02:00:00,22.56302386522293
2018-02-13 02:15:00,22.558559477329254
2018-02-13 02:30:00,22.554095089435577
2018-02-13 02:45:00,22.5496307015419
2018-02-13 03:00:00,22.545166313648224
2018-02-13 03:15:00,22.540701925754547
2018-02-13 03:30:00,22.53623753786087
2018-02-13 03:45:00,22.531773149967194
2018-02-13 04:00:00,22.527308762073517
2018-02-13 04:15:00,22.527308762073517
2018-02-13 04:30:00,22.527308762073517
2018-02-13 04:45:00,22.527308762073517
2018-02-13 05:00:00,22.527308762073517
2018-02-13 05:15:00,22.527308762073517
2018-02-13 05:30:00,22.527308762073517
2018-02-13 05:45:00,22.527308762073517
2018-02-13 06:00:00,22.527308762073517
2018-02-13 06:15:00,22.527308762073517
2018-02-13 06:30:00,22.527308762073517
2018-02-13 06:45:00,22.527308762073517
2018-02-13 07:00:00,22.527308762073517
2018-02-13 07:15:00,22.527308762073517
2018-02-13 07:30:00,22.527308762073517
2018-02-13 07:45:00,22.527308762073517
2018-02-13 08:00:00,22.527308762073517
2018-02-13 08:15:00,22.527308762073517
2018-02-13 08:30:00,22.527308762073517
2018-02-13 08:45:00,22.527308762073517
2018-02-13 09:00:00,22.527308762073517
2018-02-13 09:15:00,22.527308762073517
2018-02-13 09:30:00,22.527308762073517
2018-02-13 09:45:00,22.527308762073517
2018-02-13 10:00:00,22.527308762073517
2018-02-13 10:15:00,22.527308762073517
2018-02-13 10:30:00,22.527308762073517
2018-02-13 10:45:00,22.527308762073517
2018-02-13 11:00:00,22.527308762073517
2018-02-13 11:15:00,22.527308762073517
2018-02-13 11:30:00,22.527308762073517
2018-02-13 11:45:00,22.527308762073517
2018-02-13 12:00:00,22.527308762073517
2018-02-13 12:15:00,22.527308762073517
2018-02-13 12:30:00,22.527308762073517
2018-02-13 12:45:00,22.527308762073517
2018-02-13 13:00:00,22.527308762073517
2018-02-13 13:15:00,22.527308762073517
2018-02-13 13:30:00,22.527308762073517
2018-02-13 13:45:00,22.527308762073517
2018-02-13 14:00:00,22.527308762073517
2018-02-13 14:15:00,22.527308762073517
2018-02-13 14:30:00,22.527308762073517
2018-02-13 14:45:00,22.527308762073517
2018-02-13 15:00:00,22.527308762073517
2018-02-13 15:15:00,22.527308762073517
2018-02-13 15:30:00,22.527308762073517
2018-02-13 15:45:00,22.527308762073517
2018-02-13 16:00:00,22.527308762073517
2018-02-13 16:15:00,22.527308762073517
2018-02-13 16:30:00,22.527308762073517
2018-02-13 16:45:00,22.527308762073517
2018-02-13 17:00:00,22.527308762073517
2018-02-13 17:15:00,22.527308762073517
2018-02-13 17:30:00,22.527308762073517
2018-02-13 17:45:00,22.527308762073517
2018-02-13 18:00:00,22.527308762073517
2018-02-13 18:15:00,22.527308762073517
2018-02-13 18:30:00,22.527308762073517
2018-02-13 18:45:00,22.527308762073517
2018-02-13 19:00:00,22.527308762073517
2018-02-13 19:15:00,22.527308762073517
2018-02-13 19:30:00,22.527308762073517
2018-02-13 19:45:00,22.527308762073517
2018-02-13 20:00:00,22.527308762073517
2018-02-13 20:15:00,22.52507358789444
2018-02-13 20:30:00,22.522838413715363
2018-02-13 20:45:00,22.520603239536285
2018-02-13 21:00:00,22.51836806535721
2018-02-13 21:15:00,22.51613289117813
2018-02-13 21:30:00,22.513897716999054
2018-02-13 21:45:00,22.511662542819977
2018-02-13 22:00:00,22.5094273686409
2018-02-13 22:15:00,22.507192194461823
2018-02-13 22:30:00,22.504957020282745
2018-02-13 22:45:00,22.502721846103668
2018-02-13 23:00:00,22.50048667192459
2018-02-13 23:15:00,22.498251497745514
2018-02-13 23:30:00,22.496016323566437
2018-02-13 23:45:00,22.49378114938736
2018-02-14 00:00:00,22.491545975208282
2018-02-14 00:15:00,22.491545975208282
2018-02-14 00:30:00,22.491545975208282
2018-02-14 00:45:00,22.491545975208282
2018-02-14 01:00:00,22.491545975208282
2018-02-14 01:15:00,22.491545975208282
2018-02-14 01:30:00,22.491545975208282
2018-02-14 01:45:00,22.491545975208282
2018-02-14 02:00:00,22.491545975208282
2018-02-14 02:15:00,22.491545975208282
2018-02-14 02:30:00,22.491545975208282
2018-02-14 02:45:00,22.491545975208282
2018-02-14 03:00:00,22.491545975208282
2018-02-14 03:15:00,22.491545975208282
2018-02-14 03:30:00,22.491545975208282
2018-02-14 03:45:00,22.491545975208282
2018-02-14 04:00:00,22.491545975208282
2018-02-14 04:15:00,22.491545975208282
2018-02-14 04:30:00,22.491545975208282
2018-02-14 04:45:00,22.491545975208282
2018-02-14 05:00:00,22.491545975208282
2018-02-14 05:15:00,22.491545975208282
2018-02-14 05:30:00,22.491545975208282
2018-02-14 05:45:00,22.491545975208282
2018-02-14 06:00:00,22.491545975208282
2018-02-14 06:15:00,22.491545975208282
2018-02-14 06:30:00,22.491545975208282
2018-02-14 06:45:00,22.491545975208282
2018-02-14 07:00:00,22.491545975208282
2018-02-14 07:15:00,22.491545975208282
2018-02-14 07:30:00,22.491545975208282
2018-02-14 07:45:00,22.491545975208282
2018-02-14 08:00:00,22.491545975208282
2018-02-14 08:15:00,22.49378114938736
2018-02-14 08:30:00,22.496016323566437
2018-02-14 08:45:00,22.498251497745514
2018-02-14 09:00:00,22.50048667192459
2018-02-14 09:15:00,22.502721846103668
2018-02-14 09:30:00,22.504957020282745
2018-02-14 09:45:00,22.507192194461823
2018-02-14 10:00:00,22.5094273686409
2018-02-14 10:15:00,22.511662542819977
2018-02-14 10:30:00,22.513897716999054
2018-02-14 10:45:00,22.51613289117813
2018-02-14 11:00:00,22.51836806535721
2018-02-14 11:15:00,22.520603239536285
2018-02-14 11:30:00,22.522838413715363
2018-02-14 11:45:00,22.52507358789444
2018-02-14 12:00:00,22.527308762073517
2018-02-14 12:15:00,22.529541980475187
2018-02-14 12:30:00,22.531775198876858
2018-02-14 12:45:00,22.534008417278528
2018-02-14 13:00:00,22.5362416356802
2018-02-14 13:15:00,22.53847485408187
2018-02-14 13:30:00,22.54070807248354
2018-02-14 13:45:00,22.54294129088521
2018-02-14 14:00:00,22.54517450928688
2018-02-14 14:15:00,22.54740772768855
2018-02-14 14:30:00,22.54964094609022
2018-02-14 14:45:00,22.551874164491892
2018-02-14 15:00:00,22.554107382893562
2018-02-14 15:15:00,22.556340601295233
2018-02-14 15:30:00,22.558573819696903
2018-02-14 15:45:00,22.560807038098574
2018-02-14 16:00:00,22.563040256500244
2018-02-14 16:15:00,22.563040256500244
2018-02-14 16:30:00,22.563040256500244
2018-02-14 16:45:00,22.563040256500244
2018-02-14 17:00:00,22.563040256500244
2018-02-14 17:15:00,22.563040256500244
2018-02-14 17:30:00,22.563040256500244
2018-02-14 17:45:00,22.563040256500244
2018-02-14 18:00:00,22.563040256500244
2018-02-14 18:15:00,22.563040256500244
2018-02-14 18:30:00,22.563040256500244
2018-02-14 18:45:00,22.563040256500244
2018-02-14 19:00:00,22.563040256500244
2018-02-14 19:15:00,22.563040256500244
2018-02-14 19:30:00,22.563040256500244
2018-02-14 19:45:00,22.563040256500244
2018-02-14 20:00:00,22.563040256500244
2018-02-14 20:15:00,22.563040256500244
2018-02-14 20:30:00,22.563040256500244
2018-02-14 20:45:00,22.563040256500244
2018-02-14 21:00:00,22.563040256500244
2018-02-14 21:15:00,22.563040256500244
2018-02-14 21:30:00,22.563040256500244
2018-02-14 21:45:00,22.563040256500244
2018-02-14 22:00:00,22.563040256500244
2018-02-14 22:15:00,22.563040256500244
2018-02-14 22:30:00,22.563040256500244
2018-02-14 22:45:00,22.563040256500244
2018-02-14 23:00:00,22.563040256500244
2018-02-14 23:15:00,22.563040256500244
2018-02-14 23:30:00,22.563040256500244
2018-02-14 23:45:00,22.563040256500244
2018-02-15 00:00:00,22.563040256500244
2018-02-15 00:15:00,22.563040256500244
2018-02-15 00:30:00,22.563040256500244
2018-02-15 00:45:00,22.563040256500244
2018-02-15 01:00:00,22.563040256500244
2018-02-15 01:15:00,22.563040256500244
2018-02-15 01:30:00,22.563040256500244
2018-02-15 01:45:00,22.563040256500244
2018-02-15 02:00:00,22.563040256500244
2018-02-15 02:15:00,22.563040256500244
2018-02-15 02:30:00,22.563040256500244
2018-02-15 02:45:00,22.563040256500244
2018-02-15 03:00:00,22.563040256500244
2018-02-15 03:15:00,22.563040256500244
2018-02-15 03:30:00,22.563040256500244
2018-02-15 03:45:00,22.563040256500244
2018-02-15 04:00:00,22.563040256500244
2018-02-15 04:15:00,22.56527142599225
2018-02-15 04:30:00,22.567502595484257
2018-02-15 04:45:00,22.569733764976263
2018-02-15 05:00:00,22.57196493446827
2018-02-15 05:15:00,22.574196103960276
2018-02-15 05:30:00,22.576427273452282
2018-02-15 05:45:00,22.57865844294429
2018-02-15 06:00:00,22.580889612436295
2018-02-15 06:15:00,22.5831207819283
2018-02-15 06:30:00,22.585351951420307
2018-02-15 06:45:00,22.587583120912313
2018-02-15 07:00:00,22.58981429040432
2018-02-15 07:15:00,22.592045459896326
2018-02-15 07:30:00,22.594276629388332
2018-02-15 07:45:00,22.59650779888034
2018-02-15 08:00:00,22.598738968372345
2018-02-15 08:15:00,22.605420742183924
2018-02-15 08:30:00,22.612102515995502
2018-02-15 08:45:00,22.61878428980708
2018-02-15 09:00:00,22.62546606361866
2018-02-15 09:15:00,22.63214783743024
2018-02-15 09:30:00,22.638829611241817
2018-02-15 09:45:00,22.645511385053396
2018-02-15 10:00:00,22.652193158864975
2018-02-15 10:15:00,22.658874932676554
2018-02-15 10:30:00,22.665556706488132
2018-02-15 10:45:00,22.67223848029971
2018-02-15 11:00:00,22.67892025411129
2018-02-15 11:15:00,22.68560202792287
2018-02-15 11:30:00,22.692283801734447
2018-02-15 11:45:00,22.698965575546026
2018-02-15 12:00:00,22.705647349357605
2018-02-15 12:15:00,22.81016744673252
2018-02-15 12:30:00,22.914687544107437
2018-02-15 12:45:00,23.019207641482353
2018-02-15 13:00:00,23.12372773885727
2018-02-15 13:15:00,23.228247836232185
2018-02-15 13:30:00,23.3327679336071
2018-02-15 13:45:00,23.437288030982018
2018-02-15 14:00:00,23.541808128356934
2018-02-15 14:15:00,23.64632822573185
2018-02-15 14:30:00,23.750848323106766
2018-02-15 14:45:00,23.855368420481682
2018-02-15 15:00:00,23.959888517856598
2018-02-15 15:15:00,24.064408615231514
2018-02-15 15:30:00,24.16892871260643
2018-02-15 15:45:00,24.273448809981346
2018-02-15 16:00:00,24.377968907356262
2018-02-15 16:15:00,24.371566716581583
2018-02-15 16:30:00,24.365164525806904
2018-02-15 16:45:00,24.358762335032225
2018-02-15 17:00:00,24.352360144257545
2018-02-15 17:15:00,24.345957953482866
2018-02-15 17:30:00,24.339555762708187
2018-02-15 17:45:00,24.333153571933508
2018-02-15 18:00:00,24.32675138115883
2018-02-15 18:15:00,24.32034919038415
2018-02-15 18:30:00,24.31394699960947
2018-02-15 18:45:00,24.30754480883479
2018-02-15 19:00:00,24.301142618060112
2018-02-15 19:15:00,24.294740427285433
2018-02-15 19:30:00,24.288338236510754
2018-02-15 19:45:00,24.281936045736074
2018-02-15 20:00:00,24.275533854961395
2018-02-15 20:15:00,24.273396003991365
2018-02-15 20:30:00,24.271258153021336
2018-02-15 20:45:00,24.269120302051306
2018-02-15 21:00:00,24.266982451081276
2018-02-15 21:15:00,24.264844600111246
2018-02-15 21:30:00,24.262706749141216
2018-02-15 21:45:00,24.260568898171186
2018-02-15 22:00:00,24.258431047201157
2018-02-15 22:15:00,24.256293196231127
2018-02-15 22:30:00,24.254155345261097
2018-02-15 22:45:00,24.252017494291067
2018-02-15 23:00:00,24.249879643321037
2018-02-15 23:15:00,24.247741792351007
2018-02-15 23:30:00,24.245603941380978
2018-02-15 23:45:00,24.243466090410948
2018-02-16 00:00:00,24.241328239440918
2018-02-16 00:15:00,24.24560207873583
2018-02-16 00:30:00,24.24987591803074
2018-02-16 00:45:00,24.25414975732565
2018-02-16 01:00:00,24.25842359662056
2018-02-16 01:15:00,24.26269743591547
2018-02-16 01:30:00,24.26697127521038
2018-02-16 01:45:00,24.27124511450529
2018-02-16 02:00:00,24.2755189538002
2018-02-16 02:15:00,24.279792793095112
2018-02-16 02:30:00,24.284066632390022
2018-02-16 02:45:00,24.288340471684933
2018-02-16 03:00:00,24.292614310979843
2018-02-16 03:15:00,24.296888150274754
2018-02-16 03:30:00,24.301161989569664
2018-02-16 03:45:00,24.305435828864574
2018-02-16 04:00:00,24.309709668159485
2018-02-16 04:15:00,24.326728750020266
2018-02-16 04:30:00,24.343747831881046
2018-02-16 04:45:00,24.360766913741827
2018-02-16 05:00:00,24.377785995602608
2018-02-16 05:15:00,24.39480507746339
2018-02-16 05:30:00,24.41182415932417
2018-02-16 05:45:00,24.42884324118495
2018-02-16 06:00:00,24.44586232304573
2018-02-16 06:15:00,24.46288140490651
2018-02-16 06:30:00,24.479900486767292
2018-02-16 06:45:00,24.496919568628073
2018-02-16 07:00:00,24.513938650488853
2018-02-16 07:15:00,24.530957732349634
2018-02-16 07:30:00,24.547976814210415
2018-02-16 07:45:00,24.564995896071196
2018-02-16 08:00:00,24.582014977931976
2018-02-16 08:15:00,24.584133736789227
2018-02-16 08:30:00,24.586252495646477
2018-02-16 08:45:00,24.588371254503727
2018-02-16 09:00:00,24.590490013360977
2018-02-16 09:15:00,24.592608772218227
2018-02-16 09:30:00,24.594727531075478
2018-02-16 09:45:00,24.596846289932728
2018-02-16 10:00:00,24.598965048789978
2018-02-16 10:15:00,24.60108380764723
2018-02-16 10:30:00,24.60320256650448
2018-02-16 10:45:00,24.60532132536173
2018-02-16 11:00:00,24.60744008421898
2018-02-16 11:15:00,24.60955884307623
2018-02-16 11:30:00,24.61167760193348
2018-02-16 11:45:00,24.61379636079073
2018-02-16 12:00:00,24.61591511964798
2018-02-16 12:15:00,24.61379636079073
2018-02-16 12:30:00,24.61167760193348
2018-02-16 12:45:00,24.60955884307623
2018-02-16 13:00:00,24.60744008421898
2018-02-16 13:15:00,24.60532132536173
2018-02-16 13:30:00,24.60320256650448
2018-02-16 13:45:00,24.60108380764723
2018-02-16 14:00:00,24.598965048789978
2018-02-16 14:15:00,24.596846289932728
2018-02-16 14:30:00,24.594727531075478
2018-02-16 14:45:00,24.592608772218227
2018-02-16 15:00:00,24.590490013360977
2018-02-16 15:15:00,24.588371254503727
2018-02-16 15:30:00,24.586252495646477
2018-02-16 15:45:00,24.584133736789227
2018-02-16 16:00:00,24.582014977931976
2018-02-16 16:15:00,24.577771592885256
2018-02-16 16:30:00,24.573528207838535
2018-02-16 16:45:00,24.569284822791815
2018-02-16 17:00:00,24.565041437745094
2018-02-16 17:15:00,24.560798052698374
2018-02-16 17:30:00,24.556554667651653
2018-02-16 17:45:00,24.552311282604933
2018-02-16 18:00:00,24.548067897558212
2018-02-16 18:15:00,24.54382451251149
2018-02-16 18:30:00,24.53958112746477
2018-02-16 18:45:00,24.53533774241805
2018-02-16 19:00:00,24.53109435737133
2018-02-16 19:15:00,24.52685097232461
2018-02-16 19:30:00,24.52260758727789
2018-02-16 19:45:00,24.51836420223117
2018-02-16 20:00:00,24.51412081718445
2018-02-16 20:15:00,24.511996377259493
2018-02-16 20:30:00,24.509871937334538
2018-02-16 20:45:00,24.507747497409582
2018-02-16 21:00:00,24.505623057484627
2018-02-16 21:15:00,24.50349861755967
2018-02-16 21:30:00,24.501374177634716
2018-02-16 21:45:00,24.49924973770976
2018-02-16 22:00:00,24.497125297784805
2018-02-16 22:15:00,24.49500085785985
2018-02-16 22:30:00,24.492876417934895
2018-02-16 22:45:00,24.49075197800994
2018-02-16 23:00:00,24.488627538084984
2018-02-16 23:15:00,24.48650309816003
2018-02-16 23:30:00,24.484378658235073
2018-02-16 23:45:00,24.482254218310118
2018-02-17 00:00:00,24.480129778385162
2018-02-17 00:15:00,24.49284829199314
2018-02-17 00:30:00,24.50556680560112
2018-02-17 00:45:00,24.5182853192091
2018-02-17 01:00:00,24.531003832817078
2018-02-17 01:15:00,24.543722346425056
2018-02-17 01:30:00,24.556440860033035
2018-02-17 01:45:00,24.569159373641014
2018-02-17 02:00:00,24.581877887248993
2018-02-17 02:15:00,24.59459640085697
2018-02-17 02:30:00,24.60731491446495
2018-02-17 02:45:00,24.62003342807293
2018-02-17 03:00:00,24.632751941680908
2018-02-17 03:15:00,24.645470455288887
2018-02-17 03:30:00,24.658188968896866
2018-02-17 03:45:00,24.670907482504845
2018-02-17 04:00:00,24.683625996112823
2018-02-17 04:15:00,25.38391789421439
2018-02-17 04:30:00,26.08420979231596
2018-02-17 04:45:00,26.784501690417528
2018-02-17 05:00:00,27.484793588519096
2018-02-17 05:15:00,28.185085486620665
2018-02-17 05:30:00,28.885377384722233
2018-02-17 05:45:00,29.5856692828238
2018-02-17 06:00:00,30.28596118092537
2018-02-17 06:15:00,30.986253079026937
2018-02-17 06:30:00,31.686544977128506
2018-02-17 06:45:00,32.386836875230074
2018-02-17 07:00:00,33.08712877333164
2018-02-17 07:15:00,33.78742067143321
2018-02-17 07:30:00,34.48771256953478
2018-02-17 07:45:00,35.18800446763635
2018-02-17 08:00:00,35.888296365737915
2018-02-17 08:15:00,35.64031459391117
2018-02-17 08:30:00,35.39233282208443
2018-02-17 08:45:00,35.14435105025768
2018-02-17 09:00:00,34.89636927843094
2018-02-17 09:15:00,34.648387506604195
2018-02-17 09:30:00,34.40040573477745
2018-02-17 09:45:00,34.15242396295071
2018-02-17 10:00:00,33.90444219112396
2018-02-17 10:15:00,33.65646041929722
2018-02-17 10:30:00,33.408478647470474
2018-02-17 10:45:00,33.16049687564373
2018-02-17 11:00:00,32.912515103816986
2018-02-17 11:15:00,32.66453333199024
2018-02-17 11:30:00,32.4165515601635
2018-02-17 11:45:00,32.168569788336754
2018-02-17 12:00:00,31.92058801651001
2018-02-17 12:15:00,31.777634657919407
2018-02-17 12:30:00,31.634681299328804
2018-02-17 12:45:00,31.4917279407382
2018-02-17 13:00:00,31.3487745821476
2018-02-17 13:15:00,31.205821223556995
2018-02-17 13:30:00,31.062867864966393
2018-02-17 13:45:00,30.91991450637579
2018-02-17 14:00:00,30.776961147785187
2018-02-17 14:15:00,30.634007789194584
2018-02-17 14:30:00,30.49105443060398
2018-02-17 14:45:00,30.348101072013378
2018-02-17 15:00:00,30.205147713422775
2018-02-17 15:15:00,30.062194354832172
2018-02-17 15:30:00,29.91924099624157
2018-02-17 15:45:00,29.776287637650967
2018-02-17 16:00:00,29.633334279060364
2018-02-17 16:15:00,29.579485952854156
2018-02-17 16:30:00,29.52563762664795
2018-02-17 16:45:00,29.471789300441742
2018-02-17 17:00:00,29.417940974235535
2018-02-17 17:15:00,29.364092648029327
2018-02-17 17:30:00,29.31024432182312
2018-02-17 17:45:00,29.256395995616913
2018-02-17 18:00:00,29.202547669410706
2018-02-17 18:15:00,29.1486993432045
2018-02-17 18:30:00,29.09485101699829
2018-02-17 18:45:00,29.041002690792084
2018-02-17 19:00:00,28.987154364585876
2018-02-17 19:15:00,28.93330603837967
2018-02-17 19:30:00,28.879457712173462
2018-02-17 19:45:00,28.825609385967255
2018-02-17 20:00:00,28.771761059761047
2018-02-17 20:15:00,28.7452457472682
2018-02-17 20:30:00,28.718730434775352
2018-02-17 20:45:00,28.692215122282505
2018-02-17 21:00:00,28.665699809789658
2018-02-17 21:15:00,28.63918449729681
2018-02-17 21:30:00,28.612669184803963
2018-02-17 21:45:00,28.586153872311115
2018-02-17 22:00:00,28.559638559818268
2018-02-17 22:15:00,28.53312324732542
2018-02-17 22:30:00,28.506607934832573
2018-02-17 22:45:00,28.480092622339725
2018-02-17 23:00:00,28.453577309846878
2018-02-17 23:15:00,28.42706199735403
2018-02-17 23:30:00,28.400546684861183
2018-02-17 23:45:00,28.374031372368336
2018-02-18 00:00:00,28.34751605987549
2018-02-18 00:15:00,28.332210704684258
2018-02-18 00:30:00,28.316905349493027
2018-02-18 00:45:00,28.301599994301796
2018-02-18 01:00:00,28.286294639110565
2018-02-18 01:15:00,28.270989283919334
2018-02-18 01:30:00,28.255683928728104
2018-02-18 01:45:00,28.240378573536873
2018-02-18 02:00:00,28.225073218345642
2018-02-18 02:15:00,28.20976786315441
2018-02-18 02:30:00,28.19446250796318
2018-02-18 02:45:00,28.17915715277195
2018-02-18 03:00:00,28.16385179758072
2018-02-18 03:15:00,28.148546442389488
2018-02-18 03:30:00,28.133241087198257
2018-02-18 03:45:00,28.117935732007027
2018-02-18 04:00:00,28.102630376815796
2018-02-18 04:15:00,28.0852772295475
2018-02-18 04:30:00,28.067924082279205
2018-02-18 04:45:00,28.05057093501091
2018-02-18 05:00:00,28.033217787742615
2018-02-18 05:15:00,28.01586464047432
2018-02-18 05:30:00,27.998511493206024
2018-02-18 05:45:00,27.98115834593773
2018-02-18 06:00:00,27.963805198669434
2018-02-18 06:15:00,27.94645205140114
2018-02-18 06:30:00,27.929098904132843
2018-02-18 06:45:00,27.911745756864548
2018-02-18 07:00:00,27.894392609596252
2018-02-18 07:15:00,27.877039462327957
2018-02-18 07:30:00,27.859686315059662
2018-02-18 07:45:00,27.842333167791367
2018-02-18 08:00:00,27.82498002052307
2018-02-18 08:15:00,27.823043055832386
2018-02-18 08:30:00,27.8211060911417
2018-02-18 08:45:00,27.819169126451015
2018-02-18 09:00:00,27.81723216176033
2018-02-18 09:15:00,27.815295197069645
2018-02-18 09:30:00,27.81335823237896
2018-02-18 09:45:00,27.811421267688274
2018-02-18 10:00:00,27.80948430299759
2018-02-18 10:15:00,27.807547338306904
2018-02-18 10:30:00,27.80561037361622
2018-02-18 10:45:00,27.803673408925533
2018-02-18 11:00:00,27.801736444234848
2018-02-18 11:15:00,27.799799479544163
2018-02-18 11:30:00,27.797862514853477
2018-02-18 11:45:00,27.795925550162792
2018-02-18 12:00:00,27.793988585472107
2018-02-18 12:15:00,27.774520963430405
2018-02-18 12:30:00,27.755053341388702
2018-02-18 12:45:00,27.735585719347
2018-02-18 13:00:00,27.716118097305298
2018-02-18 13:15:00,27.696650475263596
2018-02-18 13:30:00,27.677182853221893
2018-02-18 13:45:00,27.65771523118019
2018-02-18 14:00:00,27.63824760913849
2018-02-18 14:15:00,27.618779987096786
2018-02-18 14:30:00,27.599312365055084
2018-02-18 14:45:00,27.579844743013382
2018-02-18 15:00:00,27.56037712097168
2018-02-18 15:15:00,27.540909498929977
2018-02-18 15:30:00,27.521441876888275
2018-02-18 15:45:00,27.501974254846573
2018-02-18 16:00:00,27.48250663280487
2018-02-18 16:15:00,27.468773163855076
2018-02-18 16:30:00,27.45503969490528
2018-02-18 16:45:00,27.441306225955486
2018-02-18 17:00:00,27.42757275700569
2018-02-18 17:15:00,27.413839288055897
2018-02-18 17:30:00,27.400105819106102
2018-02-18 17:45:00,27.386372350156307
2018-02-18 18:00:00,27.372638881206512
2018-02-18 18:15:00,27.358905412256718
2018-02-18 18:30:00,27.345171943306923
2018-02-18 18:45:00,27.331438474357128
2018-02-18 19:00:00,27.317705005407333
2018-02-18 19:15:00,27.30397153645754
2018-02-18 19:30:00,27.290238067507744
2018-02-18 19:45:00,27.27650459855795
2018-02-18 20:00:00,27.262771129608154
2018-02-18 20:15:00,27.256858348846436
2018-02-18 20:30:00,27.250945568084717
2018-02-18 20:45:00,27.245032787322998
2018-02-18 21:00:00,27.23912000656128
2018-02-18 21:15:00,27.23320722579956
2018-02-18 21:30:00,27.227294445037842
2018-02-18 21:45:00,27.221381664276123
2018-02-18 22:00:00,27.215468883514404
2018-02-18 22:15:00,27.209556102752686
2018-02-18 22:30:00,27.203643321990967
2018-02-18 22:45:00,27.197730541229248
2018-02-18 23:00:00,27.19181776046753
2018-02-18 23:15:00,27.18590497970581
2018-02-18 23:30:00,27.179992198944092
2018-02-18 23:45:00,27.174079418182373
2018-02-19 00:00:00,27.168166637420654
2018-02-19 00:15:00,27.16619223356247
2018-02-19 00:30:00,27.164217829704285
2018-02-19 00:45:00,27.1622434258461
2018-02-19 01:00:00,27.160269021987915
2018-02-19 01:15:00,27.15829461812973
2018-02-19 01:30:00,27.156320214271545
2018-02-19 01:45:00,27.15434581041336
2018-02-19 02:00:00,27.152371406555176
2018-02-19 02:15:00,27.15039700269699
2018-02-19 02:30:00,27.148422598838806
2018-02-19 02:45:00,27.14644819498062
2018-02-19 03:00:00,27.144473791122437
2018-02-19 03:15:00,27.14249938726425
2018-02-19 03:30:00,27.140524983406067
2018-02-19 03:45:00,27.138550579547882
2018-02-19 04:00:00,27.136576175689697
2018-02-19 04:15:00,27.13262178003788
2018-02-19 04:30:00,27.128667384386063
2018-02-19 04:45:00,27.124712988734245
2018-02-19 05:00:00,27.120758593082428
2018-02-19 05:15:00,27.11680419743061
2018-02-19 05:30:00,27.112849801778793
2018-02-19 05:45:00,27.108895406126976
2018-02-19 06:00:00,27.10494101047516
2018-02-19 06:15:00,27.10098661482334
2018-02-19 06:30:00,27.097032219171524
2018-02-19 06:45:00,27.093077823519707
2018-02-19 07:00:00,27.08912342786789
2018-02-19 07:15:00,27.085169032216072
2018-02-19 07:30:00,27.081214636564255
2018-02-19 07:45:00,27.077260240912437
2018-02-19 08:00:00,27.07330584526062
2018-02-19 08:15:00,27.388115413486958
2018-02-19 08:30:00,27.702924981713295
2018-02-19 08:45:00,28.017734549939632
2018-02-19 09:00:00,28.33254411816597
2018-02-19 09:15:00,28.647353686392307
2018-02-19 09:30:00,28.962163254618645
2018-02-19 09:45:00,29.276972822844982
2018-02-19 10:00:00,29.59178239107132
2018-02-19 10:15:00,29.906591959297657
2018-02-19 10:30:00,30.221401527523994
2018-02-19 10:45:00,30.536211095750332
2018-02-19 11:00:00,30.85102066397667
2018-02-19 11:15:00,31.165830232203007
2018-02-19 11:30:00,31.480639800429344
2018-02-19 11:45:00,31.79544936865568
2018-02-19 12:00:00,32.11025893688202
2018-02-19 12:15:00,32.08988942205906
2018-02-19 12:30:00,32.0695199072361
2018-02-19 12:45:00,32.04915039241314
2018-02-19 13:00:00,32.02878087759018
2018-02-19 13:15:00,32.00841136276722
2018-02-19 13:30:00,31.98804184794426
2018-02-19 13:45:00,31.9676723331213
2018-02-19 14:00:00,31.94730281829834
2018-02-19 14:15:00,31.92693330347538
2018-02-19 14:30:00,31.90656378865242
2018-02-19 14:45:00,31.88619427382946
2018-02-19 15:00:00,31.8658247590065
2018-02-19 15:15:00,31.84545524418354
2018-02-19 15:30:00,31.82508572936058
2018-02-19 15:45:00,31.80471621453762
2018-02-19 16:00:00,31.78434669971466
2018-02-19 16:15:00,31.65356907993555
2018-02-19 16:30:00,31.52279146015644
2018-02-19 16:45:00,31.39201384037733
2018-02-19 17:00:00,31.26123622059822
2018-02-19 17:15:00,31.13045860081911
2018-02-19 17:30:00,30.99968098104
2018-02-19 17:45:00,30.86890336126089
2018-02-19 18:00:00,30.73812574148178
2018-02-19 18:15:00,30.60734812170267
2018-02-19 18:30:00,30.47657050192356
2018-02-19 18:45:00,30.34579288214445
2018-02-19 19:00:00,30.21501526236534
2018-02-19 19:15:00,30.08423764258623
2018-02-19 19:30:00,29.95346002280712
2018-02-19 19:45:00,29.82268240302801
2018-02-19 20:00:00,29.6919047832489
2018-02-19 20:15:00,29.647525772452354
2018-02-19 20:30:00,29.603146761655807
2018-02-19 20:45:00,29.55876775085926
2018-02-19 21:00:00,29.514388740062714
2018-02-19 21:15:00,29.470009729266167
2018-02-19 21:30:00,29.42563071846962
2018-02-19 21:45:00,29.381251707673073
2018-02-19 22:00:00,29.336872696876526
2018-02-19 22:15:00,29.29249368607998
2018-02-19 22:30:00,29.248114675283432
2018-02-19 22:45:00,29.203735664486885
2018-02-19 23:00:00,29.159356653690338
2018-02-19 23:15:00,29.11497764289379
2018-02-19 23:30:00,29.070598632097244
2018-02-19 23:45:00,29.026219621300697
2018-02-20 00:00:00,28.98184061050415
2018-02-20 00:15:00,28.95928006619215
2018-02-20 00:30:00,28.93671952188015
2018-02-20 00:45:00,28.91415897756815
2018-02-20 01:00:00,28.89159843325615
2018-02-20 01:15:00,28.86903788894415
2018-02-20 01:30:00,28.84647734463215
2018-02-20 01:45:00,28.82391680032015
2018-02-20 02:00:00,28.801356256008148
2018-02-20 02:15:00,28.778795711696148
2018-02-20 02:30:00,28.756235167384148
2018-02-20 02:45:00,28.733674623072147
2018-02-20 03:00:00,28.711114078760147
2018-02-20 03:15:00,28.688553534448147
2018-02-20 03:30:00,28.665992990136147
2018-02-20 03:45:00,28.643432445824146
2018-02-20 04:00:00,28.620871901512146
2018-02-20 04:15:00,28.603787161409855
2018-02-20 04:30:00,28.586702421307564
2018-02-20 04:45:00,28.569617681205273
2018-02-20 05:00:00,28.55253294110298
2018-02-20 05:15:00,28.53544820100069
2018-02-20 05:30:00,28.5183634608984
2018-02-20 05:45:00,28.50127872079611
2018-02-20 06:00:00,28.484193980693817
2018-02-20 06:15:00,28.467109240591526
2018-02-20 06:30:00,28.450024500489235
2018-02-20 06:45:00,28.432939760386944
2018-02-20 07:00:00,28.415855020284653
2018-02-20 07:15:00,28.39877028018236
2018-02-20 07:30:00,28.38168554008007
2018-02-20 07:45:00,28.36460079997778
2018-02-20 08:00:00,28.34751605987549
2018-02-20 08:15:00,28.349421359598637
2018-02-20 08:30:00,28.351326659321785
2018-02-20 08:45:00,28.353231959044933
2018-02-20 09:00:00,28.35513725876808
2018-02-20 09:15:00,28.35704255849123
2018-02-20 09:30:00,28.35894785821438
2018-02-20 09:45:00,28.360853157937527
2018-02-20 10:00:00,28.362758457660675
2018-02-20 10:15:00,28.364663757383823
2018-02-20 10:30:00,28.36656905710697
2018-02-20 10:45:00,28.36847435683012
2018-02-20 11:00:00,28.37037965655327
2018-02-20 11:15:00,28.372284956276417
2018-02-20 11:30:00,28.374190255999565
2018-02-20 11:45:00,28.376095555722713
2018-02-20 12:00:00,28.378000855445862
2018-02-20 12:15:00,28.7507189437747
2018-02-20 12:30:00,29.12343703210354
2018-02-20 12:45:00,29.496155120432377
2018-02-20 13:00:00,29.868873208761215
2018-02-20 13:15:00,30.241591297090054
2018-02-20 13:30:00,30.614309385418892
2018-02-20 13:45:00,30.98702747374773
2018-02-20 14:00:00,31.35974556207657
2018-02-20 14:15:00,31.732463650405407
2018-02-20 14:30:00,32.105181738734245
2018-02-20 14:45:00,32.477899827063084
2018-02-20 15:00:00,32.85061791539192
2018-02-20 15:15:00,33.22333600372076
2018-02-20 15:30:00,33.5960540920496
2018-02-20 15:45:00,33.96877218037844
2018-02-20 16:00:00,34.341490268707275
2018-02-20 16:15:00,34.660754539072514
2018-02-20 16:30:00,34.98001880943775
2018-02-20 16:45:00,35.29928307980299
2018-02-20 17:00:00,35.61854735016823
2018-02-20 17:15:00,35.937811620533466
2018-02-20 17:30:00,36.257075890898705
2018-02-20 17:45:00,36.57634016126394
2018-02-20 18:00:00,36.89560443162918
2018-02-20 18:15:00,37.21486870199442
2018-02-20 18:30:00,37.53413297235966
2018-02-20 18:45:00,37.853397242724895
2018-02-20 19:00:00,38.172661513090134
2018-02-20 19:15:00,38.49192578345537
2018-02-20 19:30:00,38.81119005382061
2018-02-20 19:45:00,39.13045432418585
2018-02-20 20:00:00,39.449718594551086
2018-02-20 20:15:00,39.381518587470055
2018-02-20 20:30:00,39.31331858038902
2018-02-20 20:45:00,39.24511857330799
2018-02-20 21:00:00,39.17691856622696
2018-02-20 21:15:00,39.10871855914593
2018-02-20 21:30:00,39.040518552064896
2018-02-20 21:45:00,38.972318544983864
2018-02-20 22:00:00,38.90411853790283
2018-02-20 22:15:00,38.8359185308218
2018-02-20 22:30:00,38.76771852374077
2018-02-20 22:45:00,38.69951851665974
2018-02-20 23:00:00,38.631318509578705
2018-02-20 23:15:00,38.56311850249767
2018-02-20 23:30:00,38.49491849541664
2018-02-20 23:45:00,38.42671848833561
2018-02-21 00:00:00,38.35851848125458
2018-02-21 00:15:00,38.189407251775265
2018-02-21 00:30:00,38.02029602229595
2018-02-21 00:45:00,37.85118479281664
2018-02-21 01:00:00,37.682073563337326
2018-02-21 01:15:00,37.51296233385801
2018-02-21 01:30:00,37.3438511043787
2018-02-21 01:45:00,37.17473987489939
2018-02-21 02:00:00,37.005628645420074
2018-02-21 02:15:00,36.83651741594076
2018-02-21 02:30:00,36.66740618646145
2018-02-21 02:45:00,36.498294956982136
2018-02-21 03:00:00,36.32918372750282
2018-02-21 03:15:00,36.16007249802351
2018-02-21 03:30:00,35.9909612685442
2018-02-21 03:45:00,35.821850039064884
2018-02-21 04:00:00,35.65273880958557
2018-02-21 04:15:00,35.477980971336365
2018-02-21 04:30:00,35.30322313308716
2018-02-21 04:45:00,35.12846529483795
2018-02-21 05:00:00,34.953707456588745
2018-02-21 05:15:00,34.77894961833954
2018-02-21 05:30:00,34.60419178009033
2018-02-21 05:45:00,34.429433941841125
2018-02-21 06:00:00,34.25467610359192
2018-02-21 06:15:00,34.07991826534271
2018-02-21 06:30:00,33.905160427093506
2018-02-21 06:45:00,33.7304025888443
2018-02-21 07:00:00,33.55564475059509
2018-02-21 07:15:00,33.380886912345886
2018-02-21 07:30:00,33.20612907409668
2018-02-21 07:45:00,33.03137123584747
2018-02-21 08:00:00,32.85661339759827
2018-02-21 08:15:00,32.79130291193724
2018-02-21 08:30:00,32.72599242627621
2018-02-21 08:45:00,32.66068194061518
2018-02-21 09:00:00,32.59537145495415
2018-02-21 09:15:00,32.53006096929312
2018-02-21 09:30:00,32.46475048363209
2018-02-21 09:45:00,32.39943999797106
2018-02-21 10:00:00,32.33412951231003
2018-02-21 10:15:00,32.268819026649
2018-02-21 10:30:00,32.20350854098797
2018-02-21 10:45:00,32.13819805532694
2018-02-21 11:00:00,32.07288756966591
2018-02-21 11:15:00,32.00757708400488
2018-02-21 11:30:00,31.94226659834385
2018-02-21 11:45:00,31.87695611268282
2018-02-21 12:00:00,31.81164562702179
2018-02-21 12:15:00,31.770253367722034
2018-02-21 12:30:00,31.72886110842228
2018-02-21 12:45:00,31.687468849122524
2018-02-21 13:00:00,31.64607658982277
2018-02-21 13:15:00,31.604684330523014
2018-02-21 13:30:00,31.56329207122326
2018-02-21 13:45:00,31.521899811923504
2018-02-21 14:00:00,31.48050755262375
2018-02-21 14:15:00,31.439115293323994
2018-02-21 14:30:00,31.39772303402424
2018-02-21 14:45:00,31.356330774724483
2018-02-21 15:00:00,31.31493851542473
2018-02-21 15:15:00,31.273546256124973
2018-02-21 15:30:00,31.232153996825218
2018-02-21 15:45:00,31.190761737525463
2018-02-21 16:00:00,31.149369478225708
2018-02-21 16:15:00,31.13712090998888
2018-02-21 16:30:00,31.124872341752052
2018-02-21 16:45:00,31.112623773515224
2018-02-21 17:00:00,31.100375205278397
2018-02-21 17:15:00,31.08812663704157
2018-02-21 17:30:00,31.07587806880474
2018-02-21 17:45:00,31.063629500567913
2018-02-21 18:00:00,31.051380932331085
2018-02-21 18:15:00,31.039132364094257
2018-02-21 18:30:00,31.02688379585743
2018-02-21 18:45:00,31.0146352276206
2018-02-21 19:00:00,31.002386659383774
2018-02-21 19:15:00,30.990138091146946
2018-02-21 19:30:00,30.977889522910118
2018-02-21 19:45:00,30.96564095467329
2018-02-21 20:00:00,30.953392386436462
2018-02-21 20:15:00,30.942830070853233
2018-02-21 20:30:00,30.932267755270004
2018-02-21 20:45:00,30.921705439686775
2018-02-21 21:00:00,30.911143124103546
2018-02-21 21:15:00,30.900580808520317
2018-02-21 21:30:00,30.890018492937088
2018-02-21 21:45:00,30.87945617735386
2018-02-21 22:00:00,30.86889386177063
2018-02-21 22:15:00,30.8583315461874
2018-02-21 22:30:00,30.84776923060417
2018-02-21 22:45:00,30.837206915020943
2018-02-21 23:00:00,30.826644599437714
2018-02-21 23:15:00,30.816082283854485
2018-02-21 23:30:00,30.805519968271255
2018-02-21 23:45:00,30.794957652688026
2018-02-22 00:00:00,30.784395337104797
2018-02-22 00:15:00,30.770220048725605
2018-02-22 00:30:00,30.756044760346413
2018-02-22 00:45:00,30.74186947196722
2018-02-22 01:00:00,30.727694183588028
2018-02-22 01:15:00,30.713518895208836
2018-02-22 01:30:00,30.699343606829643
2018-02-22 01:45:00,30.68516831845045
2018-02-22 02:00:00,30.67099303007126
2018-02-22 02:15:00,30.656817741692066
2018-02-22 02:30:00,30.642642453312874
2018-02-22 02:45:00,30.62846716493368
2018-02-22 03:00:00,30.61429187655449
2018-02-22 03:15:00,30.600116588175297
2018-02-22 03:30:00,30.585941299796104
2018-02-22 03:45:00,30.571766011416912
2018-02-22 04:00:00,30.55759072303772
2018-02-22 04:15:00,30.545100569725037
2018-02-22 04:30:00,30.532610416412354
2018-02-22 04:45:00,30.52012026309967
2018-02-22 05:00:00,30.507630109786987
2018-02-22 05:15:00,30.495139956474304
2018-02-22 05:30:00,30.48264980316162
2018-02-22 05:45:00,30.470159649848938
2018-02-22 06:00:00,30.457669496536255
2018-02-22 06:15:00,30.445179343223572
2018-02-22 06:30:00,30.43268918991089
2018-02-22 06:45:00,30.420199036598206
2018-02-22 07:00:00,30.407708883285522
2018-02-22 07:15:00,30.39521872997284
2018-02-22 07:30:00,30.382728576660156
2018-02-22 07:45:00,30.370238423347473
2018-02-22 08:00:00,30.35774827003479
2018-02-22 08:15:00,30.3415697067976
2018-02-22 08:30:00,30.32539114356041
2018-02-22 08:45:00,30.30921258032322
2018-02-22 09:00:00,30.29303401708603
2018-02-22 09:15:00,30.27685545384884
2018-02-22 09:30:00,30.26067689061165
2018-02-22 09:45:00,30.24449832737446
2018-02-22 10:00:00,30.228319764137268
2018-02-22 10:15:00,30.212141200900078
2018-02-22 10:30:00,30.195962637662888
2018-02-22 10:45:00,30.179784074425697
2018-02-22 11:00:00,30.163605511188507
2018-02-22 11:15:00,30.147426947951317
2018-02-22 11:30:00,30.131248384714127
2018-02-22 11:45:00,30.115069821476936
2018-02-22 12:00:00,30.098891258239746
2018-02-22 12:15:00,30.07710874080658
2018-02-22 12:30:00,30.055326223373413
2018-02-22 12:45:00,30.033543705940247
2018-02-22 13:00:00,30.01176118850708
2018-02-22 13:15:00,29.989978671073914
2018-02-22 13:30:00,29.968196153640747
2018-02-22 13:45:00,29.94641363620758
2018-02-22 14:00:00,29.924631118774414
2018-02-22 14:15:00,29.902848601341248
2018-02-22 14:30:00,29.88106608390808
2018-02-22 14:45:00,29.859283566474915
2018-02-22 15:00:00,29.837501049041748
2018-02-22 15:15:00,29.81571853160858
2018-02-22 15:30:00,29.793936014175415
2018-02-22 15:45:00,29.77215349674225
2018-02-22 16:00:00,29.750370979309082
2018-02-22 16:15:00,29.902920685708523
2018-02-22 16:30:00,30.055470392107964
2018-02-22 16:45:00,30.208020098507404
2018-02-22 17:00:00,30.360569804906845
2018-02-22 17:15:00,30.513119511306286
2018-02-22 17:30:00,30.665669217705727
2018-02-22 17:45:00,30.818218924105167
2018-02-22 18:00:00,30.970768630504608
2018-02-22 18:15:00,31.12331833690405
2018-02-22 18:30:00,31.27586804330349
2018-02-22 18:45:00,31.42841774970293
2018-02-22 19:00:00,31.58096745610237
2018-02-22 19:15:00,31.733517162501812
2018-02-22 19:30:00,31.886066868901253
2018-02-22 19:45:00,32.03861657530069
2018-02-22 20:00:00,32.191166281700134
2018-02-22 20:15:00,32.27979317307472
2018-02-22 20:30:00,32.36842006444931
2018-02-22 20:45:00,32.4570469558239
2018-02-22 21:00:00,32.545673847198486
2018-02-22 21:15:00,32.634300738573074
2018-02-22 21:30:00,32.72292762994766
2018-02-22 21:45:00,32.81155452132225
2018-02-22 22:00:00,32.90018141269684
2018-02-22 22:15:00,32.988808304071426
2018-02-22 22:30:00,33.077435195446014
2018-02-22 22:45:00,33.1660620868206
2018-02-22 23:00:00,33.25468897819519
2018-02-22 23:15:00,33.34331586956978
2018-02-22 23:30:00,33.43194276094437
2018-02-22 23:45:00,33.520569652318954
2018-02-23 00:00:00,33.60919654369354
2018-02-23 00:15:00,33.469357900321484
2018-02-23 00:30:00,33.329519256949425
2018-02-23 00:45:00,33.189680613577366
2018-02-23 01:00:00,33.04984197020531
2018-02-23 01:15:00,32.91000332683325
2018-02-23 01:30:00,32.77016468346119
2018-02-23 01:45:00,32.63032604008913
2018-02-23 02:00:00,32.49048739671707
2018-02-23 02:15:00,32.35064875334501
2018-02-23 02:30:00,32.210810109972954
2018-02-23 02:45:00,32.070971466600895
2018-02-23 03:00:00,31.931132823228836
2018-02-23 03:15:00,31.791294179856777
2018-02-23 03:30:00,31.65145553648472
2018-02-23 03:45:00,31.51161689311266
2018-02-23 04:00:00,31.3717782497406
2018-02-23 04:15:00,31.329763494431973
2018-02-23 04:30:00,31.287748739123344
2018-02-23 04:45:00,31.245733983814716
2018-02-23 05:00:00,31.20371922850609
2018-02-23 05:15:00,31.16170447319746
2018-02-23 05:30:00,31.119689717888832
2018-02-23 05:45:00,31.077674962580204
2018-02-23 06:00:00,31.035660207271576
2018-02-23 06:15:00,30.993645451962948
2018-02-23 06:30:00,30.95163069665432
2018-02-23 06:45:00,30.90961594134569
2018-02-23 07:00:00,30.867601186037064
2018-02-23 07:15:00,30.825586430728436
2018-02-23 07:30:00,30.783571675419807
2018-02-23 07:45:00,30.74155692011118
2018-02-23 08:00:00,30.69954216480255
2018-02-23 08:15:00,30.672802217304707
2018-02-23 08:30:00,30.646062269806862
2018-02-23 08:45:00,30.619322322309017
2018-02-23 09:00:00,30.592582374811172
2018-02-23 09:15:00,30.565842427313328
2018-02-23 09:30:00,30.539102479815483
2018-02-23 09:45:00,30.51236253231764
2018-02-23 10:00:00,30.485622584819794
2018-02-23 10:15:00,30.45888263732195
2018-02-23 10:30:00,30.432142689824104
2018-02-23 10:45:00,30.40540274232626
2018-02-23 11:00:00,30.378662794828415
2018-02-23 11:15:00,30.35192284733057
2018-02-23 11:30:00,30.325182899832726
2018-02-23 11:45:00,30.29844295233488
2018-02-23 12:00:00,30.271703004837036
2018-02-23 12:15:00,30.477093532681465
2018-02-23 12:30:00,30.682484060525894
2018-02-23 12:45:00,30.887874588370323
2018-02-23 13:00:00,31.093265116214752
2018-02-23 13:15:00,31.29865564405918
2018-02-23 13:30:00,31.50404617190361
2018-02-23 13:45:00,31.70943669974804
2018-02-23 14:00:00,31.91482722759247
2018-02-23 14:15:00,32.1202177554369
2018-02-23 14:30:00,32.325608283281326
2018-02-23 14:45:00,32.530998811125755
2018-02-23 15:00:00,32.736389338970184
2018-02-23 15:15:00,32.94177986681461
2018-02-23 15:30:00,33.14717039465904
2018-02-23 15:45:00,33.35256092250347
2018-02-23 16:00:00,33.5579514503479
2018-02-23 16:15:00,33.779339864850044
2018-02-23 16:30:00,34.00072827935219
2018-02-23 16:45:00,34.22211669385433
2018-02-23 17:00:00,34.443505108356476
2018-02-23 17:15:00,34.66489352285862
2018-02-23 17:30:00,34.88628193736076
2018-02-23 17:45:00,35.10767035186291
2018-02-23 18:00:00,35.32905876636505
2018-02-23 18:15:00,35.550447180867195
2018-02-23 18:30:00,35.77183559536934
2018-02-23 18:45:00,35.99322400987148
2018-02-23 19:00:00,36.21461242437363
2018-02-23 19:15:00,36.43600083887577
2018-02-23 19:30:00,36.657389253377914
2018-02-23 19:45:00,36.87877766788006
2018-02-23 20:00:00,37.1001660823822
2018-02-23 20:15:00,37.222953885793686
2018-02-23 20:30:00,37.34574168920517
2018-02-23 20:45:00,37.46852949261665
2018-02-23 21:00:00,37.59131729602814
2018-02-23 21:15:00,37.71410509943962
2018-02-23 21:30:00,37.836892902851105
2018-02-23 21:45:00,37.95968070626259
2018-02-23 22:00:00,38.08246850967407
2018-02-23 22:15:00,38.205256313085556
2018-02-23 22:30:00,38.32804411649704
2018-02-23 22:45:00,38.450831919908524
2018-02-23 23:00:00,38.57361972332001
2018-02-23 23:15:00,38.69640752673149
2018-02-23 23:30:00,38.819195330142975
2018-02-23 23:45:00,38.94198313355446
2018-02-24 00:00:00,39.06477093696594
2018-02-24 00:15:00,39.05451167374849
2018-02-24 00:30:00,39.044252410531044
2018-02-24 00:45:00,39.033993147313595
2018-02-24 01:00:00,39.023733884096146
2018-02-24 01:15:00,39.013474620878696
2018-02-24 01:30:00,39.00321535766125
2018-02-24 01:45:00,38.9929560944438
2018-02-24 02:00:00,38.98269683122635
2018-02-24 02:15:00,38.9724375680089
2018-02-24 02:30:00,38.96217830479145
2018-02-24 02:45:00,38.951919041574
2018-02-24 03:00:00,38.94165977835655
2018-02-24 03:15:00,38.9314005151391
2018-02-24 03:30:00,38.921141251921654
2018-02-24 03:45:00,38.910881988704205
2018-02-24 04:00:00,38.900622725486755
2018-02-24 04:15:00,38.898045755922794
2018-02-24 04:30:00,38.89546878635883
2018-02-24 04:45:00,38.89289181679487
2018-02-24 05:00:00,38.89031484723091
2018-02-24 05:15:00,38.88773787766695
2018-02-24 05:30:00,38.88516090810299
2018-02-24 05:45:00,38.88258393853903
2018-02-24 06:00:00,38.88000696897507
2018-02-24 06:15:00,38.877429999411106
2018-02-24 06:30:00,38.874853029847145
2018-02-24 06:45:00,38.872276060283184
2018-02-24 07:00:00,38.86969909071922
2018-02-24 07:15:00,38.86712212115526
2018-02-24 07:30:00,38.8645451515913
2018-02-24 07:45:00,38.86196818202734
2018-02-24 08:00:00,38.85939121246338
2018-02-24 08:15:00,38.768820092082024
2018-02-24 08:30:00,38.67824897170067
2018-02-24 08:45:00,38.58767785131931
2018-02-24 09:00:00,38.49710673093796
2018-02-24 09:15:00,38.4065356105566
2018-02-24 09:30:00,38.31596449017525
2018-02-24 09:45:00,38.22539336979389
2018-02-24 10:00:00,38.13482224941254
2018-02-24 10:15:00,38.04425112903118
2018-02-24 10:30:00,37.953680008649826
2018-02-24 10:45:00,37.86310888826847
2018-02-24 11:00:00,37.772537767887115
2018-02-24 11:15:00,37.68196664750576
2018-02-24 11:30:00,37.591395527124405
2018-02-24 11:45:00,37.50082440674305
2018-02-24 12:00:00,37.410253286361694
2018-02-24 12:15:00,37.48526070266962
2018-02-24 12:30:00,37.56026811897755
2018-02-24 12:45:00,37.63527553528547
2018-02-24 13:00:00,37.7102829515934
2018-02-24 13:15:00,37.785290367901325
2018-02-24 13:30:00,37.86029778420925
2018-02-24 13:45:00,37.93530520051718
2018-02-24 14:00:00,38.010312616825104
2018-02-24 14:15:00,38.08532003313303
2018-02-24 14:30:00,38.160327449440956
2018-02-24 14:45:00,38.23533486574888
2018-02-24 15:00:00,38.31034228205681
2018-02-24 15:15:00,38.385349698364735
2018-02-24 15:30:00,38.46035711467266
2018-02-24 15:45:00,38.53536453098059
2018-02-24 16:00:00,38.61037194728851
2018-02-24 16:15:00,38.54085486382246
2018-02-24 16:30:00,38.47133778035641
2018-02-24 16:45:00,38.401820696890354
2018-02-24 17:00:00,38.3323036134243
2018-02-24 17:15:00,38.26278652995825
2018-02-24 17:30:00,38.193269446492195
2018-02-24 17:45:00,38.12375236302614
2018-02-24 18:00:00,38.05423527956009
2018-02-24 18:15:00,37.984718196094036
2018-02-24 18:30:00,37.91520111262798
2018-02-24 18:45:00,37.84568402916193
2018-02-24 19:00:00,37.77616694569588
2018-02-24 19:15:00,37.706649862229824
2018-02-24 19:30:00,37.63713277876377
2018-02-24 19:45:00,37.56761569529772
2018-02-24 20:00:00,37.498098611831665
2018-02-24 20:15:00,37.27729357779026
2018-02-24 20:30:00,37.056488543748856
2018-02-24 20:45:00,36.83568350970745
2018-02-24 21:00:00,36.614878475666046
2018-02-24 21:15:00,36.39407344162464
2018-02-24 21:30:00,36.17326840758324
2018-02-24 21:45:00,35.95246337354183
2018-02-24 22:00:00,35.73165833950043
2018-02-24 22:15:00,35.51085330545902
2018-02-24 22:30:00,35.29004827141762
2018-02-24 22:45:00,35.06924323737621
2018-02-24 23:00:00,34.84843820333481
2018-02-24 23:15:00,34.627633169293404
2018-02-24 23:30:00,34.406828135252
2018-02-24 23:45:00,34.186023101210594
2018-02-25 00:00:00,33.96521806716919
2018-02-25 00:15:00,33.88603739440441
2018-02-25 00:30:00,33.80685672163963
2018-02-25 00:45:00,33.727676048874855
2018-02-25 01:00:00,33.64849537611008
2018-02-25 01:15:00,33.5693147033453
2018-02-25 01:30:00,33.49013403058052
2018-02-25 01:45:00,33.41095335781574
2018-02-25 02:00:00,33.331772685050964
2018-02-25 02:15:00,33.252592012286186
2018-02-25 02:30:00,33.17341133952141
2018-02-25 02:45:00,33.09423066675663
2018-02-25 03:00:00,33.01504999399185
2018-02-25 03:15:00,32.935869321227074
2018-02-25 03:30:00,32.856688648462296
2018-02-25 03:45:00,32.77750797569752
2018-02-25 04:00:00,32.69832730293274
2018-02-25 04:15:00,32.65988416969776
2018-02-25 04:30:00,32.621441036462784
2018-02-25 04:45:00,32.582997903227806
2018-02-25 05:00:00,32.54455476999283
2018-02-25 05:15:00,32.50611163675785
2018-02-25 05:30:00,32.46766850352287
2018-02-25 05:45:00,32.429225370287895
2018-02-25 06:00:00,32.39078223705292
2018-02-25 06:15:00,32.35233910381794
2018-02-25 06:30:00,32.31389597058296
2018-02-25 06:45:00,32.275452837347984
2018-02-25 07:00:00,32.23700970411301
2018-02-25 07:15:00,32.19856657087803
2018-02-25 07:30:00,32.16012343764305
2018-02-25 07:45:00,32.12168030440807
2018-02-25 08:00:00,32.083237171173096
2018-02-25 08:15:00,32.06626269966364
2018-02-25 08:30:00,32.04928822815418
2018-02-25 08:45:00,32.032313756644726
2018-02-25 09:00:00,32.01533928513527
2018-02-25 09:15:00,31.998364813625813
2018-02-25 09:30:00,31.981390342116356
2018-02-25 09:45:00,31.9644158706069
2018-02-25 10:00:00,31.947441399097443
2018-02-25 10:15:00,31.930466927587986
2018-02-25 10:30:00,31.91349245607853
2018-02-25 10:45:00,31.896517984569073
2018-02-25 11:00:00,31.879543513059616
2018-02-25 11:15:00,31.86256904155016
2018-02-25 11:30:00,31.845594570040703
2018-02-25 11:45:00,31.828620098531246
2018-02-25 12:00:00,31.81164562702179
2018-02-25 12:15:00,31.768508441746235
2018-02-25 12:30:00,31.72537125647068
2018-02-25 12:45:00,31.682234071195126
2018-02-25 13:00:00,31.63909688591957
2018-02-25 13:15:00,31.595959700644016
2018-02-25 13:30:00,31.55282251536846
2018-02-25 13:45:00,31.509685330092907
2018-02-25 14:00:00,31.466548144817352
2018-02-25 14:15:00,31.423410959541798
2018-02-25 14:30:00,31.380273774266243
2018-02-25 14:45:00,31.33713658899069
2018-02-25 15:00:00,31.293999403715134
2018-02-25 15:15:00,31.25086221843958
2018-02-25 15:30:00,31.207725033164024
2018-02-25 15:45:00,31.16458784788847
2018-02-25 16:00:00,31.121450662612915
2018-02-25 16:15:00,31.08798712491989
2018-02-25 16:30:00,31.054523587226868
2018-02-25 16:45:00,31.021060049533844
2018-02-25 17:00:00,30.98759651184082
2018-02-25 17:15:00,30.954132974147797
2018-02-25 17:30:00,30.920669436454773
2018-02-25 17:45:00,30.88720589876175
2018-02-25 18:00:00,30.853742361068726
2018-02-25 18:15:00,30.820278823375702
2018-02-25 18:30:00,30.786815285682678
2018-02-25 18:45:00,30.753351747989655
2018-02-25 19:00:00,30.71988821029663
2018-02-25 19:15:00,30.686424672603607
2018-02-25 19:30:00,30.652961134910583
2018-02-25 19:45:00,30.61949759721756
2018-02-25 20:00:00,30.586034059524536
2018-02-25 20:15:00,30.580695904791355
2018-02-25 20:30:00,30.575357750058174
2018-02-25 20:45:00,30.570019595324993
2018-02-25 21:00:00,30.564681440591812
2018-02-25 21:15:00,30.55934328585863
2018-02-25 21:30:00,30.55400513112545
2018-02-25 21:45:00,30.54866697639227
2018-02-25 22:00:00,30.543328821659088
2018-02-25 22:15:00,30.537990666925907
2018-02-25 22:30:00,30.532652512192726
2018-02-25 22:45:00,30.527314357459545
2018-02-25 23:00:00,30.521976202726364
2018-02-25 23:15:00,30.516638047993183
2018-02-25 23:30:00,30.511299893260002
2018-02-25 23:45:00,30.50596173852682
2018-02-26 00:00:00,30.50062358379364
2018-02-26 00:15:00,30.497056618332863
2018-02-26 00:30:00,30.493489652872086
2018-02-26 00:45:00,30.48992268741131
2018-02-26 01:00:00,30.48635572195053
2018-02-26 01:15:00,30.482788756489754
2018-02-26 01:30:00,30.479221791028976
2018-02-26 01:45:00,30.4756548255682
2018-02-26 02:00:00,30.472087860107422
2018-02-26 02:15:00,30.468520894646645
2018-02-26 02:30:00,30.464953929185867
2018-02-26 02:45:00,30.46138696372509
2018-02-26 03:00:00,30.457819998264313
2018-02-26 03:15:00,30.454253032803535
2018-02-26 03:30:00,30.450686067342758
2018-02-26 03:45:00,30.44711910188198
2018-02-26 04:00:00,30.443552136421204
2018-02-26 04:15:00,30.438189394772053
2018-02-26 04:30:00,30.432826653122902
2018-02-26 04:45:00,30.42746391147375
2018-02-26 05:00:00,30.4221011698246
2018-02-26 05:15:00,30.41673842817545
2018-02-26 05:30:00,30.4113756865263
2018-02-26 05:45:00,30.406012944877148
2018-02-26 06:00:00,30.400650203227997
2018-02-26 06:15:00,30.395287461578846
2018-02-26 06:30:00,30.389924719929695
2018-02-26 06:45:00,30.384561978280544
2018-02-26 07:00:00,30.379199236631393
2018-02-26 07:15:00,30.373836494982243
2018-02-26 07:30:00,30.36847375333309
2018-02-26 07:45:00,30.36311101168394
2018-02-26 08:00:00,30.35774827003479
2018-02-26 08:15:00,30.346977524459362
2018-02-26 08:30:00,30.336206778883934
2018-02-26 08:45:00,30.325436033308506
2018-02-26 09:00:00,30.314665287733078
2018-02-26 09:15:00,30.30389454215765
2018-02-26 09:30:00,30.293123796582222
2018-02-26 09:45:00,30.282353051006794
2018-02-26 10:00:00,30.271582305431366
2018-02-26 10:15:00,30.260811559855938
2018-02-26 10:30:00,30.25004081428051
2018-02-26 10:45:00,30.239270068705082
2018-02-26 11:00:00,30.228499323129654
2018-02-26 11:15:00,30.217728577554226
2018-02-26 11:30:00,30.206957831978798
2018-02-26 11:45:00,30.19618708640337
2018-02-26 12:00:00,30.185416340827942
2018-02-26 12:15:00,30.152742378413677
2018-02-26 12:30:00,30.120068415999413
2018-02-26 12:45:00,30.087394453585148
2018-02-26 13:00:00,30.054720491170883
2018-02-26 13:15:00,30.02204652875662
2018-02-26 13:30:00,29.989372566342354
2018-02-26 13:45:00,29.95669860392809
2018-02-26 14:00:00,29.924024641513824
2018-02-26 14:15:00,29.89135067909956
2018-02-26 14:30:00,29.858676716685295
2018-02-26 14:45:00,29.82600275427103
2018-02-26 15:00:00,29.793328791856766
2018-02-26 15:15:00,29.7606548294425
2018-02-26 15:30:00,29.727980867028236
2018-02-26 15:45:00,29.69530690461397
2018-02-26 16:00:00,29.662632942199707
2018-02-26 16:15:00,29.64054588228464
2018-02-26 16:30:00,29.618458822369576
2018-02-26 16:45:00,29.59637176245451
2018-02-26 17:00:00,29.574284702539444
2018-02-26 17:15:00,29.552197642624378
2018-02-26 17:30:00,29.530110582709312
2018-02-26 17:45:00,29.508023522794247
2018-02-26 18:00:00,29.48593646287918
2018-02-26 18:15:00,29.463849402964115
2018-02-26 18:30:00,29.44176234304905
2018-02-26 18:45:00,29.419675283133984
2018-02-26 19:00:00,29.397588223218918
2018-02-26 19:15:00,29.375501163303852
2018-02-26 19:30:00,29.353414103388786
2018-02-26 19:45:00,29.33132704347372
2018-02-26 20:00:00,29.309239983558655
2018-02-26 20:15:00,29.307388328015804
2018-02-26 20:30:00,29.305536672472954
2018-02-26 20:45:00,29.303685016930103
2018-02-26 21:00:00,29.301833361387253
2018-02-26 21:15:00,29.299981705844402
2018-02-26 21:30:00,29.298130050301552
2018-02-26 21:45:00,29.2962783947587
2018-02-26 22:00:00,29.29442673921585
2018-02-26 22:15:00,29.292575083673
2018-02-26 22:30:00,29.29072342813015
2018-02-26 22:45:00,29.2888717725873
2018-02-26 23:00:00,29.28702011704445
2018-02-26 23:15:00,29.2851684615016
2018-02-26 23:30:00,29.283316805958748
2018-02-26 23:45:00,29.281465150415897
2018-02-27 00:00:00,29.279613494873047
2018-02-27 00:15:00,29.281465150415897
2018-02-27 00:30:00,29.283316805958748
2018-02-27 00:45:00,29.2851684615016
2018-02-27 01:00:00,29.28702011704445
2018-02-27 01:15:00,29.2888717725873
2018-02-27 01:30:00,29.29072342813015
2018-02-27 01:45:00,29.292575083673
2018-02-27 02:00:00,29.29442673921585
2018-02-27 02:15:00,29.2962783947587
2018-02-27 02:30:00,29.298130050301552
2018-02-27 02:45:00,29.299981705844402
2018-02-27 03:00:00,29.301833361387253
2018-02-27 03:15:00,29.303685016930103
2018-02-27 03:30:00,29.305536672472954
2018-02-27 03:45:00,29.307388328015804
2018-02-27 04:00:00,29.309239983558655
2018-02-27 04:15:00,29.307388328015804
2018-02-27 04:30:00,29.305536672472954
2018-02-27 04:45:00,29.303685016930103
2018-02-27 05:00:00,29.301833361387253
2018-02-27 05:15:00,29.299981705844402
2018-02-27 05:30:00,29.298130050301552
2018-02-27 05:45:00,29.2962783947587
2018-02-27 06:00:00,29.29442673921585
2018-02-27 06:15:00,29.292575083673
2018-02-27 06:30:00,29.29072342813015
2018-02-27 06:45:00,29.2888717725873
2018-02-27 07:00:00,29.28702011704445
2018-02-27 07:15:00,29.2851684615016
2018-02-27 07:30:00,29.283316805958748
2018-02-27 07:45:00,29.281465150415897
2018-02-27 08:00:00,29.279613494873047
2018-02-27 08:15:00,29.274048283696175
2018-02-27 08:30:00,29.268483072519302
2018-02-27 08:45:00,29.26291786134243
2018-02-27 09:00:00,29.257352650165558
2018-02-27 09:15:00,29.251787438988686
2018-02-27 09:30:00,29.246222227811813
2018-02-27 09:45:00,29.24065701663494
2018-02-27 10:00:00,29.23509180545807
2018-02-27 10:15:00,29.229526594281197
2018-02-27 10:30:00,29.223961383104324
2018-02-27 10:45:00,29.218396171927452
2018-02-27 11:00:00,29.21283096075058
2018-02-27 11:15:00,29.207265749573708
2018-02-27 11:30:00,29.201700538396835
2018-02-27 11:45:00,29.196135327219963
2018-02-27 12:00:00,29.19057011604309
2018-02-27 12:15:00,29.371361806988716
2018-02-27 12:30:00,29.55215349793434
2018-02-27 12:45:00,29.732945188879967
2018-02-27 13:00:00,29.913736879825592
2018-02-27 13:15:00,30.094528570771217
2018-02-27 13:30:00,30.275320261716843
2018-02-27 13:45:00,30.456111952662468
2018-02-27 14:00:00,30.636903643608093
2018-02-27 14:15:00,30.81769533455372
2018-02-27 14:30:00,30.998487025499344
2018-02-27 14:45:00,31.17927871644497
2018-02-27 15:00:00,31.360070407390594
2018-02-27 15:15:00,31.54086209833622
2018-02-27 15:30:00,31.721653789281845
2018-02-27 15:45:00,31.90244548022747
2018-02-27 16:00:00,32.083237171173096
2018-02-27 16:15:00,32.42440354079008
2018-02-27 16:30:00,32.765569910407066
2018-02-27 16:45:00,33.10673628002405
2018-02-27 17:00:00,33.44790264964104
2018-02-27 17:15:00,33.78906901925802
2018-02-27 17:30:00,34.13023538887501
2018-02-27 17:45:00,34.47140175849199
2018-02-27 18:00:00,34.81256812810898
2018-02-27 18:15:00,35.153734497725964
2018-02-27 18:30:00,35.49490086734295
2018-02-27 18:45:00,35.836067236959934
2018-02-27 19:00:00,36.17723360657692
2018-02-27 19:15:00,36.518399976193905
2018-02-27 19:30:00,36.85956634581089
2018-02-27 19:45:00,37.200732715427876
2018-02-27 20:00:00,37.54189908504486
2018-02-27 20:15:00,37.263803742825985
2018-02-27 20:30:00,36.98570840060711
2018-02-27 20:45:00,36.70761305838823
2018-02-27 21:00:00,36.42951771616936
2018-02-27 21:15:00,36.15142237395048
2018-02-27 21:30:00,35.873327031731606
2018-02-27 21:45:00,35.59523168951273
2018-02-27 22:00:00,35.317136347293854
2018-02-27 22:15:00,35.03904100507498
2018-02-27 22:30:00,34.7609456628561
2018-02-27 22:45:00,34.482850320637226
2018-02-27 23:00:00,34.20475497841835
2018-02-27 23:15:00,33.926659636199474
2018-02-27 23:30:00,33.6485642939806
2018-02-27 23:45:00,33.37046895176172
2018-02-28 00:00:00,33.09237360954285
2018-02-28 00:15:00,32.984836399555206
2018-02-28 00:30:00,32.877299189567566
2018-02-28 00:45:00,32.769761979579926
2018-02-28 01:00:00,32.662224769592285
2018-02-28 01:15:00,32.554687559604645
2018-02-28 01:30:00,32.447150349617004
2018-02-28 01:45:00,32.339613139629364
2018-02-28 02:00:00,32.232075929641724
2018-02-28 02:15:00,32.12453871965408
2018-02-28 02:30:00,32.01700150966644
2018-02-28 02:45:00,31.909464299678802
2018-02-28 03:00:00,31.801927089691162
2018-02-28 03:15:00,31.69438987970352
2018-02-28 03:30:00,31.58685266971588
2018-02-28 03:45:00,31.47931545972824
2018-02-28 04:00:00,31.3717782497406
2018-02-28 04:15:00,31.331532821059227
2018-02-28 04:30:00,31.291287392377853
2018-02-28 04:45:00,31.25104196369648
2018-02-28 05:00:00,31.210796535015106
2018-02-28 05:15:00,31.170551106333733
2018-02-28 05:30:00,31.13030567765236
2018-02-28 05:45:00,31.090060248970985
2018-02-28 06:00:00,31.049814820289612
2018-02-28 06:15:00,31.009569391608238
2018-02-28 06:30:00,30.969323962926865
2018-02-28 06:45:00,30.92907853424549
2018-02-28 07:00:00,30.888833105564117
2018-02-28 07:15:00,30.848587676882744
2018-02-28 07:30:00,30.80834224820137
2018-02-28 07:45:00,30.768096819519997
2018-02-28 08:00:00,30.727851390838623
2018-02-28 08:15:00,30.740191414952278
2018-02-28 08:30:00,30.752531439065933
2018-02-28 08:45:00,30.76487146317959
2018-02-28 09:00:00,30.777211487293243
2018-02-28 09:15:00,30.7895515114069
2018-02-28 09:30:00,30.801891535520554
2018-02-28 09:45:00,30.81423155963421
2018-02-28 10:00:00,30.826571583747864
2018-02-28 10:15:00,30.83891160786152
2018-02-28 10:30:00,30.851251631975174
2018-02-28 10:45:00,30.86359165608883
2018-02-28 11:00:00,30.875931680202484
2018-02-28 11:15:00,30.88827170431614
2018-02-28 11:30:00,30.900611728429794
2018-02-28 11:45:00,30.91295175254345
2018-02-28 12:00:00,30.925291776657104
2018-02-28 12:15:00,30.95492757856846
2018-02-28 12:30:00,30.984563380479813
2018-02-28 12:45:00,31.014199182391167
2018-02-28 13:00:00,31.04383498430252
2018-02-28 13:15:00,31.073470786213875
2018-02-28 13:30:00,31.10310658812523
2018-02-28 13:45:00,31.132742390036583
2018-02-28 14:00:00,31.162378191947937
2018-02-28 14:15:00,31.19201399385929
2018-02-28 14:30:00,31.221649795770645
2018-02-28 14:45:00,31.251285597682
2018-02-28 15:00:00,31.280921399593353
2018-02-28 15:15:00,31.310557201504707
2018-02-28 15:30:00,31.34019300341606
2018-02-28 15:45:00,31.369828805327415
2018-02-28 16:00:00,31.39946460723877
2018-02-28 16:15:00,31.35748878121376
2018-02-28 16:30:00,31.31551295518875
2018-02-28 16:45:00,31.273537129163742
2018-02-28 17:00:00,31.231561303138733
2018-02-28 17:15:00,31.189585477113724
2018-02-28 17:30:00,31.147609651088715
2018-02-28 17:45:00,31.105633825063705
2018-02-28 18:00:00,31.063657999038696
2018-02-28 18:15:00,31.021682173013687
2018-02-28 18:30:00,30.979706346988678
2018-02-28 18:45:00,30.93773052096367
2018-02-28 19:00:00,30.89575469493866
2018-02-28 19:15:00,30.85377886891365
2018-02-28 19:30:00,30.81180304288864
2018-02-28 19:45:00,30.769827216863632
2018-02-28 20:00:00,30.727851390838623
2018-02-28 20:15:00,30.699342116713524
2018-02-28 20:30:00,30.670832842588425
2018-02-28 20:45:00,30.642323568463326
2018-02-28 21:00:00,30.613814294338226
2018-02-28 21:15:00,30.585305020213127
2018-02-28 21:30:00,30.556795746088028
2018-02-28 21:45:00,30.52828647196293
2018-02-28 22:00:00,30.49977719783783
2018-02-28 22:15:00,30.47126792371273
2018-02-28 22:30:00,30.44275864958763
2018-02-28 22:45:00,30.414249375462532
2018-02-28 23:00:00,30.385740101337433
2018-02-28 23:15:00,30.357230827212334
2018-02-28 23:30:00,30.328721553087234
2018-02-28 23:45:00,30.300212278962135
2018-03-01 00:00:00,30.271703004837036
2018-03-01 00:15:00,30.26270642876625
2018-03-01 00:30:00,30.253709852695465
2018-03-01 00:45:00,30.24471327662468
2018-03-01 01:00:00,30.235716700553894
2018-03-01 01:15:00,30.22672012448311
2018-03-01 01:30:00,30.217723548412323
2018-03-01 01:45:00,30.208726972341537
2018-03-01 02:00:00,30.199730396270752
2018-03-01 02:15:00,30.190733820199966
2018-03-01 02:30:00,30.18173724412918
2018-03-01 02:45:00,30.172740668058395
2018-03-01 03:00:00,30.16374409198761
2018-03-01 03:15:00,30.154747515916824
2018-03-01 03:30:00,30.14575093984604
2018-03-01 03:45:00,30.136754363775253
2018-03-01 04:00:00,30.127757787704468
2018-03-01 04:15:00,30.127757787704468
2018-03-01 04:30:00,30.127757787704468
2018-03-01 04:45:00,30.127757787704468
2018-03-01 05:00:00,30.127757787704468
2018-03-01 05:15:00,30.127757787704468
2018-03-01 05:30:00,30.127757787704468
2018-03-01 05:45:00,30.127757787704468
2018-03-01 06:00:00,30.127757787704468
2018-03-01 06:15:00,30.127757787704468
2018-03-01 06:30:00,30.127757787704468
2018-03-01 06:45:00,30.127757787704468
2018-03-01 07:00:00,30.127757787704468
2018-03-01 07:15:00,30.127757787704468
2018-03-01 07:30:00,30.127757787704468
2018-03-01 07:45:00,30.127757787704468
2018-03-01 08:00:00,30.127757787704468
2018-03-01 08:15:00,30.113276466727257
2018-03-01 08:30:00,30.098795145750046
2018-03-01 08:45:00,30.084313824772835
2018-03-01 09:00:00,30.069832503795624
2018-03-01 09:15:00,30.055351182818413
2018-03-01 09:30:00,30.040869861841202
2018-03-01 09:45:00,30.02638854086399
2018-03-01 10:00:00,30.01190721988678
2018-03-01 10:15:00,29.99742589890957
2018-03-01 10:30:00,29.982944577932358
2018-03-01 10:45:00,29.968463256955147
2018-03-01 11:00:00,29.953981935977936
2018-03-01 11:15:00,29.939500615000725
2018-03-01 11:30:00,29.925019294023514
2018-03-01 11:45:00,29.910537973046303
2018-03-01 12:00:00,29.896056652069092
2018-03-01 12:15:00,29.868613369762897
2018-03-01 12:30:00,29.841170087456703
2018-03-01 12:45:00,29.81372680515051
2018-03-01 13:00:00,29.786283522844315
2018-03-01 13:15:00,29.75884024053812
2018-03-01 13:30:00,29.731396958231926
2018-03-01 13:45:00,29.70395367592573
2018-03-01 14:00:00,29.676510393619537
2018-03-01 14:15:00,29.649067111313343
2018-03-01 14:30:00,29.62162382900715
2018-03-01 14:45:00,29.594180546700954
2018-03-01 15:00:00,29.56673726439476
2018-03-01 15:15:00,29.539293982088566
2018-03-01 15:30:00,29.51185069978237
2018-03-01 15:45:00,29.484407417476177
2018-03-01 16:00:00,29.456964135169983
2018-03-01 16:15:00,29.432870261371136
2018-03-01 16:30:00,29.40877638757229
2018-03-01 16:45:00,29.38468251377344
2018-03-01 17:00:00,29.360588639974594
2018-03-01 17:15:00,29.336494766175747
2018-03-01 17:30:00,29.3124008923769
2018-03-01 17:45:00,29.288307018578053
2018-03-01 18:00:00,29.264213144779205
2018-03-01 18:15:00,29.240119270980358
2018-03-01 18:30:00,29.21602539718151
2018-03-01 18:45:00,29.191931523382664
2018-03-01 19:00:00,29.167837649583817
2018-03-01 19:15:00,29.14374377578497
2018-03-01 19:30:00,29.119649901986122
2018-03-01 19:45:00,29.095556028187275
2018-03-01 20:00:00,29.071462154388428
2018-03-01 20:15:00,29.071462154388428
2018-03-01 20:30:00,29.071462154388428
2018-03-01 20:45:00,29.071462154388428
2018-03-01 21:00:00,29.071462154388428
2018-03-01 21:15:00,29.071462154388428
2018-03-01 21:30:00,29.071462154388428
2018-03-01 21:45:00,29.071462154388428
2018-03-01 22:00:00,29.071462154388428
2018-03-01 22:15:00,29.071462154388428
2018-03-01 22:30:00,29.071462154388428
2018-03-01 22:45:00,29.071462154388428
2018-03-01 23:00:00,29.071462154388428
2018-03-01 23:15:00,29.071462154388428
2018-03-01 23:30:00,29.071462154388428
2018-03-01 23:45:00,29.071462154388428
2018-03-02 00:00:00,29.071462154388428
2018-03-02 00:15:00,29.073325730860233
2018-03-02 00:30:00,29.07518930733204
2018-03-02 00:45:00,29.077052883803844
2018-03-02 01:00:00,29.07891646027565
2018-03-02 01:15:00,29.080780036747456
2018-03-02 01:30:00,29.08264361321926
2018-03-02 01:45:00,29.084507189691067
2018-03-02 02:00:00,29.086370766162872
2018-03-02 02:15:00,29.088234342634678
2018-03-02 02:30:00,29.090097919106483
2018-03-02 02:45:00,29.09196149557829
2018-03-02 03:00:00,29.093825072050095
2018-03-02 03:15:00,29.0956886485219
2018-03-02 03:30:00,29.097552224993706
2018-03-02 03:45:00,29.09941580146551
2018-03-02 04:00:00,29.101279377937317
2018-03-02 04:15:00,29.101279377937317
2018-03-02 04:30:00,29.101279377937317
2018-03-02 04:45:00,29.101279377937317
2018-03-02 05:00:00,29.101279377937317
2018-03-02 05:15:00,29.101279377937317
2018-03-02 05:30:00,29.101279377937317
2018-03-02 05:45:00,29.101279377937317
2018-03-02 06:00:00,29.101279377937317
2018-03-02 06:15:00,29.101279377937317
2018-03-02 06:30:00,29.101279377937317
2018-03-02 06:45:00,29.101279377937317
2018-03-02 07:00:00,29.101279377937317
2018-03-02 07:15:00,29.101279377937317
2018-03-02 07:30:00,29.101279377937317
2018-03-02 07:45:00,29.101279377937317
2018-03-02 08:00:00,29.101279377937317
2018-03-02 08:15:00,29.097550362348557
2018-03-02 08:30:00,29.093821346759796
2018-03-02 08:45:00,29.090092331171036
2018-03-02 09:00:00,29.086363315582275
2018-03-02 09:15:00,29.082634299993515
2018-03-02 09:30:00,29.078905284404755
2018-03-02 09:45:00,29.075176268815994
2018-03-02 10:00:00,29.071447253227234
2018-03-02 10:15:00,29.067718237638474
2018-03-02 10:30:00,29.063989222049713
2018-03-02 10:45:00,29.060260206460953
2018-03-02 11:00:00,29.056531190872192
2018-03-02 11:15:00,29.052802175283432
2018-03-02 11:30:00,29.04907315969467
2018-03-02 11:45:00,29.04534414410591
2018-03-02 12:00:00,29.04161512851715
2018-03-02 12:15:00,29.01342734694481
2018-03-02 12:30:00,28.985239565372467
2018-03-02 12:45:00,28.957051783800125
2018-03-02 13:00:00,28.928864002227783
2018-03-02 13:15:00,28.90067622065544
2018-03-02 13:30:00,28.8724884390831
2018-03-02 13:45:00,28.844300657510757
2018-03-02 14:00:00,28.816112875938416
2018-03-02 14:15:00,28.787925094366074
2018-03-02 14:30:00,28.75973731279373
2018-03-02 14:45:00,28.73154953122139
2018-03-02 15:00:00,28.703361749649048
2018-03-02 15:15:00,28.675173968076706
2018-03-02 15:30:00,28.646986186504364
2018-03-02 15:45:00,28.618798404932022
2018-03-02 16:00:00,28.59061062335968
2018-03-02 16:15:00,28.571601398289204
2018-03-02 16:30:00,28.552592173218727
2018-03-02 16:45:00,28.53358294814825
2018-03-02 17:00:00,28.514573723077774
2018-03-02 17:15:00,28.495564498007298
2018-03-02 17:30:00,28.47655527293682
2018-03-02 17:45:00,28.457546047866344
2018-03-02 18:00:00,28.438536822795868
2018-03-02 18:15:00,28.41952759772539
2018-03-02 18:30:00,28.400518372654915
2018-03-02 18:45:00,28.38150914758444
2018-03-02 19:00:00,28.362499922513962
2018-03-02 19:15:00,28.343490697443485
2018-03-02 19:30:00,28.32448147237301
2018-03-02 19:45:00,28.305472247302532
2018-03-02 20:00:00,28.286463022232056
2018-03-02 20:15:00,28.29027883708477
2018-03-02 20:30:00,28.294094651937485
2018-03-02 20:45:00,28.2979104667902
2018-03-02 21:00:00,28.301726281642914
2018-03-02 21:15:00,28.30554209649563
2018-03-02 21:30:00,28.309357911348343
2018-03-02 21:45:00,28.313173726201057
2018-03-02 22:00:00,28.316989541053772
2018-03-02 22:15:00,28.320805355906487
2018-03-02 22:30:00,28.3246211707592
2018-03-02 22:45:00,28.328436985611916
2018-03-02 23:00:00,28.33225280046463
2018-03-02 23:15:00,28.336068615317345
2018-03-02 23:30:00,28.33988443017006
2018-03-02 23:45:00,28.343700245022774
2018-03-03 00:00:00,28.34751605987549
2018-03-03 00:15:00,28.351324796676636
2018-03-03 00:30:00,28.355133533477783
2018-03-03 00:45:00,28.35894227027893
2018-03-03 01:00:00,28.362751007080078
2018-03-03 01:15:00,28.366559743881226
2018-03-03 01:30:00,28.370368480682373
2018-03-03 01:45:00,28.37417721748352
2018-03-03 02:00:00,28.377985954284668
2018-03-03 02:15:00,28.381794691085815
2018-03-03 02:30:00,28.385603427886963
2018-03-03 02:45:00,28.38941216468811
2018-03-03 03:00:00,28.393220901489258
2018-03-03 03:15:00,28.397029638290405
2018-03-03 03:30:00,28.400838375091553
2018-03-03 03:45:00,28.4046471118927
2018-03-03 04:00:00,28.408455848693848
2018-03-03 04:15:00,28.410357795655727
2018-03-03 04:30:00,28.412259742617607
2018-03-03 04:45:00,28.414161689579487
2018-03-03 05:00:00,28.416063636541367
2018-03-03 05:15:00,28.417965583503246
2018-03-03 05:30:00,28.419867530465126
2018-03-03 05:45:00,28.421769477427006
2018-03-03 06:00:00,28.423671424388885
2018-03-03 06:15:00,28.425573371350765
2018-03-03 06:30:00,28.427475318312645
2018-03-03 06:45:00,28.429377265274525
2018-03-03 07:00:00,28.431279212236404
2018-03-03 07:15:00,28.433181159198284
2018-03-03 07:30:00,28.435083106160164
2018-03-03 07:45:00,28.436985053122044
2018-03-03 08:00:00,28.438887000083923
2018-03-03 08:15:00,28.433176316320896
2018-03-03 08:30:00,28.42746563255787
2018-03-03 08:45:00,28.42175494879484
2018-03-03 09:00:00,28.416044265031815
2018-03-03 09:15:00,28.410333581268787
2018-03-03 09:30:00,28.40462289750576
2018-03-03 09:45:00,28.398912213742733
2018-03-03 10:00:00,28.393201529979706
2018-03-03 10:15:00,28.38749084621668
2018-03-03 10:30:00,28.38178016245365
2018-03-03 10:45:00,28.376069478690624
2018-03-03 11:00:00,28.370358794927597
2018-03-03 11:15:00,28.36464811116457
2018-03-03 11:30:00,28.358937427401543
2018-03-03 11:45:00,28.353226743638515
2018-03-03 12:00:00,28.34751605987549
2018-03-03 12:15:00,28.322587721049786
2018-03-03 12:30:00,28.297659382224083
2018-03-03 12:45:00,28.27273104339838
2018-03-03 13:00:00,28.247802704572678
2018-03-03 13:15:00,28.222874365746975
2018-03-03 13:30:00,28.197946026921272
2018-03-03 13:45:00,28.17301768809557
2018-03-03 14:00:00,28.148089349269867
2018-03-03 14:15:00,28.123161010444164
2018-03-03 14:30:00,28.09823267161846
2018-03-03 14:45:00,28.07330433279276
2018-03-03 15:00:00,28.048375993967056
2018-03-03 15:15:00,28.023447655141354
2018-03-03 15:30:00,27.99851931631565
2018-03-03 15:45:00,27.97359097748995
2018-03-03 16:00:00,27.948662638664246
2018-03-03 16:15:00,27.933173812925816
2018-03-03 16:30:00,27.917684987187386
2018-03-03 16:45:00,27.902196161448956
2018-03-03 17:00:00,27.886707335710526
2018-03-03 17:15:00,27.871218509972095
2018-03-03 17:30:00,27.855729684233665
2018-03-03 17:45:00,27.840240858495235
2018-03-03 18:00:00,27.824752032756805
2018-03-03 18:15:00,27.809263207018375
2018-03-03 18:30:00,27.793774381279945
2018-03-03 18:45:00,27.778285555541515
2018-03-03 19:00:00,27.762796729803085
2018-03-03 19:15:00,27.747307904064655
2018-03-03 19:30:00,27.731819078326225
2018-03-03 19:45:00,27.716330252587795
2018-03-03 20:00:00,27.700841426849365
2018-03-03 20:15:00,27.702783793210983
2018-03-03 20:30:00,27.7047261595726
2018-03-03 20:45:00,27.70666852593422
2018-03-03 21:00:00,27.708610892295837
2018-03-03 21:15:00,27.710553258657455
2018-03-03 21:30:00,27.712495625019073
2018-03-03 21:45:00,27.71443799138069
2018-03-03 22:00:00,27.71638035774231
2018-03-03 22:15:00,27.718322724103928
2018-03-03 22:30:00,27.720265090465546
2018-03-03 22:45:00,27.722207456827164
2018-03-03 23:00:00,27.72414982318878
2018-03-03 23:15:00,27.7260921895504
2018-03-03 23:30:00,27.728034555912018
2018-03-03 23:45:00,27.729976922273636
2018-03-04 00:00:00,27.731919288635254
2018-03-04 00:15:00,27.733859792351723
2018-03-04 00:30:00,27.73580029606819
2018-03-04 00:45:00,27.73774079978466
2018-03-04 01:00:00,27.73968130350113
2018-03-04 01:15:00,27.741621807217598
2018-03-04 01:30:00,27.743562310934067
2018-03-04 01:45:00,27.745502814650536
2018-03-04 02:00:00,27.747443318367004
2018-03-04 02:15:00,27.749383822083473
2018-03-04 02:30:00,27.751324325799942
2018-03-04 02:45:00,27.75326482951641
2018-03-04 03:00:00,27.75520533323288
2018-03-04 03:15:00,27.75714583694935
2018-03-04 03:30:00,27.759086340665817
2018-03-04 03:45:00,27.761026844382286
2018-03-04 04:00:00,27.762967348098755
2018-03-04 04:15:00,27.761026844382286
2018-03-04 04:30:00,27.759086340665817
2018-03-04 04:45:00,27.75714583694935
2018-03-04 05:00:00,27.75520533323288
2018-03-04 05:15:00,27.75326482951641
2018-03-04 05:30:00,27.751324325799942
2018-03-04 05:45:00,27.749383822083473
2018-03-04 06:00:00,27.747443318367004
2018-03-04 06:15:00,27.745502814650536
2018-03-04 06:30:00,27.743562310934067
2018-03-04 06:45:00,27.741621807217598
2018-03-04 07:00:00,27.73968130350113
2018-03-04 07:15:00,27.73774079978466
2018-03-04 07:30:00,27.73580029606819
2018-03-04 07:45:00,27.733859792351723
2018-03-04 08:00:00,27.731919288635254
2018-03-04 08:15:00,27.735798619687557
2018-03-04 08:30:00,27.73967795073986
2018-03-04 08:45:00,27.743557281792164
2018-03-04 09:00:00,27.747436612844467
2018-03-04 09:15:00,27.75131594389677
2018-03-04 09:30:00,27.755195274949074
2018-03-04 09:45:00,27.759074606001377
2018-03-04 10:00:00,27.76295393705368
2018-03-04 10:15:00,27.766833268105984
2018-03-04 10:30:00,27.770712599158287
2018-03-04 10:45:00,27.77459193021059
2018-03-04 11:00:00,27.778471261262894
2018-03-04 11:15:00,27.782350592315197
2018-03-04 11:30:00,27.7862299233675
2018-03-04 11:45:00,27.790109254419804
2018-03-04 12:00:00,27.793988585472107
2018-03-04 12:15:00,27.801725827157497
2018-03-04 12:30:00,27.809463068842888
2018-03-04 12:45:00,27.81720031052828
2018-03-04 13:00:00,27.82493755221367
2018-03-04 13:15:00,27.83267479389906
2018-03-04 13:30:00,27.84041203558445
2018-03-04 13:45:00,27.84814927726984
2018-03-04 14:00:00,27.85588651895523
2018-03-04 14:15:00,27.86362376064062
2018-03-04 14:30:00,27.87136100232601
2018-03-04 14:45:00,27.879098244011402
2018-03-04 15:00:00,27.886835485696793
2018-03-04 15:15:00,27.894572727382183
2018-03-04 15:30:00,27.902309969067574
2018-03-04 15:45:00,27.910047210752964
2018-03-04 16:00:00,27.917784452438354
2018-03-04 16:15:00,27.913919277489185
2018-03-04 16:30:00,27.910054102540016
2018-03-04 16:45:00,27.906188927590847
2018-03-04 17:00:00,27.902323752641678
2018-03-04 17:15:00,27.89845857769251
2018-03-04 17:30:00,27.89459340274334
2018-03-04 17:45:00,27.89072822779417
2018-03-04 18:00:00,27.886863052845
2018-03-04 18:15:00,27.882997877895832
2018-03-04 18:30:00,27.879132702946663
2018-03-04 18:45:00,27.875267527997494
2018-03-04 19:00:00,27.871402353048325
2018-03-04 19:15:00,27.867537178099155
2018-03-04 19:30:00,27.863672003149986
2018-03-04 19:45:00,27.859806828200817
2018-03-04 20:00:00,27.855941653251648
2018-03-04 20:15:00,27.855941653251648
2018-03-04 20:30:00,27.855941653251648
2018-03-04 20:45:00,27.855941653251648
2018-03-04 21:00:00,27.855941653251648
2018-03-04 21:15:00,27.855941653251648
2018-03-04 21:30:00,27.855941653251648
2018-03-04 21:45:00,27.855941653251648
2018-03-04 22:00:00,27.855941653251648
2018-03-04 22:15:00,27.855941653251648
2018-03-04 22:30:00,27.855941653251648
2018-03-04 22:45:00,27.855941653251648
2018-03-04 23:00:00,27.855941653251648
2018-03-04 23:15:00,27.855941653251648
2018-03-04 23:30:00,27.855941653251648
2018-03-04 23:45:00,27.855941653251648
2018-03-05 00:00:00,27.855941653251648
2018-03-05 00:15:00,27.854006551206112
2018-03-05 00:30:00,27.852071449160576
2018-03-05 00:45:00,27.85013634711504
2018-03-05 01:00:00,27.848201245069504
2018-03-05 01:15:00,27.846266143023968
2018-03-05 01:30:00,27.84433104097843
2018-03-05 01:45:00,27.842395938932896
2018-03-05 02:00:00,27.84046083688736
2018-03-05 02:15:00,27.838525734841824
2018-03-05 02:30:00,27.836590632796288
2018-03-05 02:45:00,27.83465553075075
2018-03-05 03:00:00,27.832720428705215
2018-03-05 03:15:00,27.83078532665968
2018-03-05 03:30:00,27.828850224614143
2018-03-05 03:45:00,27.826915122568607
2018-03-05 04:00:00,27.82498002052307
2018-03-05 04:15:00,27.823043055832386
2018-03-05 04:30:00,27.8211060911417
2018-03-05 04:45:00,27.819169126451015
2018-03-05 05:00:00,27.81723216176033
2018-03-05 05:15:00,27.815295197069645
2018-03-05 05:30:00,27.81335823237896
2018-03-05 05:45:00,27.811421267688274
2018-03-05 06:00:00,27.80948430299759
2018-03-05 06:15:00,27.807547338306904
2018-03-05 06:30:00,27.80561037361622
2018-03-05 06:45:00,27.803673408925533
2018-03-05 07:00:00,27.801736444234848
2018-03-05 07:15:00,27.799799479544163
2018-03-05 07:30:00,27.797862514853477
2018-03-05 07:45:00,27.795925550162792
2018-03-05 08:00:00,27.793988585472107
2018-03-05 08:15:00,27.788166888058186
2018-03-05 08:30:00,27.782345190644264
2018-03-05 08:45:00,27.776523493230343
2018-03-05 09:00:00,27.77070179581642
2018-03-05 09:15:00,27.7648800984025
2018-03-05 09:30:00,27.75905840098858
2018-03-05 09:45:00,27.753236703574657
2018-03-05 10:00:00,27.747415006160736
2018-03-05 10:15:00,27.741593308746815
2018-03-05 10:30:00,27.735771611332893
2018-03-05 10:45:00,27.729949913918972
2018-03-05 11:00:00,27.72412821650505
2018-03-05 11:15:00,27.71830651909113
2018-03-05 11:30:00,27.712484821677208
2018-03-05 11:45:00,27.706663124263287
2018-03-05 12:00:00,27.700841426849365
2018-03-05 12:15:00,27.681320533156395
2018-03-05 12:30:00,27.661799639463425
2018-03-05 12:45:00,27.642278745770454
2018-03-05 13:00:00,27.622757852077484
2018-03-05 13:15:00,27.603236958384514
2018-03-05 13:30:00,27.583716064691544
2018-03-05 13:45:00,27.564195170998573
2018-03-05 14:00:00,27.544674277305603
2018-03-05 14:15:00,27.525153383612633
2018-03-05 14:30:00,27.505632489919662
2018-03-05 14:45:00,27.486111596226692
2018-03-05 15:00:00,27.466590702533722
2018-03-05 15:15:00,27.44706980884075
2018-03-05 15:30:00,27.42754891514778
2018-03-05 15:45:00,27.40802802145481
2018-03-05 16:00:00,27.38850712776184
2018-03-05 16:15:00,27.374735847115517
2018-03-05 16:30:00,27.360964566469193
2018-03-05 16:45:00,27.34719328582287
2018-03-05 17:00:00,27.333422005176544
2018-03-05 17:15:00,27.31965072453022
2018-03-05 17:30:00,27.305879443883896
2018-03-05 17:45:00,27.29210816323757
2018-03-05 18:00:00,27.278336882591248
2018-03-05 18:15:00,27.264565601944923
2018-03-05 18:30:00,27.2507943212986
2018-03-05 18:45:00,27.237023040652275
2018-03-05 19:00:00,27.22325176000595
2018-03-05 19:15:00,27.209480479359627
2018-03-05 19:30:00,27.195709198713303
2018-03-05 19:45:00,27.18193791806698
2018-03-05 20:00:00,27.168166637420654
2018-03-05 20:15:00,27.16619223356247
2018-03-05 20:30:00,27.164217829704285
2018-03-05 20:45:00,27.1622434258461
2018-03-05 21:00:00,27.160269021987915
2018-03-05 21:15:00,27.15829461812973
2018-03-05 21:30:00,27.156320214271545
2018-03-05 21:45:00,27.15434581041336
2018-03-05 22:00:00,27.152371406555176
2018-03-05 22:15:00,27.15039700269699
2018-03-05 22:30:00,27.148422598838806
2018-03-05 22:45:00,27.14644819498062
2018-03-05 23:00:00,27.144473791122437
2018-03-05 23:15:00,27.14249938726425
2018-03-05 23:30:00,27.140524983406067
2018-03-05 23:45:00,27.138550579547882
2018-03-06 00:00:00,27.136576175689697
2018-03-06 00:15:00,27.138550579547882
2018-03-06 00:30:00,27.140524983406067
2018-03-06 00:45:00,27.14249938726425
2018-03-06 01:00:00,27.144473791122437
2018-03-06 01:15:00,27.14644819498062
2018-03-06 01:30:00,27.148422598838806
2018-03-06 01:45:00,27.15039700269699
2018-03-06 02:00:00,27.152371406555176
2018-03-06 02:15:00,27.15434581041336
2018-03-06 02:30:00,27.156320214271545
2018-03-06 02:45:00,27.15829461812973
2018-03-06 03:00:00,27.160269021987915
2018-03-06 03:15:00,27.1622434258461
2018-03-06 03:30:00,27.164217829704285
2018-03-06 03:45:00,27.16619223356247
2018-03-06 04:00:00,27.168166637420654
2018-03-06 04:15:00,27.170139364898205
2018-03-06 04:30:00,27.172112092375755
2018-03-06 04:45:00,27.174084819853306
2018-03-06 05:00:00,27.176057547330856
2018-03-06 05:15:00,27.178030274808407
2018-03-06 05:30:00,27.180003002285957
2018-03-06 05:45:00,27.181975729763508
2018-03-06 06:00:00,27.18394845724106
2018-03-06 06:15:00,27.18592118471861
2018-03-06 06:30:00,27.18789391219616
2018-03-06 06:45:00,27.18986663967371
2018-03-06 07:00:00,27.19183936715126
2018-03-06 07:15:00,27.19381209462881
2018-03-06 07:30:00,27.19578482210636
2018-03-06 07:45:00,27.197757549583912
2018-03-06 08:00:00,27.199730277061462
2018-03-06 08:15:00,27.197757549583912
2018-03-06 08:30:00,27.19578482210636
2018-03-06 08:45:00,27.19381209462881
2018-03-06 09:00:00,27.19183936715126
2018-03-06 09:15:00,27.18986663967371
2018-03-06 09:30:00,27.18789391219616
2018-03-06 09:45:00,27.18592118471861
2018-03-06 10:00:00,27.18394845724106
2018-03-06 10:15:00,27.181975729763508
2018-03-06 10:30:00,27.180003002285957
2018-03-06 10:45:00,27.178030274808407
2018-03-06 11:00:00,27.176057547330856
2018-03-06 11:15:00,27.174084819853306
2018-03-06 11:30:00,27.172112092375755
2018-03-06 11:45:00,27.170139364898205
2018-03-06 12:00:00,27.168166637420654
2018-03-06 12:15:00,27.150331251323223
2018-03-06 12:30:00,27.132495865225792
2018-03-06 12:45:00,27.11466047912836
2018-03-06 13:00:00,27.09682509303093
2018-03-06 13:15:00,27.0789897069335
2018-03-06 13:30:00,27.061154320836067
2018-03-06 13:45:00,27.043318934738636
2018-03-06 14:00:00,27.025483548641205
2018-03-06 14:15:00,27.007648162543774
2018-03-06 14:30:00,26.989812776446342
2018-03-06 14:45:00,26.97197739034891
2018-03-06 15:00:00,26.95414200425148
2018-03-06 15:15:00,26.93630661815405
2018-03-06 15:30:00,26.918471232056618
2018-03-06 15:45:00,26.900635845959187
2018-03-06 16:00:00,26.882800459861755
2018-03-06 16:15:00,26.868827268481255
2018-03-06 16:30:00,26.854854077100754
2018-03-06 16:45:00,26.840880885720253
2018-03-06 17:00:00,26.826907694339752
2018-03-06 17:15:00,26.81293450295925
2018-03-06 17:30:00,26.79896131157875
2018-03-06 17:45:00,26.78498812019825
2018-03-06 18:00:00,26.77101492881775
2018-03-06 18:15:00,26.75704173743725
2018-03-06 18:30:00,26.743068546056747
2018-03-06 18:45:00,26.729095354676247
2018-03-06 19:00:00,26.715122163295746
2018-03-06 19:15:00,26.701148971915245
2018-03-06 19:30:00,26.687175780534744
2018-03-06 19:45:00,26.673202589154243
2018-03-06 20:00:00,26.659229397773743
2018-03-06 20:15:00,26.65722593665123
2018-03-06 20:30:00,26.655222475528717
2018-03-06 20:45:00,26.653219014406204
2018-03-06 21:00:00,26.65121555328369
2018-03-06 21:15:00,26.64921209216118
2018-03-06 21:30:00,26.647208631038666
2018-03-06 21:45:00,26.645205169916153
2018-03-06 22:00:00,26.64320170879364
2018-03-06 22:15:00,26.641198247671127
2018-03-06 22:30:00,26.639194786548615
2018-03-06 22:45:00,26.6371913254261
2018-03-06 23:00:00,26.63518786430359
2018-03-06 23:15:00,26.633184403181076
2018-03-06 23:30:00,26.631180942058563
2018-03-06 23:45:00,26.62917748093605
2018-03-07 00:00:00,26.627174019813538
2018-03-07 00:15:00,26.627174019813538
2018-03-07 00:30:00,26.627174019813538
2018-03-07 00:45:00,26.627174019813538
2018-03-07 01:00:00,26.627174019813538
2018-03-07 01:15:00,26.627174019813538
2018-03-07 01:30:00,26.627174019813538
2018-03-07 01:45:00,26.627174019813538
2018-03-07 02:00:00,26.627174019813538
2018-03-07 02:15:00,26.627174019813538
2018-03-07 02:30:00,26.627174019813538
2018-03-07 02:45:00,26.627174019813538
2018-03-07 03:00:00,26.627174019813538
2018-03-07 03:15:00,26.627174019813538
2018-03-07 03:30:00,26.627174019813538
2018-03-07 03:45:00,26.627174019813538
2018-03-07 04:00:00,26.627174019813538
2018-03-07 04:15:00,26.62917748093605
2018-03-07 04:30:00,26.631180942058563
2018-03-07 04:45:00,26.633184403181076
2018-03-07 05:00:00,26.63518786430359
2018-03-07 05:15:00,26.6371913254261
2018-03-07 05:30:00,26.639194786548615
2018-03-07 05:45:00,26.641198247671127
2018-03-07 06:00:00,26.64320170879364
2018-03-07 06:15:00,26.645205169916153
2018-03-07 06:30:00,26.647208631038666
2018-03-07 06:45:00,26.64921209216118
2018-03-07 07:00:00,26.65121555328369
2018-03-07 07:15:00,26.653219014406204
2018-03-07 07:30:00,26.655222475528717
2018-03-07 07:45:00,26.65722593665123
2018-03-07 08:00:00,26.659229397773743
2018-03-07 08:15:00,26.65722593665123
2018-03-07 08:30:00,26.655222475528717
2018-03-07 08:45:00,26.653219014406204
2018-03-07 09:00:00,26.65121555328369
2018-03-07 09:15:00,26.64921209216118
2018-03-07 09:30:00,26.647208631038666
2018-03-07 09:45:00,26.645205169916153
2018-03-07 10:00:00,26.64320170879364
2018-03-07 10:15:00,26.641198247671127
2018-03-07 10:30:00,26.639194786548615
2018-03-07 10:45:00,26.6371913254261
2018-03-07 11:00:00,26.63518786430359
2018-03-07 11:15:00,26.633184403181076
2018-03-07 11:30:00,26.631180942058563
2018-03-07 11:45:00,26.62917748093605
2018-03-07 12:00:00,26.627174019813538
2018-03-07 12:15:00,26.615114882588387
2018-03-07 12:30:00,26.603055745363235
2018-03-07 12:45:00,26.590996608138084
2018-03-07 13:00:00,26.578937470912933
2018-03-07 13:15:00,26.566878333687782
2018-03-07 13:30:00,26.55481919646263
2018-03-07 13:45:00,26.54276005923748
2018-03-07 14:00:00,26.53070092201233
2018-03-07 14:15:00,26.518641784787178
2018-03-07 14:30:00,26.506582647562027
2018-03-07 14:45:00,26.494523510336876
2018-03-07 15:00:00,26.482464373111725
2018-03-07 15:15:00,26.470405235886574
2018-03-07 15:30:00,26.458346098661423
2018-03-07 15:45:00,26.44628696143627
2018-03-07 16:00:00,26.43422782421112
2018-03-07 16:15:00,26.4261519536376
2018-03-07 16:30:00,26.41807608306408
2018-03-07 16:45:00,26.41000021249056
2018-03-07 17:00:00,26.401924341917038
2018-03-07 17:15:00,26.393848471343517
2018-03-07 17:30:00,26.385772600769997
2018-03-07 17:45:00,26.377696730196476
2018-03-07 18:00:00,26.369620859622955
2018-03-07 18:15:00,26.361544989049435
2018-03-07 18:30:00,26.353469118475914
2018-03-07 18:45:00,26.345393247902393
2018-03-07 19:00:00,26.337317377328873
2018-03-07 19:15:00,26.329241506755352
2018-03-07 19:30:00,26.32116563618183
2018-03-07 19:45:00,26.31308976560831
2018-03-07 20:00:00,26.30501389503479
2018-03-07 20:15:00,26.30501389503479
2018-03-07 20:30:00,26.30501389503479
2018-03-07 20:45:00,26.30501389503479
2018-03-07 21:00:00,26.30501389503479
2018-03-07 21:15:00,26.30501389503479
2018-03-07 21:30:00,26.30501389503479
2018-03-07 21:45:00,26.30501389503479
2018-03-07 22:00:00,26.30501389503479
2018-03-07 22:15:00,26.30501389503479
2018-03-07 22:30:00,26.30501389503479
2018-03-07 22:45:00,26.30501389503479
2018-03-07 23:00:00,26.30501389503479
2018-03-07 23:15:00,26.30501389503479
2018-03-07 23:30:00,26.30501389503479
2018-03-07 23:45:00,26.30501389503479
2018-03-08 00:00:00,26.30501389503479
2018-03-08 00:15:00,26.30501389503479
2018-03-08 00:30:00,26.30501389503479
2018-03-08 00:45:00,26.30501389503479
2018-03-08 01:00:00,26.30501389503479
2018-03-08 01:15:00,26.30501389503479
2018-03-08 01:30:00,26.30501389503479
2018-03-08 01:45:00,26.30501389503479
2018-03-08 02:00:00,26.30501389503479
2018-03-08 02:15:00,26.30501389503479
2018-03-08 02:30:00,26.30501389503479
2018-03-08 02:45:00,26.30501389503479
2018-03-08 03:00:00,26.30501389503479
2018-03-08 03:15:00,26.30501389503479
2018-03-08 03:30:00,26.30501389503479
2018-03-08 03:45:00,26.30501389503479
2018-03-08 04:00:00,26.30501389503479
2018-03-08 04:15:00,26.302990317344666
2018-03-08 04:30:00,26.30096673965454
2018-03-08 04:45:00,26.298943161964417
2018-03-08 05:00:00,26.296919584274292
2018-03-08 05:15:00,26.294896006584167
2018-03-08 05:30:00,26.292872428894043
2018-03-08 05:45:00,26.29084885120392
2018-03-08 06:00:00,26.288825273513794
2018-03-08 06:15:00,26.28680169582367
2018-03-08 06:30:00,26.284778118133545
2018-03-08 06:45:00,26.28275454044342
2018-03-08 07:00:00,26.280730962753296
2018-03-08 07:15:00,26.27870738506317
2018-03-08 07:30:00,26.276683807373047
2018-03-08 07:45:00,26.274660229682922
2018-03-08 08:00:00,26.272636651992798
2018-03-08 08:15:00,26.274660229682922
2018-03-08 08:30:00,26.276683807373047
2018-03-08 08:45:00,26.27870738506317
2018-03-08 09:00:00,26.280730962753296
2018-03-08 09:15:00,26.28275454044342
2018-03-08 09:30:00,26.284778118133545
2018-03-08 09:45:00,26.28680169582367
2018-03-08 10:00:00,26.288825273513794
2018-03-08 10:15:00,26.29084885120392
2018-03-08 10:30:00,26.292872428894043
2018-03-08 10:45:00,26.294896006584167
2018-03-08 11:00:00,26.296919584274292
2018-03-08 11:15:00,26.298943161964417
2018-03-08 11:30:00,26.30096673965454
2018-03-08 11:45:00,26.302990317344666
2018-03-08 12:00:00,26.30501389503479
2018-03-08 12:15:00,26.294877752661705
2018-03-08 12:30:00,26.28474161028862
2018-03-08 12:45:00,26.274605467915535
2018-03-08 13:00:00,26.26446932554245
2018-03-08 13:15:00,26.254333183169365
2018-03-08 13:30:00,26.24419704079628
2018-03-08 13:45:00,26.234060898423195
2018-03-08 14:00:00,26.22392475605011
2018-03-08 14:15:00,26.213788613677025
2018-03-08 14:30:00,26.20365247130394
2018-03-08 14:45:00,26.193516328930855
2018-03-08 15:00:00,26.18338018655777
2018-03-08 15:15:00,26.173244044184685
2018-03-08 15:30:00,26.1631079018116
2018-03-08 15:45:00,26.152971759438515
2018-03-08 16:00:00,26.14283561706543
2018-03-08 16:15:00,26.134693436324596
2018-03-08 16:30:00,26.126551255583763
2018-03-08 16:45:00,26.11840907484293
2018-03-08 17:00:00,26.110266894102097
2018-03-08 17:15:00,26.102124713361263
2018-03-08 17:30:00,26.09398253262043
2018-03-08 17:45:00,26.085840351879597
2018-03-08 18:00:00,26.077698171138763
2018-03-08 18:15:00,26.06955599039793
2018-03-08 18:30:00,26.061413809657097
2018-03-08 18:45:00,26.053271628916264
2018-03-08 19:00:00,26.04512944817543
2018-03-08 19:15:00,26.036987267434597
2018-03-08 19:30:00,26.028845086693764
2018-03-08 19:45:00,26.02070290595293
2018-03-08 20:00:00,26.012560725212097
2018-03-08 20:15:00,26.012560725212097
2018-03-08 20:30:00,26.012560725212097
2018-03-08 20:45:00,26.012560725212097
2018-03-08 21:00:00,26.012560725212097
2018-03-08 21:15:00,26.012560725212097
2018-03-08 21:30:00,26.012560725212097
2018-03-08 21:45:00,26.012560725212097
2018-03-08 22:00:00,26.012560725212097
2018-03-08 22:15:00,26.012560725212097
2018-03-08 22:30:00,26.012560725212097
2018-03-08 22:45:00,26.012560725212097
2018-03-08 23:00:00,26.012560725212097
2018-03-08 23:15:00,26.012560725212097
2018-03-08 23:30:00,26.012560725212097
2018-03-08 23:45:00,26.012560725212097
2018-03-09 00:00:00,26.012560725212097
2018-03-09 00:15:00,26.0145990177989
2018-03-09 00:30:00,26.016637310385704
2018-03-09 00:45:00,26.018675602972507
2018-03-09 01:00:00,26.02071389555931
2018-03-09 01:15:00,26.022752188146114
2018-03-09 01:30:00,26.024790480732918
2018-03-09 01:45:00,26.02682877331972
2018-03-09 02:00:00,26.028867065906525
2018-03-09 02:15:00,26.030905358493328
2018-03-09 02:30:00,26.03294365108013
2018-03-09 02:45:00,26.034981943666935
2018-03-09 03:00:00,26.03702023625374
2018-03-09 03:15:00,26.039058528840542
2018-03-09 03:30:00,26.041096821427345
2018-03-09 03:45:00,26.04313511401415
2018-03-09 04:00:00,26.045173406600952
2018-03-09 04:15:00,26.045173406600952
2018-03-09 04:30:00,26.045173406600952
2018-03-09 04:45:00,26.045173406600952
2018-03-09 05:00:00,26.045173406600952
2018-03-09 05:15:00,26.045173406600952
2018-03-09 05:30:00,26.045173406600952
2018-03-09 05:45:00,26.045173406600952
2018-03-09 06:00:00,26.045173406600952
2018-03-09 06:15:00,26.045173406600952
2018-03-09 06:30:00,26.045173406600952
2018-03-09 06:45:00,26.045173406600952
2018-03-09 07:00:00,26.045173406600952
2018-03-09 07:15:00,26.045173406600952
2018-03-09 07:30:00,26.045173406600952
2018-03-09 07:45:00,26.045173406600952
2018-03-09 08:00:00,26.045173406600952
2018-03-09 08:15:00,26.04109514504671
2018-03-09 08:30:00,26.03701688349247
2018-03-09 08:45:00,26.03293862193823
2018-03-09 09:00:00,26.028860360383987
2018-03-09 09:15:00,26.024782098829746
2018-03-09 09:30:00,26.020703837275505
2018-03-09 09:45:00,26.016625575721264
2018-03-09 10:00:00,26.012547314167023
2018-03-09 10:15:00,26.00846905261278
2018-03-09 10:30:00,26.00439079105854
2018-03-09 10:45:00,26.0003125295043
2018-03-09 11:00:00,25.996234267950058
2018-03-09 11:15:00,25.992156006395817
2018-03-09 11:30:00,25.988077744841576
2018-03-09 11:45:00,25.983999483287334
2018-03-09 12:00:00,25.979921221733093
2018-03-09 12:15:00,25.979921221733093
2018-03-09 12:30:00,25.979921221733093
2018-03-09 12:45:00,25.979921221733093
2018-03-09 13:00:00,25.979921221733093
2018-03-09 13:15:00,25.979921221733093
2018-03-09 13:30:00,25.979921221733093
2018-03-09 13:45:00,25.979921221733093
2018-03-09 14:00:00,25.979921221733093
2018-03-09 14:15:00,25.979921221733093
2018-03-09 14:30:00,25.979921221733093
2018-03-09 14:45:00,25.979921221733093
2018-03-09 15:00:00,25.979921221733093
2018-03-09 15:15:00,25.979921221733093
2018-03-09 15:30:00,25.979921221733093
2018-03-09 15:45:00,25.979921221733093
2018-03-09 16:00:00,25.979921221733093
2018-03-09 16:15:00,25.998215936124325
2018-03-09 16:30:00,26.016510650515556
2018-03-09 16:45:00,26.034805364906788
2018-03-09 17:00:00,26.05310007929802
2018-03-09 17:15:00,26.07139479368925
2018-03-09 17:30:00,26.089689508080482
2018-03-09 17:45:00,26.107984222471714
2018-03-09 18:00:00,26.126278936862946
2018-03-09 18:15:00,26.144573651254177
2018-03-09 18:30:00,26.16286836564541
2018-03-09 18:45:00,26.18116308003664
2018-03-09 19:00:00,26.19945779442787
2018-03-09 19:15:00,26.217752508819103
2018-03-09 19:30:00,26.236047223210335
2018-03-09 19:45:00,26.254341937601566
2018-03-09 20:00:00,26.272636651992798
2018-03-09 20:15:00,26.266554929316044
2018-03-09 20:30:00,26.26047320663929
2018-03-09 20:45:00,26.254391483962536
2018-03-09 21:00:00,26.248309761285782
2018-03-09 21:15:00,26.242228038609028
2018-03-09 21:30:00,26.236146315932274
2018-03-09 21:45:00,26.23006459325552
2018-03-09 22:00:00,26.223982870578766
2018-03-09 22:15:00,26.217901147902012
2018-03-09 22:30:00,26.211819425225258
2018-03-09 22:45:00,26.205737702548504
2018-03-09 23:00:00,26.19965597987175
2018-03-09 23:15:00,26.193574257194996
2018-03-09 23:30:00,26.187492534518242
2018-03-09 23:45:00,26.181410811841488
2018-03-10 00:00:00,26.175329089164734
2018-03-10 00:15:00,26.175329089164734
2018-03-10 00:30:00,26.175329089164734
2018-03-10 00:45:00,26.175329089164734
2018-03-10 01:00:00,26.175329089164734
2018-03-10 01:15:00,26.175329089164734
2018-03-10 01:30:00,26.175329089164734
2018-03-10 01:45:00,26.175329089164734
2018-03-10 02:00:00,26.175329089164734
2018-03-10 02:15:00,26.175329089164734
2018-03-10 02:30:00,26.175329089164734
2018-03-10 02:45:00,26.175329089164734
2018-03-10 03:00:00,26.175329089164734
2018-03-10 03:15:00,26.175329089164734
2018-03-10 03:30:00,26.175329089164734
2018-03-10 03:45:00,26.175329089164734
2018-03-10 04:00:00,26.175329089164734
2018-03-10 04:15:00,26.175329089164734
2018-03-10 04:30:00,26.175329089164734
2018-03-10 04:45:00,26.175329089164734
2018-03-10 05:00:00,26.175329089164734
2018-03-10 05:15:00,26.175329089164734
2018-03-10 05:30:00,26.175329089164734
2018-03-10 05:45:00,26.175329089164734
2018-03-10 06:00:00,26.175329089164734
2018-03-10 06:15:00,26.175329089164734
2018-03-10 06:30:00,26.175329089164734
2018-03-10 06:45:00,26.175329089164734
2018-03-10 07:00:00,26.175329089164734
2018-03-10 07:15:00,26.175329089164734
2018-03-10 07:30:00,26.175329089164734
2018-03-10 07:45:00,26.175329089164734
2018-03-10 08:00:00,26.175329089164734
2018-03-10 08:15:00,26.175329089164734
2018-03-10 08:30:00,26.175329089164734
2018-03-10 08:45:00,26.175329089164734
2018-03-10 09:00:00,26.175329089164734
2018-03-10 09:15:00,26.175329089164734
2018-03-10 09:30:00,26.175329089164734
2018-03-10 09:45:00,26.175329089164734
2018-03-10 10:00:00,26.175329089164734
2018-03-10 10:15:00,26.175329089164734
2018-03-10 10:30:00,26.175329089164734
2018-03-10 10:45:00,26.175329089164734
2018-03-10 11:00:00,26.175329089164734
2018-03-10 11:15:00,26.175329089164734
2018-03-10 11:30:00,26.175329089164734
2018-03-10 11:45:00,26.175329089164734
2018-03-10 12:00:00,26.175329089164734
2018-03-10 12:15:00,26.173298247158527
2018-03-10 12:30:00,26.17126740515232
2018-03-10 12:45:00,26.169236563146114
2018-03-10 13:00:00,26.167205721139908
2018-03-10 13:15:00,26.1651748791337
2018-03-10 13:30:00,26.163144037127495
2018-03-10 13:45:00,26.16111319512129
2018-03-10 14:00:00,26.159082353115082
2018-03-10 14:15:00,26.157051511108875
2018-03-10 14:30:00,26.15502066910267
2018-03-10 14:45:00,26.152989827096462
2018-03-10 15:00:00,26.150958985090256
2018-03-10 15:15:00,26.14892814308405
2018-03-10 15:30:00,26.146897301077843
2018-03-10 15:45:00,26.144866459071636
2018-03-10 16:00:00,26.14283561706543
2018-03-10 16:15:00,26.1367317289114
2018-03-10 16:30:00,26.13062784075737
2018-03-10 16:45:00,26.12452395260334
2018-03-10 17:00:00,26.11842006444931
2018-03-10 17:15:00,26.11231617629528
2018-03-10 17:30:00,26.10621228814125
2018-03-10 17:45:00,26.10010839998722
2018-03-10 18:00:00,26.09400451183319
2018-03-10 18:15:00,26.08790062367916
2018-03-10 18:30:00,26.08179673552513
2018-03-10 18:45:00,26.0756928473711
2018-03-10 19:00:00,26.06958895921707
2018-03-10 19:15:00,26.06348507106304
2018-03-10 19:30:00,26.057381182909012
2018-03-10 19:45:00,26.051277294754982
2018-03-10 20:00:00,26.045173406600952
2018-03-10 20:15:00,26.04313511401415
2018-03-10 20:30:00,26.041096821427345
2018-03-10 20:45:00,26.039058528840542
2018-03-10 21:00:00,26.03702023625374
2018-03-10 21:15:00,26.034981943666935
2018-03-10 21:30:00,26.03294365108013
2018-03-10 21:45:00,26.030905358493328
2018-03-10 22:00:00,26.028867065906525
2018-03-10 22:15:00,26.02682877331972
2018-03-10 22:30:00,26.024790480732918
2018-03-10 22:45:00,26.022752188146114
2018-03-10 23:00:00,26.02071389555931
2018-03-10 23:15:00,26.018675602972507
2018-03-10 23:30:00,26.016637310385704
2018-03-10 23:45:00,26.0145990177989
2018-03-11 00:00:00,26.012560725212097
2018-03-11 00:15:00,26.012560725212097
2018-03-11 00:30:00,26.012560725212097
2018-03-11 00:45:00,26.012560725212097
2018-03-11 01:00:00,26.012560725212097
2018-03-11 01:15:00,26.012560725212097
2018-03-11 01:30:00,26.012560725212097
2018-03-11 01:45:00,26.012560725212097
2018-03-11 02:00:00,26.012560725212097
2018-03-11 02:15:00,26.012560725212097
2018-03-11 02:30:00,26.012560725212097
2018-03-11 02:45:00,26.012560725212097
2018-03-11 03:00:00,26.012560725212097
2018-03-11 03:15:00,26.012560725212097
2018-03-11 03:30:00,26.012560725212097
2018-03-11 03:45:00,26.012560725212097
2018-03-11 04:00:00,26.012560725212097
2018-03-11 04:15:00,26.012560725212097
2018-03-11 04:30:00,26.012560725212097
2018-03-11 04:45:00,26.012560725212097
2018-03-11 05:00:00,26.012560725212097
2018-03-11 05:15:00,26.012560725212097
2018-03-11 05:30:00,26.012560725212097
2018-03-11 05:45:00,26.012560725212097
2018-03-11 06:00:00,26.012560725212097
2018-03-11 06:15:00,26.012560725212097
2018-03-11 06:30:00,26.012560725212097
2018-03-11 06:45:00,26.012560725212097
2018-03-11 07:00:00,26.012560725212097
2018-03-11 07:15:00,26.012560725212097
2018-03-11 07:30:00,26.012560725212097
2018-03-11 07:45:00,26.012560725212097
2018-03-11 08:00:00,26.012560725212097
2018-03-11 08:15:00,26.01052075624466
2018-03-11 08:30:00,26.00848078727722
2018-03-11 08:45:00,26.006440818309784
2018-03-11 09:00:00,26.004400849342346
2018-03-11 09:15:00,26.00236088037491
2018-03-11 09:30:00,26.00032091140747
2018-03-11 09:45:00,25.998280942440033
2018-03-11 10:00:00,25.996240973472595
2018-03-11 10:15:00,25.994201004505157
2018-03-11 10:30:00,25.99216103553772
2018-03-11 10:45:00,25.990121066570282
2018-03-11 11:00:00,25.988081097602844
2018-03-11 11:15:00,25.986041128635406
2018-03-11 11:30:00,25.98400115966797
2018-03-11 11:45:00,25.98196119070053
2018-03-11 12:00:00,25.979921221733093
2018-03-11 12:15:00,25.97583532333374
2018-03-11 12:30:00,25.971749424934387
2018-03-11 12:45:00,25.967663526535034
2018-03-11 13:00:00,25.96357762813568
2018-03-11 13:15:00,25.959491729736328
2018-03-11 13:30:00,25.955405831336975
2018-03-11 13:45:00,25.951319932937622
2018-03-11 14:00:00,25.94723403453827
2018-03-11 14:15:00,25.943148136138916
2018-03-11 14:30:00,25.939062237739563
2018-03-11 14:45:00,25.93497633934021
2018-03-11 15:00:00,25.930890440940857
2018-03-11 15:15:00,25.926804542541504
2018-03-11 15:30:00,25.92271864414215
2018-03-11 15:45:00,25.918632745742798
2018-03-11 16:00:00,25.914546847343445
2018-03-11 16:15:00,25.90840421617031
2018-03-11 16:30:00,25.902261584997177
2018-03-11 16:45:00,25.896118953824043
2018-03-11 17:00:00,25.88997632265091
2018-03-11 17:15:00,25.883833691477776
2018-03-11 17:30:00,25.87769106030464
2018-03-11 17:45:00,25.871548429131508
2018-03-11 18:00:00,25.865405797958374
2018-03-11 18:15:00,25.85926316678524
2018-03-11 18:30:00,25.853120535612106
2018-03-11 18:45:00,25.846977904438972
2018-03-11 19:00:00,25.84083527326584
2018-03-11 19:15:00,25.834692642092705
2018-03-11 19:30:00,25.82855001091957
2018-03-11 19:45:00,25.822407379746437
2018-03-11 20:00:00,25.816264748573303
2018-03-11 20:15:00,25.816264748573303
2018-03-11 20:30:00,25.816264748573303
2018-03-11 20:45:00,25.816264748573303
2018-03-11 21:00:00,25.816264748573303
2018-03-11 21:15:00,25.816264748573303
2018-03-11 21:30:00,25.816264748573303
2018-03-11 21:45:00,25.816264748573303
2018-03-11 22:00:00,25.816264748573303
2018-03-11 22:15:00,25.816264748573303
2018-03-11 22:30:00,25.816264748573303
2018-03-11 22:45:00,25.816264748573303
2018-03-11 23:00:00,25.816264748573303
2018-03-11 23:15:00,25.816264748573303
2018-03-11 23:30:00,25.816264748573303
2018-03-11 23:45:00,25.816264748573303
2018-03-12 00:00:00,25.816264748573303
2018-03-12 00:15:00,25.81421360373497
2018-03-12 00:30:00,25.812162458896637
2018-03-12 00:45:00,25.810111314058304
2018-03-12 01:00:00,25.80806016921997
2018-03-12 01:15:00,25.806009024381638
2018-03-12 01:30:00,25.803957879543304
2018-03-12 01:45:00,25.80190673470497
2018-03-12 02:00:00,25.799855589866638
2018-03-12 02:15:00,25.797804445028305
2018-03-12 02:30:00,25.795753300189972
2018-03-12 02:45:00,25.79370215535164
2018-03-12 03:00:00,25.791651010513306
2018-03-12 03:15:00,25.789599865674973
2018-03-12 03:30:00,25.78754872083664
2018-03-12 03:45:00,25.785497575998306
2018-03-12 04:00:00,25.783446431159973
2018-03-12 04:15:00,25.783446431159973
2018-03-12 04:30:00,25.783446431159973
2018-03-12 04:45:00,25.783446431159973
2018-03-12 05:00:00,25.783446431159973
2018-03-12 05:15:00,25.783446431159973
2018-03-12 05:30:00,25.783446431159973
2018-03-12 05:45:00,25.783446431159973
2018-03-12 06:00:00,25.783446431159973
2018-03-12 06:15:00,25.783446431159973
2018-03-12 06:30:00,25.783446431159973
2018-03-12 06:45:00,25.783446431159973
2018-03-12 07:00:00,25.783446431159973
2018-03-12 07:15:00,25.783446431159973
2018-03-12 07:30:00,25.783446431159973
2018-03-12 07:45:00,25.783446431159973
2018-03-12 08:00:00,25.783446431159973
2018-03-12 08:15:00,25.783446431159973
2018-03-12 08:30:00,25.783446431159973
2018-03-12 08:45:00,25.783446431159973
2018-03-12 09:00:00,25.783446431159973
2018-03-12 09:15:00,25.783446431159973
2018-03-12 09:30:00,25.783446431159973
2018-03-12 09:45:00,25.783446431159973
2018-03-12 10:00:00,25.783446431159973
2018-03-12 10:15:00,25.783446431159973
2018-03-12 10:30:00,25.783446431159973
2018-03-12 10:45:00,25.783446431159973
2018-03-12 11:00:00,25.783446431159973
2018-03-12 11:15:00,25.783446431159973
2018-03-12 11:30:00,25.783446431159973
2018-03-12 11:45:00,25.783446431159973
2018-03-12 12:00:00,25.783446431159973
2018-03-12 12:15:00,25.779338367283344
2018-03-12 12:30:00,25.775230303406715
2018-03-12 12:45:00,25.771122239530087
2018-03-12 13:00:00,25.767014175653458
2018-03-12 13:15:00,25.76290611177683
2018-03-12 13:30:00,25.7587980479002
2018-03-12 13:45:00,25.75468998402357
2018-03-12 14:00:00,25.750581920146942
2018-03-12 14:15:00,25.746473856270313
2018-03-12 14:30:00,25.742365792393684
2018-03-12 14:45:00,25.738257728517056
2018-03-12 15:00:00,25.734149664640427
2018-03-12 15:15:00,25.730041600763798
2018-03-12 15:30:00,25.72593353688717
2018-03-12 15:45:00,25.72182547301054
2018-03-12 16:00:00,25.71771740913391
2018-03-12 16:15:00,25.7136020809412
2018-03-12 16:30:00,25.70948675274849
2018-03-12 16:45:00,25.70537142455578
2018-03-12 17:00:00,25.701256096363068
2018-03-12 17:15:00,25.697140768170357
2018-03-12 17:30:00,25.693025439977646
2018-03-12 17:45:00,25.688910111784935
2018-03-12 18:00:00,25.684794783592224
2018-03-12 18:15:00,25.680679455399513
2018-03-12 18:30:00,25.676564127206802
2018-03-12 18:45:00,25.67244879901409
2018-03-12 19:00:00,25.66833347082138
2018-03-12 19:15:00,25.66421814262867
2018-03-12 19:30:00,25.66010281443596
2018-03-12 19:45:00,25.655987486243248
2018-03-12 20:00:00,25.651872158050537
2018-03-12 20:15:00,25.649811513721943
2018-03-12 20:30:00,25.64775086939335
2018-03-12 20:45:00,25.645690225064754
2018-03-12 21:00:00,25.64362958073616
2018-03-12 21:15:00,25.641568936407566
2018-03-12 21:30:00,25.639508292078972
2018-03-12 21:45:00,25.637447647750378
2018-03-12 22:00:00,25.635387003421783
2018-03-12 22:15:00,25.63332635909319
2018-03-12 22:30:00,25.631265714764595
2018-03-12 22:45:00,25.629205070436
2018-03-12 23:00:00,25.627144426107407
2018-03-12 23:15:00,25.625083781778812
2018-03-12 23:30:00,25.623023137450218
2018-03-12 23:45:00,25.620962493121624
2018-03-13 00:00:00,25.61890184879303
2018-03-13 00:15:00,25.61890184879303
2018-03-13 00:30:00,25.61890184879303
2018-03-13 00:45:00,25.61890184879303
2018-03-13 01:00:00,25.61890184879303
2018-03-13 01:15:00,25.61890184879303
2018-03-13 01:30:00,25.61890184879303
2018-03-13 01:45:00,25.61890184879303
2018-03-13 02:00:00,25.61890184879303
2018-03-13 02:15:00,25.61890184879303
2018-03-13 02:30:00,25.61890184879303
2018-03-13 02:45:00,25.61890184879303
2018-03-13 03:00:00,25.61890184879303
2018-03-13 03:15:00,25.61890184879303
2018-03-13 03:30:00,25.61890184879303
2018-03-13 03:45:00,25.61890184879303
2018-03-13 04:00:00,25.61890184879303
2018-03-13 04:15:00,25.61890184879303
2018-03-13 04:30:00,25.61890184879303
2018-03-13 04:45:00,25.61890184879303
2018-03-13 05:00:00,25.61890184879303
2018-03-13 05:15:00,25.61890184879303
2018-03-13 05:30:00,25.61890184879303
2018-03-13 05:45:00,25.61890184879303
2018-03-13 06:00:00,25.61890184879303
2018-03-13 06:15:00,25.61890184879303
2018-03-13 06:30:00,25.61890184879303
2018-03-13 06:45:00,25.61890184879303
2018-03-13 07:00:00,25.61890184879303
2018-03-13 07:15:00,25.61890184879303
2018-03-13 07:30:00,25.61890184879303
2018-03-13 07:45:00,25.61890184879303
2018-03-13 08:00:00,25.61890184879303
2018-03-13 08:15:00,25.61890184879303
2018-03-13 08:30:00,25.61890184879303
2018-03-13 08:45:00,25.61890184879303
2018-03-13 09:00:00,25.61890184879303
2018-03-13 09:15:00,25.61890184879303
2018-03-13 09:30:00,25.61890184879303
2018-03-13 09:45:00,25.61890184879303
2018-03-13 10:00:00,25.61890184879303
2018-03-13 10:15:00,25.61890184879303
2018-03-13 10:30:00,25.61890184879303
2018-03-13 10:45:00,25.61890184879303
2018-03-13 11:00:00,25.61890184879303
2018-03-13 11:15:00,25.61890184879303
2018-03-13 11:30:00,25.61890184879303
2018-03-13 11:45:00,25.61890184879303
2018-03-13 12:00:00,25.61890184879303
2018-03-13 12:15:00,25.614775344729424
2018-03-13 12:30:00,25.610648840665817
2018-03-13 12:45:00,25.60652233660221
2018-03-13 13:00:00,25.602395832538605
2018-03-13 13:15:00,25.598269328475
2018-03-13 13:30:00,25.594142824411392
2018-03-13 13:45:00,25.590016320347786
2018-03-13 14:00:00,25.58588981628418
2018-03-13 14:15:00,25.581763312220573
2018-03-13 14:30:00,25.577636808156967
2018-03-13 14:45:00,25.57351030409336
2018-03-13 15:00:00,25.569383800029755
2018-03-13 15:15:00,25.56525729596615
2018-03-13 15:30:00,25.561130791902542
2018-03-13 15:45:00,25.557004287838936
2018-03-13 16:00:00,25.55287778377533
2018-03-13 16:15:00,25.544602051377296
2018-03-13 16:30:00,25.536326318979263
2018-03-13 16:45:00,25.52805058658123
2018-03-13 17:00:00,25.519774854183197
2018-03-13 17:15:00,25.511499121785164
2018-03-13 17:30:00,25.50322338938713
2018-03-13 17:45:00,25.494947656989098
2018-03-13 18:00:00,25.486671924591064
2018-03-13 18:15:00,25.47839619219303
2018-03-13 18:30:00,25.470120459794998
2018-03-13 18:45:00,25.461844727396965
2018-03-13 19:00:00,25.453568994998932
2018-03-13 19:15:00,25.4452932626009
2018-03-13 19:30:00,25.437017530202866
2018-03-13 19:45:00,25.428741797804832
2018-03-13 20:00:00,25.4204660654068
2018-03-13 20:15:00,25.418392568826675
2018-03-13 20:30:00,25.41631907224655
2018-03-13 20:45:00,25.414245575666428
2018-03-13 21:00:00,25.412172079086304
2018-03-13 21:15:00,25.41009858250618
2018-03-13 21:30:00,25.408025085926056
2018-03-13 21:45:00,25.405951589345932
2018-03-13 22:00:00,25.403878092765808
2018-03-13 22:15:00,25.401804596185684
2018-03-13 22:30:00,25.39973109960556
2018-03-13 22:45:00,25.397657603025436
2018-03-13 23:00:00,25.395584106445312
2018-03-13 23:15:00,25.39351060986519
2018-03-13 23:30:00,25.391437113285065
2018-03-13 23:45:00,25.38936361670494
2018-03-14 00:00:00,25.387290120124817
2018-03-14 00:15:00,25.385214760899544
2018-03-14 00:30:00,25.38313940167427
2018-03-14 00:45:00,25.381064042448997
2018-03-14 01:00:00,25.378988683223724
2018-03-14 01:15:00,25.37691332399845
2018-03-14 01:30:00,25.374837964773178
2018-03-14 01:45:00,25.372762605547905
2018-03-14 02:00:00,25.370687246322632
2018-03-14 02:15:00,25.36861188709736
2018-03-14 02:30:00,25.366536527872086
2018-03-14 02:45:00,25.364461168646812
2018-03-14 03:00:00,25.36238580942154
2018-03-14 03:15:00,25.360310450196266
2018-03-14 03:30:00,25.358235090970993
2018-03-14 03:45:00,25.35615973174572
2018-03-14 04:00:00,25.354084372520447
2018-03-14 04:15:00,25.354084372520447
2018-03-14 04:30:00,25.354084372520447
2018-03-14 04:45:00,25.354084372520447
2018-03-14 05:00:00,25.354084372520447
2018-03-14 05:15:00,25.354084372520447
2018-03-14 05:30:00,25.354084372520447
2018-03-14 05:45:00,25.354084372520447
2018-03-14 06:00:00,25.354084372520447
2018-03-14 06:15:00,25.354084372520447
2018-03-14 06:30:00,25.354084372520447
2018-03-14 06:45:00,25.354084372520447
2018-03-14 07:00:00,25.354084372520447
2018-03-14 07:15:00,25.354084372520447
2018-03-14 07:30:00,25.354084372520447
2018-03-14 07:45:00,25.354084372520447
2018-03-14 08:00:00,25.354084372520447
2018-03-14 08:15:00,25.354084372520447
2018-03-14 08:30:00,25.354084372520447
2018-03-14 08:45:00,25.354084372520447
2018-03-14 09:00:00,25.354084372520447
2018-03-14 09:15:00,25.354084372520447
2018-03-14 09:30:00,25.354084372520447
2018-03-14 09:45:00,25.354084372520447
2018-03-14 10:00:00,25.354084372520447
2018-03-14 10:15:00,25.354084372520447
2018-03-14 10:30:00,25.354084372520447
2018-03-14 10:45:00,25.354084372520447
2018-03-14 11:00:00,25.354084372520447
2018-03-14 11:15:00,25.354084372520447
2018-03-14 11:30:00,25.354084372520447
2018-03-14 11:45:00,25.354084372520447
2018-03-14 12:00:00,25.354084372520447
2018-03-14 12:15:00,25.349927879869938
2018-03-14 12:30:00,25.34577138721943
2018-03-14 12:45:00,25.34161489456892
2018-03-14 13:00:00,25.33745840191841
2018-03-14 13:15:00,25.333301909267902
2018-03-14 13:30:00,25.329145416617393
2018-03-14 13:45:00,25.324988923966885
2018-03-14 14:00:00,25.320832431316376
2018-03-14 14:15:00,25.316675938665867
2018-03-14 14:30:00,25.312519446015358
2018-03-14 14:45:00,25.30836295336485
2018-03-14 15:00:00,25.30420646071434
2018-03-14 15:15:00,25.30004996806383
2018-03-14 15:30:00,25.295893475413322
2018-03-14 15:45:00,25.291736982762814
2018-03-14 16:00:00,25.287580490112305
2018-03-14 16:15:00,25.27924496680498
2018-03-14 16:30:00,25.270909443497658
2018-03-14 16:45:00,25.262573920190334
2018-03-14 17:00:00,25.25423839688301
2018-03-14 17:15:00,25.245902873575687
2018-03-14 17:30:00,25.237567350268364
2018-03-14 17:45:00,25.22923182696104
2018-03-14 18:00:00,25.220896303653717
2018-03-14 18:15:00,25.212560780346394
2018-03-14 18:30:00,25.20422525703907
2018-03-14 18:45:00,25.195889733731747
2018-03-14 19:00:00,25.187554210424423
2018-03-14 19:15:00,25.1792186871171
2018-03-14 19:30:00,25.170883163809776
2018-03-14 19:45:00,25.162547640502453
2018-03-14 20:00:00,25.15421211719513
2018-03-14 20:15:00,25.152123533189297
2018-03-14 20:30:00,25.150034949183464
2018-03-14 20:45:00,25.14794636517763
2018-03-14 21:00:00,25.1458577811718
2018-03-14 21:15:00,25.143769197165966
2018-03-14 21:30:00,25.141680613160133
2018-03-14 21:45:00,25.1395920291543
2018-03-14 22:00:00,25.137503445148468
2018-03-14 22:15:00,25.135414861142635
2018-03-14 22:30:00,25.133326277136803
2018-03-14 22:45:00,25.13123769313097
2018-03-14 23:00:00,25.129149109125137
2018-03-14 23:15:00,25.127060525119305
2018-03-14 23:30:00,25.124971941113472
2018-03-14 23:45:00,25.12288335710764
2018-03-15 00:00:00,25.120794773101807
2018-03-15 00:15:00,25.118704326450825
2018-03-15 00:30:00,25.116613879799843
2018-03-15 00:45:00,25.11452343314886
2018-03-15 01:00:00,25.11243298649788
2018-03-15 01:15:00,25.110342539846897
2018-03-15 01:30:00,25.108252093195915
2018-03-15 01:45:00,25.106161646544933
2018-03-15 02:00:00,25.10407119989395
2018-03-15 02:15:00,25.10198075324297
2018-03-15 02:30:00,25.099890306591988
2018-03-15 02:45:00,25.097799859941006
2018-03-15 03:00:00,25.095709413290024
2018-03-15 03:15:00,25.093618966639042
2018-03-15 03:30:00,25.09152851998806
2018-03-15 03:45:00,25.089438073337078
2018-03-15 04:00:00,25.087347626686096
2018-03-15 04:15:00,25.087347626686096
2018-03-15 04:30:00,25.087347626686096
2018-03-15 04:45:00,25.087347626686096
2018-03-15 05:00:00,25.087347626686096
2018-03-15 05:15:00,25.087347626686096
2018-03-15 05:30:00,25.087347626686096
2018-03-15 05:45:00,25.087347626686096
2018-03-15 06:00:00,25.087347626686096
2018-03-15 06:15:00,25.087347626686096
2018-03-15 06:30:00,25.087347626686096
2018-03-15 06:45:00,25.087347626686096
2018-03-15 07:00:00,25.087347626686096
2018-03-15 07:15:00,25.087347626686096
2018-03-15 07:30:00,25.087347626686096
2018-03-15 07:45:00,25.087347626686096
2018-03-15 08:00:00,25.087347626686096
2018-03-15 08:15:00,25.085255317389965
2018-03-15 08:30:00,25.083163008093834
2018-03-15 08:45:00,25.081070698797703
2018-03-15 09:00:00,25.07897838950157
2018-03-15 09:15:00,25.07688608020544
2018-03-15 09:30:00,25.07479377090931
2018-03-15 09:45:00,25.07270146161318
2018-03-15 10:00:00,25.070609152317047
2018-03-15 10:15:00,25.068516843020916
2018-03-15 10:30:00,25.066424533724785
2018-03-15 10:45:00,25.064332224428654
2018-03-15 11:00:00,25.062239915132523
2018-03-15 11:15:00,25.06014760583639
2018-03-15 11:30:00,25.05805529654026
2018-03-15 11:45:00,25.05596298724413
2018-03-15 12:00:00,25.053870677947998
2018-03-15 12:15:00,25.049680285155773
2018-03-15 12:30:00,25.04548989236355
2018-03-15 12:45:00,25.041299499571323
2018-03-15 13:00:00,25.0371091067791
2018-03-15 13:15:00,25.032918713986874
2018-03-15 13:30:00,25.02872832119465
2018-03-15 13:45:00,25.024537928402424
2018-03-15 14:00:00,25.0203475356102
2018-03-15 14:15:00,25.016157142817974
2018-03-15 14:30:00,25.01196675002575
2018-03-15 14:45:00,25.007776357233524
2018-03-15 15:00:00,25.0035859644413
2018-03-15 15:15:00,24.999395571649075
2018-03-15 15:30:00,24.99520517885685
2018-03-15 15:45:00,24.991014786064625
2018-03-15 16:00:00,24.9868243932724
2018-03-15 16:15:00,24.978421162813902
2018-03-15 16:30:00,24.970017932355404
2018-03-15 16:45:00,24.961614701896906
2018-03-15 17:00:00,24.953211471438408
2018-03-15 17:15:00,24.94480824097991
2018-03-15 17:30:00,24.936405010521412
2018-03-15 17:45:00,24.928001780062914
2018-03-15 18:00:00,24.919598549604416
2018-03-15 18:15:00,24.911195319145918
2018-03-15 18:30:00,24.90279208868742
2018-03-15 18:45:00,24.894388858228922
2018-03-15 19:00:00,24.885985627770424
2018-03-15 19:15:00,24.877582397311926
2018-03-15 19:30:00,24.869179166853428
2018-03-15 19:45:00,24.86077593639493
2018-03-15 20:00:00,24.852372705936432
2018-03-15 20:15:00,24.848159682005644
2018-03-15 20:30:00,24.843946658074856
2018-03-15 20:45:00,24.839733634144068
2018-03-15 21:00:00,24.83552061021328
2018-03-15 21:15:00,24.83130758628249
2018-03-15 21:30:00,24.827094562351704
2018-03-15 21:45:00,24.822881538420916
2018-03-15 22:00:00,24.818668514490128
2018-03-15 22:15:00,24.81445549055934
2018-03-15 22:30:00,24.81024246662855
2018-03-15 22:45:00,24.806029442697763
2018-03-15 23:00:00,24.801816418766975
2018-03-15 23:15:00,24.797603394836187
2018-03-15 23:30:00,24.7933903709054
2018-03-15 23:45:00,24.78917734697461
2018-03-16 00:00:00,24.784964323043823
2018-03-16 00:15:00,24.782855063676834
2018-03-16 00:30:00,24.780745804309845
2018-03-16 00:45:00,24.778636544942856
2018-03-16 01:00:00,24.776527285575867
2018-03-16 01:15:00,24.774418026208878
2018-03-16 01:30:00,24.77230876684189
2018-03-16 01:45:00,24.7701995074749
2018-03-16 02:00:00,24.76809024810791
2018-03-16 02:15:00,24.76598098874092
2018-03-16 02:30:00,24.763871729373932
2018-03-16 02:45:00,24.761762470006943
2018-03-16 03:00:00,24.759653210639954
2018-03-16 03:15:00,24.757543951272964
2018-03-16 03:30:00,24.755434691905975
2018-03-16 03:45:00,24.753325432538986
2018-03-16 04:00:00,24.751216173171997
2018-03-16 04:15:00,24.751216173171997
2018-03-16 04:30:00,24.751216173171997
2018-03-16 04:45:00,24.751216173171997
2018-03-16 05:00:00,24.751216173171997
2018-03-16 05:15:00,24.751216173171997
2018-03-16 05:30:00,24.751216173171997
2018-03-16 05:45:00,24.751216173171997
2018-03-16 06:00:00,24.751216173171997
2018-03-16 06:15:00,24.751216173171997
2018-03-16 06:30:00,24.751216173171997
2018-03-16 06:45:00,24.751216173171997
2018-03-16 07:00:00,24.751216173171997
2018-03-16 07:15:00,24.751216173171997
2018-03-16 07:30:00,24.751216173171997
2018-03-16 07:45:00,24.751216173171997
2018-03-16 08:00:00,24.751216173171997
2018-03-16 08:15:00,24.751216173171997
2018-03-16 08:30:00,24.751216173171997
2018-03-16 08:45:00,24.751216173171997
2018-03-16 09:00:00,24.751216173171997
2018-03-16 09:15:00,24.751216173171997
2018-03-16 09:30:00,24.751216173171997
2018-03-16 09:45:00,24.751216173171997
2018-03-16 10:00:00,24.751216173171997
2018-03-16 10:15:00,24.751216173171997
2018-03-16 10:30:00,24.751216173171997
2018-03-16 10:45:00,24.751216173171997
2018-03-16 11:00:00,24.751216173171997
2018-03-16 11:15:00,24.751216173171997
2018-03-16 11:30:00,24.751216173171997
2018-03-16 11:45:00,24.751216173171997
2018-03-16 12:00:00,24.751216173171997
2018-03-16 12:15:00,24.751216173171997
2018-03-16 12:30:00,24.751216173171997
2018-03-16 12:45:00,24.751216173171997
2018-03-16 13:00:00,24.751216173171997
2018-03-16 13:15:00,24.751216173171997
2018-03-16 13:30:00,24.751216173171997
2018-03-16 13:45:00,24.751216173171997
2018-03-16 14:00:00,24.751216173171997
2018-03-16 14:15:00,24.751216173171997
2018-03-16 14:30:00,24.751216173171997
2018-03-16 14:45:00,24.751216173171997
2018-03-16 15:00:00,24.751216173171997
2018-03-16 15:15:00,24.751216173171997
2018-03-16 15:30:00,24.751216173171997
2018-03-16 15:45:00,24.751216173171997
2018-03-16 16:00:00,24.751216173171997
2018-03-16 16:15:00,24.742759857326746
2018-03-16 16:30:00,24.734303541481495
2018-03-16 16:45:00,24.725847225636244
2018-03-16 17:00:00,24.717390909790993
2018-03-16 17:15:00,24.70893459394574
2018-03-16 17:30:00,24.70047827810049
2018-03-16 17:45:00,24.69202196225524
2018-03-16 18:00:00,24.68356564640999
2018-03-16 18:15:00,24.675109330564737
2018-03-16 18:30:00,24.666653014719486
2018-03-16 18:45:00,24.658196698874235
2018-03-16 19:00:00,24.649740383028984
2018-03-16 19:15:00,24.641284067183733
2018-03-16 19:30:00,24.632827751338482
2018-03-16 19:45:00,24.62437143549323
2018-03-16 20:00:00,24.61591511964798
2018-03-16 20:15:00,24.607428535819054
2018-03-16 20:30:00,24.598941951990128
2018-03-16 20:45:00,24.5904553681612
2018-03-16 21:00:00,24.581968784332275
2018-03-16 21:15:00,24.57348220050335
2018-03-16 21:30:00,24.564995616674423
2018-03-16 21:45:00,24.556509032845497
2018-03-16 22:00:00,24.54802244901657
2018-03-16 22:15:00,24.539535865187645
2018-03-16 22:30:00,24.53104928135872
2018-03-16 22:45:00,24.522562697529793
2018-03-16 23:00:00,24.514076113700867
2018-03-16 23:15:00,24.50558952987194
2018-03-16 23:30:00,24.497102946043015
2018-03-16 23:45:00,24.48861636221409
2018-03-17 00:00:00,24.480129778385162
2018-03-17 00:15:00,24.478003289550543
2018-03-17 00:30:00,24.475876800715923
2018-03-17 00:45:00,24.473750311881304
2018-03-17 01:00:00,24.471623823046684
2018-03-17 01:15:00,24.469497334212065
2018-03-17 01:30:00,24.467370845377445
2018-03-17 01:45:00,24.465244356542826
2018-03-17 02:00:00,24.463117867708206
2018-03-17 02:15:00,24.460991378873587
2018-03-17 02:30:00,24.458864890038967
2018-03-17 02:45:00,24.456738401204348
2018-03-17 03:00:00,24.454611912369728
2018-03-17 03:15:00,24.45248542353511
2018-03-17 03:30:00,24.45035893470049
2018-03-17 03:45:00,24.44823244586587
2018-03-17 04:00:00,24.44610595703125
2018-03-17 04:15:00,24.44397760555148
2018-03-17 04:30:00,24.441849254071712
2018-03-17 04:45:00,24.439720902591944
2018-03-17 05:00:00,24.437592551112175
2018-03-17 05:15:00,24.435464199632406
2018-03-17 05:30:00,24.433335848152637
2018-03-17 05:45:00,24.43120749667287
2018-03-17 06:00:00,24.4290791451931
2018-03-17 06:15:00,24.42695079371333
2018-03-17 06:30:00,24.424822442233562
2018-03-17 06:45:00,24.422694090753794
2018-03-17 07:00:00,24.420565739274025
2018-03-17 07:15:00,24.418437387794256
2018-03-17 07:30:00,24.416309036314487
2018-03-17 07:45:00,24.41418068483472
2018-03-17 08:00:00,24.41205233335495
2018-03-17 08:15:00,24.41205233335495
2018-03-17 08:30:00,24.41205233335495
2018-03-17 08:45:00,24.41205233335495
2018-03-17 09:00:00,24.41205233335495
2018-03-17 09:15:00,24.41205233335495
2018-03-17 09:30:00,24.41205233335495
2018-03-17 09:45:00,24.41205233335495
2018-03-17 10:00:00,24.41205233335495
2018-03-17 10:15:00,24.41205233335495
2018-03-17 10:30:00,24.41205233335495
2018-03-17 10:45:00,24.41205233335495
2018-03-17 11:00:00,24.41205233335495
2018-03-17 11:15:00,24.41205233335495
2018-03-17 11:30:00,24.41205233335495
2018-03-17 11:45:00,24.41205233335495
2018-03-17 12:00:00,24.41205233335495
2018-03-17 12:15:00,24.41205233335495
2018-03-17 12:30:00,24.41205233335495
2018-03-17 12:45:00,24.41205233335495
2018-03-17 13:00:00,24.41205233335495
2018-03-17 13:15:00,24.41205233335495
2018-03-17 13:30:00,24.41205233335495
2018-03-17 13:45:00,24.41205233335495
2018-03-17 14:00:00,24.41205233335495
2018-03-17 14:15:00,24.41205233335495
2018-03-17 14:30:00,24.41205233335495
2018-03-17 14:45:00,24.41205233335495
2018-03-17 15:00:00,24.41205233335495
2018-03-17 15:15:00,24.41205233335495
2018-03-17 15:30:00,24.41205233335495
2018-03-17 15:45:00,24.41205233335495
2018-03-17 16:00:00,24.41205233335495
2018-03-17 16:15:00,24.405655916780233
2018-03-17 16:30:00,24.399259500205517
2018-03-17 16:45:00,24.3928630836308
2018-03-17 17:00:00,24.386466667056084
2018-03-17 17:15:00,24.380070250481367
2018-03-17 17:30:00,24.37367383390665
2018-03-17 17:45:00,24.367277417331934
2018-03-17 18:00:00,24.360881000757217
2018-03-17 18:15:00,24.3544845841825
2018-03-17 18:30:00,24.348088167607784
2018-03-17 18:45:00,24.341691751033068
2018-03-17 19:00:00,24.33529533445835
2018-03-17 19:15:00,24.328898917883635
2018-03-17 19:30:00,24.322502501308918
2018-03-17 19:45:00,24.3161060847342
2018-03-17 20:00:00,24.309709668159485
2018-03-17 20:15:00,24.303296022117138
2018-03-17 20:30:00,24.29688237607479
2018-03-17 20:45:00,24.290468730032444
2018-03-17 21:00:00,24.284055083990097
2018-03-17 21:15:00,24.27764143794775
2018-03-17 21:30:00,24.271227791905403
2018-03-17 21:45:00,24.264814145863056
2018-03-17 22:00:00,24.25840049982071
2018-03-17 22:15:00,24.251986853778362
2018-03-17 22:30:00,24.245573207736015
2018-03-17 22:45:00,24.23915956169367
2018-03-17 23:00:00,24.23274591565132
2018-03-17 23:15:00,24.226332269608974
2018-03-17 23:30:00,24.219918623566628
2018-03-17 23:45:00,24.21350497752428
2018-03-18 00:00:00,24.207091331481934
2018-03-18 00:15:00,24.204949662089348
2018-03-18 00:30:00,24.202807992696762
2018-03-18 00:45:00,24.200666323304176
2018-03-18 01:00:00,24.19852465391159
2018-03-18 01:15:00,24.196382984519005
2018-03-18 01:30:00,24.19424131512642
2018-03-18 01:45:00,24.192099645733833
2018-03-18 02:00:00,24.189957976341248
2018-03-18 02:15:00,24.187816306948662
2018-03-18 02:30:00,24.185674637556076
2018-03-18 02:45:00,24.18353296816349
2018-03-18 03:00:00,24.181391298770905
2018-03-18 03:15:00,24.17924962937832
2018-03-18 03:30:00,24.177107959985733
2018-03-18 03:45:00,24.174966290593147
2018-03-18 04:00:00,24.17282462120056
2018-03-18 04:15:00,24.17282462120056
2018-03-18 04:30:00,24.17282462120056
2018-03-18 04:45:00,24.17282462120056
2018-03-18 05:00:00,24.17282462120056
2018-03-18 05:15:00,24.17282462120056
2018-03-18 05:30:00,24.17282462120056
2018-03-18 05:45:00,24.17282462120056
2018-03-18 06:00:00,24.17282462120056
2018-03-18 06:15:00,24.17282462120056
2018-03-18 06:30:00,24.17282462120056
2018-03-18 06:45:00,24.17282462120056
2018-03-18 07:00:00,24.17282462120056
2018-03-18 07:15:00,24.17282462120056
2018-03-18 07:30:00,24.17282462120056
2018-03-18 07:45:00,24.17282462120056
2018-03-18 08:00:00,24.17282462120056
2018-03-18 08:15:00,24.17068099603057
2018-03-18 08:30:00,24.168537370860577
2018-03-18 08:45:00,24.166393745690584
2018-03-18 09:00:00,24.16425012052059
2018-03-18 09:15:00,24.1621064953506
2018-03-18 09:30:00,24.159962870180607
2018-03-18 09:45:00,24.157819245010614
2018-03-18 10:00:00,24.155675619840622
2018-03-18 10:15:00,24.15353199467063
2018-03-18 10:30:00,24.151388369500637
2018-03-18 10:45:00,24.149244744330645
2018-03-18 11:00:00,24.147101119160652
2018-03-18 11:15:00,24.14495749399066
2018-03-18 11:30:00,24.142813868820667
2018-03-18 11:45:00,24.140670243650675
2018-03-18 12:00:00,24.138526618480682
2018-03-18 12:15:00,24.138526618480682
2018-03-18 12:30:00,24.138526618480682
2018-03-18 12:45:00,24.138526618480682
2018-03-18 13:00:00,24.138526618480682
2018-03-18 13:15:00,24.138526618480682
2018-03-18 13:30:00,24.138526618480682
2018-03-18 13:45:00,24.138526618480682
2018-03-18 14:00:00,24.138526618480682
2018-03-18 14:15:00,24.138526618480682
2018-03-18 14:30:00,24.138526618480682
2018-03-18 14:45:00,24.138526618480682
2018-03-18 15:00:00,24.138526618480682
2018-03-18 15:15:00,24.138526618480682
2018-03-18 15:30:00,24.138526618480682
2018-03-18 15:45:00,24.138526618480682
2018-03-18 16:00:00,24.138526618480682
2018-03-18 16:15:00,24.22278942540288
2018-03-18 16:30:00,24.307052232325077
2018-03-18 16:45:00,24.391315039247274
2018-03-18 17:00:00,24.47557784616947
2018-03-18 17:15:00,24.55984065309167
2018-03-18 17:30:00,24.644103460013866
2018-03-18 17:45:00,24.728366266936064
2018-03-18 18:00:00,24.81262907385826
2018-03-18 18:15:00,24.89689188078046
2018-03-18 18:30:00,24.981154687702656
2018-03-18 18:45:00,25.065417494624853
2018-03-18 19:00:00,25.14968030154705
2018-03-18 19:15:00,25.233943108469248
2018-03-18 19:30:00,25.318205915391445
2018-03-18 19:45:00,25.402468722313643
2018-03-18 20:00:00,25.48673152923584
2018-03-18 20:15:00,25.48673152923584
2018-03-18 20:30:00,25.48673152923584
2018-03-18 20:45:00,25.48673152923584
2018-03-18 21:00:00,25.48673152923584
2018-03-18 21:15:00,25.48673152923584
2018-03-18 21:30:00,25.48673152923584
2018-03-18 21:45:00,25.48673152923584
2018-03-18 22:00:00,25.48673152923584
2018-03-18 22:15:00,25.48673152923584
2018-03-18 22:30:00,25.48673152923584
2018-03-18 22:45:00,25.48673152923584
2018-03-18 23:00:00,25.48673152923584
2018-03-18 23:15:00,25.48673152923584
2018-03-18 23:30:00,25.48673152923584
2018-03-18 23:45:00,25.48673152923584
2018-03-19 00:00:00,25.48673152923584
2018-03-19 00:15:00,25.488799437880516
2018-03-19 00:30:00,25.490867346525192
2018-03-19 00:45:00,25.49293525516987
2018-03-19 01:00:00,25.495003163814545
2018-03-19 01:15:00,25.49707107245922
2018-03-19 01:30:00,25.499138981103897
2018-03-19 01:45:00,25.501206889748573
2018-03-19 02:00:00,25.50327479839325
2018-03-19 02:15:00,25.505342707037926
2018-03-19 02:30:00,25.507410615682602
2018-03-19 02:45:00,25.509478524327278
2018-03-19 03:00:00,25.511546432971954
2018-03-19 03:15:00,25.51361434161663
2018-03-19 03:30:00,25.515682250261307
2018-03-19 03:45:00,25.517750158905983
2018-03-19 04:00:00,25.51981806755066
2018-03-19 04:15:00,25.51981806755066
2018-03-19 04:30:00,25.51981806755066
2018-03-19 04:45:00,25.51981806755066
2018-03-19 05:00:00,25.51981806755066
2018-03-19 05:15:00,25.51981806755066
2018-03-19 05:30:00,25.51981806755066
2018-03-19 05:45:00,25.51981806755066
2018-03-19 06:00:00,25.51981806755066
2018-03-19 06:15:00,25.51981806755066
2018-03-19 06:30:00,25.51981806755066
2018-03-19 06:45:00,25.51981806755066
2018-03-19 07:00:00,25.51981806755066
2018-03-19 07:15:00,25.51981806755066
2018-03-19 07:30:00,25.51981806755066
2018-03-19 07:45:00,25.51981806755066
2018-03-19 08:00:00,25.51981806755066
2018-03-19 08:15:00,25.51981806755066
2018-03-19 08:30:00,25.51981806755066
2018-03-19 08:45:00,25.51981806755066
2018-03-19 09:00:00,25.51981806755066
2018-03-19 09:15:00,25.51981806755066
2018-03-19 09:30:00,25.51981806755066
2018-03-19 09:45:00,25.51981806755066
2018-03-19 10:00:00,25.51981806755066
2018-03-19 10:15:00,25.51981806755066
2018-03-19 10:30:00,25.51981806755066
2018-03-19 10:45:00,25.51981806755066
2018-03-19 11:00:00,25.51981806755066
2018-03-19 11:15:00,25.51981806755066
2018-03-19 11:30:00,25.51981806755066
2018-03-19 11:45:00,25.51981806755066
2018-03-19 12:00:00,25.51981806755066
2018-03-19 12:15:00,25.513608567416668
2018-03-19 12:30:00,25.507399067282677
2018-03-19 12:45:00,25.501189567148685
2018-03-19 13:00:00,25.494980067014694
2018-03-19 13:15:00,25.488770566880703
2018-03-19 13:30:00,25.48256106674671
2018-03-19 13:45:00,25.47635156661272
2018-03-19 14:00:00,25.47014206647873
2018-03-19 14:15:00,25.463932566344738
2018-03-19 14:30:00,25.457723066210747
2018-03-19 14:45:00,25.451513566076756
2018-03-19 15:00:00,25.445304065942764
2018-03-19 15:15:00,25.439094565808773
2018-03-19 15:30:00,25.432885065674782
2018-03-19 15:45:00,25.42667556554079
2018-03-19 16:00:00,25.4204660654068
2018-03-19 16:15:00,25.416317209601402
2018-03-19 16:30:00,25.412168353796005
2018-03-19 16:45:00,25.408019497990608
2018-03-19 17:00:00,25.40387064218521
2018-03-19 17:15:00,25.399721786379814
2018-03-19 17:30:00,25.395572930574417
2018-03-19 17:45:00,25.39142407476902
2018-03-19 18:00:00,25.387275218963623
2018-03-19 18:15:00,25.383126363158226
2018-03-19 18:30:00,25.37897750735283
2018-03-19 18:45:00,25.374828651547432
2018-03-19 19:00:00,25.370679795742035
2018-03-19 19:15:00,25.366530939936638
2018-03-19 19:30:00,25.36238208413124
2018-03-19 19:45:00,25.358233228325844
2018-03-19 20:00:00,25.354084372520447
2018-03-19 20:15:00,25.35200696438551
2018-03-19 20:30:00,25.349929556250572
2018-03-19 20:45:00,25.347852148115635
2018-03-19 21:00:00,25.345774739980698
2018-03-19 21:15:00,25.34369733184576
2018-03-19 21:30:00,25.341619923710823
2018-03-19 21:45:00,25.339542515575886
2018-03-19 22:00:00,25.33746510744095
2018-03-19 22:15:00,25.33538769930601
2018-03-19 22:30:00,25.333310291171074
2018-03-19 22:45:00,25.331232883036137
2018-03-19 23:00:00,25.3291554749012
2018-03-19 23:15:00,25.327078066766262
2018-03-19 23:30:00,25.325000658631325
2018-03-19 23:45:00,25.322923250496387
2018-03-20 00:00:00,25.32084584236145
2018-03-20 00:15:00,25.32084584236145
2018-03-20 00:30:00,25.32084584236145
2018-03-20 00:45:00,25.32084584236145
2018-03-20 01:00:00,25.32084584236145
2018-03-20 01:15:00,25.32084584236145
2018-03-20 01:30:00,25.32084584236145
2018-03-20 01:45:00,25.32084584236145
2018-03-20 02:00:00,25.32084584236145
2018-03-20 02:15:00,25.32084584236145
2018-03-20 02:30:00,25.32084584236145
2018-03-20 02:45:00,25.32084584236145
2018-03-20 03:00:00,25.32084584236145
2018-03-20 03:15:00,25.32084584236145
2018-03-20 03:30:00,25.32084584236145
2018-03-20 03:45:00,25.32084584236145
2018-03-20 04:00:00,25.32084584236145
2018-03-20 04:15:00,25.322923250496387
2018-03-20 04:30:00,25.325000658631325
2018-03-20 04:45:00,25.327078066766262
2018-03-20 05:00:00,25.3291554749012
2018-03-20 05:15:00,25.331232883036137
2018-03-20 05:30:00,25.333310291171074
2018-03-20 05:45:00,25.33538769930601
2018-03-20 06:00:00,25.33746510744095
2018-03-20 06:15:00,25.339542515575886
2018-03-20 06:30:00,25.341619923710823
2018-03-20 06:45:00,25.34369733184576
2018-03-20 07:00:00,25.345774739980698
2018-03-20 07:15:00,25.347852148115635
2018-03-20 07:30:00,25.349929556250572
2018-03-20 07:45:00,25.35200696438551
2018-03-20 08:00:00,25.354084372520447
2018-03-20 08:15:00,25.354084372520447
2018-03-20 08:30:00,25.354084372520447
2018-03-20 08:45:00,25.354084372520447
2018-03-20 09:00:00,25.354084372520447
2018-03-20 09:15:00,25.354084372520447
2018-03-20 09:30:00,25.354084372520447
2018-03-20 09:45:00,25.354084372520447
2018-03-20 10:00:00,25.354084372520447
2018-03-20 10:15:00,25.354084372520447
2018-03-20 10:30:00,25.354084372520447
2018-03-20 10:45:00,25.354084372520447
2018-03-20 11:00:00,25.354084372520447
2018-03-20 11:15:00,25.354084372520447
2018-03-20 11:30:00,25.354084372520447
2018-03-20 11:45:00,25.354084372520447
2018-03-20 12:00:00,25.354084372520447
2018-03-20 12:15:00,25.35200696438551
2018-03-20 12:30:00,25.349929556250572
2018-03-20 12:45:00,25.347852148115635
2018-03-20 13:00:00,25.345774739980698
2018-03-20 13:15:00,25.34369733184576
2018-03-20 13:30:00,25.341619923710823
2018-03-20 13:45:00,25.339542515575886
2018-03-20 14:00:00,25.33746510744095
2018-03-20 14:15:00,25.33538769930601
2018-03-20 14:30:00,25.333310291171074
2018-03-20 14:45:00,25.331232883036137
2018-03-20 15:00:00,25.3291554749012
2018-03-20 15:15:00,25.327078066766262
2018-03-20 15:30:00,25.325000658631325
2018-03-20 15:45:00,25.322923250496387
2018-03-20 16:00:00,25.32084584236145
2018-03-20 16:15:00,25.314602628350258
2018-03-20 16:30:00,25.308359414339066
2018-03-20 16:45:00,25.302116200327873
2018-03-20 17:00:00,25.29587298631668
2018-03-20 17:15:00,25.28962977230549
2018-03-20 17:30:00,25.283386558294296
2018-03-20 17:45:00,25.277143344283104
2018-03-20 18:00:00,25.27090013027191
2018-03-20 18:15:00,25.26465691626072
2018-03-20 18:30:00,25.258413702249527
2018-03-20 18:45:00,25.252170488238335
2018-03-20 19:00:00,25.245927274227142
2018-03-20 19:15:00,25.23968406021595
2018-03-20 19:30:00,25.233440846204758
2018-03-20 19:45:00,25.227197632193565
2018-03-20 20:00:00,25.220954418182373
2018-03-20 20:15:00,25.218869745731354
2018-03-20 20:30:00,25.216785073280334
2018-03-20 20:45:00,25.214700400829315
2018-03-20 21:00:00,25.212615728378296
2018-03-20 21:15:00,25.210531055927277
2018-03-20 21:30:00,25.208446383476257
2018-03-20 21:45:00,25.206361711025238
2018-03-20 22:00:00,25.20427703857422
2018-03-20 22:15:00,25.2021923661232
2018-03-20 22:30:00,25.20010769367218
2018-03-20 22:45:00,25.19802302122116
2018-03-20 23:00:00,25.19593834877014
2018-03-20 23:15:00,25.193853676319122
2018-03-20 23:30:00,25.191769003868103
2018-03-20 23:45:00,25.189684331417084
2018-03-21 00:00:00,25.187599658966064
2018-03-21 00:15:00,25.18551293760538
2018-03-21 00:30:00,25.183426216244698
2018-03-21 00:45:00,25.181339494884014
2018-03-21 01:00:00,25.17925277352333
2018-03-21 01:15:00,25.177166052162647
2018-03-21 01:30:00,25.175079330801964
2018-03-21 01:45:00,25.17299260944128
2018-03-21 02:00:00,25.170905888080597
2018-03-21 02:15:00,25.168819166719913
2018-03-21 02:30:00,25.16673244535923
2018-03-21 02:45:00,25.164645723998547
2018-03-21 03:00:00,25.162559002637863
2018-03-21 03:15:00,25.16047228127718
2018-03-21 03:30:00,25.158385559916496
2018-03-21 03:45:00,25.156298838555813
2018-03-21 04:00:00,25.15421211719513
2018-03-21 04:15:00,25.152123533189297
2018-03-21 04:30:00,25.150034949183464
2018-03-21 04:45:00,25.14794636517763
2018-03-21 05:00:00,25.1458577811718
2018-03-21 05:15:00,25.143769197165966
2018-03-21 05:30:00,25.141680613160133
2018-03-21 05:45:00,25.1395920291543
2018-03-21 06:00:00,25.137503445148468
2018-03-21 06:15:00,25.135414861142635
2018-03-21 06:30:00,25.133326277136803
2018-03-21 06:45:00,25.13123769313097
2018-03-21 07:00:00,25.129149109125137
2018-03-21 07:15:00,25.127060525119305
2018-03-21 07:30:00,25.124971941113472
2018-03-21 07:45:00,25.12288335710764
2018-03-21 08:00:00,25.120794773101807
2018-03-21 08:15:00,25.116612017154694
2018-03-21 08:30:00,25.11242926120758
2018-03-21 08:45:00,25.108246505260468
2018-03-21 09:00:00,25.104063749313354
2018-03-21 09:15:00,25.09988099336624
2018-03-21 09:30:00,25.09569823741913
2018-03-21 09:45:00,25.091515481472015
2018-03-21 10:00:00,25.087332725524902
2018-03-21 10:15:00,25.08314996957779
2018-03-21 10:30:00,25.078967213630676
2018-03-21 10:45:00,25.074784457683563
2018-03-21 11:00:00,25.07060170173645
2018-03-21 11:15:00,25.066418945789337
2018-03-21 11:30:00,25.062236189842224
2018-03-21 11:45:00,25.05805343389511
2018-03-21 12:00:00,25.053870677947998
2018-03-21 12:15:00,25.049680285155773
2018-03-21 12:30:00,25.04548989236355
2018-03-21 12:45:00,25.041299499571323
2018-03-21 13:00:00,25.0371091067791
2018-03-21 13:15:00,25.032918713986874
2018-03-21 13:30:00,25.02872832119465
2018-03-21 13:45:00,25.024537928402424
2018-03-21 14:00:00,25.0203475356102
2018-03-21 14:15:00,25.016157142817974
2018-03-21 14:30:00,25.01196675002575
2018-03-21 14:45:00,25.007776357233524
2018-03-21 15:00:00,25.0035859644413
2018-03-21 15:15:00,24.999395571649075
2018-03-21 15:30:00,24.99520517885685
2018-03-21 15:45:00,24.991014786064625
2018-03-21 16:00:00,24.9868243932724
2018-03-21 16:15:00,24.980524834245443
2018-03-21 16:30:00,24.974225275218487
2018-03-21 16:45:00,24.96792571619153
2018-03-21 17:00:00,24.961626157164574
2018-03-21 17:15:00,24.955326598137617
2018-03-21 17:30:00,24.94902703911066
2018-03-21 17:45:00,24.942727480083704
2018-03-21 18:00:00,24.936427921056747
2018-03-21 18:15:00,24.93012836202979
2018-03-21 18:30:00,24.923828803002834
2018-03-21 18:45:00,24.917529243975878
2018-03-21 19:00:00,24.91122968494892
2018-03-21 19:15:00,24.904930125921965
2018-03-21 19:30:00,24.898630566895008
2018-03-21 19:45:00,24.89233100786805
2018-03-21 20:00:00,24.886031448841095
2018-03-21 20:15:00,24.879714753478765
2018-03-21 20:30:00,24.873398058116436
2018-03-21 20:45:00,24.867081362754107
2018-03-21 21:00:00,24.860764667391777
2018-03-21 21:15:00,24.854447972029448
2018-03-21 21:30:00,24.848131276667118
2018-03-21 21:45:00,24.84181458130479
2018-03-21 22:00:00,24.83549788594246
2018-03-21 22:15:00,24.82918119058013
2018-03-21 22:30:00,24.8228644952178
2018-03-21 22:45:00,24.81654779985547
2018-03-21 23:00:00,24.81023110449314
2018-03-21 23:15:00,24.80391440913081
2018-03-21 23:30:00,24.797597713768482
2018-03-21 23:45:00,24.791281018406153
2018-03-22 00:00:00,24.784964323043823
2018-03-22 00:15:00,24.782855063676834
2018-03-22 00:30:00,24.780745804309845
2018-03-22 00:45:00,24.778636544942856
2018-03-22 01:00:00,24.776527285575867
2018-03-22 01:15:00,24.774418026208878
2018-03-22 01:30:00,24.77230876684189
2018-03-22 01:45:00,24.7701995074749
2018-03-22 02:00:00,24.76809024810791
2018-03-22 02:15:00,24.76598098874092
2018-03-22 02:30:00,24.763871729373932
2018-03-22 02:45:00,24.761762470006943
2018-03-22 03:00:00,24.759653210639954
2018-03-22 03:15:00,24.757543951272964
2018-03-22 03:30:00,24.755434691905975
2018-03-22 03:45:00,24.753325432538986
2018-03-22 04:00:00,24.751216173171997
2018-03-22 04:15:00,24.7469917871058
2018-03-22 04:30:00,24.7427674010396
2018-03-22 04:45:00,24.738543014973402
2018-03-22 05:00:00,24.734318628907204
2018-03-22 05:15:00,24.730094242841005
2018-03-22 05:30:00,24.725869856774807
2018-03-22 05:45:00,24.72164547070861
2018-03-22 06:00:00,24.71742108464241
2018-03-22 06:15:00,24.713196698576212
2018-03-22 06:30:00,24.708972312510014
2018-03-22 06:45:00,24.704747926443815
2018-03-22 07:00:00,24.700523540377617
2018-03-22 07:15:00,24.69629915431142
2018-03-22 07:30:00,24.69207476824522
2018-03-22 07:45:00,24.687850382179022
2018-03-22 08:00:00,24.683625996112823
2018-03-22 08:15:00,24.683625996112823
2018-03-22 08:30:00,24.683625996112823
2018-03-22 08:45:00,24.683625996112823
2018-03-22 09:00:00,24.683625996112823
2018-03-22 09:15:00,24.683625996112823
2018-03-22 09:30:00,24.683625996112823
2018-03-22 09:45:00,24.683625996112823
2018-03-22 10:00:00,24.683625996112823
2018-03-22 10:15:00,24.683625996112823
2018-03-22 10:30:00,24.683625996112823
2018-03-22 10:45:00,24.683625996112823
2018-03-22 11:00:00,24.683625996112823
2018-03-22 11:15:00,24.683625996112823
2018-03-22 11:30:00,24.683625996112823
2018-03-22 11:45:00,24.683625996112823
2018-03-22 12:00:00,24.683625996112823
2018-03-22 12:15:00,24.67939406633377
2018-03-22 12:30:00,24.675162136554718
2018-03-22 12:45:00,24.670930206775665
2018-03-22 13:00:00,24.666698276996613
2018-03-22 13:15:00,24.66246634721756
2018-03-22 13:30:00,24.658234417438507
2018-03-22 13:45:00,24.654002487659454
2018-03-22 14:00:00,24.6497705578804
2018-03-22 14:15:00,24.64553862810135
2018-03-22 14:30:00,24.641306698322296
2018-03-22 14:45:00,24.637074768543243
2018-03-22 15:00:00,24.63284283876419
2018-03-22 15:15:00,24.628610908985138
2018-03-22 15:30:00,24.624378979206085
2018-03-22 15:45:00,24.620147049427032
2018-03-22 16:00:00,24.61591511964798
2018-03-22 16:15:00,24.60955297574401
2018-03-22 16:30:00,24.60319083184004
2018-03-22 16:45:00,24.596828687936068
2018-03-22 17:00:00,24.590466544032097
2018-03-22 17:15:00,24.584104400128126
2018-03-22 17:30:00,24.577742256224155
2018-03-22 17:45:00,24.571380112320185
2018-03-22 18:00:00,24.565017968416214
2018-03-22 18:15:00,24.558655824512243
2018-03-22 18:30:00,24.552293680608273
2018-03-22 18:45:00,24.545931536704302
2018-03-22 19:00:00,24.53956939280033
2018-03-22 19:15:00,24.53320724889636
2018-03-22 19:30:00,24.52684510499239
2018-03-22 19:45:00,24.52048296108842
2018-03-22 20:00:00,24.51412081718445
2018-03-22 20:15:00,24.507741536945105
2018-03-22 20:30:00,24.50136225670576
2018-03-22 20:45:00,24.494982976466417
2018-03-22 21:00:00,24.488603696227074
2018-03-22 21:15:00,24.48222441598773
2018-03-22 21:30:00,24.475845135748386
2018-03-22 21:45:00,24.469465855509043
2018-03-22 22:00:00,24.4630865752697
2018-03-22 22:15:00,24.456707295030355
2018-03-22 22:30:00,24.450328014791012
2018-03-22 22:45:00,24.443948734551668
2018-03-22 23:00:00,24.437569454312325
2018-03-22 23:15:00,24.43119017407298
2018-03-22 23:30:00,24.424810893833637
2018-03-22 23:45:00,24.418431613594294
2018-03-23 00:00:00,24.41205233335495
2018-03-23 00:15:00,24.407789949327707
2018-03-23 00:30:00,24.403527565300465
2018-03-23 00:45:00,24.399265181273222
2018-03-23 01:00:00,24.39500279724598
2018-03-23 01:15:00,24.390740413218737
2018-03-23 01:30:00,24.386478029191494
2018-03-23 01:45:00,24.38221564516425
2018-03-23 02:00:00,24.37795326113701
2018-03-23 02:15:00,24.373690877109766
2018-03-23 02:30:00,24.369428493082523
2018-03-23 02:45:00,24.36516610905528
2018-03-23 03:00:00,24.360903725028038
2018-03-23 03:15:00,24.356641341000795
2018-03-23 03:30:00,24.352378956973553
2018-03-23 03:45:00,24.34811657294631
2018-03-23 04:00:00,24.343854188919067
2018-03-23 04:15:00,24.341720156371593
2018-03-23 04:30:00,24.33958612382412
2018-03-23 04:45:00,24.337452091276646
2018-03-23 05:00:00,24.33531805872917
2018-03-23 05:15:00,24.333184026181698
2018-03-23 05:30:00,24.331049993634224
2018-03-23 05:45:00,24.32891596108675
2018-03-23 06:00:00,24.326781928539276
2018-03-23 06:15:00,24.324647895991802
2018-03-23 06:30:00,24.32251386344433
2018-03-23 06:45:00,24.320379830896854
2018-03-23 07:00:00,24.31824579834938
2018-03-23 07:15:00,24.316111765801907
2018-03-23 07:30:00,24.313977733254433
2018-03-23 07:45:00,24.31184370070696
2018-03-23 08:00:00,24.309709668159485
2018-03-23 08:15:00,24.307573679834604
2018-03-23 08:30:00,24.305437691509724
2018-03-23 08:45:00,24.303301703184843
2018-03-23 09:00:00,24.301165714859962
2018-03-23 09:15:00,24.299029726535082
2018-03-23 09:30:00,24.2968937382102
2018-03-23 09:45:00,24.29475774988532
2018-03-23 10:00:00,24.29262176156044
2018-03-23 10:15:00,24.29048577323556
2018-03-23 10:30:00,24.28834978491068
2018-03-23 10:45:00,24.2862137965858
2018-03-23 11:00:00,24.284077808260918
2018-03-23 11:15:00,24.281941819936037
2018-03-23 11:30:00,24.279805831611156
2018-03-23 11:45:00,24.277669843286276
2018-03-23 12:00:00,24.275533854961395
2018-03-23 12:15:00,24.273396003991365
2018-03-23 12:30:00,24.271258153021336
2018-03-23 12:45:00,24.269120302051306
2018-03-23 13:00:00,24.266982451081276
2018-03-23 13:15:00,24.264844600111246
2018-03-23 13:30:00,24.262706749141216
2018-03-23 13:45:00,24.260568898171186
2018-03-23 14:00:00,24.258431047201157
2018-03-23 14:15:00,24.256293196231127
2018-03-23 14:30:00,24.254155345261097
2018-03-23 14:45:00,24.252017494291067
2018-03-23 15:00:00,24.249879643321037
2018-03-23 15:15:00,24.247741792351007
2018-03-23 15:30:00,24.245603941380978
2018-03-23 15:45:00,24.243466090410948
2018-03-23 16:00:00,24.241328239440918
2018-03-23 16:15:00,24.234903138130903
2018-03-23 16:30:00,24.22847803682089
2018-03-23 16:45:00,24.222052935510874
2018-03-23 17:00:00,24.21562783420086
2018-03-23 17:15:00,24.209202732890844
2018-03-23 17:30:00,24.20277763158083
2018-03-23 17:45:00,24.196352530270815
2018-03-23 18:00:00,24.1899274289608
2018-03-23 18:15:00,24.183502327650785
2018-03-23 18:30:00,24.17707722634077
2018-03-23 18:45:00,24.170652125030756
2018-03-23 19:00:00,24.16422702372074
2018-03-23 19:15:00,24.157801922410727
2018-03-23 19:30:00,24.151376821100712
2018-03-23 19:45:00,24.144951719790697
2018-03-23 20:00:00,24.138526618480682
2018-03-23 20:15:00,24.134233593940735
2018-03-23 20:30:00,24.129940569400787
2018-03-23 20:45:00,24.12564754486084
2018-03-23 21:00:00,24.121354520320892
2018-03-23 21:15:00,24.117061495780945
2018-03-23 21:30:00,24.112768471240997
2018-03-23 21:45:00,24.10847544670105
2018-03-23 22:00:00,24.104182422161102
2018-03-23 22:15:00,24.099889397621155
2018-03-23 22:30:00,24.095596373081207
2018-03-23 22:45:00,24.09130334854126
2018-03-23 23:00:00,24.087010324001312
2018-03-23 23:15:00,24.082717299461365
2018-03-23 23:30:00,24.078424274921417
2018-03-23 23:45:00,24.07413125038147
2018-03-24 00:00:00,24.069838225841522
2018-03-24 00:15:00,24.067688826471567
2018-03-24 00:30:00,24.065539427101612
2018-03-24 00:45:00,24.063390027731657
2018-03-24 01:00:00,24.061240628361702
2018-03-24 01:15:00,24.059091228991747
2018-03-24 01:30:00,24.056941829621792
2018-03-24 01:45:00,24.054792430251837
2018-03-24 02:00:00,24.05264303088188
2018-03-24 02:15:00,24.050493631511927
2018-03-24 02:30:00,24.04834423214197
2018-03-24 02:45:00,24.046194832772017
2018-03-24 03:00:00,24.04404543340206
2018-03-24 03:15:00,24.041896034032106
2018-03-24 03:30:00,24.03974663466215
2018-03-24 03:45:00,24.037597235292196
2018-03-24 04:00:00,24.03544783592224
2018-03-24 04:15:00,24.033296573907137
2018-03-24 04:30:00,24.031145311892033
2018-03-24 04:45:00,24.02899404987693
2018-03-24 05:00:00,24.026842787861824
2018-03-24 05:15:00,24.02469152584672
2018-03-24 05:30:00,24.022540263831615
2018-03-24 05:45:00,24.02038900181651
2018-03-24 06:00:00,24.018237739801407
2018-03-24 06:15:00,24.016086477786303
2018-03-24 06:30:00,24.0139352157712
2018-03-24 06:45:00,24.011783953756094
2018-03-24 07:00:00,24.00963269174099
2018-03-24 07:15:00,24.007481429725885
2018-03-24 07:30:00,24.00533016771078
2018-03-24 07:45:00,24.003178905695677
2018-03-24 08:00:00,24.001027643680573
2018-03-24 08:15:00,24.001027643680573
2018-03-24 08:30:00,24.001027643680573
2018-03-24 08:45:00,24.001027643680573
2018-03-24 09:00:00,24.001027643680573
2018-03-24 09:15:00,24.001027643680573
2018-03-24 09:30:00,24.001027643680573
2018-03-24 09:45:00,24.001027643680573
2018-03-24 10:00:00,24.001027643680573
2018-03-24 10:15:00,24.001027643680573
2018-03-24 10:30:00,24.001027643680573
2018-03-24 10:45:00,24.001027643680573
2018-03-24 11:00:00,24.001027643680573
2018-03-24 11:15:00,24.001027643680573
2018-03-24 11:30:00,24.001027643680573
2018-03-24 11:45:00,24.001027643680573
2018-03-24 12:00:00,24.001027643680573
2018-03-24 12:15:00,23.998874332755804
2018-03-24 12:30:00,23.996721021831036
2018-03-24 12:45:00,23.994567710906267
2018-03-24 13:00:00,23.9924143999815
2018-03-24 13:15:00,23.99026108905673
2018-03-24 13:30:00,23.988107778131962
2018-03-24 13:45:00,23.985954467207193
2018-03-24 14:00:00,23.983801156282425
2018-03-24 14:15:00,23.981647845357656
2018-03-24 14:30:00,23.979494534432888
2018-03-24 14:45:00,23.97734122350812
2018-03-24 15:00:00,23.97518791258335
2018-03-24 15:15:00,23.973034601658583
2018-03-24 15:30:00,23.970881290733814
2018-03-24 15:45:00,23.968727979809046
2018-03-24 16:00:00,23.966574668884277
2018-03-24 16:15:00,23.95794251933694
2018-03-24 16:30:00,23.9493103697896
2018-03-24 16:45:00,23.940678220242262
2018-03-24 17:00:00,23.932046070694923
2018-03-24 17:15:00,23.923413921147585
2018-03-24 17:30:00,23.914781771600246
2018-03-24 17:45:00,23.906149622052908
2018-03-24 18:00:00,23.89751747250557
2018-03-24 18:15:00,23.88888532295823
2018-03-24 18:30:00,23.880253173410892
2018-03-24 18:45:00,23.871621023863554
2018-03-24 19:00:00,23.862988874316216
2018-03-24 19:15:00,23.854356724768877
2018-03-24 19:30:00,23.84572457522154
2018-03-24 19:45:00,23.8370924256742
2018-03-24 20:00:00,23.82846027612686
2018-03-24 20:15:00,23.819797206670046
2018-03-24 20:30:00,23.81113413721323
2018-03-24 20:45:00,23.802471067756414
2018-03-24 21:00:00,23.7938079982996
2018-03-24 21:15:00,23.785144928842783
2018-03-24 21:30:00,23.776481859385967
2018-03-24 21:45:00,23.76781878992915
2018-03-24 22:00:00,23.759155720472336
2018-03-24 22:15:00,23.75049265101552
2018-03-24 22:30:00,23.741829581558704
2018-03-24 22:45:00,23.73316651210189
2018-03-24 23:00:00,23.724503442645073
2018-03-24 23:15:00,23.715840373188257
2018-03-24 23:30:00,23.70717730373144
2018-03-24 23:45:00,23.698514234274626
2018-03-25 00:00:00,23.68985116481781
2018-03-25 00:15:00,23.68550803512335
2018-03-25 00:30:00,23.681164905428886
2018-03-25 00:45:00,23.676821775734425
2018-03-25 01:00:00,23.672478646039963
2018-03-25 01:15:00,23.6681355163455
2018-03-25 01:30:00,23.66379238665104
2018-03-25 01:45:00,23.659449256956577
2018-03-25 02:00:00,23.655106127262115
2018-03-25 02:15:00,23.650762997567654
2018-03-25 02:30:00,23.646419867873192
2018-03-25 02:45:00,23.64207673817873
2018-03-25 03:00:00,23.637733608484268
2018-03-25 03:15:00,23.633390478789806
2018-03-25 03:30:00,23.629047349095345
2018-03-25 03:45:00,23.624704219400883
2018-03-25 04:00:00,23.62036108970642
2018-03-25 04:15:00,23.61601023003459
2018-03-25 04:30:00,23.61165937036276
2018-03-25 04:45:00,23.607308510690928
2018-03-25 05:00:00,23.602957651019096
2018-03-25 05:15:00,23.598606791347265
2018-03-25 05:30:00,23.594255931675434
2018-03-25 05:45:00,23.589905072003603
2018-03-25 06:00:00,23.585554212331772
2018-03-25 06:15:00,23.58120335265994
2018-03-25 06:30:00,23.57685249298811
2018-03-25 06:45:00,23.57250163331628
2018-03-25 07:00:00,23.568150773644447
2018-03-25 07:15:00,23.563799913972616
2018-03-25 07:30:00,23.559449054300785
2018-03-25 07:45:00,23.555098194628954
2018-03-25 08:00:00,23.550747334957123
2018-03-25 08:15:00,23.548568971455097
2018-03-25 08:30:00,23.54639060795307
2018-03-25 08:45:00,23.544212244451046
2018-03-25 09:00:00,23.54203388094902
2018-03-25 09:15:00,23.539855517446995
2018-03-25 09:30:00,23.53767715394497
2018-03-25 09:45:00,23.535498790442944
2018-03-25 10:00:00,23.533320426940918
2018-03-25 10:15:00,23.531142063438892
2018-03-25 10:30:00,23.528963699936867
2018-03-25 10:45:00,23.52678533643484
2018-03-25 11:00:00,23.524606972932816
2018-03-25 11:15:00,23.52242860943079
2018-03-25 11:30:00,23.520250245928764
2018-03-25 11:45:00,23.51807188242674
2018-03-25 12:00:00,23.515893518924713
2018-03-25 12:15:00,23.515893518924713
2018-03-25 12:30:00,23.515893518924713
2018-03-25 12:45:00,23.515893518924713
2018-03-25 13:00:00,23.515893518924713
2018-03-25 13:15:00,23.515893518924713
2018-03-25 13:30:00,23.515893518924713
2018-03-25 13:45:00,23.515893518924713
2018-03-25 14:00:00,23.515893518924713
2018-03-25 14:15:00,23.515893518924713
2018-03-25 14:30:00,23.515893518924713
2018-03-25 14:45:00,23.515893518924713
2018-03-25 15:00:00,23.515893518924713
2018-03-25 15:15:00,23.515893518924713
2018-03-25 15:30:00,23.515893518924713
2018-03-25 15:45:00,23.515893518924713
2018-03-25 16:00:00,23.515893518924713
2018-03-25 16:15:00,23.520248290151358
2018-03-25 16:30:00,23.524603061378002
2018-03-25 16:45:00,23.528957832604647
2018-03-25 17:00:00,23.53331260383129
2018-03-25 17:15:00,23.537667375057936
2018-03-25 17:30:00,23.54202214628458
2018-03-25 17:45:00,23.546376917511225
2018-03-25 18:00:00,23.55073168873787
2018-03-25 18:15:00,23.555086459964514
2018-03-25 18:30:00,23.55944123119116
2018-03-25 18:45:00,23.563796002417803
2018-03-25 19:00:00,23.568150773644447
2018-03-25 19:15:00,23.572505544871092
2018-03-25 19:30:00,23.576860316097736
2018-03-25 19:45:00,23.58121508732438
2018-03-25 20:00:00,23.585569858551025
2018-03-25 20:15:00,23.587744310498238
2018-03-25 20:30:00,23.58991876244545
2018-03-25 20:45:00,23.592093214392662
2018-03-25 21:00:00,23.594267666339874
2018-03-25 21:15:00,23.596442118287086
2018-03-25 21:30:00,23.5986165702343
2018-03-25 21:45:00,23.60079102218151
2018-03-25 22:00:00,23.602965474128723
2018-03-25 22:15:00,23.605139926075935
2018-03-25 22:30:00,23.607314378023148
2018-03-25 22:45:00,23.60948882997036
2018-03-25 23:00:00,23.611663281917572
2018-03-25 23:15:00,23.613837733864784
2018-03-25 23:30:00,23.616012185811996
2018-03-25 23:45:00,23.61818663775921
2018-03-26 00:00:00,23.62036108970642
2018-03-26 00:15:00,23.622533679008484
2018-03-26 00:30:00,23.624706268310547
2018-03-26 00:45:00,23.62687885761261
2018-03-26 01:00:00,23.629051446914673
2018-03-26 01:15:00,23.631224036216736
2018-03-26 01:30:00,23.6333966255188
2018-03-26 01:45:00,23.635569214820862
2018-03-26 02:00:00,23.637741804122925
2018-03-26 02:15:00,23.639914393424988
2018-03-26 02:30:00,23.64208698272705
2018-03-26 02:45:00,23.644259572029114
2018-03-26 03:00:00,23.646432161331177
2018-03-26 03:15:00,23.64860475063324
2018-03-26 03:30:00,23.650777339935303
2018-03-26 03:45:00,23.652949929237366
2018-03-26 04:00:00,23.65512251853943
2018-03-26 04:15:00,23.657293058931828
2018-03-26 04:30:00,23.659463599324226
2018-03-26 04:45:00,23.661634139716625
2018-03-26 05:00:00,23.663804680109024
2018-03-26 05:15:00,23.665975220501423
2018-03-26 05:30:00,23.66814576089382
2018-03-26 05:45:00,23.67031630128622
2018-03-26 06:00:00,23.67248684167862
2018-03-26 06:15:00,23.674657382071018
2018-03-26 06:30:00,23.676827922463417
2018-03-26 06:45:00,23.678998462855816
2018-03-26 07:00:00,23.681169003248215
2018-03-26 07:15:00,23.683339543640614
2018-03-26 07:30:00,23.685510084033012
2018-03-26 07:45:00,23.68768062442541
2018-03-26 08:00:00,23.68985116481781
2018-03-26 08:15:00,23.69201984256506
2018-03-26 08:30:00,23.69418852031231
2018-03-26 08:45:00,23.69635719805956
2018-03-26 09:00:00,23.69852587580681
2018-03-26 09:15:00,23.700694553554058
2018-03-26 09:30:00,23.702863231301308
2018-03-26 09:45:00,23.705031909048557
2018-03-26 10:00:00,23.707200586795807
2018-03-26 10:15:00,23.709369264543056
2018-03-26 10:30:00,23.711537942290306
2018-03-26 10:45:00,23.713706620037556
2018-03-26 11:00:00,23.715875297784805
2018-03-26 11:15:00,23.718043975532055
2018-03-26 11:30:00,23.720212653279305
2018-03-26 11:45:00,23.722381331026554
2018-03-26 12:00:00,23.724550008773804
2018-03-26 12:15:00,23.726716730743647
2018-03-26 12:30:00,23.72888345271349
2018-03-26 12:45:00,23.731050174683332
2018-03-26 13:00:00,23.733216896653175
2018-03-26 13:15:00,23.73538361862302
2018-03-26 13:30:00,23.73755034059286
2018-03-26 13:45:00,23.739717062562704
2018-03-26 14:00:00,23.741883784532547
2018-03-26 14:15:00,23.74405050650239
2018-03-26 14:30:00,23.746217228472233
2018-03-26 14:45:00,23.748383950442076
2018-03-26 15:00:00,23.75055067241192
2018-03-26 15:15:00,23.75271739438176
2018-03-26 15:30:00,23.754884116351604
2018-03-26 15:45:00,23.757050838321447
2018-03-26 16:00:00,23.75921756029129
2018-03-26 16:15:00,23.761382419615984
2018-03-26 16:30:00,23.763547278940678
2018-03-26 16:45:00,23.76571213826537
2018-03-26 17:00:00,23.767876997590065
2018-03-26 17:15:00,23.77004185691476
2018-03-26 17:30:00,23.772206716239452
2018-03-26 17:45:00,23.774371575564146
2018-03-26 18:00:00,23.77653643488884
2018-03-26 18:15:00,23.778701294213533
2018-03-26 18:30:00,23.780866153538227
2018-03-26 18:45:00,23.78303101286292
2018-03-26 19:00:00,23.785195872187614
2018-03-26 19:15:00,23.787360731512308
2018-03-26 19:30:00,23.789525590837002
2018-03-26 19:45:00,23.791690450161695
2018-03-26 20:00:00,23.79385530948639
2018-03-26 20:15:00,23.79385530948639
2018-03-26 20:30:00,23.79385530948639
2018-03-26 20:45:00,23.79385530948639
2018-03-26 21:00:00,23.79385530948639
2018-03-26 21:15:00,23.79385530948639
2018-03-26 21:30:00,23.79385530948639
2018-03-26 21:45:00,23.79385530948639
2018-03-26 22:00:00,23.79385530948639
2018-03-26 22:15:00,23.79385530948639
2018-03-26 22:30:00,23.79385530948639
2018-03-26 22:45:00,23.79385530948639
2018-03-26 23:00:00,23.79385530948639
2018-03-26 23:15:00,23.79385530948639
2018-03-26 23:30:00,23.79385530948639
2018-03-26 23:45:00,23.79385530948639
2018-03-27 00:00:00,23.79385530948639
2018-03-27 00:15:00,24.605860374867916
2018-03-27 00:30:00,25.417865440249443
2018-03-27 00:45:00,26.22987050563097
2018-03-27 01:00:00,27.041875571012497
2018-03-27 01:15:00,27.853880636394024
2018-03-27 01:30:00,28.66588570177555
2018-03-27 01:45:00,29.477890767157078
2018-03-27 02:00:00,30.289895832538605
2018-03-27 02:15:00,31.10190089792013
2018-03-27 02:30:00,31.91390596330166
2018-03-27 02:45:00,32.725911028683186
2018-03-27 03:00:00,33.53791609406471
2018-03-27 03:15:00,34.34992115944624
2018-03-27 03:30:00,35.161926224827766
2018-03-27 03:45:00,35.97393129020929
2018-03-27 04:00:00,36.78593635559082
2018-03-27 04:15:00,36.70174181461334
2018-03-27 04:30:00,36.617547273635864
2018-03-27 04:45:00,36.533352732658386
2018-03-27 05:00:00,36.44915819168091
2018-03-27 05:15:00,36.36496365070343
2018-03-27 05:30:00,36.28076910972595
2018-03-27 05:45:00,36.196574568748474
2018-03-27 06:00:00,36.112380027770996
2018-03-27 06:15:00,36.02818548679352
2018-03-27 06:30:00,35.94399094581604
2018-03-27 06:45:00,35.85979640483856
2018-03-27 07:00:00,35.775601863861084
2018-03-27 07:15:00,35.691407322883606
2018-03-27 07:30:00,35.60721278190613
2018-03-27 07:45:00,35.52301824092865
2018-03-27 08:00:00,35.43882369995117
2018-03-27 08:15:00,35.64095292240381
2018-03-27 08:30:00,35.84308214485645
2018-03-27 08:45:00,36.04521136730909
2018-03-27 09:00:00,36.247340589761734
2018-03-27 09:15:00,36.449469812214375
2018-03-27 09:30:00,36.651599034667015
2018-03-27 09:45:00,36.853728257119656
2018-03-27 10:00:00,37.055857479572296
2018-03-27 10:15:00,37.25798670202494
2018-03-27 10:30:00,37.46011592447758
2018-03-27 10:45:00,37.66224514693022
2018-03-27 11:00:00,37.86437436938286
2018-03-27 11:15:00,38.0665035918355
2018-03-27 11:30:00,38.26863281428814
2018-03-27 11:45:00,38.47076203674078
2018-03-27 12:00:00,38.67289125919342
2018-03-27 12:15:00,38.68067301809788
2018-03-27 12:30:00,38.688454777002335
2018-03-27 12:45:00,38.69623653590679
2018-03-27 13:00:00,38.70401829481125
2018-03-27 13:15:00,38.711800053715706
2018-03-27 13:30:00,38.71958181262016
2018-03-27 13:45:00,38.72736357152462
2018-03-27 14:00:00,38.73514533042908
2018-03-27 14:15:00,38.742927089333534
2018-03-27 14:30:00,38.75070884823799
2018-03-27 14:45:00,38.75849060714245
2018-03-27 15:00:00,38.766272366046906
2018-03-27 15:15:00,38.77405412495136
2018-03-27 15:30:00,38.78183588385582
2018-03-27 15:45:00,38.78961764276028
2018-03-27 16:00:00,38.797399401664734
2018-03-27 16:15:00,38.80127388983965
2018-03-27 16:30:00,38.805148378014565
2018-03-27 16:45:00,38.80902286618948
2018-03-27 17:00:00,38.812897354364395
2018-03-27 17:15:00,38.81677184253931
2018-03-27 17:30:00,38.820646330714226
2018-03-27 17:45:00,38.82452081888914
2018-03-27 18:00:00,38.828395307064056
2018-03-27 18:15:00,38.83226979523897
2018-03-27 18:30:00,38.83614428341389
2018-03-27 18:45:00,38.8400187715888
2018-03-27 19:00:00,38.84389325976372
2018-03-27 19:15:00,38.84776774793863
2018-03-27 19:30:00,38.85164223611355
2018-03-27 19:45:00,38.855516724288464
2018-03-27 20:00:00,38.85939121246338
2018-03-27 20:15:00,38.820149190723896
2018-03-27 20:30:00,38.78090716898441
2018-03-27 20:45:00,38.74166514724493
2018-03-27 21:00:00,38.70242312550545
2018-03-27 21:15:00,38.663181103765965
2018-03-27 21:30:00,38.62393908202648
2018-03-27 21:45:00,38.584697060287
2018-03-27 22:00:00,38.545455038547516
2018-03-27 22:15:00,38.50621301680803
2018-03-27 22:30:00,38.46697099506855
2018-03-27 22:45:00,38.42772897332907
2018-03-27 23:00:00,38.388486951589584
2018-03-27 23:15:00,38.3492449298501
2018-03-27 23:30:00,38.31000290811062
2018-03-27 23:45:00,38.270760886371136
2018-03-28 00:00:00,38.23151886463165
2018-03-28 00:15:00,38.07034511119127
2018-03-28 00:30:00,37.90917135775089
2018-03-28 00:45:00,37.74799760431051
2018-03-28 01:00:00,37.58682385087013
2018-03-28 01:15:00,37.42565009742975
2018-03-28 01:30:00,37.26447634398937
2018-03-28 01:45:00,37.10330259054899
2018-03-28 02:00:00,36.94212883710861
2018-03-28 02:15:00,36.78095508366823
2018-03-28 02:30:00,36.61978133022785
2018-03-28 02:45:00,36.45860757678747
2018-03-28 03:00:00,36.29743382334709
2018-03-28 03:15:00,36.13626006990671
2018-03-28 03:30:00,35.97508631646633
2018-03-28 03:45:00,35.81391256302595
2018-03-28 04:00:00,35.65273880958557
2018-03-28 04:15:00,35.57389639317989
2018-03-28 04:30:00,35.495053976774216
2018-03-28 04:45:00,35.41621156036854
2018-03-28 05:00:00,35.33736914396286
2018-03-28 05:15:00,35.25852672755718
2018-03-28 05:30:00,35.179684311151505
2018-03-28 05:45:00,35.10084189474583
2018-03-28 06:00:00,35.02199947834015
2018-03-28 06:15:00,34.94315706193447
2018-03-28 06:30:00,34.86431464552879
2018-03-28 06:45:00,34.785472229123116
2018-03-28 07:00:00,34.70662981271744
2018-03-28 07:15:00,34.62778739631176
2018-03-28 07:30:00,34.54894497990608
2018-03-28 07:45:00,34.470102563500404
2018-03-28 08:00:00,34.39126014709473
2018-03-28 08:15:00,34.34238117188215
2018-03-28 08:30:00,34.29350219666958
2018-03-28 08:45:00,34.244623221457005
2018-03-28 09:00:00,34.19574424624443
2018-03-28 09:15:00,34.14686527103186
2018-03-28 09:30:00,34.09798629581928
2018-03-28 09:45:00,34.04910732060671
2018-03-28 10:00:00,34.000228345394135
2018-03-28 10:15:00,33.95134937018156
2018-03-28 10:30:00,33.90247039496899
2018-03-28 10:45:00,33.85359141975641
2018-03-28 11:00:00,33.80471244454384
2018-03-28 11:15:00,33.755833469331264
2018-03-28 11:30:00,33.70695449411869
2018-03-28 11:45:00,33.65807551890612
2018-03-28 12:00:00,33.60919654369354
2018-03-28 12:15:00,33.58502760529518
2018-03-28 12:30:00,33.56085866689682
2018-03-28 12:45:00,33.53668972849846
2018-03-28 13:00:00,33.5125207901001
2018-03-28 13:15:00,33.48835185170174
2018-03-28 13:30:00,33.464182913303375
2018-03-28 13:45:00,33.440013974905014
2018-03-28 14:00:00,33.41584503650665
2018-03-28 14:15:00,33.39167609810829
2018-03-28 14:30:00,33.36750715970993
2018-03-28 14:45:00,33.34333822131157
2018-03-28 15:00:00,33.31916928291321
2018-03-28 15:15:00,33.29500034451485
2018-03-28 15:30:00,33.270831406116486
2018-03-28 15:45:00,33.246662467718124
2018-03-28 16:00:00,33.22249352931976
2018-03-28 16:15:00,33.26575309038162
2018-03-28 16:30:00,33.30901265144348
2018-03-28 16:45:00,33.35227221250534
2018-03-28 17:00:00,33.3955317735672
2018-03-28 17:15:00,33.43879133462906
2018-03-28 17:30:00,33.48205089569092
2018-03-28 17:45:00,33.52531045675278
2018-03-28 18:00:00,33.568570017814636
2018-03-28 18:15:00,33.611829578876495
2018-03-28 18:30:00,33.655089139938354
2018-03-28 18:45:00,33.698348701000214
2018-03-28 19:00:00,33.74160826206207
2018-03-28 19:15:00,33.78486782312393
2018-03-28 19:30:00,33.82812738418579
2018-03-28 19:45:00,33.87138694524765
2018-03-28 20:00:00,33.91464650630951
2018-03-28 20:15:00,33.93039107322693
2018-03-28 20:30:00,33.94613564014435
2018-03-28 20:45:00,33.96188020706177
2018-03-28 21:00:00,33.97762477397919
2018-03-28 21:15:00,33.993369340896606
2018-03-28 21:30:00,34.009113907814026
2018-03-28 21:45:00,34.024858474731445
2018-03-28 22:00:00,34.040603041648865
2018-03-28 22:15:00,34.056347608566284
2018-03-28 22:30:00,34.072092175483704
2018-03-28 22:45:00,34.08783674240112
2018-03-28 23:00:00,34.10358130931854
2018-03-28 23:15:00,34.11932587623596
2018-03-28 23:30:00,34.13507044315338
2018-03-28 23:45:00,34.1508150100708
2018-03-29 00:00:00,34.16655957698822
2018-03-29 00:15:00,34.32885780930519
2018-03-29 00:30:00,34.49115604162216
2018-03-29 00:45:00,34.65345427393913
2018-03-29 01:00:00,34.8157525062561
2018-03-29 01:15:00,34.978050738573074
2018-03-29 01:30:00,35.140348970890045
2018-03-29 01:45:00,35.302647203207016
2018-03-29 02:00:00,35.46494543552399
2018-03-29 02:15:00,35.62724366784096
2018-03-29 02:30:00,35.78954190015793
2018-03-29 02:45:00,35.9518401324749
2018-03-29 03:00:00,36.11413836479187
2018-03-29 03:15:00,36.27643659710884
2018-03-29 03:30:00,36.43873482942581
2018-03-29 03:45:00,36.60103306174278
2018-03-29 04:00:00,36.76333129405975
2018-03-29 04:15:00,36.9084483012557
2018-03-29 04:30:00,37.05356530845165
2018-03-29 04:45:00,37.1986823156476
2018-03-29 05:00:00,37.34379932284355
2018-03-29 05:15:00,37.4889163300395
2018-03-29 05:30:00,37.63403333723545
2018-03-29 05:45:00,37.7791503444314
2018-03-29 06:00:00,37.92426735162735
2018-03-29 06:15:00,38.0693843588233
2018-03-29 06:30:00,38.21450136601925
2018-03-29 06:45:00,38.3596183732152
2018-03-29 07:00:00,38.50473538041115
2018-03-29 07:15:00,38.6498523876071
2018-03-29 07:30:00,38.79496939480305
2018-03-29 07:45:00,38.940086401999
2018-03-29 08:00:00,39.085203409194946
2018-03-29 08:15:00,39.05813246965408
2018-03-29 08:30:00,39.03106153011322
2018-03-29 08:45:00,39.00399059057236
2018-03-29 09:00:00,38.976919651031494
2018-03-29 09:15:00,38.94984871149063
2018-03-29 09:30:00,38.92277777194977
2018-03-29 09:45:00,38.895706832408905
2018-03-29 10:00:00,38.86863589286804
2018-03-29 10:15:00,38.84156495332718
2018-03-29 10:30:00,38.814494013786316
2018-03-29 10:45:00,38.78742307424545
2018-03-29 11:00:00,38.76035213470459
2018-03-29 11:15:00,38.73328119516373
2018-03-29 11:30:00,38.706210255622864
2018-03-29 11:45:00,38.679139316082
2018-03-29 12:00:00,38.65206837654114
2018-03-29 12:15:00,38.491010293364525
2018-03-29 12:30:00,38.32995221018791
2018-03-29 12:45:00,38.1688941270113
2018-03-29 13:00:00,38.007836043834686
2018-03-29 13:15:00,37.84677796065807
2018-03-29 13:30:00,37.68571987748146
2018-03-29 13:45:00,37.52466179430485
2018-03-29 14:00:00,37.363603711128235
2018-03-29 14:15:00,37.20254562795162
2018-03-29 14:30:00,37.04148754477501
2018-03-29 14:45:00,36.880429461598396
2018-03-29 15:00:00,36.71937137842178
2018-03-29 15:15:00,36.55831329524517
2018-03-29 15:30:00,36.39725521206856
2018-03-29 15:45:00,36.236197128891945
2018-03-29 16:00:00,36.07513904571533
2018-03-29 16:15:00,35.98843663930893
2018-03-29 16:30:00,35.90173423290253
2018-03-29 16:45:00,35.815031826496124
2018-03-29 17:00:00,35.72832942008972
2018-03-29 17:15:00,35.64162701368332
2018-03-29 17:30:00,35.55492460727692
2018-03-29 17:45:00,35.468222200870514
2018-03-29 18:00:00,35.38151979446411
2018-03-29 18:15:00,35.29481738805771
2018-03-29 18:30:00,35.208114981651306
2018-03-29 18:45:00,35.121412575244904
2018-03-29 19:00:00,35.0347101688385
2018-03-29 19:15:00,34.9480077624321
2018-03-29 19:30:00,34.861305356025696
2018-03-29 19:45:00,34.77460294961929
2018-03-29 20:00:00,34.68790054321289
2018-03-29 20:15:00,34.64903682470322
2018-03-29 20:30:00,34.61017310619354
2018-03-29 20:45:00,34.57130938768387
2018-03-29 21:00:00,34.532445669174194
2018-03-29 21:15:00,34.49358195066452
2018-03-29 21:30:00,34.454718232154846
2018-03-29 21:45:00,34.41585451364517
2018-03-29 22:00:00,34.3769907951355
2018-03-29 22:15:00,34.338127076625824
2018-03-29 22:30:00,34.29926335811615
2018-03-29 22:45:00,34.260399639606476
2018-03-29 23:00:00,34.2215359210968
2018-03-29 23:15:00,34.18267220258713
2018-03-29 23:30:00,34.143808484077454
2018-03-29 23:45:00,34.10494476556778
2018-03-30 00:00:00,34.066081047058105
2018-03-30 00:15:00,34.04231872409582
2018-03-30 00:30:00,34.01855640113354
2018-03-30 00:45:00,33.99479407817125
2018-03-30 01:00:00,33.97103175520897
2018-03-30 01:15:00,33.947269432246685
2018-03-30 01:30:00,33.9235071092844
2018-03-30 01:45:00,33.89974478632212
2018-03-30 02:00:00,33.87598246335983
2018-03-30 02:15:00,33.85222014039755
2018-03-30 02:30:00,33.828457817435265
2018-03-30 02:45:00,33.80469549447298
2018-03-30 03:00:00,33.780933171510696
2018-03-30 03:15:00,33.75717084854841
2018-03-30 03:30:00,33.73340852558613
2018-03-30 03:45:00,33.709646202623844
2018-03-30 04:00:00,33.68588387966156
2018-03-30 04:15:00,33.66824332624674
2018-03-30 04:30:00,33.65060277283192
2018-03-30 04:45:00,33.632962219417095
2018-03-30 05:00:00,33.615321666002274
2018-03-30 05:15:00,33.59768111258745
2018-03-30 05:30:00,33.58004055917263
2018-03-30 05:45:00,33.56240000575781
2018-03-30 06:00:00,33.54475945234299
2018-03-30 06:15:00,33.527118898928165
2018-03-30 06:30:00,33.509478345513344
2018-03-30 06:45:00,33.49183779209852
2018-03-30 07:00:00,33.4741972386837
2018-03-30 07:15:00,33.45655668526888
2018-03-30 07:30:00,33.43891613185406
2018-03-30 07:45:00,33.421275578439236
2018-03-30 08:00:00,33.403635025024414
2018-03-30 08:15:00,33.38581081479788
2018-03-30 08:30:00,33.36798660457134
2018-03-30 08:45:00,33.35016239434481
2018-03-30 09:00:00,33.33233818411827
2018-03-30 09:15:00,33.314513973891735
2018-03-30 09:30:00,33.2966897636652
2018-03-30 09:45:00,33.27886555343866
2018-03-30 10:00:00,33.26104134321213
2018-03-30 10:15:00,33.24321713298559
2018-03-30 10:30:00,33.225392922759056
2018-03-30 10:45:00,33.20756871253252
2018-03-30 11:00:00,33.189744502305984
2018-03-30 11:15:00,33.17192029207945
2018-03-30 11:30:00,33.15409608185291
2018-03-30 11:45:00,33.13627187162638
2018-03-30 12:00:00,33.11844766139984
2018-03-30 12:15:00,33.07056333869696
2018-03-30 12:30:00,33.02267901599407
2018-03-30 12:45:00,32.97479469329119
2018-03-30 13:00:00,32.9269103705883
2018-03-30 13:15:00,32.87902604788542
2018-03-30 13:30:00,32.83114172518253
2018-03-30 13:45:00,32.78325740247965
2018-03-30 14:00:00,32.735373079776764
2018-03-30 14:15:00,32.68748875707388
2018-03-30 14:30:00,32.639604434370995
2018-03-30 14:45:00,32.59172011166811
2018-03-30 15:00:00,32.543835788965225
2018-03-30 15:15:00,32.49595146626234
2018-03-30 15:30:00,32.448067143559456
2018-03-30 15:45:00,32.40018282085657
2018-03-30 16:00:00,32.35229849815369
2018-03-30 16:15:00,32.30996076017618
2018-03-30 16:30:00,32.26762302219868
2018-03-30 16:45:00,32.22528528422117
2018-03-30 17:00:00,32.18294754624367
2018-03-30 17:15:00,32.14060980826616
2018-03-30 17:30:00,32.09827207028866
2018-03-30 17:45:00,32.05593433231115
2018-03-30 18:00:00,32.01359659433365
2018-03-30 18:15:00,31.971258856356144
2018-03-30 18:30:00,31.92892111837864
2018-03-30 18:45:00,31.886583380401134
2018-03-30 19:00:00,31.84424564242363
2018-03-30 19:15:00,31.801907904446125
2018-03-30 19:30:00,31.75957016646862
2018-03-30 19:45:00,31.717232428491116
2018-03-30 20:00:00,31.67489469051361
2018-03-30 20:15:00,31.671464629471302
2018-03-30 20:30:00,31.668034568428993
2018-03-30 20:45:00,31.664604507386684
2018-03-30 21:00:00,31.661174446344376
2018-03-30 21:15:00,31.657744385302067
2018-03-30 21:30:00,31.654314324259758
2018-03-30 21:45:00,31.65088426321745
2018-03-30 22:00:00,31.64745420217514
2018-03-30 22:15:00,31.64402414113283
2018-03-30 22:30:00,31.640594080090523
2018-03-30 22:45:00,31.637164019048214
2018-03-30 23:00:00,31.633733958005905
2018-03-30 23:15:00,31.630303896963596
2018-03-30 23:30:00,31.626873835921288
2018-03-30 23:45:00,31.62344377487898
2018-03-31 00:00:00,31.62001371383667
2018-03-31 00:15:00,31.62001371383667
2018-03-31 00:30:00,31.62001371383667
2018-03-31 00:45:00,31.62001371383667
2018-03-31 01:00:00,31.62001371383667
2018-03-31 01:15:00,31.62001371383667
2018-03-31 01:30:00,31.62001371383667
2018-03-31 01:45:00,31.62001371383667
2018-03-31 02:00:00,31.62001371383667
2018-03-31 02:15:00,31.62001371383667
2018-03-31 02:30:00,31.62001371383667
2018-03-31 02:45:00,31.62001371383667
2018-03-31 03:00:00,31.62001371383667
2018-03-31 03:15:00,31.62001371383667
2018-03-31 03:30:00,31.62001371383667
2018-03-31 03:45:00,31.62001371383667
2018-03-31 04:00:00,31.62001371383667
2018-03-31 04:15:00,31.616577319800854
2018-03-31 04:30:00,31.613140925765038
2018-03-31 04:45:00,31.60970453172922
2018-03-31 05:00:00,31.606268137693405
2018-03-31 05:15:00,31.60283174365759
2018-03-31 05:30:00,31.599395349621773
2018-03-31 05:45:00,31.595958955585957
2018-03-31 06:00:00,31.59252256155014
2018-03-31 06:15:00,31.589086167514324
2018-03-31 06:30:00,31.585649773478508
2018-03-31 06:45:00,31.582213379442692
2018-03-31 07:00:00,31.578776985406876
2018-03-31 07:15:00,31.57534059137106
2018-03-31 07:30:00,31.571904197335243
2018-03-31 07:45:00,31.568467803299427
2018-03-31 08:00:00,31.56503140926361
2018-03-31 08:15:00,31.551221199333668
2018-03-31 08:30:00,31.537410989403725
2018-03-31 08:45:00,31.52360077947378
2018-03-31 09:00:00,31.50979056954384
2018-03-31 09:15:00,31.495980359613895
2018-03-31 09:30:00,31.482170149683952
2018-03-31 09:45:00,31.46835993975401
2018-03-31 10:00:00,31.454549729824066
2018-03-31 10:15:00,31.440739519894123
2018-03-31 10:30:00,31.42692930996418
2018-03-31 10:45:00,31.413119100034237
2018-03-31 11:00:00,31.399308890104294
2018-03-31 11:15:00,31.38549868017435
2018-03-31 11:30:00,31.371688470244408
2018-03-31 11:45:00,31.357878260314465
2018-03-31 12:00:00,31.34406805038452
2018-03-31 12:15:00,31.312615796923637
2018-03-31 12:30:00,31.281163543462753
2018-03-31 12:45:00,31.24971129000187
2018-03-31 13:00:00,31.218259036540985
2018-03-31 13:15:00,31.1868067830801
2018-03-31 13:30:00,31.155354529619217
2018-03-31 13:45:00,31.123902276158333
2018-03-31 14:00:00,31.09245002269745
2018-03-31 14:15:00,31.060997769236565
2018-03-31 14:30:00,31.02954551577568
2018-03-31 14:45:00,30.998093262314796
2018-03-31 15:00:00,30.966641008853912
2018-03-31 15:15:00,30.93518875539303
2018-03-31 15:30:00,30.903736501932144
2018-03-31 15:45:00,30.87228424847126
2018-03-31 16:00:00,30.840831995010376
2018-03-31 16:15:00,30.82490712404251
2018-03-31 16:30:00,30.808982253074646
2018-03-31 16:45:00,30.79305738210678
2018-03-31 17:00:00,30.777132511138916
2018-03-31 17:15:00,30.76120764017105
2018-03-31 17:30:00,30.745282769203186
2018-03-31 17:45:00,30.72935789823532
2018-03-31 18:00:00,30.713433027267456
2018-03-31 18:15:00,30.69750815629959
2018-03-31 18:30:00,30.681583285331726
2018-03-31 18:45:00,30.66565841436386
2018-03-31 19:00:00,30.649733543395996
2018-03-31 19:15:00,30.63380867242813
2018-03-31 19:30:00,30.617883801460266
2018-03-31 19:45:00,30.6019589304924
2018-03-31 20:00:00,30.586034059524536
2018-03-31 20:15:00,30.603720247745514
2018-03-31 20:30:00,30.62140643596649
2018-03-31 20:45:00,30.63909262418747
2018-03-31 21:00:00,30.656778812408447
2018-03-31 21:15:00,30.674465000629425
2018-03-31 21:30:00,30.692151188850403
2018-03-31 21:45:00,30.70983737707138
2018-03-31 22:00:00,30.72752356529236
2018-03-31 22:15:00,30.745209753513336
2018-03-31 22:30:00,30.762895941734314
2018-03-31 22:45:00,30.78058212995529
2018-03-31 23:00:00,30.79826831817627
2018-03-31 23:15:00,30.815954506397247
2018-03-31 23:30:00,30.833640694618225
2018-03-31 23:45:00,30.851326882839203
2018-04-01 00:00:00,30.86901307106018
2018-04-01 00:15:00,30.90562205761671
2018-04-01 00:30:00,30.94223104417324
2018-04-01 00:45:00,30.97884003072977
2018-04-01 01:00:00,31.0154490172863
2018-04-01 01:15:00,31.05205800384283
2018-04-01 01:30:00,31.08866699039936
2018-04-01 01:45:00,31.12527597695589
2018-04-01 02:00:00,31.16188496351242
2018-04-01 02:15:00,31.19849395006895
2018-04-01 02:30:00,31.23510293662548
2018-04-01 02:45:00,31.27171192318201
2018-04-01 03:00:00,31.30832090973854
2018-04-01 03:15:00,31.34492989629507
2018-04-01 03:30:00,31.3815388828516
2018-04-01 03:45:00,31.41814786940813
2018-04-01 04:00:00,31.45475685596466
2018-04-01 04:15:00,31.447838805615902
2018-04-01 04:30:00,31.440920755267143
2018-04-01 04:45:00,31.434002704918385
2018-04-01 05:00:00,31.427084654569626
2018-04-01 05:15:00,31.420166604220867
2018-04-01 05:30:00,31.41324855387211
2018-04-01 05:45:00,31.40633050352335
2018-04-01 06:00:00,31.39941245317459
2018-04-01 06:15:00,31.392494402825832
2018-04-01 06:30:00,31.385576352477074
2018-04-01 06:45:00,31.378658302128315
2018-04-01 07:00:00,31.371740251779556
2018-04-01 07:15:00,31.364822201430798
2018-04-01 07:30:00,31.35790415108204
2018-04-01 07:45:00,31.35098610073328
2018-04-01 08:00:00,31.34406805038452
2018-04-01 08:15:00,31.335384212434292
2018-04-01 08:30:00,31.326700374484062
2018-04-01 08:45:00,31.318016536533833
2018-04-01 09:00:00,31.309332698583603
2018-04-01 09:15:00,31.300648860633373
2018-04-01 09:30:00,31.291965022683144
2018-04-01 09:45:00,31.283281184732914
2018-04-01 10:00:00,31.274597346782684
2018-04-01 10:15:00,31.265913508832455
2018-04-01 10:30:00,31.257229670882225
2018-04-01 10:45:00,31.248545832931995
2018-04-01 11:00:00,31.239861994981766
2018-04-01 11:15:00,31.231178157031536
2018-04-01 11:30:00,31.222494319081306
2018-04-01 11:45:00,31.213810481131077
2018-04-01 12:00:00,31.205126643180847
2018-04-01 12:15:00,31.205126643180847
2018-04-01 12:30:00,31.205126643180847
2018-04-01 12:45:00,31.205126643180847
2018-04-01 13:00:00,31.205126643180847
2018-04-01 13:15:00,31.205126643180847
2018-04-01 13:30:00,31.205126643180847
2018-04-01 13:45:00,31.205126643180847
2018-04-01 14:00:00,31.205126643180847
2018-04-01 14:15:00,31.205126643180847
2018-04-01 14:30:00,31.205126643180847
2018-04-01 14:45:00,31.205126643180847
2018-04-01 15:00:00,31.205126643180847
2018-04-01 15:15:00,31.205126643180847
2018-04-01 15:30:00,31.205126643180847
2018-04-01 15:45:00,31.205126643180847
2018-04-01 16:00:00,31.205126643180847
2018-04-01 16:15:00,31.22417777776718
2018-04-01 16:30:00,31.243228912353516
2018-04-01 16:45:00,31.26228004693985
2018-04-01 17:00:00,31.281331181526184
2018-04-01 17:15:00,31.30038231611252
2018-04-01 17:30:00,31.319433450698853
2018-04-01 17:45:00,31.338484585285187
2018-04-01 18:00:00,31.35753571987152
2018-04-01 18:15:00,31.376586854457855
2018-04-01 18:30:00,31.39563798904419
2018-04-01 18:45:00,31.414689123630524
2018-04-01 19:00:00,31.433740258216858
2018-04-01 19:15:00,31.452791392803192
2018-04-01 19:30:00,31.471842527389526
2018-04-01 19:45:00,31.49089366197586
2018-04-01 20:00:00,31.509944796562195
2018-04-01 20:15:00,31.513387709856033
2018-04-01 20:30:00,31.516830623149872
2018-04-01 20:45:00,31.52027353644371
2018-04-01 21:00:00,31.52371644973755
2018-04-01 21:15:00,31.527159363031387
2018-04-01 21:30:00,31.530602276325226
2018-04-01 21:45:00,31.534045189619064
2018-04-01 22:00:00,31.537488102912903
2018-04-01 22:15:00,31.54093101620674
2018-04-01 22:30:00,31.54437392950058
2018-04-01 22:45:00,31.54781684279442
2018-04-01 23:00:00,31.551259756088257
2018-04-01 23:15:00,31.554702669382095
2018-04-01 23:30:00,31.558145582675934
2018-04-01 23:45:00,31.561588495969772
2018-04-02 00:00:00,31.56503140926361
2018-04-02 00:15:00,31.558139249682426
2018-04-02 00:30:00,31.551247090101242
2018-04-02 00:45:00,31.544354930520058
2018-04-02 01:00:00,31.537462770938873
2018-04-02 01:15:00,31.53057061135769
2018-04-02 01:30:00,31.523678451776505
2018-04-02 01:45:00,31.51678629219532
2018-04-02 02:00:00,31.509894132614136
2018-04-02 02:15:00,31.50300197303295
2018-04-02 02:30:00,31.496109813451767
2018-04-02 02:45:00,31.489217653870583
2018-04-02 03:00:00,31.482325494289398
2018-04-02 03:15:00,31.475433334708214
2018-04-02 03:30:00,31.46854117512703
2018-04-02 03:45:00,31.461649015545845
2018-04-02 04:00:00,31.45475685596466
2018-04-02 04:15:00,31.449570693075657
2018-04-02 04:30:00,31.444384530186653
2018-04-02 04:45:00,31.43919836729765
2018-04-02 05:00:00,31.434012204408646
2018-04-02 05:15:00,31.428826041519642
2018-04-02 05:30:00,31.423639878630638
2018-04-02 05:45:00,31.418453715741634
2018-04-02 06:00:00,31.41326755285263
2018-04-02 06:15:00,31.408081389963627
2018-04-02 06:30:00,31.402895227074623
2018-04-02 06:45:00,31.39770906418562
2018-04-02 07:00:00,31.392522901296616
2018-04-02 07:15:00,31.387336738407612
2018-04-02 07:30:00,31.382150575518608
2018-04-02 07:45:00,31.376964412629604
2018-04-02 08:00:00,31.3717782497406
2018-04-02 08:15:00,31.363102607429028
2018-04-02 08:30:00,31.354426965117455
2018-04-02 08:45:00,31.34575132280588
2018-04-02 09:00:00,31.33707568049431
2018-04-02 09:15:00,31.328400038182735
2018-04-02 09:30:00,31.319724395871162
2018-04-02 09:45:00,31.31104875355959
2018-04-02 10:00:00,31.302373111248016
2018-04-02 10:15:00,31.293697468936443
2018-04-02 10:30:00,31.28502182662487
2018-04-02 10:45:00,31.276346184313297
2018-04-02 11:00:00,31.267670542001724
2018-04-02 11:15:00,31.25899489969015
2018-04-02 11:30:00,31.250319257378578
2018-04-02 11:45:00,31.241643615067005
2018-04-02 12:00:00,31.232967972755432
2018-04-02 12:15:00,31.22075367718935
2018-04-02 12:30:00,31.208539381623268
2018-04-02 12:45:00,31.196325086057186
2018-04-02 13:00:00,31.184110790491104
2018-04-02 13:15:00,31.171896494925022
2018-04-02 13:30:00,31.15968219935894
2018-04-02 13:45:00,31.147467903792858
2018-04-02 14:00:00,31.135253608226776
2018-04-02 14:15:00,31.123039312660694
2018-04-02 14:30:00,31.110825017094612
2018-04-02 14:45:00,31.09861072152853
2018-04-02 15:00:00,31.086396425962448
2018-04-02 15:15:00,31.074182130396366
2018-04-02 15:30:00,31.061967834830284
2018-04-02 15:45:00,31.049753539264202
2018-04-02 16:00:00,31.03753924369812
2018-04-02 16:15:00,31.025245040655136
2018-04-02 16:30:00,31.012950837612152
2018-04-02 16:45:00,31.000656634569168
2018-04-02 17:00:00,30.988362431526184
2018-04-02 17:15:00,30.9760682284832
2018-04-02 17:30:00,30.963774025440216
2018-04-02 17:45:00,30.951479822397232
2018-04-02 18:00:00,30.939185619354248
2018-04-02 18:15:00,30.926891416311264
2018-04-02 18:30:00,30.91459721326828
2018-04-02 18:45:00,30.902303010225296
2018-04-02 19:00:00,30.890008807182312
2018-04-02 19:15:00,30.877714604139328
2018-04-02 19:30:00,30.865420401096344
2018-04-02 19:45:00,30.85312619805336
2018-04-02 20:00:00,30.840831995010376
2018-04-02 20:15:00,30.83377070724964
2018-04-02 20:30:00,30.826709419488907
2018-04-02 20:45:00,30.819648131728172
2018-04-02 21:00:00,30.812586843967438
2018-04-02 21:15:00,30.805525556206703
2018-04-02 21:30:00,30.79846426844597
2018-04-02 21:45:00,30.791402980685234
2018-04-02 22:00:00,30.7843416929245
2018-04-02 22:15:00,30.777280405163765
2018-04-02 22:30:00,30.77021911740303
2018-04-02 22:45:00,30.763157829642296
2018-04-02 23:00:00,30.75609654188156
2018-04-02 23:15:00,30.749035254120827
2018-04-02 23:30:00,30.741973966360092
2018-04-02 23:45:00,30.734912678599358
2018-04-03 00:00:00,30.727851390838623
2018-04-03 00:15:00,30.72253819555044
2018-04-03 00:30:00,30.71722500026226
2018-04-03 00:45:00,30.71191180497408
2018-04-03 01:00:00,30.706598609685898
2018-04-03 01:15:00,30.701285414397717
2018-04-03 01:30:00,30.695972219109535
2018-04-03 01:45:00,30.690659023821354
2018-04-03 02:00:00,30.685345828533173
2018-04-03 02:15:00,30.68003263324499
2018-04-03 02:30:00,30.67471943795681
2018-04-03 02:45:00,30.66940624266863
2018-04-03 03:00:00,30.664093047380447
2018-04-03 03:15:00,30.658779852092266
2018-04-03 03:30:00,30.653466656804085
2018-04-03 03:45:00,30.648153461515903
2018-04-03 04:00:00,30.642840266227722
2018-04-03 04:15:00,30.637512169778347
2018-04-03 04:30:00,30.632184073328972
2018-04-03 04:45:00,30.626855976879597
2018-04-03 05:00:00,30.62152788043022
2018-04-03 05:15:00,30.616199783980846
2018-04-03 05:30:00,30.61087168753147
2018-04-03 05:45:00,30.605543591082096
2018-04-03 06:00:00,30.60021549463272
2018-04-03 06:15:00,30.594887398183346
2018-04-03 06:30:00,30.58955930173397
2018-04-03 06:45:00,30.584231205284595
2018-04-03 07:00:00,30.57890310883522
2018-04-03 07:15:00,30.573575012385845
2018-04-03 07:30:00,30.56824691593647
2018-04-03 07:45:00,30.562918819487095
2018-04-03 08:00:00,30.55759072303772
2018-04-03 08:15:00,30.545100569725037
2018-04-03 08:30:00,30.532610416412354
2018-04-03 08:45:00,30.52012026309967
2018-04-03 09:00:00,30.507630109786987
2018-04-03 09:15:00,30.495139956474304
2018-04-03 09:30:00,30.48264980316162
2018-04-03 09:45:00,30.470159649848938
2018-04-03 10:00:00,30.457669496536255
2018-04-03 10:15:00,30.445179343223572
2018-04-03 10:30:00,30.43268918991089
2018-04-03 10:45:00,30.420199036598206
2018-04-03 11:00:00,30.407708883285522
2018-04-03 11:15:00,30.39521872997284
2018-04-03 11:30:00,30.382728576660156
2018-04-03 11:45:00,30.370238423347473
2018-04-03 12:00:00,30.35774827003479
2018-04-03 12:15:00,30.631452426314354
2018-04-03 12:30:00,30.905156582593918
2018-04-03 12:45:00,31.17886073887348
2018-04-03 13:00:00,31.452564895153046
2018-04-03 13:15:00,31.72626905143261
2018-04-03 13:30:00,31.999973207712173
2018-04-03 13:45:00,32.27367736399174
2018-04-03 14:00:00,32.5473815202713
2018-04-03 14:15:00,32.821085676550865
2018-04-03 14:30:00,33.09478983283043
2018-04-03 14:45:00,33.36849398910999
2018-04-03 15:00:00,33.64219814538956
2018-04-03 15:15:00,33.91590230166912
2018-04-03 15:30:00,34.189606457948685
2018-04-03 15:45:00,34.46331061422825
2018-04-03 16:00:00,34.73701477050781
2018-04-03 16:15:00,34.56777147948742
2018-04-03 16:30:00,34.398528188467026
2018-04-03 16:45:00,34.22928489744663
2018-04-03 17:00:00,34.06004160642624
2018-04-03 17:15:00,33.890798315405846
2018-04-03 17:30:00,33.72155502438545
2018-04-03 17:45:00,33.55231173336506
2018-04-03 18:00:00,33.383068442344666
2018-04-03 18:15:00,33.21382515132427
2018-04-03 18:30:00,33.04458186030388
2018-04-03 18:45:00,32.875338569283485
2018-04-03 19:00:00,32.70609527826309
2018-04-03 19:15:00,32.5368519872427
2018-04-03 19:30:00,32.367608696222305
2018-04-03 19:45:00,32.19836540520191
2018-04-03 20:00:00,32.02912211418152
2018-04-03 20:15:00,31.991497054696083
2018-04-03 20:30:00,31.953871995210648
2018-04-03 20:45:00,31.916246935725212
2018-04-03 21:00:00,31.878621876239777
2018-04-03 21:15:00,31.84099681675434
2018-04-03 21:30:00,31.803371757268906
2018-04-03 21:45:00,31.76574669778347
2018-04-03 22:00:00,31.728121638298035
2018-04-03 22:15:00,31.6904965788126
2018-04-03 22:30:00,31.652871519327164
2018-04-03 22:45:00,31.615246459841728
2018-04-03 23:00:00,31.577621400356293
2018-04-03 23:15:00,31.539996340870857
2018-04-03 23:30:00,31.50237128138542
2018-04-03 23:45:00,31.464746221899986
2018-04-04 00:00:00,31.42712116241455
2018-04-04 00:15:00,31.411504931747913
2018-04-04 00:30:00,31.395888701081276
2018-04-04 00:45:00,31.38027247041464
2018-04-04 01:00:00,31.364656239748
2018-04-04 01:15:00,31.349040009081364
2018-04-04 01:30:00,31.333423778414726
2018-04-04 01:45:00,31.31780754774809
2018-04-04 02:00:00,31.30219131708145
2018-04-04 02:15:00,31.286575086414814
2018-04-04 02:30:00,31.270958855748177
2018-04-04 02:45:00,31.25534262508154
2018-04-04 03:00:00,31.2397263944149
2018-04-04 03:15:00,31.224110163748264
2018-04-04 03:30:00,31.208493933081627
2018-04-04 03:45:00,31.19287770241499
2018-04-04 04:00:00,31.177261471748352
2018-04-04 04:15:00,31.1702786013484
2018-04-04 04:30:00,31.163295730948448
2018-04-04 04:45:00,31.156312860548496
2018-04-04 05:00:00,31.149329990148544
2018-04-04 05:15:00,31.142347119748592
2018-04-04 05:30:00,31.13536424934864
2018-04-04 05:45:00,31.12838137894869
2018-04-04 06:00:00,31.121398508548737
2018-04-04 06:15:00,31.114415638148785
2018-04-04 06:30:00,31.107432767748833
2018-04-04 06:45:00,31.10044989734888
2018-04-04 07:00:00,31.09346702694893
2018-04-04 07:15:00,31.086484156548977
2018-04-04 07:30:00,31.079501286149025
2018-04-04 07:45:00,31.072518415749073
2018-04-04 08:00:00,31.06553554534912
2018-04-04 08:15:00,31.05149157345295
2018-04-04 08:30:00,31.037447601556778
2018-04-04 08:45:00,31.023403629660606
2018-04-04 09:00:00,31.009359657764435
2018-04-04 09:15:00,30.995315685868263
2018-04-04 09:30:00,30.98127171397209
2018-04-04 09:45:00,30.96722774207592
2018-04-04 10:00:00,30.95318377017975
2018-04-04 10:15:00,30.939139798283577
2018-04-04 10:30:00,30.925095826387405
2018-04-04 10:45:00,30.911051854491234
2018-04-04 11:00:00,30.897007882595062
2018-04-04 11:15:00,30.88296391069889
2018-04-04 11:30:00,30.86891993880272
2018-04-04 11:45:00,30.854875966906548
2018-04-04 12:00:00,30.840831995010376
2018-04-04 12:15:00,30.799868516623974
2018-04-04 12:30:00,30.75890503823757
2018-04-04 12:45:00,30.71794155985117
2018-04-04 13:00:00,30.676978081464767
2018-04-04 13:15:00,30.636014603078365
2018-04-04 13:30:00,30.595051124691963
2018-04-04 13:45:00,30.55408764630556
2018-04-04 14:00:00,30.51312416791916
2018-04-04 14:15:00,30.472160689532757
2018-04-04 14:30:00,30.431197211146355
2018-04-04 14:45:00,30.390233732759953
2018-04-04 15:00:00,30.34927025437355
2018-04-04 15:15:00,30.30830677598715
2018-04-04 15:30:00,30.267343297600746
2018-04-04 15:45:00,30.226379819214344
2018-04-04 16:00:00,30.185416340827942
2018-04-04 16:15:00,30.154571868479252
2018-04-04 16:30:00,30.123727396130562
2018-04-04 16:45:00,30.092882923781872
2018-04-04 17:00:00,30.06203845143318
2018-04-04 17:15:00,30.03119397908449
2018-04-04 17:30:00,30.0003495067358
2018-04-04 17:45:00,29.96950503438711
2018-04-04 18:00:00,29.93866056203842
2018-04-04 18:15:00,29.90781608968973
2018-04-04 18:30:00,29.87697161734104
2018-04-04 18:45:00,29.84612714499235
2018-04-04 19:00:00,29.81528267264366
2018-04-04 19:15:00,29.78443820029497
2018-04-04 19:30:00,29.75359372794628
2018-04-04 19:45:00,29.72274925559759
2018-04-04 20:00:00,29.6919047832489
2018-04-04 20:15:00,29.690075293183327
2018-04-04 20:30:00,29.688245803117752
2018-04-04 20:45:00,29.686416313052177
2018-04-04 21:00:00,29.684586822986603
2018-04-04 21:15:00,29.682757332921028
2018-04-04 21:30:00,29.680927842855453
2018-04-04 21:45:00,29.67909835278988
2018-04-04 22:00:00,29.677268862724304
2018-04-04 22:15:00,29.67543937265873
2018-04-04 22:30:00,29.673609882593155
2018-04-04 22:45:00,29.67178039252758
2018-04-04 23:00:00,29.669950902462006
2018-04-04 23:15:00,29.66812141239643
2018-04-04 23:30:00,29.666291922330856
2018-04-04 23:45:00,29.66446243226528
2018-04-05 00:00:00,29.662632942199707
2018-04-05 00:15:00,29.666290432214737
2018-04-05 00:30:00,29.669947922229767
2018-04-05 00:45:00,29.673605412244797
2018-04-05 01:00:00,29.677262902259827
2018-04-05 01:15:00,29.680920392274857
2018-04-05 01:30:00,29.684577882289886
2018-04-05 01:45:00,29.688235372304916
2018-04-05 02:00:00,29.691892862319946
2018-04-05 02:15:00,29.695550352334976
2018-04-05 02:30:00,29.699207842350006
2018-04-05 02:45:00,29.702865332365036
2018-04-05 03:00:00,29.706522822380066
2018-04-05 03:15:00,29.710180312395096
2018-04-05 03:30:00,29.713837802410126
2018-04-05 03:45:00,29.717495292425156
2018-04-05 04:00:00,29.721152782440186
2018-04-05 04:15:00,29.721152782440186
2018-04-05 04:30:00,29.721152782440186
2018-04-05 04:45:00,29.721152782440186
2018-04-05 05:00:00,29.721152782440186
2018-04-05 05:15:00,29.721152782440186
2018-04-05 05:30:00,29.721152782440186
2018-04-05 05:45:00,29.721152782440186
2018-04-05 06:00:00,29.721152782440186
2018-04-05 06:15:00,29.721152782440186
2018-04-05 06:30:00,29.721152782440186
2018-04-05 06:45:00,29.721152782440186
2018-04-05 07:00:00,29.721152782440186
2018-04-05 07:15:00,29.721152782440186
2018-04-05 07:30:00,29.721152782440186
2018-04-05 07:45:00,29.721152782440186
2018-04-05 08:00:00,29.721152782440186
2018-04-05 08:15:00,29.715664125978947
2018-04-05 08:30:00,29.710175469517708
2018-04-05 08:45:00,29.70468681305647
2018-04-05 09:00:00,29.69919815659523
2018-04-05 09:15:00,29.69370950013399
2018-04-05 09:30:00,29.688220843672752
2018-04-05 09:45:00,29.682732187211514
2018-04-05 10:00:00,29.677243530750275
2018-04-05 10:15:00,29.671754874289036
2018-04-05 10:30:00,29.666266217827797
2018-04-05 10:45:00,29.660777561366558
2018-04-05 11:00:00,29.65528890490532
2018-04-05 11:15:00,29.64980024844408
2018-04-05 11:30:00,29.64431159198284
2018-04-05 11:45:00,29.638822935521603
2018-04-05 12:00:00,29.633334279060364
2018-04-05 12:15:00,29.605661518871784
2018-04-05 12:30:00,29.577988758683205
2018-04-05 12:45:00,29.550315998494625
2018-04-05 13:00:00,29.522643238306046
2018-04-05 13:15:00,29.494970478117466
2018-04-05 13:30:00,29.467297717928886
2018-04-05 13:45:00,29.439624957740307
2018-04-05 14:00:00,29.411952197551727
2018-04-05 14:15:00,29.384279437363148
2018-04-05 14:30:00,29.356606677174568
2018-04-05 14:45:00,29.32893391698599
2018-04-05 15:00:00,29.30126115679741
2018-04-05 15:15:00,29.27358839660883
2018-04-05 15:30:00,29.24591563642025
2018-04-05 15:45:00,29.21824287623167
2018-04-05 16:00:00,29.19057011604309
2018-04-05 16:15:00,29.1681544855237
2018-04-05 16:30:00,29.14573885500431
2018-04-05 16:45:00,29.12332322448492
2018-04-05 17:00:00,29.10090759396553
2018-04-05 17:15:00,29.07849196344614
2018-04-05 17:30:00,29.05607633292675
2018-04-05 17:45:00,29.03366070240736
2018-04-05 18:00:00,29.01124507188797
2018-04-05 18:15:00,28.98882944136858
2018-04-05 18:30:00,28.96641381084919
2018-04-05 18:45:00,28.9439981803298
2018-04-05 19:00:00,28.92158254981041
2018-04-05 19:15:00,28.89916691929102
2018-04-05 19:30:00,28.87675128877163
2018-04-05 19:45:00,28.85433565825224
2018-04-05 20:00:00,28.83192002773285
2018-04-05 20:15:00,28.830040991306305
2018-04-05 20:30:00,28.82816195487976
2018-04-05 20:45:00,28.826282918453217
2018-04-05 21:00:00,28.824403882026672
2018-04-05 21:15:00,28.822524845600128
2018-04-05 21:30:00,28.820645809173584
2018-04-05 21:45:00,28.81876677274704
2018-04-05 22:00:00,28.816887736320496
2018-04-05 22:15:00,28.81500869989395
2018-04-05 22:30:00,28.813129663467407
2018-04-05 22:45:00,28.811250627040863
2018-04-05 23:00:00,28.80937159061432
2018-04-05 23:15:00,28.807492554187775
2018-04-05 23:30:00,28.80561351776123
2018-04-05 23:45:00,28.803734481334686
2018-04-06 00:00:00,28.801855444908142
2018-04-06 00:15:00,28.801855444908142
2018-04-06 00:30:00,28.801855444908142
2018-04-06 00:45:00,28.801855444908142
2018-04-06 01:00:00,28.801855444908142
2018-04-06 01:15:00,28.801855444908142
2018-04-06 01:30:00,28.801855444908142
2018-04-06 01:45:00,28.801855444908142
2018-04-06 02:00:00,28.801855444908142
2018-04-06 02:15:00,28.801855444908142
2018-04-06 02:30:00,28.801855444908142
2018-04-06 02:45:00,28.801855444908142
2018-04-06 03:00:00,28.801855444908142
2018-04-06 03:15:00,28.801855444908142
2018-04-06 03:30:00,28.801855444908142
2018-04-06 03:45:00,28.801855444908142
2018-04-06 04:00:00,28.801855444908142
2018-04-06 04:15:00,28.803734481334686
2018-04-06 04:30:00,28.80561351776123
2018-04-06 04:45:00,28.807492554187775
2018-04-06 05:00:00,28.80937159061432
2018-04-06 05:15:00,28.811250627040863
2018-04-06 05:30:00,28.813129663467407
2018-04-06 05:45:00,28.81500869989395
2018-04-06 06:00:00,28.816887736320496
2018-04-06 06:15:00,28.81876677274704
2018-04-06 06:30:00,28.820645809173584
2018-04-06 06:45:00,28.822524845600128
2018-04-06 07:00:00,28.824403882026672
2018-04-06 07:15:00,28.826282918453217
2018-04-06 07:30:00,28.82816195487976
2018-04-06 07:45:00,28.830040991306305
2018-04-06 08:00:00,28.83192002773285
2018-04-06 08:15:00,28.82816009223461
2018-04-06 08:30:00,28.824400156736374
2018-04-06 08:45:00,28.820640221238136
2018-04-06 09:00:00,28.8168802857399
2018-04-06 09:15:00,28.81312035024166
2018-04-06 09:30:00,28.809360414743423
2018-04-06 09:45:00,28.805600479245186
2018-04-06 10:00:00,28.80184054374695
2018-04-06 10:15:00,28.79808060824871
2018-04-06 10:30:00,28.794320672750473
2018-04-06 10:45:00,28.790560737252235
2018-04-06 11:00:00,28.786800801753998
2018-04-06 11:15:00,28.78304086625576
2018-04-06 11:30:00,28.779280930757523
2018-04-06 11:45:00,28.775520995259285
2018-04-06 12:00:00,28.771761059761047
2018-04-06 12:15:00,28.767993859946728
2018-04-06 12:30:00,28.764226660132408
2018-04-06 12:45:00,28.76045946031809
2018-04-06 13:00:00,28.75669226050377
2018-04-06 13:15:00,28.75292506068945
2018-04-06 13:30:00,28.74915786087513
2018-04-06 13:45:00,28.74539066106081
2018-04-06 14:00:00,28.74162346124649
2018-04-06 14:15:00,28.73785626143217
2018-04-06 14:30:00,28.73408906161785
2018-04-06 14:45:00,28.73032186180353
2018-04-06 15:00:00,28.726554661989212
2018-04-06 15:15:00,28.722787462174892
2018-04-06 15:30:00,28.719020262360573
2018-04-06 15:45:00,28.715253062546253
2018-04-06 16:00:00,28.711485862731934
2018-04-06 16:15:00,28.705822490155697
2018-04-06 16:30:00,28.70015911757946
2018-04-06 16:45:00,28.694495745003223
2018-04-06 17:00:00,28.688832372426987
2018-04-06 17:15:00,28.68316899985075
2018-04-06 17:30:00,28.677505627274513
2018-04-06 17:45:00,28.671842254698277
2018-04-06 18:00:00,28.66617888212204
2018-04-06 18:15:00,28.660515509545803
2018-04-06 18:30:00,28.654852136969566
2018-04-06 18:45:00,28.64918876439333
2018-04-06 19:00:00,28.643525391817093
2018-04-06 19:15:00,28.637862019240856
2018-04-06 19:30:00,28.63219864666462
2018-04-06 19:45:00,28.626535274088383
2018-04-06 20:00:00,28.620871901512146
2018-04-06 20:15:00,28.626535274088383
2018-04-06 20:30:00,28.63219864666462
2018-04-06 20:45:00,28.637862019240856
2018-04-06 21:00:00,28.643525391817093
2018-04-06 21:15:00,28.64918876439333
2018-04-06 21:30:00,28.654852136969566
2018-04-06 21:45:00,28.660515509545803
2018-04-06 22:00:00,28.66617888212204
2018-04-06 22:15:00,28.671842254698277
2018-04-06 22:30:00,28.677505627274513
2018-04-06 22:45:00,28.68316899985075
2018-04-06 23:00:00,28.688832372426987
2018-04-06 23:15:00,28.694495745003223
2018-04-06 23:30:00,28.70015911757946
2018-04-06 23:45:00,28.705822490155697
2018-04-07 00:00:00,28.711485862731934
2018-04-07 00:15:00,28.73584795743227
2018-04-07 00:30:00,28.760210052132607
2018-04-07 00:45:00,28.784572146832943
2018-04-07 01:00:00,28.80893424153328
2018-04-07 01:15:00,28.833296336233616
2018-04-07 01:30:00,28.857658430933952
2018-04-07 01:45:00,28.88202052563429
2018-04-07 02:00:00,28.906382620334625
2018-04-07 02:15:00,28.93074471503496
2018-04-07 02:30:00,28.955106809735298
2018-04-07 02:45:00,28.979468904435635
2018-04-07 03:00:00,29.00383099913597
2018-04-07 03:15:00,29.028193093836308
2018-04-07 03:30:00,29.052555188536644
2018-04-07 03:45:00,29.07691728323698
2018-04-07 04:00:00,29.101279377937317
2018-04-07 04:15:00,29.1124252602458
2018-04-07 04:30:00,29.123571142554283
2018-04-07 04:45:00,29.134717024862766
2018-04-07 05:00:00,29.14586290717125
2018-04-07 05:15:00,29.157008789479733
2018-04-07 05:30:00,29.168154671788216
2018-04-07 05:45:00,29.1793005540967
2018-04-07 06:00:00,29.190446436405182
2018-04-07 06:15:00,29.201592318713665
2018-04-07 06:30:00,29.212738201022148
2018-04-07 06:45:00,29.22388408333063
2018-04-07 07:00:00,29.235029965639114
2018-04-07 07:15:00,29.246175847947598
2018-04-07 07:30:00,29.25732173025608
2018-04-07 07:45:00,29.268467612564564
2018-04-07 08:00:00,29.279613494873047
2018-04-07 08:15:00,29.281465150415897
2018-04-07 08:30:00,29.283316805958748
2018-04-07 08:45:00,29.2851684615016
2018-04-07 09:00:00,29.28702011704445
2018-04-07 09:15:00,29.2888717725873
2018-04-07 09:30:00,29.29072342813015
2018-04-07 09:45:00,29.292575083673
2018-04-07 10:00:00,29.29442673921585
2018-04-07 10:15:00,29.2962783947587
2018-04-07 10:30:00,29.298130050301552
2018-04-07 10:45:00,29.299981705844402
2018-04-07 11:00:00,29.301833361387253
2018-04-07 11:15:00,29.303685016930103
2018-04-07 11:30:00,29.305536672472954
2018-04-07 11:45:00,29.307388328015804
2018-04-07 12:00:00,29.309239983558655
2018-04-07 12:15:00,29.294378869235516
2018-04-07 12:30:00,29.279517754912376
2018-04-07 12:45:00,29.264656640589237
2018-04-07 13:00:00,29.249795526266098
2018-04-07 13:15:00,29.23493441194296
2018-04-07 13:30:00,29.22007329761982
2018-04-07 13:45:00,29.20521218329668
2018-04-07 14:00:00,29.19035106897354
2018-04-07 14:15:00,29.175489954650402
2018-04-07 14:30:00,29.160628840327263
2018-04-07 14:45:00,29.145767726004124
2018-04-07 15:00:00,29.130906611680984
2018-04-07 15:15:00,29.116045497357845
2018-04-07 15:30:00,29.101184383034706
2018-04-07 15:45:00,29.086323268711567
2018-04-07 16:00:00,29.071462154388428
2018-04-07 16:15:00,29.052730835974216
2018-04-07 16:30:00,29.033999517560005
2018-04-07 16:45:00,29.015268199145794
2018-04-07 17:00:00,28.996536880731583
2018-04-07 17:15:00,28.97780556231737
2018-04-07 17:30:00,28.95907424390316
2018-04-07 17:45:00,28.94034292548895
2018-04-07 18:00:00,28.921611607074738
2018-04-07 18:15:00,28.902880288660526
2018-04-07 18:30:00,28.884148970246315
2018-04-07 18:45:00,28.865417651832104
2018-04-07 19:00:00,28.846686333417892
2018-04-07 19:15:00,28.82795501500368
2018-04-07 19:30:00,28.80922369658947
2018-04-07 19:45:00,28.79049237817526
2018-04-07 20:00:00,28.771761059761047
2018-04-07 20:15:00,28.77364195883274
2018-04-07 20:30:00,28.775522857904434
2018-04-07 20:45:00,28.777403756976128
2018-04-07 21:00:00,28.77928465604782
2018-04-07 21:15:00,28.781165555119514
2018-04-07 21:30:00,28.783046454191208
2018-04-07 21:45:00,28.7849273532629
2018-04-07 22:00:00,28.786808252334595
2018-04-07 22:15:00,28.788689151406288
2018-04-07 22:30:00,28.79057005047798
2018-04-07 22:45:00,28.792450949549675
2018-04-07 23:00:00,28.79433184862137
2018-04-07 23:15:00,28.796212747693062
2018-04-07 23:30:00,28.798093646764755
2018-04-07 23:45:00,28.79997454583645
2018-04-08 00:00:00,28.801855444908142
2018-04-08 00:15:00,28.803734481334686
2018-04-08 00:30:00,28.80561351776123
2018-04-08 00:45:00,28.807492554187775
2018-04-08 01:00:00,28.80937159061432
2018-04-08 01:15:00,28.811250627040863
2018-04-08 01:30:00,28.813129663467407
2018-04-08 01:45:00,28.81500869989395
2018-04-08 02:00:00,28.816887736320496
2018-04-08 02:15:00,28.81876677274704
2018-04-08 02:30:00,28.820645809173584
2018-04-08 02:45:00,28.822524845600128
2018-04-08 03:00:00,28.824403882026672
2018-04-08 03:15:00,28.826282918453217
2018-04-08 03:30:00,28.82816195487976
2018-04-08 03:45:00,28.830040991306305
2018-04-08 04:00:00,28.83192002773285
2018-04-08 04:15:00,28.833797574043274
2018-04-08 04:30:00,28.8356751203537
2018-04-08 04:45:00,28.837552666664124
2018-04-08 05:00:00,28.83943021297455
2018-04-08 05:15:00,28.841307759284973
2018-04-08 05:30:00,28.843185305595398
2018-04-08 05:45:00,28.845062851905823
2018-04-08 06:00:00,28.846940398216248
2018-04-08 06:15:00,28.848817944526672
2018-04-08 06:30:00,28.850695490837097
2018-04-08 06:45:00,28.852573037147522
2018-04-08 07:00:00,28.854450583457947
2018-04-08 07:15:00,28.85632812976837
2018-04-08 07:30:00,28.858205676078796
2018-04-08 07:45:00,28.86008322238922
2018-04-08 08:00:00,28.861960768699646
2018-04-08 08:15:00,28.856323286890984
2018-04-08 08:30:00,28.85068580508232
2018-04-08 08:45:00,28.84504832327366
2018-04-08 09:00:00,28.839410841464996
2018-04-08 09:15:00,28.833773359656334
2018-04-08 09:30:00,28.82813587784767
2018-04-08 09:45:00,28.82249839603901
2018-04-08 10:00:00,28.816860914230347
2018-04-08 10:15:00,28.811223432421684
2018-04-08 10:30:00,28.805585950613022
2018-04-08 10:45:00,28.79994846880436
2018-04-08 11:00:00,28.794310986995697
2018-04-08 11:15:00,28.788673505187035
2018-04-08 11:30:00,28.783036023378372
2018-04-08 11:45:00,28.77739854156971
2018-04-08 12:00:00,28.771761059761047
2018-04-08 12:15:00,28.750956431031227
2018-04-08 12:30:00,28.730151802301407
2018-04-08 12:45:00,28.709347173571587
2018-04-08 13:00:00,28.688542544841766
2018-04-08 13:15:00,28.667737916111946
2018-04-08 13:30:00,28.646933287382126
2018-04-08 13:45:00,28.626128658652306
2018-04-08 14:00:00,28.605324029922485
2018-04-08 14:15:00,28.584519401192665
2018-04-08 14:30:00,28.563714772462845
2018-04-08 14:45:00,28.542910143733025
2018-04-08 15:00:00,28.522105515003204
2018-04-08 15:15:00,28.501300886273384
2018-04-08 15:30:00,28.480496257543564
2018-04-08 15:45:00,28.459691628813744
2018-04-08 16:00:00,28.438887000083923
2018-04-08 16:15:00,28.42936050146818
2018-04-08 16:30:00,28.41983400285244
2018-04-08 16:45:00,28.410307504236698
2018-04-08 17:00:00,28.400781005620956
2018-04-08 17:15:00,28.391254507005215
2018-04-08 17:30:00,28.381728008389473
2018-04-08 17:45:00,28.37220150977373
2018-04-08 18:00:00,28.36267501115799
2018-04-08 18:15:00,28.353148512542248
2018-04-08 18:30:00,28.343622013926506
2018-04-08 18:45:00,28.334095515310764
2018-04-08 19:00:00,28.324569016695023
2018-04-08 19:15:00,28.31504251807928
2018-04-08 19:30:00,28.30551601946354
2018-04-08 19:45:00,28.295989520847797
2018-04-08 20:00:00,28.286463022232056
2018-04-08 20:15:00,28.286463022232056
2018-04-08 20:30:00,28.286463022232056
2018-04-08 20:45:00,28.286463022232056
2018-04-08 21:00:00,28.286463022232056
2018-04-08 21:15:00,28.286463022232056
2018-04-08 21:30:00,28.286463022232056
2018-04-08 21:45:00,28.286463022232056
2018-04-08 22:00:00,28.286463022232056
2018-04-08 22:15:00,28.286463022232056
2018-04-08 22:30:00,28.286463022232056
2018-04-08 22:45:00,28.286463022232056
2018-04-08 23:00:00,28.286463022232056
2018-04-08 23:15:00,28.286463022232056
2018-04-08 23:30:00,28.286463022232056
2018-04-08 23:45:00,28.286463022232056
2018-04-09 00:00:00,28.286463022232056
2018-04-09 00:15:00,28.286463022232056
2018-04-09 00:30:00,28.286463022232056
2018-04-09 00:45:00,28.286463022232056
2018-04-09 01:00:00,28.286463022232056
2018-04-09 01:15:00,28.286463022232056
2018-04-09 01:30:00,28.286463022232056
2018-04-09 01:45:00,28.286463022232056
2018-04-09 02:00:00,28.286463022232056
2018-04-09 02:15:00,28.286463022232056
2018-04-09 02:30:00,28.286463022232056
2018-04-09 02:45:00,28.286463022232056
2018-04-09 03:00:00,28.286463022232056
2018-04-09 03:15:00,28.286463022232056
2018-04-09 03:30:00,28.286463022232056
2018-04-09 03:45:00,28.286463022232056
2018-04-09 04:00:00,28.286463022232056
2018-04-09 04:15:00,28.29027883708477
2018-04-09 04:30:00,28.294094651937485
2018-04-09 04:45:00,28.2979104667902
2018-04-09 05:00:00,28.301726281642914
2018-04-09 05:15:00,28.30554209649563
2018-04-09 05:30:00,28.309357911348343
2018-04-09 05:45:00,28.313173726201057
2018-04-09 06:00:00,28.316989541053772
2018-04-09 06:15:00,28.320805355906487
2018-04-09 06:30:00,28.3246211707592
2018-04-09 06:45:00,28.328436985611916
2018-04-09 07:00:00,28.33225280046463
2018-04-09 07:15:00,28.336068615317345
2018-04-09 07:30:00,28.33988443017006
2018-04-09 07:45:00,28.343700245022774
2018-04-09 08:00:00,28.34751605987549
2018-04-09 08:15:00,28.337963484227657
2018-04-09 08:30:00,28.328410908579826
2018-04-09 08:45:00,28.318858332931995
2018-04-09 09:00:00,28.309305757284164
2018-04-09 09:15:00,28.299753181636333
2018-04-09 09:30:00,28.290200605988503
2018-04-09 09:45:00,28.28064803034067
2018-04-09 10:00:00,28.27109545469284
2018-04-09 10:15:00,28.26154287904501
2018-04-09 10:30:00,28.25199030339718
2018-04-09 10:45:00,28.242437727749348
2018-04-09 11:00:00,28.232885152101517
2018-04-09 11:15:00,28.223332576453686
2018-04-09 11:30:00,28.213780000805855
2018-04-09 11:45:00,28.204227425158024
2018-04-09 12:00:00,28.194674849510193
2018-04-09 12:15:00,28.16381026059389
2018-04-09 12:30:00,28.13294567167759
2018-04-09 12:45:00,28.102081082761288
2018-04-09 13:00:00,28.071216493844986
2018-04-09 13:15:00,28.040351904928684
2018-04-09 13:30:00,28.009487316012383
2018-04-09 13:45:00,27.97862272709608
2018-04-09 14:00:00,27.94775813817978
2018-04-09 14:15:00,27.916893549263477
2018-04-09 14:30:00,27.886028960347176
2018-04-09 14:45:00,27.855164371430874
2018-04-09 15:00:00,27.824299782514572
2018-04-09 15:15:00,27.79343519359827
2018-04-09 15:30:00,27.76257060468197
2018-04-09 15:45:00,27.731706015765667
2018-04-09 16:00:00,27.700841426849365
2018-04-09 16:15:00,27.67935860902071
2018-04-09 16:30:00,27.657875791192055
2018-04-09 16:45:00,27.6363929733634
2018-04-09 17:00:00,27.614910155534744
2018-04-09 17:15:00,27.59342733770609
2018-04-09 17:30:00,27.571944519877434
2018-04-09 17:45:00,27.55046170204878
2018-04-09 18:00:00,27.528978884220123
2018-04-09 18:15:00,27.507496066391468
2018-04-09 18:30:00,27.486013248562813
2018-04-09 18:45:00,27.464530430734158
2018-04-09 19:00:00,27.443047612905502
2018-04-09 19:15:00,27.421564795076847
2018-04-09 19:30:00,27.400081977248192
2018-04-09 19:45:00,27.378599159419537
2018-04-09 20:00:00,27.35711634159088
2018-04-09 20:15:00,27.35318709164858
2018-04-09 20:30:00,27.349257841706276
2018-04-09 20:45:00,27.345328591763973
2018-04-09 21:00:00,27.34139934182167
2018-04-09 21:15:00,27.337470091879368
2018-04-09 21:30:00,27.333540841937065
2018-04-09 21:45:00,27.329611591994762
2018-04-09 22:00:00,27.32568234205246
2018-04-09 22:15:00,27.321753092110157
2018-04-09 22:30:00,27.317823842167854
2018-04-09 22:45:00,27.31389459222555
2018-04-09 23:00:00,27.30996534228325
2018-04-09 23:15:00,27.306036092340946
2018-04-09 23:30:00,27.302106842398643
2018-04-09 23:45:00,27.29817759245634
2018-04-10 00:00:00,27.294248342514038
2018-04-10 00:15:00,27.294248342514038
2018-04-10 00:30:00,27.294248342514038
2018-04-10 00:45:00,27.294248342514038
2018-04-10 01:00:00,27.294248342514038
2018-04-10 01:15:00,27.294248342514038
2018-04-10 01:30:00,27.294248342514038
2018-04-10 01:45:00,27.294248342514038
2018-04-10 02:00:00,27.294248342514038
2018-04-10 02:15:00,27.294248342514038
2018-04-10 02:30:00,27.294248342514038
2018-04-10 02:45:00,27.294248342514038
2018-04-10 03:00:00,27.294248342514038
2018-04-10 03:15:00,27.294248342514038
2018-04-10 03:30:00,27.294248342514038
2018-04-10 03:45:00,27.294248342514038
2018-04-10 04:00:00,27.294248342514038
2018-04-10 04:15:00,27.296213805675507
2018-04-10 04:30:00,27.298179268836975
2018-04-10 04:45:00,27.300144731998444
2018-04-10 05:00:00,27.302110195159912
2018-04-10 05:15:00,27.30407565832138
2018-04-10 05:30:00,27.30604112148285
2018-04-10 05:45:00,27.308006584644318
2018-04-10 06:00:00,27.309972047805786
2018-04-10 06:15:00,27.311937510967255
2018-04-10 06:30:00,27.313902974128723
2018-04-10 06:45:00,27.31586843729019
2018-04-10 07:00:00,27.31783390045166
2018-04-10 07:15:00,27.31979936361313
2018-04-10 07:30:00,27.321764826774597
2018-04-10 07:45:00,27.323730289936066
2018-04-10 08:00:00,27.325695753097534
2018-04-10 08:15:00,27.321762964129448
2018-04-10 08:30:00,27.31783017516136
2018-04-10 08:45:00,27.313897386193275
2018-04-10 09:00:00,27.30996459722519
2018-04-10 09:15:00,27.306031808257103
2018-04-10 09:30:00,27.302099019289017
2018-04-10 09:45:00,27.29816623032093
2018-04-10 10:00:00,27.294233441352844
2018-04-10 10:15:00,27.290300652384758
2018-04-10 10:30:00,27.28636786341667
2018-04-10 10:45:00,27.282435074448586
2018-04-10 11:00:00,27.2785022854805
2018-04-10 11:15:00,27.274569496512413
2018-04-10 11:30:00,27.270636707544327
2018-04-10 11:45:00,27.26670391857624
2018-04-10 12:00:00,27.262771129608154
2018-04-10 12:15:00,27.239022962749004
2018-04-10 12:30:00,27.215274795889854
2018-04-10 12:45:00,27.191526629030704
2018-04-10 13:00:00,27.167778462171555
2018-04-10 13:15:00,27.144030295312405
2018-04-10 13:30:00,27.120282128453255
2018-04-10 13:45:00,27.096533961594105
2018-04-10 14:00:00,27.072785794734955
2018-04-10 14:15:00,27.049037627875805
2018-04-10 14:30:00,27.025289461016655
2018-04-10 14:45:00,27.001541294157505
2018-04-10 15:00:00,26.977793127298355
2018-04-10 15:15:00,26.954044960439205
2018-04-10 15:30:00,26.930296793580055
2018-04-10 15:45:00,26.906548626720905
2018-04-10 16:00:00,26.882800459861755
2018-04-10 16:15:00,26.86481848359108
2018-04-10 16:30:00,26.846836507320404
2018-04-10 16:45:00,26.82885453104973
2018-04-10 17:00:00,26.810872554779053
2018-04-10 17:15:00,26.792890578508377
2018-04-10 17:30:00,26.7749086022377
2018-04-10 17:45:00,26.756926625967026
2018-04-10 18:00:00,26.73894464969635
2018-04-10 18:15:00,26.720962673425674
2018-04-10 18:30:00,26.702980697155
2018-04-10 18:45:00,26.684998720884323
2018-04-10 19:00:00,26.667016744613647
2018-04-10 19:15:00,26.649034768342972
2018-04-10 19:30:00,26.631052792072296
2018-04-10 19:45:00,26.61307081580162
2018-04-10 20:00:00,26.595088839530945
2018-04-10 20:15:00,26.591072790324688
2018-04-10 20:30:00,26.58705674111843
2018-04-10 20:45:00,26.583040691912174
2018-04-10 21:00:00,26.579024642705917
2018-04-10 21:15:00,26.57500859349966
2018-04-10 21:30:00,26.570992544293404
2018-04-10 21:45:00,26.566976495087147
2018-04-10 22:00:00,26.56296044588089
2018-04-10 22:15:00,26.558944396674633
2018-04-10 22:30:00,26.554928347468376
2018-04-10 22:45:00,26.55091229826212
2018-04-10 23:00:00,26.546896249055862
2018-04-10 23:15:00,26.542880199849606
2018-04-10 23:30:00,26.53886415064335
2018-04-10 23:45:00,26.534848101437092
2018-04-11 00:00:00,26.530832052230835
2018-04-11 00:15:00,26.530832052230835
2018-04-11 00:30:00,26.530832052230835
2018-04-11 00:45:00,26.530832052230835
2018-04-11 01:00:00,26.530832052230835
2018-04-11 01:15:00,26.530832052230835
2018-04-11 01:30:00,26.530832052230835
2018-04-11 01:45:00,26.530832052230835
2018-04-11 02:00:00,26.530832052230835
2018-04-11 02:15:00,26.530832052230835
2018-04-11 02:30:00,26.530832052230835
2018-04-11 02:45:00,26.530832052230835
2018-04-11 03:00:00,26.530832052230835
2018-04-11 03:15:00,26.530832052230835
2018-04-11 03:30:00,26.530832052230835
2018-04-11 03:45:00,26.530832052230835
2018-04-11 04:00:00,26.530832052230835
2018-04-11 04:15:00,26.52882132679224
2018-04-11 04:30:00,26.526810601353645
2018-04-11 04:45:00,26.52479987591505
2018-04-11 05:00:00,26.522789150476456
2018-04-11 05:15:00,26.52077842503786
2018-04-11 05:30:00,26.518767699599266
2018-04-11 05:45:00,26.51675697416067
2018-04-11 06:00:00,26.514746248722076
2018-04-11 06:15:00,26.51273552328348
2018-04-11 06:30:00,26.510724797844887
2018-04-11 06:45:00,26.508714072406292
2018-04-11 07:00:00,26.506703346967697
2018-04-11 07:15:00,26.504692621529102
2018-04-11 07:30:00,26.502681896090508
2018-04-11 07:45:00,26.500671170651913
2018-04-11 08:00:00,26.498660445213318
2018-04-11 08:15:00,26.49059910327196
2018-04-11 08:30:00,26.482537761330605
2018-04-11 08:45:00,26.474476419389248
2018-04-11 09:00:00,26.46641507744789
2018-04-11 09:15:00,26.458353735506535
2018-04-11 09:30:00,26.450292393565178
2018-04-11 09:45:00,26.44223105162382
2018-04-11 10:00:00,26.434169709682465
2018-04-11 10:15:00,26.426108367741108
2018-04-11 10:30:00,26.41804702579975
2018-04-11 10:45:00,26.409985683858395
2018-04-11 11:00:00,26.401924341917038
2018-04-11 11:15:00,26.39386299997568
2018-04-11 11:30:00,26.385801658034325
2018-04-11 11:45:00,26.377740316092968
2018-04-11 12:00:00,26.36967897415161
2018-04-11 12:15:00,26.35346855968237
2018-04-11 12:30:00,26.337258145213127
2018-04-11 12:45:00,26.321047730743885
2018-04-11 13:00:00,26.304837316274643
2018-04-11 13:15:00,26.2886269018054
2018-04-11 13:30:00,26.27241648733616
2018-04-11 13:45:00,26.256206072866917
2018-04-11 14:00:00,26.239995658397675
2018-04-11 14:15:00,26.223785243928432
2018-04-11 14:30:00,26.20757482945919
2018-04-11 14:45:00,26.19136441498995
2018-04-11 15:00:00,26.175154000520706
2018-04-11 15:15:00,26.158943586051464
2018-04-11 15:30:00,26.142733171582222
2018-04-11 15:45:00,26.12652275711298
2018-04-11 16:00:00,26.110312342643738
2018-04-11 16:15:00,26.093983836472034
2018-04-11 16:30:00,26.07765533030033
2018-04-11 16:45:00,26.061326824128628
2018-04-11 17:00:00,26.044998317956924
2018-04-11 17:15:00,26.02866981178522
2018-04-11 17:30:00,26.012341305613518
2018-04-11 17:45:00,25.996012799441814
2018-04-11 18:00:00,25.97968429327011
2018-04-11 18:15:00,25.963355787098408
2018-04-11 18:30:00,25.947027280926704
2018-04-11 18:45:00,25.930698774755
2018-04-11 19:00:00,25.914370268583298
2018-04-11 19:15:00,25.898041762411594
2018-04-11 19:30:00,25.88171325623989
2018-04-11 19:45:00,25.865384750068188
2018-04-11 20:00:00,25.849056243896484
2018-04-11 20:15:00,25.838790833950043
2018-04-11 20:30:00,25.8285254240036
2018-04-11 20:45:00,25.81826001405716
2018-04-11 21:00:00,25.807994604110718
2018-04-11 21:15:00,25.797729194164276
2018-04-11 21:30:00,25.787463784217834
2018-04-11 21:45:00,25.777198374271393
2018-04-11 22:00:00,25.76693296432495
2018-04-11 22:15:00,25.75666755437851
2018-04-11 22:30:00,25.746402144432068
2018-04-11 22:45:00,25.736136734485626
2018-04-11 23:00:00,25.725871324539185
2018-04-11 23:15:00,25.715605914592743
2018-04-11 23:30:00,25.7053405046463
2018-04-11 23:45:00,25.69507509469986
2018-04-12 00:00:00,25.684809684753418
2018-04-12 00:15:00,25.680690445005894
2018-04-12 00:30:00,25.67657120525837
2018-04-12 00:45:00,25.672451965510845
2018-04-12 01:00:00,25.66833272576332
2018-04-12 01:15:00,25.664213486015797
2018-04-12 01:30:00,25.660094246268272
2018-04-12 01:45:00,25.655975006520748
2018-04-12 02:00:00,25.651855766773224
2018-04-12 02:15:00,25.6477365270257
2018-04-12 02:30:00,25.643617287278175
2018-04-12 02:45:00,25.63949804753065
2018-04-12 03:00:00,25.635378807783127
2018-04-12 03:15:00,25.631259568035603
2018-04-12 03:30:00,25.62714032828808
2018-04-12 03:45:00,25.623021088540554
2018-04-12 04:00:00,25.61890184879303
2018-04-12 04:15:00,25.6168395280838
2018-04-12 04:30:00,25.614777207374573
2018-04-12 04:45:00,25.612714886665344
2018-04-12 05:00:00,25.610652565956116
2018-04-12 05:15:00,25.608590245246887
2018-04-12 05:30:00,25.60652792453766
2018-04-12 05:45:00,25.60446560382843
2018-04-12 06:00:00,25.6024032831192
2018-04-12 06:15:00,25.600340962409973
2018-04-12 06:30:00,25.598278641700745
2018-04-12 06:45:00,25.596216320991516
2018-04-12 07:00:00,25.594154000282288
2018-04-12 07:15:00,25.59209167957306
2018-04-12 07:30:00,25.59002935886383
2018-04-12 07:45:00,25.587967038154602
2018-04-12 08:00:00,25.585904717445374
2018-04-12 08:15:00,25.581774301826954
2018-04-12 08:30:00,25.577643886208534
2018-04-12 08:45:00,25.573513470590115
2018-04-12 09:00:00,25.569383054971695
2018-04-12 09:15:00,25.565252639353275
2018-04-12 09:30:00,25.561122223734856
2018-04-12 09:45:00,25.556991808116436
2018-04-12 10:00:00,25.552861392498016
2018-04-12 10:15:00,25.548730976879597
2018-04-12 10:30:00,25.544600561261177
2018-04-12 10:45:00,25.540470145642757
2018-04-12 11:00:00,25.536339730024338
2018-04-12 11:15:00,25.532209314405918
2018-04-12 11:30:00,25.5280788987875
2018-04-12 11:45:00,25.52394848316908
2018-04-12 12:00:00,25.51981806755066
2018-04-12 12:15:00,25.507382303476334
2018-04-12 12:30:00,25.494946539402008
2018-04-12 12:45:00,25.482510775327682
2018-04-12 13:00:00,25.470075011253357
2018-04-12 13:15:00,25.45763924717903
2018-04-12 13:30:00,25.445203483104706
2018-04-12 13:45:00,25.43276771903038
2018-04-12 14:00:00,25.420331954956055
2018-04-12 14:15:00,25.40789619088173
2018-04-12 14:30:00,25.395460426807404
2018-04-12 14:45:00,25.383024662733078
2018-04-12 15:00:00,25.370588898658752
2018-04-12 15:15:00,25.358153134584427
2018-04-12 15:30:00,25.3457173705101
2018-04-12 15:45:00,25.333281606435776
2018-04-12 16:00:00,25.32084584236145
2018-04-12 16:15:00,25.30415989458561
2018-04-12 16:30:00,25.28747394680977
2018-04-12 16:45:00,25.270787999033928
2018-04-12 17:00:00,25.254102051258087
2018-04-12 17:15:00,25.237416103482246
2018-04-12 17:30:00,25.220730155706406
2018-04-12 17:45:00,25.204044207930565
2018-04-12 18:00:00,25.187358260154724
2018-04-12 18:15:00,25.170672312378883
2018-04-12 18:30:00,25.153986364603043
2018-04-12 18:45:00,25.137300416827202
2018-04-12 19:00:00,25.12061446905136
2018-04-12 19:15:00,25.10392852127552
2018-04-12 19:30:00,25.08724257349968
2018-04-12 19:45:00,25.07055662572384
2018-04-12 20:00:00,25.053870677947998
2018-04-12 20:15:00,25.04548244178295
2018-04-12 20:30:00,25.037094205617905
2018-04-12 20:45:00,25.028705969452858
2018-04-12 21:00:00,25.02031773328781
2018-04-12 21:15:00,25.011929497122765
2018-04-12 21:30:00,25.003541260957718
2018-04-12 21:45:00,24.99515302479267
2018-04-12 22:00:00,24.986764788627625
2018-04-12 22:15:00,24.978376552462578
2018-04-12 22:30:00,24.96998831629753
2018-04-12 22:45:00,24.961600080132484
2018-04-12 23:00:00,24.953211843967438
2018-04-12 23:15:00,24.94482360780239
2018-04-12 23:30:00,24.936435371637344
2018-04-12 23:45:00,24.928047135472298
2018-04-13 00:00:00,24.91965889930725
2018-04-13 00:15:00,24.915453512221575
2018-04-13 00:30:00,24.9112481251359
2018-04-13 00:45:00,24.907042738050222
2018-04-13 01:00:00,24.902837350964546
2018-04-13 01:15:00,24.89863196387887
2018-04-13 01:30:00,24.894426576793194
2018-04-13 01:45:00,24.890221189707518
2018-04-13 02:00:00,24.88601580262184
2018-04-13 02:15:00,24.881810415536165
2018-04-13 02:30:00,24.87760502845049
2018-04-13 02:45:00,24.873399641364813
2018-04-13 03:00:00,24.869194254279137
2018-04-13 03:15:00,24.86498886719346
2018-04-13 03:30:00,24.860783480107784
2018-04-13 03:45:00,24.856578093022108
2018-04-13 04:00:00,24.852372705936432
2018-04-13 04:15:00,24.85026717185974
2018-04-13 04:30:00,24.84816163778305
2018-04-13 04:45:00,24.84605610370636
2018-04-13 05:00:00,24.84395056962967
2018-04-13 05:15:00,24.84184503555298
2018-04-13 05:30:00,24.839739501476288
2018-04-13 05:45:00,24.837633967399597
2018-04-13 06:00:00,24.835528433322906
2018-04-13 06:15:00,24.833422899246216
2018-04-13 06:30:00,24.831317365169525
2018-04-13 06:45:00,24.829211831092834
2018-04-13 07:00:00,24.827106297016144
2018-04-13 07:15:00,24.825000762939453
2018-04-13 07:30:00,24.822895228862762
2018-04-13 07:45:00,24.820789694786072
2018-04-13 08:00:00,24.81868416070938
2018-04-13 08:15:00,24.81868416070938
2018-04-13 08:30:00,24.81868416070938
2018-04-13 08:45:00,24.81868416070938
2018-04-13 09:00:00,24.81868416070938
2018-04-13 09:15:00,24.81868416070938
2018-04-13 09:30:00,24.81868416070938
2018-04-13 09:45:00,24.81868416070938
2018-04-13 10:00:00,24.81868416070938
2018-04-13 10:15:00,24.81868416070938
2018-04-13 10:30:00,24.81868416070938
2018-04-13 10:45:00,24.81868416070938
2018-04-13 11:00:00,24.81868416070938
2018-04-13 11:15:00,24.81868416070938
2018-04-13 11:30:00,24.81868416070938
2018-04-13 11:45:00,24.81868416070938
2018-04-13 12:00:00,24.81868416070938
2018-04-13 12:15:00,24.814467411488295
2018-04-13 12:30:00,24.810250662267208
2018-04-13 12:45:00,24.80603391304612
2018-04-13 13:00:00,24.801817163825035
2018-04-13 13:15:00,24.79760041460395
2018-04-13 13:30:00,24.793383665382862
2018-04-13 13:45:00,24.789166916161776
2018-04-13 14:00:00,24.78495016694069
2018-04-13 14:15:00,24.780733417719603
2018-04-13 14:30:00,24.776516668498516
2018-04-13 14:45:00,24.77229991927743
2018-04-13 15:00:00,24.768083170056343
2018-04-13 15:15:00,24.763866420835257
2018-04-13 15:30:00,24.75964967161417
2018-04-13 15:45:00,24.755432922393084
2018-04-13 16:00:00,24.751216173171997
2018-04-13 16:15:00,25.002500228583813
2018-04-13 16:30:00,25.25378428399563
2018-04-13 16:45:00,25.505068339407444
2018-04-13 17:00:00,25.75635239481926
2018-04-13 17:15:00,26.007636450231075
2018-04-13 17:30:00,26.25892050564289
2018-04-13 17:45:00,26.510204561054707
2018-04-13 18:00:00,26.761488616466522
2018-04-13 18:15:00,27.012772671878338
2018-04-13 18:30:00,27.264056727290154
2018-04-13 18:45:00,27.51534078270197
2018-04-13 19:00:00,27.766624838113785
2018-04-13 19:15:00,28.0179088935256
2018-04-13 19:30:00,28.269192948937416
2018-04-13 19:45:00,28.52047700434923
2018-04-13 20:00:00,28.771761059761047
2018-04-13 20:15:00,28.669562004506588
2018-04-13 20:30:00,28.56736294925213
2018-04-13 20:45:00,28.46516389399767
2018-04-13 21:00:00,28.36296483874321
2018-04-13 21:15:00,28.26076578348875
2018-04-13 21:30:00,28.15856672823429
2018-04-13 21:45:00,28.05636767297983
2018-04-13 22:00:00,27.954168617725372
2018-04-13 22:15:00,27.851969562470913
2018-04-13 22:30:00,27.749770507216454
2018-04-13 22:45:00,27.647571451961994
2018-04-13 23:00:00,27.545372396707535
2018-04-13 23:15:00,27.443173341453075
2018-04-13 23:30:00,27.340974286198616
2018-04-13 23:45:00,27.238775230944157
2018-04-14 00:00:00,27.136576175689697
2018-04-14 00:15:00,27.12866012006998
2018-04-14 00:30:00,27.120744064450264
2018-04-14 00:45:00,27.112828008830547
2018-04-14 01:00:00,27.10491195321083
2018-04-14 01:15:00,27.096995897591114
2018-04-14 01:30:00,27.089079841971397
2018-04-14 01:45:00,27.08116378635168
2018-04-14 02:00:00,27.073247730731964
2018-04-14 02:15:00,27.065331675112247
2018-04-14 02:30:00,27.05741561949253
2018-04-14 02:45:00,27.049499563872814
2018-04-14 03:00:00,27.041583508253098
2018-04-14 03:15:00,27.03366745263338
2018-04-14 03:30:00,27.025751397013664
2018-04-14 03:45:00,27.017835341393948
2018-04-14 04:00:00,27.00991928577423
2018-04-14 04:15:00,27.005950547754765
2018-04-14 04:30:00,27.001981809735298
2018-04-14 04:45:00,26.99801307171583
2018-04-14 05:00:00,26.994044333696365
2018-04-14 05:15:00,26.9900755956769
2018-04-14 05:30:00,26.986106857657433
2018-04-14 05:45:00,26.982138119637966
2018-04-14 06:00:00,26.9781693816185
2018-04-14 06:15:00,26.974200643599033
2018-04-14 06:30:00,26.970231905579567
2018-04-14 06:45:00,26.9662631675601
2018-04-14 07:00:00,26.962294429540634
2018-04-14 07:15:00,26.958325691521168
2018-04-14 07:30:00,26.9543569535017
2018-04-14 07:45:00,26.950388215482235
2018-04-14 08:00:00,26.94641947746277
2018-04-14 08:15:00,26.940452679991722
2018-04-14 08:30:00,26.934485882520676
2018-04-14 08:45:00,26.92851908504963
2018-04-14 09:00:00,26.922552287578583
2018-04-14 09:15:00,26.916585490107536
2018-04-14 09:30:00,26.91061869263649
2018-04-14 09:45:00,26.904651895165443
2018-04-14 10:00:00,26.898685097694397
2018-04-14 10:15:00,26.89271830022335
2018-04-14 10:30:00,26.886751502752304
2018-04-14 10:45:00,26.880784705281258
2018-04-14 11:00:00,26.87481790781021
2018-04-14 11:15:00,26.868851110339165
2018-04-14 11:30:00,26.86288431286812
2018-04-14 11:45:00,26.856917515397072
2018-04-14 12:00:00,26.850950717926025
2018-04-14 12:15:00,26.84096973389387
2018-04-14 12:30:00,26.830988749861717
2018-04-14 12:45:00,26.821007765829563
2018-04-14 13:00:00,26.81102678179741
2018-04-14 13:15:00,26.801045797765255
2018-04-14 13:30:00,26.7910648137331
2018-04-14 13:45:00,26.781083829700947
2018-04-14 14:00:00,26.771102845668793
2018-04-14 14:15:00,26.76112186163664
2018-04-14 14:30:00,26.751140877604485
2018-04-14 14:45:00,26.74115989357233
2018-04-14 15:00:00,26.731178909540176
2018-04-14 15:15:00,26.721197925508022
2018-04-14 15:30:00,26.71121694147587
2018-04-14 15:45:00,26.701235957443714
2018-04-14 16:00:00,26.69125497341156
2018-04-14 16:15:00,26.681228540837765
2018-04-14 16:30:00,26.67120210826397
2018-04-14 16:45:00,26.661175675690174
2018-04-14 17:00:00,26.65114924311638
2018-04-14 17:15:00,26.641122810542583
2018-04-14 17:30:00,26.631096377968788
2018-04-14 17:45:00,26.621069945394993
2018-04-14 18:00:00,26.611043512821198
2018-04-14 18:15:00,26.601017080247402
2018-04-14 18:30:00,26.590990647673607
2018-04-14 18:45:00,26.58096421509981
2018-04-14 19:00:00,26.570937782526016
2018-04-14 19:15:00,26.56091134995222
2018-04-14 19:30:00,26.550884917378426
2018-04-14 19:45:00,26.54085848480463
2018-04-14 20:00:00,26.530832052230835
2018-04-14 20:15:00,26.524794287979603
2018-04-14 20:30:00,26.51875652372837
2018-04-14 20:45:00,26.51271875947714
2018-04-14 21:00:00,26.506680995225906
2018-04-14 21:15:00,26.500643230974674
2018-04-14 21:30:00,26.494605466723442
2018-04-14 21:45:00,26.48856770247221
2018-04-14 22:00:00,26.482529938220978
2018-04-14 22:15:00,26.476492173969746
2018-04-14 22:30:00,26.470454409718513
2018-04-14 22:45:00,26.46441664546728
2018-04-14 23:00:00,26.45837888121605
2018-04-14 23:15:00,26.452341116964817
2018-04-14 23:30:00,26.446303352713585
2018-04-14 23:45:00,26.440265588462353
2018-04-15 00:00:00,26.43422782421112
2018-04-15 00:15:00,26.4301935210824
2018-04-15 00:30:00,26.426159217953682
2018-04-15 00:45:00,26.422124914824963
2018-04-15 01:00:00,26.418090611696243
2018-04-15 01:15:00,26.414056308567524
2018-04-15 01:30:00,26.410022005438805
2018-04-15 01:45:00,26.405987702310085
2018-04-15 02:00:00,26.401953399181366
2018-04-15 02:15:00,26.397919096052647
2018-04-15 02:30:00,26.393884792923927
2018-04-15 02:45:00,26.389850489795208
2018-04-15 03:00:00,26.38581618666649
2018-04-15 03:15:00,26.38178188353777
2018-04-15 03:30:00,26.37774758040905
2018-04-15 03:45:00,26.37371327728033
2018-04-15 04:00:00,26.36967897415161
2018-04-15 04:15:00,26.36563740670681
2018-04-15 04:30:00,26.36159583926201
2018-04-15 04:45:00,26.357554271817207
2018-04-15 05:00:00,26.353512704372406
2018-04-15 05:15:00,26.349471136927605
2018-04-15 05:30:00,26.345429569482803
2018-04-15 05:45:00,26.341388002038002
2018-04-15 06:00:00,26.3373464345932
2018-04-15 06:15:00,26.3333048671484
2018-04-15 06:30:00,26.329263299703598
2018-04-15 06:45:00,26.325221732258797
2018-04-15 07:00:00,26.321180164813995
2018-04-15 07:15:00,26.317138597369194
2018-04-15 07:30:00,26.313097029924393
2018-04-15 07:45:00,26.30905546247959
2018-04-15 08:00:00,26.30501389503479
2018-04-15 08:15:00,26.302990317344666
2018-04-15 08:30:00,26.30096673965454
2018-04-15 08:45:00,26.298943161964417
2018-04-15 09:00:00,26.296919584274292
2018-04-15 09:15:00,26.294896006584167
2018-04-15 09:30:00,26.292872428894043
2018-04-15 09:45:00,26.29084885120392
2018-04-15 10:00:00,26.288825273513794
2018-04-15 10:15:00,26.28680169582367
2018-04-15 10:30:00,26.284778118133545
2018-04-15 10:45:00,26.28275454044342
2018-04-15 11:00:00,26.280730962753296
2018-04-15 11:15:00,26.27870738506317
2018-04-15 11:30:00,26.276683807373047
2018-04-15 11:45:00,26.274660229682922
2018-04-15 12:00:00,26.272636651992798
2018-04-15 12:15:00,26.26249138265848
2018-04-15 12:30:00,26.252346113324165
2018-04-15 12:45:00,26.24220084398985
2018-04-15 13:00:00,26.232055574655533
2018-04-15 13:15:00,26.221910305321217
2018-04-15 13:30:00,26.2117650359869
2018-04-15 13:45:00,26.201619766652584
2018-04-15 14:00:00,26.191474497318268
2018-04-15 14:15:00,26.18132922798395
2018-04-15 14:30:00,26.171183958649635
2018-04-15 14:45:00,26.16103868931532
2018-04-15 15:00:00,26.150893419981003
2018-04-15 15:15:00,26.140748150646687
2018-04-15 15:30:00,26.13060288131237
2018-04-15 15:45:00,26.120457611978054
2018-04-15 16:00:00,26.110312342643738
2018-04-15 16:15:00,26.10012087970972
2018-04-15 16:30:00,26.089929416775703
2018-04-15 16:45:00,26.079737953841686
2018-04-15 17:00:00,26.06954649090767
2018-04-15 17:15:00,26.059355027973652
2018-04-15 17:30:00,26.049163565039635
2018-04-15 17:45:00,26.038972102105618
2018-04-15 18:00:00,26.0287806391716
2018-04-15 18:15:00,26.018589176237583
2018-04-15 18:30:00,26.008397713303566
2018-04-15 18:45:00,25.99820625036955
2018-04-15 19:00:00,25.98801478743553
2018-04-15 19:15:00,25.977823324501514
2018-04-15 19:30:00,25.967631861567497
2018-04-15 19:45:00,25.95744039863348
2018-04-15 20:00:00,25.947248935699463
2018-04-15 20:15:00,25.941111892461777
2018-04-15 20:30:00,25.93497484922409
2018-04-15 20:45:00,25.928837805986404
2018-04-15 21:00:00,25.92270076274872
2018-04-15 21:15:00,25.916563719511032
2018-04-15 21:30:00,25.910426676273346
2018-04-15 21:45:00,25.90428963303566
2018-04-15 22:00:00,25.898152589797974
2018-04-15 22:15:00,25.892015546560287
2018-04-15 22:30:00,25.8858785033226
2018-04-15 22:45:00,25.879741460084915
2018-04-15 23:00:00,25.87360441684723
2018-04-15 23:15:00,25.867467373609543
2018-04-15 23:30:00,25.861330330371857
2018-04-15 23:45:00,25.85519328713417
2018-04-16 00:00:00,25.849056243896484
2018-04-16 00:15:00,25.847006775438786
2018-04-16 00:30:00,25.844957306981087
2018-04-16 00:45:00,25.842907838523388
2018-04-16 01:00:00,25.84085837006569
2018-04-16 01:15:00,25.83880890160799
2018-04-16 01:30:00,25.83675943315029
2018-04-16 01:45:00,25.834709964692593
2018-04-16 02:00:00,25.832660496234894
2018-04-16 02:15:00,25.830611027777195
2018-04-16 02:30:00,25.828561559319496
2018-04-16 02:45:00,25.826512090861797
2018-04-16 03:00:00,25.8244626224041
2018-04-16 03:15:00,25.8224131539464
2018-04-16 03:30:00,25.8203636854887
2018-04-16 03:45:00,25.818314217031002
2018-04-16 04:00:00,25.816264748573303
2018-04-16 04:15:00,25.81421360373497
2018-04-16 04:30:00,25.812162458896637
2018-04-16 04:45:00,25.810111314058304
2018-04-16 05:00:00,25.80806016921997
2018-04-16 05:15:00,25.806009024381638
2018-04-16 05:30:00,25.803957879543304
2018-04-16 05:45:00,25.80190673470497
2018-04-16 06:00:00,25.799855589866638
2018-04-16 06:15:00,25.797804445028305
2018-04-16 06:30:00,25.795753300189972
2018-04-16 06:45:00,25.79370215535164
2018-04-16 07:00:00,25.791651010513306
2018-04-16 07:15:00,25.789599865674973
2018-04-16 07:30:00,25.78754872083664
2018-04-16 07:45:00,25.785497575998306
2018-04-16 08:00:00,25.783446431159973
2018-04-16 08:15:00,25.78139342367649
2018-04-16 08:30:00,25.77934041619301
2018-04-16 08:45:00,25.777287408709526
2018-04-16 09:00:00,25.775234401226044
2018-04-16 09:15:00,25.77318139374256
2018-04-16 09:30:00,25.77112838625908
2018-04-16 09:45:00,25.769075378775597
2018-04-16 10:00:00,25.767022371292114
2018-04-16 10:15:00,25.764969363808632
2018-04-16 10:30:00,25.76291635632515
2018-04-16 10:45:00,25.760863348841667
2018-04-16 11:00:00,25.758810341358185
2018-04-16 11:15:00,25.756757333874702
2018-04-16 11:30:00,25.75470432639122
2018-04-16 11:45:00,25.752651318907738
2018-04-16 12:00:00,25.750598311424255
2018-04-16 12:15:00,25.740304961800575
2018-04-16 12:30:00,25.730011612176895
2018-04-16 12:45:00,25.719718262553215
2018-04-16 13:00:00,25.709424912929535
2018-04-16 13:15:00,25.699131563305855
2018-04-16 13:30:00,25.688838213682175
2018-04-16 13:45:00,25.678544864058495
2018-04-16 14:00:00,25.668251514434814
2018-04-16 14:15:00,25.657958164811134
2018-04-16 14:30:00,25.647664815187454
2018-04-16 14:45:00,25.637371465563774
2018-04-16 15:00:00,25.627078115940094
2018-04-16 15:15:00,25.616784766316414
2018-04-16 15:30:00,25.606491416692734
2018-04-16 15:45:00,25.596198067069054
2018-04-16 16:00:00,25.585904717445374
2018-04-16 16:15:00,25.57349130511284
2018-04-16 16:30:00,25.561077892780304
2018-04-16 16:45:00,25.54866448044777
2018-04-16 17:00:00,25.536251068115234
2018-04-16 17:15:00,25.5238376557827
2018-04-16 17:30:00,25.511424243450165
2018-04-16 17:45:00,25.49901083111763
2018-04-16 18:00:00,25.486597418785095
2018-04-16 18:15:00,25.47418400645256
2018-04-16 18:30:00,25.461770594120026
2018-04-16 18:45:00,25.44935718178749
2018-04-16 19:00:00,25.436943769454956
2018-04-16 19:15:00,25.42453035712242
2018-04-16 19:30:00,25.412116944789886
2018-04-16 19:45:00,25.39970353245735
2018-04-16 20:00:00,25.387290120124817
2018-04-16 20:15:00,25.381058268249035
2018-04-16 20:30:00,25.374826416373253
2018-04-16 20:45:00,25.36859456449747
2018-04-16 21:00:00,25.36236271262169
2018-04-16 21:15:00,25.356130860745907
2018-04-16 21:30:00,25.349899008870125
2018-04-16 21:45:00,25.343667156994343
2018-04-16 22:00:00,25.33743530511856
2018-04-16 22:15:00,25.33120345324278
2018-04-16 22:30:00,25.324971601366997
2018-04-16 22:45:00,25.318739749491215
2018-04-16 23:00:00,25.312507897615433
2018-04-16 23:15:00,25.30627604573965
2018-04-16 23:30:00,25.30004419386387
2018-04-16 23:45:00,25.293812341988087
2018-04-17 00:00:00,25.287580490112305
2018-04-17 00:15:00,25.283416360616684
2018-04-17 00:30:00,25.279252231121063
2018-04-17 00:45:00,25.275088101625443
2018-04-17 01:00:00,25.270923972129822
2018-04-17 01:15:00,25.2667598426342
2018-04-17 01:30:00,25.26259571313858
2018-04-17 01:45:00,25.25843158364296
2018-04-17 02:00:00,25.25426745414734
2018-04-17 02:15:00,25.250103324651718
2018-04-17 02:30:00,25.245939195156097
2018-04-17 02:45:00,25.241775065660477
2018-04-17 03:00:00,25.237610936164856
2018-04-17 03:15:00,25.233446806669235
2018-04-17 03:30:00,25.229282677173615
2018-04-17 03:45:00,25.225118547677994
2018-04-17 04:00:00,25.220954418182373
2018-04-17 04:15:00,25.218869745731354
2018-04-17 04:30:00,25.216785073280334
2018-04-17 04:45:00,25.214700400829315
2018-04-17 05:00:00,25.212615728378296
2018-04-17 05:15:00,25.210531055927277
2018-04-17 05:30:00,25.208446383476257
2018-04-17 05:45:00,25.206361711025238
2018-04-17 06:00:00,25.20427703857422
2018-04-17 06:15:00,25.2021923661232
2018-04-17 06:30:00,25.20010769367218
2018-04-17 06:45:00,25.19802302122116
2018-04-17 07:00:00,25.19593834877014
2018-04-17 07:15:00,25.193853676319122
2018-04-17 07:30:00,25.191769003868103
2018-04-17 07:45:00,25.189684331417084
2018-04-17 08:00:00,25.187599658966064
2018-04-17 08:15:00,25.18551293760538
2018-04-17 08:30:00,25.183426216244698
2018-04-17 08:45:00,25.181339494884014
2018-04-17 09:00:00,25.17925277352333
2018-04-17 09:15:00,25.177166052162647
2018-04-17 09:30:00,25.175079330801964
2018-04-17 09:45:00,25.17299260944128
2018-04-17 10:00:00,25.170905888080597
2018-04-17 10:15:00,25.168819166719913
2018-04-17 10:30:00,25.16673244535923
2018-04-17 10:45:00,25.164645723998547
2018-04-17 11:00:00,25.162559002637863
2018-04-17 11:15:00,25.16047228127718
2018-04-17 11:30:00,25.158385559916496
2018-04-17 11:45:00,25.156298838555813
2018-04-17 12:00:00,25.15421211719513
2018-04-17 12:15:00,25.14375038444996
2018-04-17 12:30:00,25.133288651704788
2018-04-17 12:45:00,25.122826918959618
2018-04-17 13:00:00,25.112365186214447
2018-04-17 13:15:00,25.101903453469276
2018-04-17 13:30:00,25.091441720724106
2018-04-17 13:45:00,25.080979987978935
2018-04-17 14:00:00,25.070518255233765
2018-04-17 14:15:00,25.060056522488594
2018-04-17 14:30:00,25.049594789743423
2018-04-17 14:45:00,25.039133056998253
2018-04-17 15:00:00,25.028671324253082
2018-04-17 15:15:00,25.01820959150791
2018-04-17 15:30:00,25.00774785876274
2018-04-17 15:45:00,24.99728612601757
2018-04-17 16:00:00,24.9868243932724
2018-04-17 16:15:00,24.972098879516125
2018-04-17 16:30:00,24.95737336575985
2018-04-17 16:45:00,24.942647852003574
2018-04-17 17:00:00,24.9279223382473
2018-04-17 17:15:00,24.913196824491024
2018-04-17 17:30:00,24.89847131073475
2018-04-17 17:45:00,24.883745796978474
2018-04-17 18:00:00,24.8690202832222
2018-04-17 18:15:00,24.854294769465923
2018-04-17 18:30:00,24.839569255709648
2018-04-17 18:45:00,24.824843741953373
2018-04-17 19:00:00,24.810118228197098
2018-04-17 19:15:00,24.795392714440823
2018-04-17 19:30:00,24.780667200684547
2018-04-17 19:45:00,24.765941686928272
2018-04-17 20:00:00,24.751216173171997
2018-04-17 20:15:00,24.742759857326746
2018-04-17 20:30:00,24.734303541481495
2018-04-17 20:45:00,24.725847225636244
2018-04-17 21:00:00,24.717390909790993
2018-04-17 21:15:00,24.70893459394574
2018-04-17 21:30:00,24.70047827810049
2018-04-17 21:45:00,24.69202196225524
2018-04-17 22:00:00,24.68356564640999
2018-04-17 22:15:00,24.675109330564737
2018-04-17 22:30:00,24.666653014719486
2018-04-17 22:45:00,24.658196698874235
2018-04-17 23:00:00,24.649740383028984
2018-04-17 23:15:00,24.641284067183733
2018-04-17 23:30:00,24.632827751338482
2018-04-17 23:45:00,24.62437143549323
2018-04-18 00:00:00,24.61591511964798
2018-04-18 00:15:00,24.60955297574401
2018-04-18 00:30:00,24.60319083184004
2018-04-18 00:45:00,24.596828687936068
2018-04-18 01:00:00,24.590466544032097
2018-04-18 01:15:00,24.584104400128126
2018-04-18 01:30:00,24.577742256224155
2018-04-18 01:45:00,24.571380112320185
2018-04-18 02:00:00,24.565017968416214
2018-04-18 02:15:00,24.558655824512243
2018-04-18 02:30:00,24.552293680608273
2018-04-18 02:45:00,24.545931536704302
2018-04-18 03:00:00,24.53956939280033
2018-04-18 03:15:00,24.53320724889636
2018-04-18 03:30:00,24.52684510499239
2018-04-18 03:45:00,24.52048296108842
2018-04-18 04:00:00,24.51412081718445
2018-04-18 04:15:00,24.511996377259493
2018-04-18 04:30:00,24.509871937334538
2018-04-18 04:45:00,24.507747497409582
2018-04-18 05:00:00,24.505623057484627
2018-04-18 05:15:00,24.50349861755967
2018-04-18 05:30:00,24.501374177634716
2018-04-18 05:45:00,24.49924973770976
2018-04-18 06:00:00,24.497125297784805
2018-04-18 06:15:00,24.49500085785985
2018-04-18 06:30:00,24.492876417934895
2018-04-18 06:45:00,24.49075197800994
2018-04-18 07:00:00,24.488627538084984
2018-04-18 07:15:00,24.48650309816003
2018-04-18 07:30:00,24.484378658235073
2018-04-18 07:45:00,24.482254218310118
2018-04-18 08:00:00,24.480129778385162
2018-04-18 08:15:00,24.473744723945856
2018-04-18 08:30:00,24.46735966950655
2018-04-18 08:45:00,24.460974615067244
2018-04-18 09:00:00,24.454589560627937
2018-04-18 09:15:00,24.44820450618863
2018-04-18 09:30:00,24.441819451749325
2018-04-18 09:45:00,24.43543439731002
2018-04-18 10:00:00,24.429049342870712
2018-04-18 10:15:00,24.422664288431406
2018-04-18 10:30:00,24.4162792339921
2018-04-18 10:45:00,24.409894179552794
2018-04-18 11:00:00,24.403509125113487
2018-04-18 11:15:00,24.39712407067418
2018-04-18 11:30:00,24.390739016234875
2018-04-18 11:45:00,24.38435396179557
2018-04-18 12:00:00,24.377968907356262
2018-04-18 12:15:00,24.369428865611553
2018-04-18 12:30:00,24.360888823866844
2018-04-18 12:45:00,24.352348782122135
2018-04-18 13:00:00,24.343808740377426
2018-04-18 13:15:00,24.335268698632717
2018-04-18 13:30:00,24.326728656888008
2018-04-18 13:45:00,24.3181886151433
2018-04-18 14:00:00,24.30964857339859
2018-04-18 14:15:00,24.30110853165388
2018-04-18 14:30:00,24.292568489909172
2018-04-18 14:45:00,24.284028448164463
2018-04-18 15:00:00,24.275488406419754
2018-04-18 15:15:00,24.266948364675045
2018-04-18 15:30:00,24.258408322930336
2018-04-18 15:45:00,24.249868281185627
2018-04-18 16:00:00,24.241328239440918
2018-04-18 16:15:00,24.228460714221
2018-04-18 16:30:00,24.215593189001083
2018-04-18 16:45:00,24.202725663781166
2018-04-18 17:00:00,24.18985813856125
2018-04-18 17:15:00,24.17699061334133
2018-04-18 17:30:00,24.164123088121414
2018-04-18 17:45:00,24.151255562901497
2018-04-18 18:00:00,24.13838803768158
2018-04-18 18:15:00,24.125520512461662
2018-04-18 18:30:00,24.112652987241745
2018-04-18 18:45:00,24.099785462021828
2018-04-18 19:00:00,24.08691793680191
2018-04-18 19:15:00,24.074050411581993
2018-04-18 19:30:00,24.061182886362076
2018-04-18 19:45:00,24.04831536114216
2018-04-18 20:00:00,24.03544783592224
2018-04-18 20:15:00,24.026831053197384
2018-04-18 20:30:00,24.018214270472527
2018-04-18 20:45:00,24.00959748774767
2018-04-18 21:00:00,24.000980705022812
2018-04-18 21:15:00,23.992363922297955
2018-04-18 21:30:00,23.983747139573097
2018-04-18 21:45:00,23.97513035684824
2018-04-18 22:00:00,23.966513574123383
2018-04-18 22:15:00,23.957896791398525
2018-04-18 22:30:00,23.949280008673668
2018-04-18 22:45:00,23.94066322594881
2018-04-18 23:00:00,23.932046443223953
2018-04-18 23:15:00,23.923429660499096
2018-04-18 23:30:00,23.91481287777424
2018-04-18 23:45:00,23.90619609504938
2018-04-19 00:00:00,23.897579312324524
2018-04-19 00:15:00,23.89325937256217
2018-04-19 00:30:00,23.888939432799816
2018-04-19 00:45:00,23.884619493037462
2018-04-19 01:00:00,23.88029955327511
2018-04-19 01:15:00,23.875979613512754
2018-04-19 01:30:00,23.8716596737504
2018-04-19 01:45:00,23.867339733988047
2018-04-19 02:00:00,23.863019794225693
2018-04-19 02:15:00,23.85869985446334
2018-04-19 02:30:00,23.854379914700985
2018-04-19 02:45:00,23.85005997493863
2018-04-19 03:00:00,23.845740035176277
2018-04-19 03:15:00,23.841420095413923
2018-04-19 03:30:00,23.83710015565157
2018-04-19 03:45:00,23.832780215889215
2018-04-19 04:00:00,23.82846027612686
2018-04-19 04:15:00,23.82413260638714
2018-04-19 04:30:00,23.819804936647415
2018-04-19 04:45:00,23.815477266907692
2018-04-19 05:00:00,23.81114959716797
2018-04-19 05:15:00,23.806821927428246
2018-04-19 05:30:00,23.802494257688522
2018-04-19 05:45:00,23.7981665879488
2018-04-19 06:00:00,23.793838918209076
2018-04-19 06:15:00,23.789511248469353
2018-04-19 06:30:00,23.78518357872963
2018-04-19 06:45:00,23.780855908989906
2018-04-19 07:00:00,23.776528239250183
2018-04-19 07:15:00,23.77220056951046
2018-04-19 07:30:00,23.767872899770737
2018-04-19 07:45:00,23.763545230031013
2018-04-19 08:00:00,23.75921756029129
2018-04-19 08:15:00,23.757050838321447
2018-04-19 08:30:00,23.754884116351604
2018-04-19 08:45:00,23.75271739438176
2018-04-19 09:00:00,23.75055067241192
2018-04-19 09:15:00,23.748383950442076
2018-04-19 09:30:00,23.746217228472233
2018-04-19 09:45:00,23.74405050650239
2018-04-19 10:00:00,23.741883784532547
2018-04-19 10:15:00,23.739717062562704
2018-04-19 10:30:00,23.73755034059286
2018-04-19 10:45:00,23.73538361862302
2018-04-19 11:00:00,23.733216896653175
2018-04-19 11:15:00,23.731050174683332
2018-04-19 11:30:00,23.72888345271349
2018-04-19 11:45:00,23.726716730743647
2018-04-19 12:00:00,23.724550008773804
2018-04-19 12:15:00,23.718038201332092
2018-04-19 12:30:00,23.71152639389038
2018-04-19 12:45:00,23.70501458644867
2018-04-19 13:00:00,23.698502779006958
2018-04-19 13:15:00,23.691990971565247
2018-04-19 13:30:00,23.685479164123535
2018-04-19 13:45:00,23.678967356681824
2018-04-19 14:00:00,23.672455549240112
2018-04-19 14:15:00,23.6659437417984
2018-04-19 14:30:00,23.65943193435669
2018-04-19 14:45:00,23.652920126914978
2018-04-19 15:00:00,23.646408319473267
2018-04-19 15:15:00,23.639896512031555
2018-04-19 15:30:00,23.633384704589844
2018-04-19 15:45:00,23.626872897148132
2018-04-19 16:00:00,23.62036108970642
2018-04-19 16:15:00,23.61165164038539
2018-04-19 16:30:00,23.602942191064358
2018-04-19 16:45:00,23.594232741743326
2018-04-19 17:00:00,23.585523292422295
2018-04-19 17:15:00,23.576813843101263
2018-04-19 17:30:00,23.56810439378023
2018-04-19 17:45:00,23.5593949444592
2018-04-19 18:00:00,23.55068549513817
2018-04-19 18:15:00,23.541976045817137
2018-04-19 18:30:00,23.533266596496105
2018-04-19 18:45:00,23.524557147175074
2018-04-19 19:00:00,23.515847697854042
2018-04-19 19:15:00,23.50713824853301
2018-04-19 19:30:00,23.49842879921198
2018-04-19 19:45:00,23.489719349890947
2018-04-19 20:00:00,23.481009900569916
2018-04-19 20:15:00,23.474457301199436
2018-04-19 20:30:00,23.467904701828957
2018-04-19 20:45:00,23.461352102458477
2018-04-19 21:00:00,23.454799503087997
2018-04-19 21:15:00,23.448246903717518
2018-04-19 21:30:00,23.44169430434704
2018-04-19 21:45:00,23.43514170497656
2018-04-19 22:00:00,23.42858910560608
2018-04-19 22:15:00,23.4220365062356
2018-04-19 22:30:00,23.41548390686512
2018-04-19 22:45:00,23.40893130749464
2018-04-19 23:00:00,23.40237870812416
2018-04-19 23:15:00,23.39582610875368
2018-04-19 23:30:00,23.3892735093832
2018-04-19 23:45:00,23.382720910012722
2018-04-20 00:00:00,23.376168310642242
2018-04-20 00:15:00,23.371790256351233
2018-04-20 00:30:00,23.367412202060223
2018-04-20 00:45:00,23.363034147769213
2018-04-20 01:00:00,23.358656093478203
2018-04-20 01:15:00,23.354278039187193
2018-04-20 01:30:00,23.349899984896183
2018-04-20 01:45:00,23.345521930605173
2018-04-20 02:00:00,23.341143876314163
2018-04-20 02:15:00,23.336765822023153
2018-04-20 02:30:00,23.332387767732143
2018-04-20 02:45:00,23.328009713441133
2018-04-20 03:00:00,23.323631659150124
2018-04-20 03:15:00,23.319253604859114
2018-04-20 03:30:00,23.314875550568104
2018-04-20 03:45:00,23.310497496277094
2018-04-20 04:00:00,23.306119441986084
2018-04-20 04:15:00,23.301733564585447
2018-04-20 04:30:00,23.29734768718481
2018-04-20 04:45:00,23.292961809784174
2018-04-20 05:00:00,23.288575932383537
2018-04-20 05:15:00,23.2841900549829
2018-04-20 05:30:00,23.279804177582264
2018-04-20 05:45:00,23.275418300181627
2018-04-20 06:00:00,23.27103242278099
2018-04-20 06:15:00,23.266646545380354
2018-04-20 06:30:00,23.262260667979717
2018-04-20 06:45:00,23.25787479057908
2018-04-20 07:00:00,23.253488913178444
2018-04-20 07:15:00,23.249103035777807
2018-04-20 07:30:00,23.24471715837717
2018-04-20 07:45:00,23.240331280976534
2018-04-20 08:00:00,23.235945403575897
2018-04-20 08:15:00,23.231551703065634
2018-04-20 08:30:00,23.22715800255537
2018-04-20 08:45:00,23.222764302045107
2018-04-20 09:00:00,23.218370601534843
2018-04-20 09:15:00,23.21397690102458
2018-04-20 09:30:00,23.209583200514317
2018-04-20 09:45:00,23.205189500004053
2018-04-20 10:00:00,23.20079579949379
2018-04-20 10:15:00,23.196402098983526
2018-04-20 10:30:00,23.192008398473263
2018-04-20 10:45:00,23.187614697963
2018-04-20 11:00:00,23.183220997452736
2018-04-20 11:15:00,23.178827296942472
2018-04-20 11:30:00,23.17443359643221
2018-04-20 11:45:00,23.170039895921946
2018-04-20 12:00:00,23.165646195411682
2018-04-20 12:15:00,23.180990014225245
2018-04-20 12:30:00,23.196333833038807
2018-04-20 12:45:00,23.21167765185237
2018-04-20 13:00:00,23.22702147066593
2018-04-20 13:15:00,23.242365289479494
2018-04-20 13:30:00,23.257709108293056
2018-04-20 13:45:00,23.27305292710662
2018-04-20 14:00:00,23.28839674592018
2018-04-20 14:15:00,23.303740564733744
2018-04-20 14:30:00,23.319084383547306
2018-04-20 14:45:00,23.33442820236087
2018-04-20 15:00:00,23.34977202117443
2018-04-20 15:15:00,23.365115839987993
2018-04-20 15:30:00,23.380459658801556
2018-04-20 15:45:00,23.395803477615118
2018-04-20 16:00:00,23.41114729642868
2018-04-20 16:15:00,23.406773060560226
2018-04-20 16:30:00,23.402398824691772
2018-04-20 16:45:00,23.39802458882332
2018-04-20 17:00:00,23.393650352954865
2018-04-20 17:15:00,23.38927611708641
2018-04-20 17:30:00,23.384901881217957
2018-04-20 17:45:00,23.380527645349503
2018-04-20 18:00:00,23.37615340948105
2018-04-20 18:15:00,23.371779173612595
2018-04-20 18:30:00,23.36740493774414
2018-04-20 18:45:00,23.363030701875687
2018-04-20 19:00:00,23.358656466007233
2018-04-20 19:15:00,23.35428223013878
2018-04-20 19:30:00,23.349907994270325
2018-04-20 19:45:00,23.34553375840187
2018-04-20 20:00:00,23.341159522533417
2018-04-20 20:15:00,23.336777556687593
2018-04-20 20:30:00,23.33239559084177
2018-04-20 20:45:00,23.328013624995947
2018-04-20 21:00:00,23.323631659150124
2018-04-20 21:15:00,23.3192496933043
2018-04-20 21:30:00,23.314867727458477
2018-04-20 21:45:00,23.310485761612654
2018-04-20 22:00:00,23.30610379576683
2018-04-20 22:15:00,23.301721829921007
2018-04-20 22:30:00,23.297339864075184
2018-04-20 22:45:00,23.29295789822936
2018-04-20 23:00:00,23.288575932383537
2018-04-20 23:15:00,23.284193966537714
2018-04-20 23:30:00,23.27981200069189
2018-04-20 23:45:00,23.275430034846067
2018-04-21 00:00:00,23.271048069000244
2018-04-21 00:15:00,23.266658280044794
2018-04-21 00:30:00,23.262268491089344
2018-04-21 00:45:00,23.257878702133894
2018-04-21 01:00:00,23.253488913178444
2018-04-21 01:15:00,23.249099124222994
2018-04-21 01:30:00,23.244709335267544
2018-04-21 01:45:00,23.240319546312094
2018-04-21 02:00:00,23.235929757356644
2018-04-21 02:15:00,23.231539968401194
2018-04-21 02:30:00,23.227150179445744
2018-04-21 02:45:00,23.222760390490294
2018-04-21 03:00:00,23.218370601534843
2018-04-21 03:15:00,23.213980812579393
2018-04-21 03:30:00,23.209591023623943
2018-04-21 03:45:00,23.205201234668493
2018-04-21 04:00:00,23.200811445713043
2018-04-21 04:15:00,23.198613617569208
2018-04-21 04:30:00,23.196415789425373
2018-04-21 04:45:00,23.194217961281538
2018-04-21 05:00:00,23.192020133137703
2018-04-21 05:15:00,23.189822304993868
2018-04-21 05:30:00,23.187624476850033
2018-04-21 05:45:00,23.185426648706198
2018-04-21 06:00:00,23.183228820562363
2018-04-21 06:15:00,23.181030992418528
2018-04-21 06:30:00,23.178833164274693
2018-04-21 06:45:00,23.176635336130857
2018-04-21 07:00:00,23.174437507987022
2018-04-21 07:15:00,23.172239679843187
2018-04-21 07:30:00,23.170041851699352
2018-04-21 07:45:00,23.167844023555517
2018-04-21 08:00:00,23.165646195411682
2018-04-21 08:15:00,23.163446504622698
2018-04-21 08:30:00,23.161246813833714
2018-04-21 08:45:00,23.15904712304473
2018-04-21 09:00:00,23.156847432255745
2018-04-21 09:15:00,23.15464774146676
2018-04-21 09:30:00,23.152448050677776
2018-04-21 09:45:00,23.150248359888792
2018-04-21 10:00:00,23.148048669099808
2018-04-21 10:15:00,23.145848978310823
2018-04-21 10:30:00,23.14364928752184
2018-04-21 10:45:00,23.141449596732855
2018-04-21 11:00:00,23.13924990594387
2018-04-21 11:15:00,23.137050215154886
2018-04-21 11:30:00,23.134850524365902
2018-04-21 11:45:00,23.132650833576918
2018-04-21 12:00:00,23.130451142787933
2018-04-21 12:15:00,23.1216324493289
2018-04-21 12:30:00,23.112813755869865
2018-04-21 12:45:00,23.10399506241083
2018-04-21 13:00:00,23.095176368951797
2018-04-21 13:15:00,23.086357675492764
2018-04-21 13:30:00,23.07753898203373
2018-04-21 13:45:00,23.068720288574696
2018-04-21 14:00:00,23.05990159511566
2018-04-21 14:15:00,23.051082901656628
2018-04-21 14:30:00,23.042264208197594
2018-04-21 14:45:00,23.03344551473856
2018-04-21 15:00:00,23.024626821279526
2018-04-21 15:15:00,23.015808127820492
2018-04-21 15:30:00,23.006989434361458
2018-04-21 15:45:00,22.998170740902424
2018-04-21 16:00:00,22.98935204744339
2018-04-21 16:15:00,23.13507040962577
2018-04-21 16:30:00,23.280788771808147
2018-04-21 16:45:00,23.426507133990526
2018-04-21 17:00:00,23.572225496172905
2018-04-21 17:15:00,23.717943858355284
2018-04-21 17:30:00,23.863662220537663
2018-04-21 17:45:00,24.00938058272004
2018-04-21 18:00:00,24.15509894490242
2018-04-21 18:15:00,24.3008173070848
2018-04-21 18:30:00,24.446535669267178
2018-04-21 18:45:00,24.592254031449556
2018-04-21 19:00:00,24.737972393631935
2018-04-21 19:15:00,24.883690755814314
2018-04-21 19:30:00,25.029409117996693
2018-04-21 19:45:00,25.17512748017907
2018-04-21 20:00:00,25.32084584236145
2018-04-21 20:15:00,25.349758379161358
2018-04-21 20:30:00,25.378670915961266
2018-04-21 20:45:00,25.407583452761173
2018-04-21 21:00:00,25.43649598956108
2018-04-21 21:15:00,25.46540852636099
2018-04-21 21:30:00,25.494321063160896
2018-04-21 21:45:00,25.523233599960804
2018-04-21 22:00:00,25.55214613676071
2018-04-21 22:15:00,25.58105867356062
2018-04-21 22:30:00,25.609971210360527
2018-04-21 22:45:00,25.638883747160435
2018-04-21 23:00:00,25.667796283960342
2018-04-21 23:15:00,25.69670882076025
2018-04-21 23:30:00,25.725621357560158
2018-04-21 23:45:00,25.754533894360065
2018-04-22 00:00:00,25.783446431159973
2018-04-22 00:15:00,25.885722786188126
2018-04-22 00:30:00,25.987999141216278
2018-04-22 00:45:00,26.09027549624443
2018-04-22 01:00:00,26.192551851272583
2018-04-22 01:15:00,26.294828206300735
2018-04-22 01:30:00,26.397104561328888
2018-04-22 01:45:00,26.49938091635704
2018-04-22 02:00:00,26.601657271385193
2018-04-22 02:15:00,26.703933626413345
2018-04-22 02:30:00,26.806209981441498
2018-04-22 02:45:00,26.90848633646965
2018-04-22 03:00:00,27.010762691497803
2018-04-22 03:15:00,27.113039046525955
2018-04-22 03:30:00,27.215315401554108
2018-04-22 03:45:00,27.31759175658226
2018-04-22 04:00:00,27.419868111610413
2018-04-22 04:15:00,27.872583083808422
2018-04-22 04:30:00,28.32529805600643
2018-04-22 04:45:00,28.77801302820444
2018-04-22 05:00:00,29.23072800040245
2018-04-22 05:15:00,29.68344297260046
2018-04-22 05:30:00,30.13615794479847
2018-04-22 05:45:00,30.58887291699648
2018-04-22 06:00:00,31.04158788919449
2018-04-22 06:15:00,31.494302861392498
2018-04-22 06:30:00,31.947017833590508
2018-04-22 06:45:00,32.39973280578852
2018-04-22 07:00:00,32.85244777798653
2018-04-22 07:15:00,33.305162750184536
2018-04-22 07:30:00,33.757877722382545
2018-04-22 07:45:00,34.210592694580555
2018-04-22 08:00:00,34.663307666778564
2018-04-22 08:15:00,34.45412162691355
2018-04-22 08:30:00,34.24493558704853
2018-04-22 08:45:00,34.035749547183514
2018-04-22 09:00:00,33.8265635073185
2018-04-22 09:15:00,33.61737746745348
2018-04-22 09:30:00,33.40819142758846
2018-04-22 09:45:00,33.199005387723446
2018-04-22 10:00:00,32.98981934785843
2018-04-22 10:15:00,32.78063330799341
2018-04-22 10:30:00,32.571447268128395
2018-04-22 10:45:00,32.36226122826338
2018-04-22 11:00:00,32.15307518839836
2018-04-22 11:15:00,31.943889148533344
2018-04-22 11:30:00,31.734703108668327
2018-04-22 11:45:00,31.52551706880331
2018-04-22 12:00:00,31.316331028938293
2018-04-22 12:15:00,31.247448176145554
2018-04-22 12:30:00,31.178565323352814
2018-04-22 12:45:00,31.109682470560074
2018-04-22 13:00:00,31.040799617767334
2018-04-22 13:15:00,30.971916764974594
2018-04-22 13:30:00,30.903033912181854
2018-04-22 13:45:00,30.834151059389114
2018-04-22 14:00:00,30.765268206596375
2018-04-22 14:15:00,30.696385353803635
2018-04-22 14:30:00,30.627502501010895
2018-04-22 14:45:00,30.558619648218155
2018-04-22 15:00:00,30.489736795425415
2018-04-22 15:15:00,30.420853942632675
2018-04-22 15:30:00,30.351971089839935
2018-04-22 15:45:00,30.283088237047195
2018-04-22 16:00:00,30.214205384254456
2018-04-22 16:15:00,30.176067911088467
2018-04-22 16:30:00,30.137930437922478
2018-04-22 16:45:00,30.09979296475649
2018-04-22 17:00:00,30.0616554915905
2018-04-22 17:15:00,30.02351801842451
2018-04-22 17:30:00,29.985380545258522
2018-04-22 17:45:00,29.947243072092533
2018-04-22 18:00:00,29.909105598926544
2018-04-22 18:15:00,29.870968125760555
2018-04-22 18:30:00,29.832830652594566
2018-04-22 18:45:00,29.794693179428577
2018-04-22 19:00:00,29.75655570626259
2018-04-22 19:15:00,29.7184182330966
2018-04-22 19:30:00,29.68028075993061
2018-04-22 19:45:00,29.64214328676462
2018-04-22 20:00:00,29.604005813598633
2018-04-22 20:15:00,29.574447311460972
2018-04-22 20:30:00,29.54488880932331
2018-04-22 20:45:00,29.51533030718565
2018-04-22 21:00:00,29.48577180504799
2018-04-22 21:15:00,29.456213302910328
2018-04-22 21:30:00,29.426654800772667
2018-04-22 21:45:00,29.397096298635006
2018-04-22 22:00:00,29.367537796497345
2018-04-22 22:15:00,29.337979294359684
2018-04-22 22:30:00,29.308420792222023
2018-04-22 22:45:00,29.278862290084362
2018-04-22 23:00:00,29.2493037879467
2018-04-22 23:15:00,29.21974528580904
2018-04-22 23:30:00,29.19018678367138
2018-04-22 23:45:00,29.160628281533718
2018-04-23 00:00:00,29.131069779396057
2018-04-23 00:15:00,29.116126149892807
2018-04-23 00:30:00,29.101182520389557
2018-04-23 00:45:00,29.086238890886307
2018-04-23 01:00:00,29.071295261383057
2018-04-23 01:15:00,29.056351631879807
2018-04-23 01:30:00,29.041408002376556
2018-04-23 01:45:00,29.026464372873306
2018-04-23 02:00:00,29.011520743370056
2018-04-23 02:15:00,28.996577113866806
2018-04-23 02:30:00,28.981633484363556
2018-04-23 02:45:00,28.966689854860306
2018-04-23 03:00:00,28.951746225357056
2018-04-23 03:15:00,28.936802595853806
2018-04-23 03:30:00,28.921858966350555
2018-04-23 03:45:00,28.906915336847305
2018-04-23 04:00:00,28.891971707344055
2018-04-23 04:15:00,28.880691342055798
2018-04-23 04:30:00,28.86941097676754
2018-04-23 04:45:00,28.858130611479282
2018-04-23 05:00:00,28.846850246191025
2018-04-23 05:15:00,28.835569880902767
2018-04-23 05:30:00,28.82428951561451
2018-04-23 05:45:00,28.813009150326252
2018-04-23 06:00:00,28.801728785037994
2018-04-23 06:15:00,28.790448419749737
2018-04-23 06:30:00,28.77916805446148
2018-04-23 06:45:00,28.76788768917322
2018-04-23 07:00:00,28.756607323884964
2018-04-23 07:15:00,28.745326958596706
2018-04-23 07:30:00,28.73404659330845
2018-04-23 07:45:00,28.72276622802019
2018-04-23 08:00:00,28.711485862731934
2018-04-23 08:15:00,28.70014328509569
2018-04-23 08:30:00,28.68880070745945
2018-04-23 08:45:00,28.677458129823208
2018-04-23 09:00:00,28.666115552186966
2018-04-23 09:15:00,28.654772974550724
2018-04-23 09:30:00,28.643430396914482
2018-04-23 09:45:00,28.63208781927824
2018-04-23 10:00:00,28.620745241642
2018-04-23 10:15:00,28.609402664005756
2018-04-23 10:30:00,28.598060086369514
2018-04-23 10:45:00,28.586717508733273
2018-04-23 11:00:00,28.57537493109703
2018-04-23 11:15:00,28.56403235346079
2018-04-23 11:30:00,28.552689775824547
2018-04-23 11:45:00,28.541347198188305
2018-04-23 12:00:00,28.530004620552063
2018-04-23 12:15:00,28.50137259811163
2018-04-23 12:30:00,28.472740575671196
2018-04-23 12:45:00,28.444108553230762
2018-04-23 13:00:00,28.41547653079033
2018-04-23 13:15:00,28.386844508349895
2018-04-23 13:30:00,28.358212485909462
2018-04-23 13:45:00,28.32958046346903
2018-04-23 14:00:00,28.300948441028595
2018-04-23 14:15:00,28.27231641858816
2018-04-23 14:30:00,28.243684396147728
2018-04-23 14:45:00,28.215052373707294
2018-04-23 15:00:00,28.18642035126686
2018-04-23 15:15:00,28.157788328826427
2018-04-23 15:30:00,28.129156306385994
2018-04-23 15:45:00,28.10052428394556
2018-04-23 16:00:00,28.071892261505127
2018-04-23 16:15:00,28.038963489234447
2018-04-23 16:30:00,28.006034716963768
2018-04-23 16:45:00,27.97310594469309
2018-04-23 17:00:00,27.94017717242241
2018-04-23 17:15:00,27.90724840015173
2018-04-23 17:30:00,27.87431962788105
2018-04-23 17:45:00,27.84139085561037
2018-04-23 18:00:00,27.80846208333969
2018-04-23 18:15:00,27.77553331106901
2018-04-23 18:30:00,27.742604538798332
2018-04-23 18:45:00,27.709675766527653
2018-04-23 19:00:00,27.676746994256973
2018-04-23 19:15:00,27.643818221986294
2018-04-23 19:30:00,27.610889449715614
2018-04-23 19:45:00,27.577960677444935
2018-04-23 20:00:00,27.545031905174255
2018-04-23 20:15:00,27.529357932507992
2018-04-23 20:30:00,27.513683959841728
2018-04-23 20:45:00,27.498009987175465
2018-04-23 21:00:00,27.4823360145092
2018-04-23 21:15:00,27.466662041842937
2018-04-23 21:30:00,27.450988069176674
2018-04-23 21:45:00,27.43531409651041
2018-04-23 22:00:00,27.419640123844147
2018-04-23 22:15:00,27.403966151177883
2018-04-23 22:30:00,27.38829217851162
2018-04-23 22:45:00,27.372618205845356
2018-04-23 23:00:00,27.356944233179092
2018-04-23 23:15:00,27.34127026051283
2018-04-23 23:30:00,27.325596287846565
2018-04-23 23:45:00,27.3099223151803
2018-04-24 00:00:00,27.294248342514038
2018-04-24 00:15:00,27.2863682359457
2018-04-24 00:30:00,27.278488129377365
2018-04-24 00:45:00,27.27060802280903
2018-04-24 01:00:00,27.262727916240692
2018-04-24 01:15:00,27.254847809672356
2018-04-24 01:30:00,27.24696770310402
2018-04-24 01:45:00,27.239087596535683
2018-04-24 02:00:00,27.231207489967346
2018-04-24 02:15:00,27.22332738339901
2018-04-24 02:30:00,27.215447276830673
2018-04-24 02:45:00,27.207567170262337
2018-04-24 03:00:00,27.199687063694
2018-04-24 03:15:00,27.191806957125664
2018-04-24 03:30:00,27.183926850557327
2018-04-24 03:45:00,27.17604674398899
2018-04-24 04:00:00,27.168166637420654
2018-04-24 04:15:00,27.164215967059135
2018-04-24 04:30:00,27.160265296697617
2018-04-24 04:45:00,27.156314626336098
2018-04-24 05:00:00,27.15236395597458
2018-04-24 05:15:00,27.14841328561306
2018-04-24 05:30:00,27.14446261525154
2018-04-24 05:45:00,27.140511944890022
2018-04-24 06:00:00,27.136561274528503
2018-04-24 06:15:00,27.132610604166985
2018-04-24 06:30:00,27.128659933805466
2018-04-24 06:45:00,27.124709263443947
2018-04-24 07:00:00,27.120758593082428
2018-04-24 07:15:00,27.11680792272091
2018-04-24 07:30:00,27.11285725235939
2018-04-24 07:45:00,27.10890658199787
2018-04-24 08:00:00,27.104955911636353
2018-04-24 08:15:00,27.095047384500504
2018-04-24 08:30:00,27.085138857364655
2018-04-24 08:45:00,27.075230330228806
2018-04-24 09:00:00,27.065321803092957
2018-04-24 09:15:00,27.055413275957108
2018-04-24 09:30:00,27.04550474882126
2018-04-24 09:45:00,27.03559622168541
2018-04-24 10:00:00,27.02568769454956
2018-04-24 10:15:00,27.01577916741371
2018-04-24 10:30:00,27.005870640277863
2018-04-24 10:45:00,26.995962113142014
2018-04-24 11:00:00,26.986053586006165
2018-04-24 11:15:00,26.976145058870316
2018-04-24 11:30:00,26.966236531734467
2018-04-24 11:45:00,26.956328004598618
2018-04-24 12:00:00,26.94641947746277
2018-04-24 12:15:00,26.918434537947178
2018-04-24 12:30:00,26.890449598431587
2018-04-24 12:45:00,26.862464658915997
2018-04-24 13:00:00,26.834479719400406
2018-04-24 13:15:00,26.806494779884815
2018-04-24 13:30:00,26.778509840369225
2018-04-24 13:45:00,26.750524900853634
2018-04-24 14:00:00,26.722539961338043
2018-04-24 14:15:00,26.694555021822453
2018-04-24 14:30:00,26.666570082306862
2018-04-24 14:45:00,26.63858514279127
2018-04-24 15:00:00,26.61060020327568
2018-04-24 15:15:00,26.58261526376009
2018-04-24 15:30:00,26.5546303242445
2018-04-24 15:45:00,26.52664538472891
2018-04-24 16:00:00,26.498660445213318
2018-04-24 16:15:00,26.4723539352417
2018-04-24 16:30:00,26.44604742527008
2018-04-24 16:45:00,26.419740915298462
2018-04-24 17:00:00,26.393434405326843
2018-04-24 17:15:00,26.367127895355225
2018-04-24 17:30:00,26.340821385383606
2018-04-24 17:45:00,26.314514875411987
2018-04-24 18:00:00,26.28820836544037
2018-04-24 18:15:00,26.26190185546875
2018-04-24 18:30:00,26.23559534549713
2018-04-24 18:45:00,26.209288835525513
2018-04-24 19:00:00,26.182982325553894
2018-04-24 19:15:00,26.156675815582275
2018-04-24 19:30:00,26.130369305610657
2018-04-24 19:45:00,26.104062795639038
2018-04-24 20:00:00,26.07775628566742
2018-04-24 20:15:00,26.065510138869286
2018-04-24 20:30:00,26.05326399207115
2018-04-24 20:45:00,26.041017845273018
2018-04-24 21:00:00,26.028771698474884
2018-04-24 21:15:00,26.01652555167675
2018-04-24 21:30:00,26.004279404878616
2018-04-24 21:45:00,25.992033258080482
2018-04-24 22:00:00,25.97978711128235
2018-04-24 22:15:00,25.967540964484215
2018-04-24 22:30:00,25.95529481768608
2018-04-24 22:45:00,25.943048670887947
2018-04-24 23:00:00,25.930802524089813
2018-04-24 23:15:00,25.91855637729168
2018-04-24 23:30:00,25.906310230493546
2018-04-24 23:45:00,25.89406408369541
2018-04-25 00:00:00,25.881817936897278
2018-04-25 00:15:00,25.875669717788696
2018-04-25 00:30:00,25.869521498680115
2018-04-25 00:45:00,25.863373279571533
2018-04-25 01:00:00,25.85722506046295
2018-04-25 01:15:00,25.85107684135437
2018-04-25 01:30:00,25.84492862224579
2018-04-25 01:45:00,25.838780403137207
2018-04-25 02:00:00,25.832632184028625
2018-04-25 02:15:00,25.826483964920044
2018-04-25 02:30:00,25.820335745811462
2018-04-25 02:45:00,25.81418752670288
2018-04-25 03:00:00,25.8080393075943
2018-04-25 03:15:00,25.801891088485718
2018-04-25 03:30:00,25.795742869377136
2018-04-25 03:45:00,25.789594650268555
2018-04-25 04:00:00,25.783446431159973
2018-04-25 04:15:00,25.777281634509563
2018-04-25 04:30:00,25.771116837859154
2018-04-25 04:45:00,25.764952041208744
2018-04-25 05:00:00,25.758787244558334
2018-04-25 05:15:00,25.752622447907925
2018-04-25 05:30:00,25.746457651257515
2018-04-25 05:45:00,25.740292854607105
2018-04-25 06:00:00,25.734128057956696
2018-04-25 06:15:00,25.727963261306286
2018-04-25 06:30:00,25.721798464655876
2018-04-25 06:45:00,25.715633668005466
2018-04-25 07:00:00,25.709468871355057
2018-04-25 07:15:00,25.703304074704647
2018-04-25 07:30:00,25.697139278054237
2018-04-25 07:45:00,25.690974481403828
2018-04-25 08:00:00,25.684809684753418
2018-04-25 08:15:00,25.715467147529125
2018-04-25 08:30:00,25.746124610304832
2018-04-25 08:45:00,25.77678207308054
2018-04-25 09:00:00,25.807439535856247
2018-04-25 09:15:00,25.838096998631954
2018-04-25 09:30:00,25.86875446140766
2018-04-25 09:45:00,25.89941192418337
2018-04-25 10:00:00,25.930069386959076
2018-04-25 10:15:00,25.960726849734783
2018-04-25 10:30:00,25.99138431251049
2018-04-25 10:45:00,26.022041775286198
2018-04-25 11:00:00,26.052699238061905
2018-04-25 11:15:00,26.083356700837612
2018-04-25 11:30:00,26.11401416361332
2018-04-25 11:45:00,26.144671626389027
2018-04-25 12:00:00,26.175329089164734
2018-04-25 12:15:00,26.27455648034811
2018-04-25 12:30:00,26.373783871531487
2018-04-25 12:45:00,26.473011262714863
2018-04-25 13:00:00,26.57223865389824
2018-04-25 13:15:00,26.671466045081615
2018-04-25 13:30:00,26.77069343626499
2018-04-25 13:45:00,26.869920827448368
2018-04-25 14:00:00,26.969148218631744
2018-04-25 14:15:00,27.06837560981512
2018-04-25 14:30:00,27.167603000998497
2018-04-25 14:45:00,27.266830392181873
2018-04-25 15:00:00,27.36605778336525
2018-04-25 15:15:00,27.465285174548626
2018-04-25 15:30:00,27.564512565732002
2018-04-25 15:45:00,27.66373995691538
2018-04-25 16:00:00,27.762967348098755
2018-04-25 16:15:00,27.803310379385948
2018-04-25 16:30:00,27.84365341067314
2018-04-25 16:45:00,27.883996441960335
2018-04-25 17:00:00,27.924339473247528
2018-04-25 17:15:00,27.96468250453472
2018-04-25 17:30:00,28.005025535821915
2018-04-25 17:45:00,28.045368567109108
2018-04-25 18:00:00,28.0857115983963
2018-04-25 18:15:00,28.126054629683495
2018-04-25 18:30:00,28.166397660970688
2018-04-25 18:45:00,28.20674069225788
2018-04-25 19:00:00,28.247083723545074
2018-04-25 19:15:00,28.287426754832268
2018-04-25 19:30:00,28.32776978611946
2018-04-25 19:45:00,28.368112817406654
2018-04-25 20:00:00,28.408455848693848
2018-04-25 20:15:00,28.48134320229292
2018-04-25 20:30:00,28.55423055589199
2018-04-25 20:45:00,28.627117909491062
2018-04-25 21:00:00,28.700005263090134
2018-04-25 21:15:00,28.772892616689205
2018-04-25 21:30:00,28.845779970288277
2018-04-25 21:45:00,28.918667323887348
2018-04-25 22:00:00,28.99155467748642
2018-04-25 22:15:00,29.06444203108549
2018-04-25 22:30:00,29.137329384684563
2018-04-25 22:45:00,29.210216738283634
2018-04-25 23:00:00,29.283104091882706
2018-04-25 23:15:00,29.355991445481777
2018-04-25 23:30:00,29.42887879908085
2018-04-25 23:45:00,29.50176615267992
2018-04-26 00:00:00,29.57465350627899
2018-04-26 00:15:00,29.592923633754253
2018-04-26 00:30:00,29.611193761229515
2018-04-26 00:45:00,29.629463888704777
2018-04-26 01:00:00,29.64773401618004
2018-04-26 01:15:00,29.6660041436553
2018-04-26 01:30:00,29.684274271130562
2018-04-26 01:45:00,29.702544398605824
2018-04-26 02:00:00,29.720814526081085
2018-04-26 02:15:00,29.739084653556347
2018-04-26 02:30:00,29.75735478103161
2018-04-26 02:45:00,29.77562490850687
2018-04-26 03:00:00,29.793895035982132
2018-04-26 03:15:00,29.812165163457394
2018-04-26 03:30:00,29.830435290932655
2018-04-26 03:45:00,29.848705418407917
2018-04-26 04:00:00,29.86697554588318
2018-04-26 04:15:00,29.86515611410141
2018-04-26 04:30:00,29.86333668231964
2018-04-26 04:45:00,29.861517250537872
2018-04-26 05:00:00,29.859697818756104
2018-04-26 05:15:00,29.857878386974335
2018-04-26 05:30:00,29.856058955192566
2018-04-26 05:45:00,29.854239523410797
2018-04-26 06:00:00,29.85242009162903
2018-04-26 06:15:00,29.85060065984726
2018-04-26 06:30:00,29.84878122806549
2018-04-26 06:45:00,29.846961796283722
2018-04-26 07:00:00,29.845142364501953
2018-04-26 07:15:00,29.843322932720184
2018-04-26 07:30:00,29.841503500938416
2018-04-26 07:45:00,29.839684069156647
2018-04-26 08:00:00,29.837864637374878
2018-04-26 08:15:00,29.82691265642643
2018-04-26 08:30:00,29.81596067547798
2018-04-26 08:45:00,29.805008694529533
2018-04-26 09:00:00,29.794056713581085
2018-04-26 09:15:00,29.783104732632637
2018-04-26 09:30:00,29.77215275168419
2018-04-26 09:45:00,29.76120077073574
2018-04-26 10:00:00,29.750248789787292
2018-04-26 10:15:00,29.739296808838844
2018-04-26 10:30:00,29.728344827890396
2018-04-26 10:45:00,29.717392846941948
2018-04-26 11:00:00,29.7064408659935
2018-04-26 11:15:00,29.69548888504505
2018-04-26 11:30:00,29.684536904096603
2018-04-26 11:45:00,29.673584923148155
2018-04-26 12:00:00,29.662632942199707
2018-04-26 12:15:00,29.64424416422844
2018-04-26 12:30:00,29.62585538625717
2018-04-26 12:45:00,29.607466608285904
2018-04-26 13:00:00,29.589077830314636
2018-04-26 13:15:00,29.57068905234337
2018-04-26 13:30:00,29.5523002743721
2018-04-26 13:45:00,29.533911496400833
2018-04-26 14:00:00,29.515522718429565
2018-04-26 14:15:00,29.497133940458298
2018-04-26 14:30:00,29.47874516248703
2018-04-26 14:45:00,29.460356384515762
2018-04-26 15:00:00,29.441967606544495
2018-04-26 15:15:00,29.423578828573227
2018-04-26 15:30:00,29.40519005060196
2018-04-26 15:45:00,29.38680127263069
2018-04-26 16:00:00,29.368412494659424
2018-04-26 16:15:00,29.34425175189972
2018-04-26 16:30:00,29.320091009140015
2018-04-26 16:45:00,29.29593026638031
2018-04-26 17:00:00,29.271769523620605
2018-04-26 17:15:00,29.2476087808609
2018-04-26 17:30:00,29.223448038101196
2018-04-26 17:45:00,29.19928729534149
2018-04-26 18:00:00,29.175126552581787
2018-04-26 18:15:00,29.150965809822083
2018-04-26 18:30:00,29.126805067062378
2018-04-26 18:45:00,29.102644324302673
2018-04-26 19:00:00,29.07848358154297
2018-04-26 19:15:00,29.054322838783264
2018-04-26 19:30:00,29.03016209602356
2018-04-26 19:45:00,29.006001353263855
2018-04-26 20:00:00,28.98184061050415
2018-04-26 20:15:00,28.97434812039137
2018-04-26 20:30:00,28.966855630278587
2018-04-26 20:45:00,28.959363140165806
2018-04-26 21:00:00,28.951870650053024
2018-04-26 21:15:00,28.944378159940243
2018-04-26 21:30:00,28.93688566982746
2018-04-26 21:45:00,28.92939317971468
2018-04-26 22:00:00,28.921900689601898
2018-04-26 22:15:00,28.914408199489117
2018-04-26 22:30:00,28.906915709376335
2018-04-26 22:45:00,28.899423219263554
2018-04-26 23:00:00,28.891930729150772
2018-04-26 23:15:00,28.88443823903799
2018-04-26 23:30:00,28.87694574892521
2018-04-26 23:45:00,28.869453258812428
2018-04-27 00:00:00,28.861960768699646
2018-04-27 00:15:00,28.858204185962677
2018-04-27 00:30:00,28.854447603225708
2018-04-27 00:45:00,28.85069102048874
2018-04-27 01:00:00,28.84693443775177
2018-04-27 01:15:00,28.8431778550148
2018-04-27 01:30:00,28.839421272277832
2018-04-27 01:45:00,28.835664689540863
2018-04-27 02:00:00,28.831908106803894
2018-04-27 02:15:00,28.828151524066925
2018-04-27 02:30:00,28.824394941329956
2018-04-27 02:45:00,28.820638358592987
2018-04-27 03:00:00,28.816881775856018
2018-04-27 03:15:00,28.81312519311905
2018-04-27 03:30:00,28.80936861038208
2018-04-27 03:45:00,28.80561202764511
2018-04-27 04:00:00,28.801855444908142
2018-04-27 04:15:00,28.79997454583645
2018-04-27 04:30:00,28.798093646764755
2018-04-27 04:45:00,28.796212747693062
2018-04-27 05:00:00,28.79433184862137
2018-04-27 05:15:00,28.792450949549675
2018-04-27 05:30:00,28.79057005047798
2018-04-27 05:45:00,28.788689151406288
2018-04-27 06:00:00,28.786808252334595
2018-04-27 06:15:00,28.7849273532629
2018-04-27 06:30:00,28.783046454191208
2018-04-27 06:45:00,28.781165555119514
2018-04-27 07:00:00,28.77928465604782
2018-04-27 07:15:00,28.777403756976128
2018-04-27 07:30:00,28.775522857904434
2018-04-27 07:45:00,28.77364195883274
2018-04-27 08:00:00,28.771761059761047
2018-04-27 08:15:00,28.76233048737049
2018-04-27 08:30:00,28.752899914979935
2018-04-27 08:45:00,28.74346934258938
2018-04-27 09:00:00,28.734038770198822
2018-04-27 09:15:00,28.724608197808266
2018-04-27 09:30:00,28.71517762541771
2018-04-27 09:45:00,28.705747053027153
2018-04-27 10:00:00,28.696316480636597
2018-04-27 10:15:00,28.68688590824604
2018-04-27 10:30:00,28.677455335855484
2018-04-27 10:45:00,28.668024763464928
2018-04-27 11:00:00,28.65859419107437
2018-04-27 11:15:00,28.649163618683815
2018-04-27 11:30:00,28.63973304629326
2018-04-27 11:45:00,28.630302473902702
2018-04-27 12:00:00,28.620871901512146
2018-04-27 12:15:00,28.580787032842636
2018-04-27 12:30:00,28.540702164173126
2018-04-27 12:45:00,28.500617295503616
2018-04-27 13:00:00,28.460532426834106
2018-04-27 13:15:00,28.420447558164597
2018-04-27 13:30:00,28.380362689495087
2018-04-27 13:45:00,28.340277820825577
2018-04-27 14:00:00,28.300192952156067
2018-04-27 14:15:00,28.260108083486557
2018-04-27 14:30:00,28.220023214817047
2018-04-27 14:45:00,28.179938346147537
2018-04-27 15:00:00,28.139853477478027
2018-04-27 15:15:00,28.099768608808517
2018-04-27 15:30:00,28.059683740139008
2018-04-27 15:45:00,28.019598871469498
2018-04-27 16:00:00,27.979514002799988
2018-04-27 16:15:00,27.942576073110104
2018-04-27 16:30:00,27.90563814342022
2018-04-27 16:45:00,27.868700213730335
2018-04-27 17:00:00,27.83176228404045
2018-04-27 17:15:00,27.794824354350567
2018-04-27 17:30:00,27.757886424660683
2018-04-27 17:45:00,27.7209484949708
2018-04-27 18:00:00,27.684010565280914
2018-04-27 18:15:00,27.64707263559103
2018-04-27 18:30:00,27.610134705901146
2018-04-27 18:45:00,27.57319677621126
2018-04-27 19:00:00,27.536258846521378
2018-04-27 19:15:00,27.499320916831493
2018-04-27 19:30:00,27.46238298714161
2018-04-27 19:45:00,27.425445057451725
2018-04-27 20:00:00,27.38850712776184
2018-04-27 20:15:00,27.37867943942547
2018-04-27 20:30:00,27.368851751089096
2018-04-27 20:45:00,27.359024062752724
2018-04-27 21:00:00,27.34919637441635
2018-04-27 21:15:00,27.33936868607998
2018-04-27 21:30:00,27.329540997743607
2018-04-27 21:45:00,27.319713309407234
2018-04-27 22:00:00,27.309885621070862
2018-04-27 22:15:00,27.30005793273449
2018-04-27 22:30:00,27.290230244398117
2018-04-27 22:45:00,27.280402556061745
2018-04-27 23:00:00,27.270574867725372
2018-04-27 23:15:00,27.260747179389
2018-04-27 23:30:00,27.250919491052628
2018-04-27 23:45:00,27.241091802716255
2018-04-28 00:00:00,27.231264114379883
2018-04-28 00:15:00,27.225346118211746
2018-04-28 00:30:00,27.21942812204361
2018-04-28 00:45:00,27.213510125875473
2018-04-28 01:00:00,27.207592129707336
2018-04-28 01:15:00,27.2016741335392
2018-04-28 01:30:00,27.195756137371063
2018-04-28 01:45:00,27.189838141202927
2018-04-28 02:00:00,27.18392014503479
2018-04-28 02:15:00,27.178002148866653
2018-04-28 02:30:00,27.172084152698517
2018-04-28 02:45:00,27.16616615653038
2018-04-28 03:00:00,27.160248160362244
2018-04-28 03:15:00,27.154330164194107
2018-04-28 03:30:00,27.14841216802597
2018-04-28 03:45:00,27.142494171857834
2018-04-28 04:00:00,27.136576175689697
2018-04-28 04:15:00,27.13262178003788
2018-04-28 04:30:00,27.128667384386063
2018-04-28 04:45:00,27.124712988734245
2018-04-28 05:00:00,27.120758593082428
2018-04-28 05:15:00,27.11680419743061
2018-04-28 05:30:00,27.112849801778793
2018-04-28 05:45:00,27.108895406126976
2018-04-28 06:00:00,27.10494101047516
2018-04-28 06:15:00,27.10098661482334
2018-04-28 06:30:00,27.097032219171524
2018-04-28 06:45:00,27.093077823519707
2018-04-28 07:00:00,27.08912342786789
2018-04-28 07:15:00,27.085169032216072
2018-04-28 07:30:00,27.081214636564255
2018-04-28 07:45:00,27.077260240912437
2018-04-28 08:00:00,27.07330584526062
2018-04-28 08:15:00,27.067360654473305
2018-04-28 08:30:00,27.06141546368599
2018-04-28 08:45:00,27.055470272898674
2018-04-28 09:00:00,27.04952508211136
2018-04-28 09:15:00,27.043579891324043
2018-04-28 09:30:00,27.037634700536728
2018-04-28 09:45:00,27.031689509749413
2018-04-28 10:00:00,27.025744318962097
2018-04-28 10:15:00,27.019799128174782
2018-04-28 10:30:00,27.013853937387466
2018-04-28 10:45:00,27.00790874660015
2018-04-28 11:00:00,27.001963555812836
2018-04-28 11:15:00,26.99601836502552
2018-04-28 11:30:00,26.990073174238205
2018-04-28 11:45:00,26.98412798345089
2018-04-28 12:00:00,26.978182792663574
2018-04-28 12:15:00,26.950223371386528
2018-04-28 12:30:00,26.922263950109482
2018-04-28 12:45:00,26.894304528832436
2018-04-28 13:00:00,26.86634510755539
2018-04-28 13:15:00,26.838385686278343
2018-04-28 13:30:00,26.810426265001297
2018-04-28 13:45:00,26.78246684372425
2018-04-28 14:00:00,26.754507422447205
2018-04-28 14:15:00,26.72654800117016
2018-04-28 14:30:00,26.698588579893112
2018-04-28 14:45:00,26.670629158616066
2018-04-28 15:00:00,26.64266973733902
2018-04-28 15:15:00,26.614710316061974
2018-04-28 15:30:00,26.586750894784927
2018-04-28 15:45:00,26.55879147350788
2018-04-28 16:00:00,26.530832052230835
2018-04-28 16:15:00,26.50454957038164
2018-04-28 16:30:00,26.478267088532448
2018-04-28 16:45:00,26.451984606683254
2018-04-28 17:00:00,26.42570212483406
2018-04-28 17:15:00,26.399419642984867
2018-04-28 17:30:00,26.373137161135674
2018-04-28 17:45:00,26.34685467928648
2018-04-28 18:00:00,26.320572197437286
2018-04-28 18:15:00,26.294289715588093
2018-04-28 18:30:00,26.2680072337389
2018-04-28 18:45:00,26.241724751889706
2018-04-28 19:00:00,26.215442270040512
2018-04-28 19:15:00,26.18915978819132
2018-04-28 19:30:00,26.162877306342125
2018-04-28 19:45:00,26.13659482449293
2018-04-28 20:00:00,26.110312342643738
2018-04-28 20:15:00,26.10012087970972
2018-04-28 20:30:00,26.089929416775703
2018-04-28 20:45:00,26.079737953841686
2018-04-28 21:00:00,26.06954649090767
2018-04-28 21:15:00,26.059355027973652
2018-04-28 21:30:00,26.049163565039635
2018-04-28 21:45:00,26.038972102105618
2018-04-28 22:00:00,26.0287806391716
2018-04-28 22:15:00,26.018589176237583
2018-04-28 22:30:00,26.008397713303566
2018-04-28 22:45:00,25.99820625036955
2018-04-28 23:00:00,25.98801478743553
2018-04-28 23:15:00,25.977823324501514
2018-04-28 23:30:00,25.967631861567497
2018-04-28 23:45:00,25.95744039863348
2018-04-29 00:00:00,25.947248935699463
2018-04-29 00:15:00,25.943159498274326
2018-04-29 00:30:00,25.93907006084919
2018-04-29 00:45:00,25.934980623424053
2018-04-29 01:00:00,25.930891185998917
2018-04-29 01:15:00,25.92680174857378
2018-04-29 01:30:00,25.922712311148643
2018-04-29 01:45:00,25.918622873723507
2018-04-29 02:00:00,25.91453343629837
2018-04-29 02:15:00,25.910443998873234
2018-04-29 02:30:00,25.906354561448097
2018-04-29 02:45:00,25.90226512402296
2018-04-29 03:00:00,25.898175686597824
2018-04-29 03:15:00,25.894086249172688
2018-04-29 03:30:00,25.88999681174755
2018-04-29 03:45:00,25.885907374322414
2018-04-29 04:00:00,25.881817936897278
2018-04-29 04:15:00,25.87977033108473
2018-04-29 04:30:00,25.87772272527218
2018-04-29 04:45:00,25.87567511945963
2018-04-29 05:00:00,25.87362751364708
2018-04-29 05:15:00,25.87157990783453
2018-04-29 05:30:00,25.86953230202198
2018-04-29 05:45:00,25.86748469620943
2018-04-29 06:00:00,25.86543709039688
2018-04-29 06:15:00,25.86338948458433
2018-04-29 06:30:00,25.861341878771782
2018-04-29 06:45:00,25.859294272959232
2018-04-29 07:00:00,25.857246667146683
2018-04-29 07:15:00,25.855199061334133
2018-04-29 07:30:00,25.853151455521584
2018-04-29 07:45:00,25.851103849709034
2018-04-29 08:00:00,25.849056243896484
2018-04-29 08:15:00,25.844955630600452
2018-04-29 08:30:00,25.84085501730442
2018-04-29 08:45:00,25.83675440400839
2018-04-29 09:00:00,25.832653790712357
2018-04-29 09:15:00,25.828553177416325
2018-04-29 09:30:00,25.824452564120293
2018-04-29 09:45:00,25.82035195082426
2018-04-29 10:00:00,25.81625133752823
2018-04-29 10:15:00,25.812150724232197
2018-04-29 10:30:00,25.808050110936165
2018-04-29 10:45:00,25.803949497640133
2018-04-29 11:00:00,25.7998488843441
2018-04-29 11:15:00,25.79574827104807
2018-04-29 11:30:00,25.791647657752037
2018-04-29 11:45:00,25.787547044456005
2018-04-29 12:00:00,25.783446431159973
2018-04-29 12:15:00,25.764901749789715
2018-04-29 12:30:00,25.746357068419456
2018-04-29 12:45:00,25.727812387049198
2018-04-29 13:00:00,25.70926770567894
2018-04-29 13:15:00,25.69072302430868
2018-04-29 13:30:00,25.672178342938423
2018-04-29 13:45:00,25.653633661568165
2018-04-29 14:00:00,25.635088980197906
2018-04-29 14:15:00,25.616544298827648
2018-04-29 14:30:00,25.59799961745739
2018-04-29 14:45:00,25.57945493608713
2018-04-29 15:00:00,25.560910254716873
2018-04-29 15:15:00,25.542365573346615
2018-04-29 15:30:00,25.523820891976357
2018-04-29 15:45:00,25.505276210606098
2018-04-29 16:00:00,25.48673152923584
2018-04-29 16:15:00,25.465949065983295
2018-04-29 16:30:00,25.44516660273075
2018-04-29 16:45:00,25.424384139478207
2018-04-29 17:00:00,25.403601676225662
2018-04-29 17:15:00,25.382819212973118
2018-04-29 17:30:00,25.362036749720573
2018-04-29 17:45:00,25.34125428646803
2018-04-29 18:00:00,25.320471823215485
2018-04-29 18:15:00,25.29968935996294
2018-04-29 18:30:00,25.278906896710396
2018-04-29 18:45:00,25.25812443345785
2018-04-29 19:00:00,25.237341970205307
2018-04-29 19:15:00,25.216559506952763
2018-04-29 19:30:00,25.195777043700218
2018-04-29 19:45:00,25.174994580447674
2018-04-29 20:00:00,25.15421211719513
2018-04-29 20:15:00,25.14375038444996
2018-04-29 20:30:00,25.133288651704788
2018-04-29 20:45:00,25.122826918959618
2018-04-29 21:00:00,25.112365186214447
2018-04-29 21:15:00,25.101903453469276
2018-04-29 21:30:00,25.091441720724106
2018-04-29 21:45:00,25.080979987978935
2018-04-29 22:00:00,25.070518255233765
2018-04-29 22:15:00,25.060056522488594
2018-04-29 22:30:00,25.049594789743423
2018-04-29 22:45:00,25.039133056998253
2018-04-29 23:00:00,25.028671324253082
2018-04-29 23:15:00,25.01820959150791
2018-04-29 23:30:00,25.00774785876274
2018-04-29 23:45:00,24.99728612601757
2018-04-30 00:00:00,24.9868243932724
2018-04-30 00:15:00,24.982626549899578
2018-04-30 00:30:00,24.978428706526756
2018-04-30 00:45:00,24.974230863153934
2018-04-30 01:00:00,24.970033019781113
2018-04-30 01:15:00,24.96583517640829
2018-04-30 01:30:00,24.96163733303547
2018-04-30 01:45:00,24.957439489662647
2018-04-30 02:00:00,24.953241646289825
2018-04-30 02:15:00,24.949043802917004
2018-04-30 02:30:00,24.944845959544182
2018-04-30 02:45:00,24.94064811617136
2018-04-30 03:00:00,24.936450272798538
2018-04-30 03:15:00,24.932252429425716
2018-04-30 03:30:00,24.928054586052895
2018-04-30 03:45:00,24.923856742680073
2018-04-30 04:00:00,24.91965889930725
2018-04-30 04:15:00,24.917557183653116
2018-04-30 04:30:00,24.91545546799898
2018-04-30 04:45:00,24.913353752344847
2018-04-30 05:00:00,24.911252036690712
2018-04-30 05:15:00,24.909150321036577
2018-04-30 05:30:00,24.907048605382442
2018-04-30 05:45:00,24.904946889728308
2018-04-30 06:00:00,24.902845174074173
2018-04-30 06:15:00,24.900743458420038
2018-04-30 06:30:00,24.898641742765903
2018-04-30 06:45:00,24.89654002711177
2018-04-30 07:00:00,24.894438311457634
2018-04-30 07:15:00,24.8923365958035
2018-04-30 07:30:00,24.890234880149364
2018-04-30 07:45:00,24.88813316449523
2018-04-30 08:00:00,24.886031448841095
2018-04-30 08:15:00,24.879714753478765
2018-04-30 08:30:00,24.873398058116436
2018-04-30 08:45:00,24.867081362754107
2018-04-30 09:00:00,24.860764667391777
2018-04-30 09:15:00,24.854447972029448
2018-04-30 09:30:00,24.848131276667118
2018-04-30 09:45:00,24.84181458130479
2018-04-30 10:00:00,24.83549788594246
2018-04-30 10:15:00,24.82918119058013
2018-04-30 10:30:00,24.8228644952178
2018-04-30 10:45:00,24.81654779985547
2018-04-30 11:00:00,24.81023110449314
2018-04-30 11:15:00,24.80391440913081
2018-04-30 11:30:00,24.797597713768482
2018-04-30 11:45:00,24.791281018406153
2018-04-30 12:00:00,24.784964323043823
2018-04-30 12:15:00,24.770159274339676
2018-04-30 12:30:00,24.75535422563553
2018-04-30 12:45:00,24.74054917693138
2018-04-30 13:00:00,24.725744128227234
2018-04-30 13:15:00,24.710939079523087
2018-04-30 13:30:00,24.69613403081894
2018-04-30 13:45:00,24.681328982114792
2018-04-30 14:00:00,24.666523933410645
2018-04-30 14:15:00,24.651718884706497
2018-04-30 14:30:00,24.63691383600235
2018-04-30 14:45:00,24.622108787298203
2018-04-30 15:00:00,24.607303738594055
2018-04-30 15:15:00,24.592498689889908
2018-04-30 15:30:00,24.57769364118576
2018-04-30 15:45:00,24.562888592481613
2018-04-30 16:00:00,24.548083543777466
2018-04-30 16:15:00,24.53104918822646
2018-04-30 16:30:00,24.514014832675457
2018-04-30 16:45:00,24.496980477124453
2018-04-30 17:00:00,24.479946121573448
2018-04-30 17:15:00,24.462911766022444
2018-04-30 17:30:00,24.44587741047144
2018-04-30 17:45:00,24.428843054920435
2018-04-30 18:00:00,24.41180869936943
2018-04-30 18:15:00,24.394774343818426
2018-04-30 18:30:00,24.37773998826742
2018-04-30 18:45:00,24.360705632716417
2018-04-30 19:00:00,24.343671277165413
2018-04-30 19:15:00,24.32663692161441
2018-04-30 19:30:00,24.309602566063404
2018-04-30 19:45:00,24.2925682105124
2018-04-30 20:00:00,24.275533854961395
2018-04-30 20:15:00,24.26482532173395
2018-04-30 20:30:00,24.254116788506508
2018-04-30 20:45:00,24.243408255279064
2018-04-30 21:00:00,24.23269972205162
2018-04-30 21:15:00,24.221991188824177
2018-04-30 21:30:00,24.211282655596733
2018-04-30 21:45:00,24.20057412236929
2018-04-30 22:00:00,24.189865589141846
2018-04-30 22:15:00,24.179157055914402
2018-04-30 22:30:00,24.16844852268696
2018-04-30 22:45:00,24.157739989459515
2018-04-30 23:00:00,24.14703145623207
2018-04-30 23:15:00,24.136322923004627
2018-04-30 23:30:00,24.125614389777184
2018-04-30 23:45:00,24.11490585654974
2018-05-01 00:00:00,24.104197323322296
2018-05-01 00:15:00,24.09774921834469
2018-05-01 00:30:00,24.09130111336708
2018-05-01 00:45:00,24.084853008389473
2018-05-01 01:00:00,24.078404903411865
2018-05-01 01:15:00,24.071956798434258
2018-05-01 01:30:00,24.06550869345665
2018-05-01 01:45:00,24.059060588479042
2018-05-01 02:00:00,24.052612483501434
2018-05-01 02:15:00,24.046164378523827
2018-05-01 02:30:00,24.03971627354622
2018-05-01 02:45:00,24.03326816856861
2018-05-01 03:00:00,24.026820063591003
2018-05-01 03:15:00,24.020371958613396
2018-05-01 03:30:00,24.013923853635788
2018-05-01 03:45:00,24.00747574865818
2018-05-01 04:00:00,24.001027643680573
2018-05-01 04:15:00,23.996719252318144
2018-05-01 04:30:00,23.992410860955715
2018-05-01 04:45:00,23.988102469593287
2018-05-01 05:00:00,23.983794078230858
2018-05-01 05:15:00,23.97948568686843
2018-05-01 05:30:00,23.975177295506
2018-05-01 05:45:00,23.970868904143572
2018-05-01 06:00:00,23.966560512781143
2018-05-01 06:15:00,23.962252121418715
2018-05-01 06:30:00,23.957943730056286
2018-05-01 06:45:00,23.953635338693857
2018-05-01 07:00:00,23.94932694733143
2018-05-01 07:15:00,23.945018555969
2018-05-01 07:30:00,23.94071016460657
2018-05-01 07:45:00,23.936401773244143
2018-05-01 08:00:00,23.932093381881714
2018-05-01 08:15:00,23.92993625253439
2018-05-01 08:30:00,23.927779123187065
2018-05-01 08:45:00,23.92562199383974
2018-05-01 09:00:00,23.923464864492416
2018-05-01 09:15:00,23.921307735145092
2018-05-01 09:30:00,23.919150605797768
2018-05-01 09:45:00,23.916993476450443
2018-05-01 10:00:00,23.91483634710312
2018-05-01 10:15:00,23.912679217755795
2018-05-01 10:30:00,23.91052208840847
2018-05-01 10:45:00,23.908364959061146
2018-05-01 11:00:00,23.90620782971382
2018-05-01 11:15:00,23.904050700366497
2018-05-01 11:30:00,23.901893571019173
2018-05-01 11:45:00,23.89973644167185
2018-05-01 12:00:00,23.897579312324524
2018-05-01 12:15:00,23.888931702822447
2018-05-01 12:30:00,23.88028409332037
2018-05-01 12:45:00,23.871636483818293
2018-05-01 13:00:00,23.862988874316216
2018-05-01 13:15:00,23.85434126481414
2018-05-01 13:30:00,23.84569365531206
2018-05-01 13:45:00,23.837046045809984
2018-05-01 14:00:00,23.828398436307907
2018-05-01 14:15:00,23.81975082680583
2018-05-01 14:30:00,23.811103217303753
2018-05-01 14:45:00,23.802455607801676
2018-05-01 15:00:00,23.7938079982996
2018-05-01 15:15:00,23.78516038879752
2018-05-01 15:30:00,23.776512779295444
2018-05-01 15:45:00,23.767865169793367
2018-05-01 16:00:00,23.75921756029129
2018-05-01 16:15:00,23.750539030879736
2018-05-01 16:30:00,23.74186050146818
2018-05-01 16:45:00,23.733181972056627
2018-05-01 17:00:00,23.724503442645073
2018-05-01 17:15:00,23.71582491323352
2018-05-01 17:30:00,23.707146383821964
2018-05-01 17:45:00,23.69846785441041
2018-05-01 18:00:00,23.689789324998856
2018-05-01 18:15:00,23.6811107955873
2018-05-01 18:30:00,23.672432266175747
2018-05-01 18:45:00,23.663753736764193
2018-05-01 19:00:00,23.65507520735264
2018-05-01 19:15:00,23.646396677941084
2018-05-01 19:30:00,23.63771814852953
2018-05-01 19:45:00,23.629039619117975
2018-05-01 20:00:00,23.62036108970642
2018-05-01 20:15:00,23.61601023003459
2018-05-01 20:30:00,23.61165937036276
2018-05-01 20:45:00,23.607308510690928
2018-05-01 21:00:00,23.602957651019096
2018-05-01 21:15:00,23.598606791347265
2018-05-01 21:30:00,23.594255931675434
2018-05-01 21:45:00,23.589905072003603
2018-05-01 22:00:00,23.585554212331772
2018-05-01 22:15:00,23.58120335265994
2018-05-01 22:30:00,23.57685249298811
2018-05-01 22:45:00,23.57250163331628
2018-05-01 23:00:00,23.568150773644447
2018-05-01 23:15:00,23.563799913972616
2018-05-01 23:30:00,23.559449054300785
2018-05-01 23:45:00,23.555098194628954
2018-05-02 00:00:00,23.550747334957123
2018-05-02 00:15:00,23.548568971455097
2018-05-02 00:30:00,23.54639060795307
2018-05-02 00:45:00,23.544212244451046
2018-05-02 01:00:00,23.54203388094902
2018-05-02 01:15:00,23.539855517446995
2018-05-02 01:30:00,23.53767715394497
2018-05-02 01:45:00,23.535498790442944
2018-05-02 02:00:00,23.533320426940918
2018-05-02 02:15:00,23.531142063438892
2018-05-02 02:30:00,23.528963699936867
2018-05-02 02:45:00,23.52678533643484
2018-05-02 03:00:00,23.524606972932816
2018-05-02 03:15:00,23.52242860943079
2018-05-02 03:30:00,23.520250245928764
2018-05-02 03:45:00,23.51807188242674
2018-05-02 04:00:00,23.515893518924713
2018-05-02 04:15:00,23.5115310177207
2018-05-02 04:30:00,23.507168516516685
2018-05-02 04:45:00,23.50280601531267
2018-05-02 05:00:00,23.498443514108658
2018-05-02 05:15:00,23.494081012904644
2018-05-02 05:30:00,23.48971851170063
2018-05-02 05:45:00,23.485356010496616
2018-05-02 06:00:00,23.480993509292603
2018-05-02 06:15:00,23.47663100808859
2018-05-02 06:30:00,23.472268506884575
2018-05-02 06:45:00,23.46790600568056
2018-05-02 07:00:00,23.463543504476547
2018-05-02 07:15:00,23.459181003272533
2018-05-02 07:30:00,23.45481850206852
2018-05-02 07:45:00,23.450456000864506
2018-05-02 08:00:00,23.446093499660492
2018-05-02 08:15:00,23.443909361958504
2018-05-02 08:30:00,23.441725224256516
2018-05-02 08:45:00,23.439541086554527
2018-05-02 09:00:00,23.43735694885254
2018-05-02 09:15:00,23.43517281115055
2018-05-02 09:30:00,23.432988673448563
2018-05-02 09:45:00,23.430804535746574
2018-05-02 10:00:00,23.428620398044586
2018-05-02 10:15:00,23.426436260342598
2018-05-02 10:30:00,23.42425212264061
2018-05-02 10:45:00,23.42206798493862
2018-05-02 11:00:00,23.419883847236633
2018-05-02 11:15:00,23.417699709534645
2018-05-02 11:30:00,23.415515571832657
2018-05-02 11:45:00,23.41333143413067
2018-05-02 12:00:00,23.41114729642868
2018-05-02 12:15:00,23.404583055526018
2018-05-02 12:30:00,23.398018814623356
2018-05-02 12:45:00,23.391454573720694
2018-05-02 13:00:00,23.38489033281803
2018-05-02 13:15:00,23.37832609191537
2018-05-02 13:30:00,23.371761851012707
2018-05-02 13:45:00,23.365197610110044
2018-05-02 14:00:00,23.358633369207382
2018-05-02 14:15:00,23.35206912830472
2018-05-02 14:30:00,23.345504887402058
2018-05-02 14:45:00,23.338940646499395
2018-05-02 15:00:00,23.332376405596733
2018-05-02 15:15:00,23.32581216469407
2018-05-02 15:30:00,23.31924792379141
2018-05-02 15:45:00,23.312683682888746
2018-05-02 16:00:00,23.306119441986084
2018-05-02 16:15:00,23.297339864075184
2018-05-02 16:30:00,23.288560286164284
2018-05-02 16:45:00,23.279780708253384
2018-05-02 17:00:00,23.271001130342484
2018-05-02 17:15:00,23.262221552431583
2018-05-02 17:30:00,23.253441974520683
2018-05-02 17:45:00,23.244662396609783
2018-05-02 18:00:00,23.235882818698883
2018-05-02 18:15:00,23.227103240787983
2018-05-02 18:30:00,23.218323662877083
2018-05-02 18:45:00,23.209544084966183
2018-05-02 19:00:00,23.200764507055283
2018-05-02 19:15:00,23.191984929144382
2018-05-02 19:30:00,23.183205351233482
2018-05-02 19:45:00,23.174425773322582
2018-05-02 20:00:00,23.165646195411682
2018-05-02 20:15:00,23.16124476492405
2018-05-02 20:30:00,23.156843334436417
2018-05-02 20:45:00,23.152441903948784
2018-05-02 21:00:00,23.14804047346115
2018-05-02 21:15:00,23.14363904297352
2018-05-02 21:30:00,23.139237612485886
2018-05-02 21:45:00,23.134836181998253
2018-05-02 22:00:00,23.13043475151062
2018-05-02 22:15:00,23.126033321022987
2018-05-02 22:30:00,23.121631890535355
2018-05-02 22:45:00,23.117230460047722
2018-05-02 23:00:00,23.11282902956009
2018-05-02 23:15:00,23.108427599072456
2018-05-02 23:30:00,23.104026168584824
2018-05-02 23:45:00,23.09962473809719
2018-05-03 00:00:00,23.095223307609558
2018-05-03 00:15:00,23.507515899837017
2018-05-03 00:30:00,23.919808492064476
2018-05-03 00:45:00,24.332101084291935
2018-05-03 01:00:00,24.744393676519394
2018-05-03 01:15:00,25.156686268746853
2018-05-03 01:30:00,25.568978860974312
2018-05-03 01:45:00,25.98127145320177
2018-05-03 02:00:00,26.39356404542923
2018-05-03 02:15:00,26.80585663765669
2018-05-03 02:30:00,27.218149229884148
2018-05-03 02:45:00,27.630441822111607
2018-05-03 03:00:00,28.042734414339066
2018-05-03 03:15:00,28.455027006566525
2018-05-03 03:30:00,28.867319598793983
2018-05-03 03:45:00,29.279612191021442
2018-05-03 04:00:00,29.6919047832489
2018-05-03 04:15:00,29.83459234237671
2018-05-03 04:30:00,29.977279901504517
2018-05-03 04:45:00,30.119967460632324
2018-05-03 05:00:00,30.262655019760132
2018-05-03 05:15:00,30.40534257888794
2018-05-03 05:30:00,30.548030138015747
2018-05-03 05:45:00,30.690717697143555
2018-05-03 06:00:00,30.833405256271362
2018-05-03 06:15:00,30.97609281539917
2018-05-03 06:30:00,31.118780374526978
2018-05-03 06:45:00,31.261467933654785
2018-05-03 07:00:00,31.404155492782593
2018-05-03 07:15:00,31.5468430519104
2018-05-03 07:30:00,31.689530611038208
2018-05-03 07:45:00,31.832218170166016
2018-05-03 08:00:00,31.974905729293823
2018-05-03 08:15:00,32.26709831506014
2018-05-03 08:30:00,32.559290900826454
2018-05-03 08:45:00,32.85148348659277
2018-05-03 09:00:00,33.143676072359085
2018-05-03 09:15:00,33.4358686581254
2018-05-03 09:30:00,33.728061243891716
2018-05-03 09:45:00,34.02025382965803
2018-05-03 10:00:00,34.31244641542435
2018-05-03 10:15:00,34.60463900119066
2018-05-03 10:30:00,34.89683158695698
2018-05-03 10:45:00,35.18902417272329
2018-05-03 11:00:00,35.48121675848961
2018-05-03 11:15:00,35.773409344255924
2018-05-03 11:30:00,36.06560193002224
2018-05-03 11:45:00,36.357794515788555
2018-05-03 12:00:00,36.64998710155487
2018-05-03 12:15:00,36.707098223268986
2018-05-03 12:30:00,36.7642093449831
2018-05-03 12:45:00,36.821320466697216
2018-05-03 13:00:00,36.87843158841133
2018-05-03 13:15:00,36.935542710125446
2018-05-03 13:30:00,36.99265383183956
2018-05-03 13:45:00,37.04976495355368
2018-05-03 14:00:00,37.10687607526779
2018-05-03 14:15:00,37.16398719698191
2018-05-03 14:30:00,37.22109831869602
2018-05-03 14:45:00,37.27820944041014
2018-05-03 15:00:00,37.33532056212425
2018-05-03 15:15:00,37.39243168383837
2018-05-03 15:30:00,37.44954280555248
2018-05-03 15:45:00,37.5066539272666
2018-05-03 16:00:00,37.56376504898071
2018-05-03 16:15:00,37.397791258990765
2018-05-03 16:30:00,37.231817469000816
2018-05-03 16:45:00,37.06584367901087
2018-05-03 17:00:00,36.89986988902092
2018-05-03 17:15:00,36.73389609903097
2018-05-03 17:30:00,36.56792230904102
2018-05-03 17:45:00,36.401948519051075
2018-05-03 18:00:00,36.23597472906113
2018-05-03 18:15:00,36.07000093907118
2018-05-03 18:30:00,35.90402714908123
2018-05-03 18:45:00,35.73805335909128
2018-05-03 19:00:00,35.572079569101334
2018-05-03 19:15:00,35.406105779111385
2018-05-03 19:30:00,35.24013198912144
2018-05-03 19:45:00,35.07415819913149
2018-05-03 20:00:00,34.90818440914154
2018-05-03 20:15:00,34.83019433915615
2018-05-03 20:30:00,34.75220426917076
2018-05-03 20:45:00,34.67421419918537
2018-05-03 21:00:00,34.59622412919998
2018-05-03 21:15:00,34.51823405921459
2018-05-03 21:30:00,34.4402439892292
2018-05-03 21:45:00,34.36225391924381
2018-05-03 22:00:00,34.28426384925842
2018-05-03 22:15:00,34.20627377927303
2018-05-03 22:30:00,34.12828370928764
2018-05-03 22:45:00,34.050293639302254
2018-05-03 23:00:00,33.972303569316864
2018-05-03 23:15:00,33.894313499331474
2018-05-03 23:30:00,33.816323429346085
2018-05-03 23:45:00,33.738333359360695
2018-05-04 00:00:00,33.660343289375305
2018-05-04 00:15:00,33.634599670767784
2018-05-04 00:30:00,33.60885605216026
2018-05-04 00:45:00,33.58311243355274
2018-05-04 01:00:00,33.55736881494522
2018-05-04 01:15:00,33.5316251963377
2018-05-04 01:30:00,33.50588157773018
2018-05-04 01:45:00,33.48013795912266
2018-05-04 02:00:00,33.45439434051514
2018-05-04 02:15:00,33.428650721907616
2018-05-04 02:30:00,33.402907103300095
2018-05-04 02:45:00,33.37716348469257
2018-05-04 03:00:00,33.35141986608505
2018-05-04 03:15:00,33.32567624747753
2018-05-04 03:30:00,33.29993262887001
2018-05-04 03:45:00,33.27418901026249
2018-05-04 04:00:00,33.24844539165497
2018-05-04 04:15:00,33.23215749114752
2018-05-04 04:30:00,33.21586959064007
2018-05-04 04:45:00,33.19958169013262
2018-05-04 05:00:00,33.18329378962517
2018-05-04 05:15:00,33.16700588911772
2018-05-04 05:30:00,33.15071798861027
2018-05-04 05:45:00,33.13443008810282
2018-05-04 06:00:00,33.11814218759537
2018-05-04 06:15:00,33.10185428708792
2018-05-04 06:30:00,33.08556638658047
2018-05-04 06:45:00,33.06927848607302
2018-05-04 07:00:00,33.05299058556557
2018-05-04 07:15:00,33.03670268505812
2018-05-04 07:30:00,33.02041478455067
2018-05-04 07:45:00,33.00412688404322
2018-05-04 08:00:00,32.98783898353577
2018-05-04 08:15:00,32.96974450349808
2018-05-04 08:30:00,32.95165002346039
2018-05-04 08:45:00,32.9335555434227
2018-05-04 09:00:00,32.91546106338501
2018-05-04 09:15:00,32.89736658334732
2018-05-04 09:30:00,32.87927210330963
2018-05-04 09:45:00,32.86117762327194
2018-05-04 10:00:00,32.84308314323425
2018-05-04 10:15:00,32.824988663196564
2018-05-04 10:30:00,32.806894183158875
2018-05-04 10:45:00,32.788799703121185
2018-05-04 11:00:00,32.770705223083496
2018-05-04 11:15:00,32.75261074304581
2018-05-04 11:30:00,32.73451626300812
2018-05-04 11:45:00,32.71642178297043
2018-05-04 12:00:00,32.69832730293274
2018-05-04 12:15:00,32.67502598464489
2018-05-04 12:30:00,32.65172466635704
2018-05-04 12:45:00,32.62842334806919
2018-05-04 13:00:00,32.60512202978134
2018-05-04 13:15:00,32.58182071149349
2018-05-04 13:30:00,32.55851939320564
2018-05-04 13:45:00,32.53521807491779
2018-05-04 14:00:00,32.511916756629944
2018-05-04 14:15:00,32.488615438342094
2018-05-04 14:30:00,32.465314120054245
2018-05-04 14:45:00,32.442012801766396
2018-05-04 15:00:00,32.418711483478546
2018-05-04 15:15:00,32.3954101651907
2018-05-04 15:30:00,32.37210884690285
2018-05-04 15:45:00,32.348807528615
2018-05-04 16:00:00,32.32550621032715
2018-05-04 16:15:00,32.30189699679613
2018-05-04 16:30:00,32.278287783265114
2018-05-04 16:45:00,32.2546785697341
2018-05-04 17:00:00,32.23106935620308
2018-05-04 17:15:00,32.20746014267206
2018-05-04 17:30:00,32.183850929141045
2018-05-04 17:45:00,32.16024171561003
2018-05-04 18:00:00,32.13663250207901
2018-05-04 18:15:00,32.11302328854799
2018-05-04 18:30:00,32.089414075016975
2018-05-04 18:45:00,32.06580486148596
2018-05-04 19:00:00,32.04219564795494
2018-05-04 19:15:00,32.01858643442392
2018-05-04 19:30:00,31.994977220892906
2018-05-04 19:45:00,31.97136800736189
2018-05-04 20:00:00,31.94775879383087
2018-05-04 20:15:00,31.939251720905304
2018-05-04 20:30:00,31.930744647979736
2018-05-04 20:45:00,31.92223757505417
2018-05-04 21:00:00,31.9137305021286
2018-05-04 21:15:00,31.905223429203033
2018-05-04 21:30:00,31.896716356277466
2018-05-04 21:45:00,31.888209283351898
2018-05-04 22:00:00,31.87970221042633
2018-05-04 22:15:00,31.871195137500763
2018-05-04 22:30:00,31.862688064575195
2018-05-04 22:45:00,31.854180991649628
2018-05-04 23:00:00,31.84567391872406
2018-05-04 23:15:00,31.837166845798492
2018-05-04 23:30:00,31.828659772872925
2018-05-04 23:45:00,31.820152699947357
2018-05-05 00:00:00,31.81164562702179
2018-05-05 00:15:00,31.809939444065094
2018-05-05 00:30:00,31.8082332611084
2018-05-05 00:45:00,31.806527078151703
2018-05-05 01:00:00,31.804820895195007
2018-05-05 01:15:00,31.80311471223831
2018-05-05 01:30:00,31.801408529281616
2018-05-05 01:45:00,31.79970234632492
2018-05-05 02:00:00,31.797996163368225
2018-05-05 02:15:00,31.79628998041153
2018-05-05 02:30:00,31.794583797454834
2018-05-05 02:45:00,31.79287761449814
2018-05-05 03:00:00,31.791171431541443
2018-05-05 03:15:00,31.789465248584747
2018-05-05 03:30:00,31.78775906562805
2018-05-05 03:45:00,31.786052882671356
2018-05-05 04:00:00,31.78434669971466
2018-05-05 04:15:00,31.78263884037733
2018-05-05 04:30:00,31.78093098104
2018-05-05 04:45:00,31.77922312170267
2018-05-05 05:00:00,31.77751526236534
2018-05-05 05:15:00,31.77580740302801
2018-05-05 05:30:00,31.77409954369068
2018-05-05 05:45:00,31.77239168435335
2018-05-05 06:00:00,31.77068382501602
2018-05-05 06:15:00,31.768975965678692
2018-05-05 06:30:00,31.767268106341362
2018-05-05 06:45:00,31.765560247004032
2018-05-05 07:00:00,31.763852387666702
2018-05-05 07:15:00,31.762144528329372
2018-05-05 07:30:00,31.760436668992043
2018-05-05 07:45:00,31.758728809654713
2018-05-05 08:00:00,31.757020950317383
2018-05-05 08:15:00,31.74845799803734
2018-05-05 08:30:00,31.739895045757294
2018-05-05 08:45:00,31.73133209347725
2018-05-05 09:00:00,31.722769141197205
2018-05-05 09:15:00,31.71420618891716
2018-05-05 09:30:00,31.705643236637115
2018-05-05 09:45:00,31.69708028435707
2018-05-05 10:00:00,31.688517332077026
2018-05-05 10:15:00,31.679954379796982
2018-05-05 10:30:00,31.671391427516937
2018-05-05 10:45:00,31.662828475236893
2018-05-05 11:00:00,31.654265522956848
2018-05-05 11:15:00,31.645702570676804
2018-05-05 11:30:00,31.63713961839676
2018-05-05 11:45:00,31.628576666116714
2018-05-05 12:00:00,31.62001371383667
2018-05-05 12:15:00,31.569552049040794
2018-05-05 12:30:00,31.51909038424492
2018-05-05 12:45:00,31.468628719449043
2018-05-05 13:00:00,31.418167054653168
2018-05-05 13:15:00,31.367705389857292
2018-05-05 13:30:00,31.317243725061417
2018-05-05 13:45:00,31.26678206026554
2018-05-05 14:00:00,31.216320395469666
2018-05-05 14:15:00,31.16585873067379
2018-05-05 14:30:00,31.115397065877914
2018-05-05 14:45:00,31.06493540108204
2018-05-05 15:00:00,31.014473736286163
2018-05-05 15:15:00,30.964012071490288
2018-05-05 15:30:00,30.913550406694412
2018-05-05 15:45:00,30.863088741898537
2018-05-05 16:00:00,30.81262707710266
2018-05-05 16:15:00,30.75897190719843
2018-05-05 16:30:00,30.705316737294197
2018-05-05 16:45:00,30.651661567389965
2018-05-05 17:00:00,30.598006397485733
2018-05-05 17:15:00,30.5443512275815
2018-05-05 17:30:00,30.49069605767727
2018-05-05 17:45:00,30.437040887773037
2018-05-05 18:00:00,30.383385717868805
2018-05-05 18:15:00,30.329730547964573
2018-05-05 18:30:00,30.27607537806034
2018-05-05 18:45:00,30.22242020815611
2018-05-05 19:00:00,30.168765038251877
2018-05-05 19:15:00,30.115109868347645
2018-05-05 19:30:00,30.061454698443413
2018-05-05 19:45:00,30.00779952853918
2018-05-05 20:00:00,29.95414435863495
2018-05-05 20:15:00,29.943232983350754
2018-05-05 20:30:00,29.93232160806656
2018-05-05 20:45:00,29.921410232782364
2018-05-05 21:00:00,29.91049885749817
2018-05-05 21:15:00,29.899587482213974
2018-05-05 21:30:00,29.88867610692978
2018-05-05 21:45:00,29.877764731645584
2018-05-05 22:00:00,29.86685335636139
2018-05-05 22:15:00,29.855941981077194
2018-05-05 22:30:00,29.845030605793
2018-05-05 22:45:00,29.834119230508804
2018-05-05 23:00:00,29.82320785522461
2018-05-05 23:15:00,29.812296479940414
2018-05-05 23:30:00,29.80138510465622
2018-05-05 23:45:00,29.790473729372025
2018-05-06 00:00:00,29.77956235408783
2018-05-06 00:15:00,29.781385138630867
2018-05-06 00:30:00,29.783207923173904
2018-05-06 00:45:00,29.785030707716942
2018-05-06 01:00:00,29.78685349225998
2018-05-06 01:15:00,29.788676276803017
2018-05-06 01:30:00,29.790499061346054
2018-05-06 01:45:00,29.79232184588909
2018-05-06 02:00:00,29.79414463043213
2018-05-06 02:15:00,29.795967414975166
2018-05-06 02:30:00,29.797790199518204
2018-05-06 02:45:00,29.79961298406124
2018-05-06 03:00:00,29.80143576860428
2018-05-06 03:15:00,29.803258553147316
2018-05-06 03:30:00,29.805081337690353
2018-05-06 03:45:00,29.80690412223339
2018-05-06 04:00:00,29.808726906776428
2018-05-06 04:15:00,29.81054801493883
2018-05-06 04:30:00,29.812369123101234
2018-05-06 04:45:00,29.814190231263638
2018-05-06 05:00:00,29.81601133942604
2018-05-06 05:15:00,29.817832447588444
2018-05-06 05:30:00,29.819653555750847
2018-05-06 05:45:00,29.82147466391325
2018-05-06 06:00:00,29.823295772075653
2018-05-06 06:15:00,29.825116880238056
2018-05-06 06:30:00,29.82693798840046
2018-05-06 06:45:00,29.828759096562862
2018-05-06 07:00:00,29.830580204725266
2018-05-06 07:15:00,29.83240131288767
2018-05-06 07:30:00,29.83422242105007
2018-05-06 07:45:00,29.836043529212475
2018-05-06 08:00:00,29.837864637374878
2018-05-06 08:15:00,29.83057014644146
2018-05-06 08:30:00,29.82327565550804
2018-05-06 08:45:00,29.815981164574623
2018-05-06 09:00:00,29.808686673641205
2018-05-06 09:15:00,29.801392182707787
2018-05-06 09:30:00,29.79409769177437
2018-05-06 09:45:00,29.78680320084095
2018-05-06 10:00:00,29.77950870990753
2018-05-06 10:15:00,29.772214218974113
2018-05-06 10:30:00,29.764919728040695
2018-05-06 10:45:00,29.757625237107277
2018-05-06 11:00:00,29.75033074617386
2018-05-06 11:15:00,29.74303625524044
2018-05-06 11:30:00,29.735741764307022
2018-05-06 11:45:00,29.728447273373604
2018-05-06 12:00:00,29.721152782440186
2018-05-06 12:15:00,29.669328965246677
2018-05-06 12:30:00,29.61750514805317
2018-05-06 12:45:00,29.56568133085966
2018-05-06 13:00:00,29.513857513666153
2018-05-06 13:15:00,29.462033696472645
2018-05-06 13:30:00,29.410209879279137
2018-05-06 13:45:00,29.35838606208563
2018-05-06 14:00:00,29.30656224489212
2018-05-06 14:15:00,29.254738427698612
2018-05-06 14:30:00,29.202914610505104
2018-05-06 14:45:00,29.151090793311596
2018-05-06 15:00:00,29.099266976118088
2018-05-06 15:15:00,29.04744315892458
2018-05-06 15:30:00,28.99561934173107
2018-05-06 15:45:00,28.943795524537563
2018-05-06 16:00:00,28.891971707344055
2018-05-06 16:15:00,28.84263787418604
2018-05-06 16:30:00,28.793304041028023
2018-05-06 16:45:00,28.743970207870007
2018-05-06 17:00:00,28.69463637471199
2018-05-06 17:15:00,28.645302541553974
2018-05-06 17:30:00,28.595968708395958
2018-05-06 17:45:00,28.54663487523794
2018-05-06 18:00:00,28.497301042079926
2018-05-06 18:15:00,28.44796720892191
2018-05-06 18:30:00,28.398633375763893
2018-05-06 18:45:00,28.349299542605877
2018-05-06 19:00:00,28.29996570944786
2018-05-06 19:15:00,28.250631876289845
2018-05-06 19:30:00,28.20129804313183
2018-05-06 19:45:00,28.151964209973812
2018-05-06 20:00:00,28.102630376815796
2018-05-06 20:15:00,28.091077506542206
2018-05-06 20:30:00,28.079524636268616
2018-05-06 20:45:00,28.067971765995026
2018-05-06 21:00:00,28.056418895721436
2018-05-06 21:15:00,28.044866025447845
2018-05-06 21:30:00,28.033313155174255
2018-05-06 21:45:00,28.021760284900665
2018-05-06 22:00:00,28.010207414627075
2018-05-06 22:15:00,27.998654544353485
2018-05-06 22:30:00,27.987101674079895
2018-05-06 22:45:00,27.975548803806305
2018-05-06 23:00:00,27.963995933532715
2018-05-06 23:15:00,27.952443063259125
2018-05-06 23:30:00,27.940890192985535
2018-05-06 23:45:00,27.929337322711945
2018-05-07 00:00:00,27.917784452438354
2018-05-07 00:15:00,27.917784452438354
2018-05-07 00:30:00,27.917784452438354
2018-05-07 00:45:00,27.917784452438354
2018-05-07 01:00:00,27.917784452438354
2018-05-07 01:15:00,27.917784452438354
2018-05-07 01:30:00,27.917784452438354
2018-05-07 01:45:00,27.917784452438354
2018-05-07 02:00:00,27.917784452438354
2018-05-07 02:15:00,27.917784452438354
2018-05-07 02:30:00,27.917784452438354
2018-05-07 02:45:00,27.917784452438354
2018-05-07 03:00:00,27.917784452438354
2018-05-07 03:15:00,27.917784452438354
2018-05-07 03:30:00,27.917784452438354
2018-05-07 03:45:00,27.917784452438354
2018-05-07 04:00:00,27.917784452438354
2018-05-07 04:15:00,27.917784452438354
2018-05-07 04:30:00,27.917784452438354
2018-05-07 04:45:00,27.917784452438354
2018-05-07 05:00:00,27.917784452438354
2018-05-07 05:15:00,27.917784452438354
2018-05-07 05:30:00,27.917784452438354
2018-05-07 05:45:00,27.917784452438354
2018-05-07 06:00:00,27.917784452438354
2018-05-07 06:15:00,27.917784452438354
2018-05-07 06:30:00,27.917784452438354
2018-05-07 06:45:00,27.917784452438354
2018-05-07 07:00:00,27.917784452438354
2018-05-07 07:15:00,27.917784452438354
2018-05-07 07:30:00,27.917784452438354
2018-05-07 07:45:00,27.917784452438354
2018-05-07 08:00:00,27.917784452438354
2018-05-07 08:15:00,27.913919277489185
2018-05-07 08:30:00,27.910054102540016
2018-05-07 08:45:00,27.906188927590847
2018-05-07 09:00:00,27.902323752641678
2018-05-07 09:15:00,27.89845857769251
2018-05-07 09:30:00,27.89459340274334
2018-05-07 09:45:00,27.89072822779417
2018-05-07 10:00:00,27.886863052845
2018-05-07 10:15:00,27.882997877895832
2018-05-07 10:30:00,27.879132702946663
2018-05-07 10:45:00,27.875267527997494
2018-05-07 11:00:00,27.871402353048325
2018-05-07 11:15:00,27.867537178099155
2018-05-07 11:30:00,27.863672003149986
2018-05-07 11:45:00,27.859806828200817
2018-05-07 12:00:00,27.855941653251648
2018-05-07 12:15:00,27.816899307072163
2018-05-07 12:30:00,27.777856960892677
2018-05-07 12:45:00,27.738814614713192
2018-05-07 13:00:00,27.699772268533707
2018-05-07 13:15:00,27.66072992235422
2018-05-07 13:30:00,27.621687576174736
2018-05-07 13:45:00,27.58264522999525
2018-05-07 14:00:00,27.543602883815765
2018-05-07 14:15:00,27.50456053763628
2018-05-07 14:30:00,27.465518191456795
2018-05-07 14:45:00,27.42647584527731
2018-05-07 15:00:00,27.387433499097824
2018-05-07 15:15:00,27.34839115291834
2018-05-07 15:30:00,27.309348806738853
2018-05-07 15:45:00,27.270306460559368
2018-05-07 16:00:00,27.231264114379883
2018-05-07 16:15:00,27.199513278901577
2018-05-07 16:30:00,27.16776244342327
2018-05-07 16:45:00,27.136011607944965
2018-05-07 17:00:00,27.10426077246666
2018-05-07 17:15:00,27.072509936988354
2018-05-07 17:30:00,27.040759101510048
2018-05-07 17:45:00,27.009008266031742
2018-05-07 18:00:00,26.977257430553436
2018-05-07 18:15:00,26.94550659507513
2018-05-07 18:30:00,26.913755759596825
2018-05-07 18:45:00,26.88200492411852
2018-05-07 19:00:00,26.850254088640213
2018-05-07 19:15:00,26.818503253161907
2018-05-07 19:30:00,26.7867524176836
2018-05-07 19:45:00,26.755001582205296
2018-05-07 20:00:00,26.72325074672699
2018-05-07 20:15:00,26.713233441114426
2018-05-07 20:30:00,26.70321613550186
2018-05-07 20:45:00,26.693198829889297
2018-05-07 21:00:00,26.683181524276733
2018-05-07 21:15:00,26.67316421866417
2018-05-07 21:30:00,26.663146913051605
2018-05-07 21:45:00,26.65312960743904
2018-05-07 22:00:00,26.643112301826477
2018-05-07 22:15:00,26.633094996213913
2018-05-07 22:30:00,26.62307769060135
2018-05-07 22:45:00,26.613060384988785
2018-05-07 23:00:00,26.60304307937622
2018-05-07 23:15:00,26.593025773763657
2018-05-07 23:30:00,26.583008468151093
2018-05-07 23:45:00,26.57299116253853
2018-05-08 00:00:00,26.562973856925964
2018-05-08 00:15:00,26.56096499413252
2018-05-08 00:30:00,26.558956131339073
2018-05-08 00:45:00,26.556947268545628
2018-05-08 01:00:00,26.554938405752182
2018-05-08 01:15:00,26.552929542958736
2018-05-08 01:30:00,26.55092068016529
2018-05-08 01:45:00,26.548911817371845
2018-05-08 02:00:00,26.5469029545784
2018-05-08 02:15:00,26.544894091784954
2018-05-08 02:30:00,26.54288522899151
2018-05-08 02:45:00,26.540876366198063
2018-05-08 03:00:00,26.538867503404617
2018-05-08 03:15:00,26.53685864061117
2018-05-08 03:30:00,26.534849777817726
2018-05-08 03:45:00,26.53284091502428
2018-05-08 04:00:00,26.530832052230835
2018-05-08 04:15:00,26.530832052230835
2018-05-08 04:30:00,26.530832052230835
2018-05-08 04:45:00,26.530832052230835
2018-05-08 05:00:00,26.530832052230835
2018-05-08 05:15:00,26.530832052230835
2018-05-08 05:30:00,26.530832052230835
2018-05-08 05:45:00,26.530832052230835
2018-05-08 06:00:00,26.530832052230835
2018-05-08 06:15:00,26.530832052230835
2018-05-08 06:30:00,26.530832052230835
2018-05-08 06:45:00,26.530832052230835
2018-05-08 07:00:00,26.530832052230835
2018-05-08 07:15:00,26.530832052230835
2018-05-08 07:30:00,26.530832052230835
2018-05-08 07:45:00,26.530832052230835
2018-05-08 08:00:00,26.530832052230835
2018-05-08 08:15:00,26.526808738708496
2018-05-08 08:30:00,26.522785425186157
2018-05-08 08:45:00,26.51876211166382
2018-05-08 09:00:00,26.51473879814148
2018-05-08 09:15:00,26.51071548461914
2018-05-08 09:30:00,26.5066921710968
2018-05-08 09:45:00,26.502668857574463
2018-05-08 10:00:00,26.498645544052124
2018-05-08 10:15:00,26.494622230529785
2018-05-08 10:30:00,26.490598917007446
2018-05-08 10:45:00,26.486575603485107
2018-05-08 11:00:00,26.48255228996277
2018-05-08 11:15:00,26.47852897644043
2018-05-08 11:30:00,26.47450566291809
2018-05-08 11:45:00,26.470482349395752
2018-05-08 12:00:00,26.466459035873413
2018-05-08 12:15:00,26.43809039145708
2018-05-08 12:30:00,26.40972174704075
2018-05-08 12:45:00,26.381353102624416
2018-05-08 13:00:00,26.352984458208084
2018-05-08 13:15:00,26.324615813791752
2018-05-08 13:30:00,26.29624716937542
2018-05-08 13:45:00,26.267878524959087
2018-05-08 14:00:00,26.239509880542755
2018-05-08 14:15:00,26.211141236126423
2018-05-08 14:30:00,26.18277259171009
2018-05-08 14:45:00,26.15440394729376
2018-05-08 15:00:00,26.126035302877426
2018-05-08 15:15:00,26.097666658461094
2018-05-08 15:30:00,26.06929801404476
2018-05-08 15:45:00,26.04092936962843
2018-05-08 16:00:00,26.012560725212097
2018-05-08 16:15:00,25.9900176897645
2018-05-08 16:30:00,25.967474654316902
2018-05-08 16:45:00,25.944931618869305
2018-05-08 17:00:00,25.922388583421707
2018-05-08 17:15:00,25.89984554797411
2018-05-08 17:30:00,25.877302512526512
2018-05-08 17:45:00,25.854759477078915
2018-05-08 18:00:00,25.832216441631317
2018-05-08 18:15:00,25.80967340618372
2018-05-08 18:30:00,25.787130370736122
2018-05-08 18:45:00,25.764587335288525
2018-05-08 19:00:00,25.742044299840927
2018-05-08 19:15:00,25.71950126439333
2018-05-08 19:30:00,25.696958228945732
2018-05-08 19:45:00,25.674415193498135
2018-05-08 20:00:00,25.651872158050537
2018-05-08 20:15:00,25.643618777394295
2018-05-08 20:30:00,25.635365396738052
2018-05-08 20:45:00,25.62711201608181
2018-05-08 21:00:00,25.618858635425568
2018-05-08 21:15:00,25.610605254769325
2018-05-08 21:30:00,25.602351874113083
2018-05-08 21:45:00,25.59409849345684
2018-05-08 22:00:00,25.585845112800598
2018-05-08 22:15:00,25.577591732144356
2018-05-08 22:30:00,25.569338351488113
2018-05-08 22:45:00,25.56108497083187
2018-05-08 23:00:00,25.55283159017563
2018-05-08 23:15:00,25.544578209519386
2018-05-08 23:30:00,25.536324828863144
2018-05-08 23:45:00,25.5280714482069
2018-05-09 00:00:00,25.51981806755066
2018-05-09 00:15:00,25.517750158905983
2018-05-09 00:30:00,25.515682250261307
2018-05-09 00:45:00,25.51361434161663
2018-05-09 01:00:00,25.511546432971954
2018-05-09 01:15:00,25.509478524327278
2018-05-09 01:30:00,25.507410615682602
2018-05-09 01:45:00,25.505342707037926
2018-05-09 02:00:00,25.50327479839325
2018-05-09 02:15:00,25.501206889748573
2018-05-09 02:30:00,25.499138981103897
2018-05-09 02:45:00,25.49707107245922
2018-05-09 03:00:00,25.495003163814545
2018-05-09 03:15:00,25.49293525516987
2018-05-09 03:30:00,25.490867346525192
2018-05-09 03:45:00,25.488799437880516
2018-05-09 04:00:00,25.48673152923584
2018-05-09 04:15:00,25.484661757946014
2018-05-09 04:30:00,25.48259198665619
2018-05-09 04:45:00,25.480522215366364
2018-05-09 05:00:00,25.478452444076538
2018-05-09 05:15:00,25.476382672786713
2018-05-09 05:30:00,25.474312901496887
2018-05-09 05:45:00,25.47224313020706
2018-05-09 06:00:00,25.470173358917236
2018-05-09 06:15:00,25.46810358762741
2018-05-09 06:30:00,25.466033816337585
2018-05-09 06:45:00,25.46396404504776
2018-05-09 07:00:00,25.461894273757935
2018-05-09 07:15:00,25.45982450246811
2018-05-09 07:30:00,25.457754731178284
2018-05-09 07:45:00,25.45568495988846
2018-05-09 08:00:00,25.453615188598633
2018-05-09 08:15:00,25.443238019943237
2018-05-09 08:30:00,25.432860851287842
2018-05-09 08:45:00,25.422483682632446
2018-05-09 09:00:00,25.41210651397705
2018-05-09 09:15:00,25.401729345321655
2018-05-09 09:30:00,25.39135217666626
2018-05-09 09:45:00,25.380975008010864
2018-05-09 10:00:00,25.37059783935547
2018-05-09 10:15:00,25.360220670700073
2018-05-09 10:30:00,25.349843502044678
2018-05-09 10:45:00,25.339466333389282
2018-05-09 11:00:00,25.329089164733887
2018-05-09 11:15:00,25.31871199607849
2018-05-09 11:30:00,25.308334827423096
2018-05-09 11:45:00,25.2979576587677
2018-05-09 12:00:00,25.287580490112305
2018-05-09 12:15:00,25.26458539068699
2018-05-09 12:30:00,25.241590291261673
2018-05-09 12:45:00,25.218595191836357
2018-05-09 13:00:00,25.19560009241104
2018-05-09 13:15:00,25.172604992985725
2018-05-09 13:30:00,25.14960989356041
2018-05-09 13:45:00,25.126614794135094
2018-05-09 14:00:00,25.103619694709778
2018-05-09 14:15:00,25.080624595284462
2018-05-09 14:30:00,25.057629495859146
2018-05-09 14:45:00,25.03463439643383
2018-05-09 15:00:00,25.011639297008514
2018-05-09 15:15:00,24.9886441975832
2018-05-09 15:30:00,24.965649098157883
2018-05-09 15:45:00,24.942653998732567
2018-05-09 16:00:00,24.91965889930725
2018-05-09 16:15:00,24.89218832924962
2018-05-09 16:30:00,24.86471775919199
2018-05-09 16:45:00,24.83724718913436
2018-05-09 17:00:00,24.80977661907673
2018-05-09 17:15:00,24.7823060490191
2018-05-09 17:30:00,24.754835478961468
2018-05-09 17:45:00,24.727364908903837
2018-05-09 18:00:00,24.699894338846207
2018-05-09 18:15:00,24.672423768788576
2018-05-09 18:30:00,24.644953198730946
2018-05-09 18:45:00,24.617482628673315
2018-05-09 19:00:00,24.590012058615685
2018-05-09 19:15:00,24.562541488558054
2018-05-09 19:30:00,24.535070918500423
2018-05-09 19:45:00,24.507600348442793
2018-05-09 20:00:00,24.480129778385162
2018-05-09 20:15:00,24.467342533171177
2018-05-09 20:30:00,24.45455528795719
2018-05-09 20:45:00,24.441768042743206
2018-05-09 21:00:00,24.42898079752922
2018-05-09 21:15:00,24.416193552315235
2018-05-09 21:30:00,24.40340630710125
2018-05-09 21:45:00,24.390619061887264
2018-05-09 22:00:00,24.37783181667328
2018-05-09 22:15:00,24.365044571459293
2018-05-09 22:30:00,24.352257326245308
2018-05-09 22:45:00,24.339470081031322
2018-05-09 23:00:00,24.326682835817337
2018-05-09 23:15:00,24.31389559060335
2018-05-09 23:30:00,24.301108345389366
2018-05-09 23:45:00,24.28832110017538
2018-05-10 00:00:00,24.275533854961395
2018-05-10 00:15:00,24.26482532173395
2018-05-10 00:30:00,24.254116788506508
2018-05-10 00:45:00,24.243408255279064
2018-05-10 01:00:00,24.23269972205162
2018-05-10 01:15:00,24.221991188824177
2018-05-10 01:30:00,24.211282655596733
2018-05-10 01:45:00,24.20057412236929
2018-05-10 02:00:00,24.189865589141846
2018-05-10 02:15:00,24.179157055914402
2018-05-10 02:30:00,24.16844852268696
2018-05-10 02:45:00,24.157739989459515
2018-05-10 03:00:00,24.14703145623207
2018-05-10 03:15:00,24.136322923004627
2018-05-10 03:30:00,24.125614389777184
2018-05-10 03:45:00,24.11490585654974
2018-05-10 04:00:00,24.104197323322296
2018-05-10 04:15:00,24.05650746077299
2018-05-10 04:30:00,24.008817598223686
2018-05-10 04:45:00,23.96112773567438
2018-05-10 05:00:00,23.913437873125076
2018-05-10 05:15:00,23.86574801057577
2018-05-10 05:30:00,23.818058148026466
2018-05-10 05:45:00,23.77036828547716
2018-05-10 06:00:00,23.722678422927856
2018-05-10 06:15:00,23.67498856037855
2018-05-10 06:30:00,23.627298697829247
2018-05-10 06:45:00,23.57960883527994
2018-05-10 07:00:00,23.531918972730637
2018-05-10 07:15:00,23.48422911018133
2018-05-10 07:30:00,23.436539247632027
2018-05-10 07:45:00,23.38884938508272
2018-05-10 08:00:00,23.341159522533417
2018-05-10 08:15:00,23.332387767732143
2018-05-10 08:30:00,23.32361601293087
2018-05-10 08:45:00,23.314844258129597
2018-05-10 09:00:00,23.306072503328323
2018-05-10 09:15:00,23.29730074852705
2018-05-10 09:30:00,23.288528993725777
2018-05-10 09:45:00,23.279757238924503
2018-05-10 10:00:00,23.27098548412323
2018-05-10 10:15:00,23.262213729321957
2018-05-10 10:30:00,23.253441974520683
2018-05-10 10:45:00,23.24467021971941
2018-05-10 11:00:00,23.235898464918137
2018-05-10 11:15:00,23.227126710116863
2018-05-10 11:30:00,23.21835495531559
2018-05-10 11:45:00,23.209583200514317
2018-05-10 12:00:00,23.200811445713043
2018-05-10 12:15:00,23.21395743638277
2018-05-10 12:30:00,23.227103427052498
2018-05-10 12:45:00,23.240249417722225
2018-05-10 13:00:00,23.253395408391953
2018-05-10 13:15:00,23.26654139906168
2018-05-10 13:30:00,23.279687389731407
2018-05-10 13:45:00,23.292833380401134
2018-05-10 14:00:00,23.305979371070862
2018-05-10 14:15:00,23.31912536174059
2018-05-10 14:30:00,23.332271352410316
2018-05-10 14:45:00,23.345417343080044
2018-05-10 15:00:00,23.35856333374977
2018-05-10 15:15:00,23.3717093244195
2018-05-10 15:30:00,23.384855315089226
2018-05-10 15:45:00,23.398001305758953
2018-05-10 16:00:00,23.41114729642868
2018-05-10 16:15:00,23.437229357659817
2018-05-10 16:30:00,23.463311418890953
2018-05-10 16:45:00,23.48939348012209
2018-05-10 17:00:00,23.515475541353226
2018-05-10 17:15:00,23.541557602584362
2018-05-10 17:30:00,23.5676396638155
2018-05-10 17:45:00,23.593721725046635
2018-05-10 18:00:00,23.61980378627777
2018-05-10 18:15:00,23.645885847508907
2018-05-10 18:30:00,23.671967908740044
2018-05-10 18:45:00,23.69804996997118
2018-05-10 19:00:00,23.724132031202316
2018-05-10 19:15:00,23.750214092433453
2018-05-10 19:30:00,23.77629615366459
2018-05-10 19:45:00,23.802378214895725
2018-05-10 20:00:00,23.82846027612686
2018-05-10 20:15:00,23.819797206670046
2018-05-10 20:30:00,23.81113413721323
2018-05-10 20:45:00,23.802471067756414
2018-05-10 21:00:00,23.7938079982996
2018-05-10 21:15:00,23.785144928842783
2018-05-10 21:30:00,23.776481859385967
2018-05-10 21:45:00,23.76781878992915
2018-05-10 22:00:00,23.759155720472336
2018-05-10 22:15:00,23.75049265101552
2018-05-10 22:30:00,23.741829581558704
2018-05-10 22:45:00,23.73316651210189
2018-05-10 23:00:00,23.724503442645073
2018-05-10 23:15:00,23.715840373188257
2018-05-10 23:30:00,23.70717730373144
2018-05-10 23:45:00,23.698514234274626
2018-05-11 00:00:00,23.68985116481781
2018-05-11 00:15:00,23.683333583176136
2018-05-11 00:30:00,23.676816001534462
2018-05-11 00:45:00,23.670298419892788
2018-05-11 01:00:00,23.663780838251114
2018-05-11 01:15:00,23.65726325660944
2018-05-11 01:30:00,23.650745674967766
2018-05-11 01:45:00,23.64422809332609
2018-05-11 02:00:00,23.637710511684418
2018-05-11 02:15:00,23.631192930042744
2018-05-11 02:30:00,23.62467534840107
2018-05-11 02:45:00,23.618157766759396
2018-05-11 03:00:00,23.61164018511772
2018-05-11 03:15:00,23.605122603476048
2018-05-11 03:30:00,23.598605021834373
2018-05-11 03:45:00,23.5920874401927
2018-05-11 04:00:00,23.585569858551025
2018-05-11 04:15:00,23.585569858551025
2018-05-11 04:30:00,23.585569858551025
2018-05-11 04:45:00,23.585569858551025
2018-05-11 05:00:00,23.585569858551025
2018-05-11 05:15:00,23.585569858551025
2018-05-11 05:30:00,23.585569858551025
2018-05-11 05:45:00,23.585569858551025
2018-05-11 06:00:00,23.585569858551025
2018-05-11 06:15:00,23.585569858551025
2018-05-11 06:30:00,23.585569858551025
2018-05-11 06:45:00,23.585569858551025
2018-05-11 07:00:00,23.585569858551025
2018-05-11 07:15:00,23.585569858551025
2018-05-11 07:30:00,23.585569858551025
2018-05-11 07:45:00,23.585569858551025
2018-05-11 08:00:00,23.585569858551025
2018-05-11 08:15:00,23.583393450826406
2018-05-11 08:30:00,23.581217043101788
2018-05-11 08:45:00,23.57904063537717
2018-05-11 09:00:00,23.57686422765255
2018-05-11 09:15:00,23.57468781992793
2018-05-11 09:30:00,23.572511412203312
2018-05-11 09:45:00,23.570335004478693
2018-05-11 10:00:00,23.568158596754074
2018-05-11 10:15:00,23.565982189029455
2018-05-11 10:30:00,23.563805781304836
2018-05-11 10:45:00,23.561629373580217
2018-05-11 11:00:00,23.5594529658556
2018-05-11 11:15:00,23.55727655813098
2018-05-11 11:30:00,23.55510015040636
2018-05-11 11:45:00,23.55292374268174
2018-05-11 12:00:00,23.550747334957123
2018-05-11 12:15:00,23.528876341879368
2018-05-11 12:30:00,23.507005348801613
2018-05-11 12:45:00,23.485134355723858
2018-05-11 13:00:00,23.463263362646103
2018-05-11 13:15:00,23.441392369568348
2018-05-11 13:30:00,23.419521376490593
2018-05-11 13:45:00,23.397650383412838
2018-05-11 14:00:00,23.375779390335083
2018-05-11 14:15:00,23.353908397257328
2018-05-11 14:30:00,23.332037404179573
2018-05-11 14:45:00,23.310166411101818
2018-05-11 15:00:00,23.288295418024063
2018-05-11 15:15:00,23.266424424946308
2018-05-11 15:30:00,23.244553431868553
2018-05-11 15:45:00,23.222682438790798
2018-05-11 16:00:00,23.200811445713043
2018-05-11 16:15:00,23.172087036073208
2018-05-11 16:30:00,23.143362626433372
2018-05-11 16:45:00,23.114638216793537
2018-05-11 17:00:00,23.085913807153702
2018-05-11 17:15:00,23.057189397513866
2018-05-11 17:30:00,23.02846498787403
2018-05-11 17:45:00,22.999740578234196
2018-05-11 18:00:00,22.97101616859436
2018-05-11 18:15:00,22.942291758954525
2018-05-11 18:30:00,22.91356734931469
2018-05-11 18:45:00,22.884842939674854
2018-05-11 19:00:00,22.85611853003502
2018-05-11 19:15:00,22.827394120395184
2018-05-11 19:30:00,22.798669710755348
2018-05-11 19:45:00,22.769945301115513
2018-05-11 20:00:00,22.741220891475677
2018-05-11 20:15:00,22.738997545093298
2018-05-11 20:30:00,22.73677419871092
2018-05-11 20:45:00,22.73455085232854
2018-05-11 21:00:00,22.73232750594616
2018-05-11 21:15:00,22.73010415956378
2018-05-11 21:30:00,22.7278808131814
2018-05-11 21:45:00,22.72565746679902
2018-05-11 22:00:00,22.72343412041664
2018-05-11 22:15:00,22.72121077403426
2018-05-11 22:30:00,22.718987427651882
2018-05-11 22:45:00,22.716764081269503
2018-05-11 23:00:00,22.714540734887123
2018-05-11 23:15:00,22.712317388504744
2018-05-11 23:30:00,22.710094042122364
2018-05-11 23:45:00,22.707870695739985
2018-05-12 00:00:00,22.705647349357605
2018-05-12 00:15:00,22.701194882392883
2018-05-12 00:30:00,22.69674241542816
2018-05-12 00:45:00,22.69228994846344
2018-05-12 01:00:00,22.68783748149872
2018-05-12 01:15:00,22.683385014533997
2018-05-12 01:30:00,22.678932547569275
2018-05-12 01:45:00,22.674480080604553
2018-05-12 02:00:00,22.67002761363983
2018-05-12 02:15:00,22.66557514667511
2018-05-12 02:30:00,22.661122679710388
2018-05-12 02:45:00,22.656670212745667
2018-05-12 03:00:00,22.652217745780945
2018-05-12 03:15:00,22.647765278816223
2018-05-12 03:30:00,22.6433128118515
2018-05-12 03:45:00,22.63886034488678
2018-05-12 04:00:00,22.634407877922058
2018-05-12 04:15:00,22.627714183181524
2018-05-12 04:30:00,22.62102048844099
2018-05-12 04:45:00,22.614326793700457
2018-05-12 05:00:00,22.607633098959923
2018-05-12 05:15:00,22.60093940421939
2018-05-12 05:30:00,22.594245709478855
2018-05-12 05:45:00,22.58755201473832
2018-05-12 06:00:00,22.580858319997787
2018-05-12 06:15:00,22.574164625257254
2018-05-12 06:30:00,22.56747093051672
2018-05-12 06:45:00,22.560777235776186
2018-05-12 07:00:00,22.554083541035652
2018-05-12 07:15:00,22.54738984629512
2018-05-12 07:30:00,22.540696151554585
2018-05-12 07:45:00,22.53400245681405
2018-05-12 08:00:00,22.527308762073517
2018-05-12 08:15:00,22.520597372204065
2018-05-12 08:30:00,22.513885982334614
2018-05-12 08:45:00,22.507174592465162
2018-05-12 09:00:00,22.50046320259571
2018-05-12 09:15:00,22.49375181272626
2018-05-12 09:30:00,22.487040422856808
2018-05-12 09:45:00,22.480329032987356
2018-05-12 10:00:00,22.473617643117905
2018-05-12 10:15:00,22.466906253248453
2018-05-12 10:30:00,22.460194863379
2018-05-12 10:45:00,22.45348347350955
2018-05-12 11:00:00,22.4467720836401
2018-05-12 11:15:00,22.440060693770647
2018-05-12 11:30:00,22.433349303901196
2018-05-12 11:45:00,22.426637914031744
2018-05-12 12:00:00,22.419926524162292
2018-05-12 12:15:00,22.397426050156355
2018-05-12 12:30:00,22.374925576150417
2018-05-12 12:45:00,22.35242510214448
2018-05-12 13:00:00,22.329924628138542
2018-05-12 13:15:00,22.307424154132605
2018-05-12 13:30:00,22.284923680126667
2018-05-12 13:45:00,22.26242320612073
2018-05-12 14:00:00,22.239922732114792
2018-05-12 14:15:00,22.217422258108854
2018-05-12 14:30:00,22.194921784102917
2018-05-12 14:45:00,22.17242131009698
2018-05-12 15:00:00,22.14992083609104
2018-05-12 15:15:00,22.127420362085104
2018-05-12 15:30:00,22.104919888079166
2018-05-12 15:45:00,22.08241941407323
2018-05-12 16:00:00,22.05991894006729
2018-05-12 16:15:00,22.03949810937047
2018-05-12 16:30:00,22.01907727867365
2018-05-12 16:45:00,21.998656447976828
2018-05-12 17:00:00,21.978235617280006
2018-05-12 17:15:00,21.957814786583185
2018-05-12 17:30:00,21.937393955886364
2018-05-12 17:45:00,21.916973125189543
2018-05-12 18:00:00,21.89655229449272
2018-05-12 18:15:00,21.8761314637959
2018-05-12 18:30:00,21.85571063309908
2018-05-12 18:45:00,21.835289802402258
2018-05-12 19:00:00,21.814868971705437
2018-05-12 19:15:00,21.794448141008615
2018-05-12 19:30:00,21.774027310311794
2018-05-12 19:45:00,21.753606479614973
2018-05-12 20:00:00,21.733185648918152
2018-05-12 20:15:00,21.712602395564318
2018-05-12 20:30:00,21.692019142210484
2018-05-12 20:45:00,21.67143588885665
2018-05-12 21:00:00,21.650852635502815
2018-05-12 21:15:00,21.63026938214898
2018-05-12 21:30:00,21.609686128795147
2018-05-12 21:45:00,21.589102875441313
2018-05-12 22:00:00,21.56851962208748
2018-05-12 22:15:00,21.547936368733644
2018-05-12 22:30:00,21.52735311537981
2018-05-12 22:45:00,21.506769862025976
2018-05-12 23:00:00,21.486186608672142
2018-05-12 23:15:00,21.465603355318308
2018-05-12 23:30:00,21.445020101964474
2018-05-12 23:45:00,21.42443684861064
2018-05-13 00:00:00,21.403853595256805
2018-05-13 00:15:00,21.39465305954218
2018-05-13 00:30:00,21.385452523827553
2018-05-13 00:45:00,21.376251988112926
2018-05-13 01:00:00,21.3670514523983
2018-05-13 01:15:00,21.357850916683674
2018-05-13 01:30:00,21.348650380969048
2018-05-13 01:45:00,21.33944984525442
2018-05-13 02:00:00,21.330249309539795
2018-05-13 02:15:00,21.32104877382517
2018-05-13 02:30:00,21.311848238110542
2018-05-13 02:45:00,21.302647702395916
2018-05-13 03:00:00,21.29344716668129
2018-05-13 03:15:00,21.284246630966663
2018-05-13 03:30:00,21.275046095252037
2018-05-13 03:45:00,21.26584555953741
2018-05-13 04:00:00,21.256645023822784
2018-05-13 04:15:00,21.254339814186096
2018-05-13 04:30:00,21.252034604549408
2018-05-13 04:45:00,21.24972939491272
2018-05-13 05:00:00,21.24742418527603
2018-05-13 05:15:00,21.245118975639343
2018-05-13 05:30:00,21.242813766002655
2018-05-13 05:45:00,21.240508556365967
2018-05-13 06:00:00,21.23820334672928
2018-05-13 06:15:00,21.23589813709259
2018-05-13 06:30:00,21.233592927455902
2018-05-13 06:45:00,21.231287717819214
2018-05-13 07:00:00,21.228982508182526
2018-05-13 07:15:00,21.226677298545837
2018-05-13 07:30:00,21.22437208890915
2018-05-13 07:45:00,21.22206687927246
2018-05-13 08:00:00,21.219761669635773
2018-05-13 08:15:00,21.217454504221678
2018-05-13 08:30:00,21.215147338807583
2018-05-13 08:45:00,21.212840173393488
2018-05-13 09:00:00,21.210533007979393
2018-05-13 09:15:00,21.208225842565298
2018-05-13 09:30:00,21.205918677151203
2018-05-13 09:45:00,21.20361151173711
2018-05-13 10:00:00,21.201304346323013
2018-05-13 10:15:00,21.19899718090892
2018-05-13 10:30:00,21.196690015494823
2018-05-13 10:45:00,21.19438285008073
2018-05-13 11:00:00,21.192075684666634
2018-05-13 11:15:00,21.18976851925254
2018-05-13 11:30:00,21.187461353838444
2018-05-13 11:45:00,21.18515418842435
2018-05-13 12:00:00,21.182847023010254
2018-05-13 12:15:00,21.168961189687252
2018-05-13 12:30:00,21.15507535636425
2018-05-13 12:45:00,21.14118952304125
2018-05-13 13:00:00,21.127303689718246
2018-05-13 13:15:00,21.113417856395245
2018-05-13 13:30:00,21.099532023072243
2018-05-13 13:45:00,21.08564618974924
2018-05-13 14:00:00,21.07176035642624
2018-05-13 14:15:00,21.057874523103237
2018-05-13 14:30:00,21.043988689780235
2018-05-13 14:45:00,21.030102856457233
2018-05-13 15:00:00,21.01621702313423
2018-05-13 15:15:00,21.00233118981123
2018-05-13 15:30:00,20.988445356488228
2018-05-13 15:45:00,20.974559523165226
2018-05-13 16:00:00,20.960673689842224
2018-05-13 16:15:00,20.93268223106861
2018-05-13 16:30:00,20.904690772294998
2018-05-13 16:45:00,20.876699313521385
2018-05-13 17:00:00,20.848707854747772
2018-05-13 17:15:00,20.82071639597416
2018-05-13 17:30:00,20.792724937200546
2018-05-13 17:45:00,20.764733478426933
2018-05-13 18:00:00,20.73674201965332
2018-05-13 18:15:00,20.708750560879707
2018-05-13 18:30:00,20.680759102106094
2018-05-13 18:45:00,20.65276764333248
2018-05-13 19:00:00,20.62477618455887
2018-05-13 19:15:00,20.596784725785255
2018-05-13 19:30:00,20.568793267011642
2018-05-13 19:45:00,20.54080180823803
2018-05-13 20:00:00,20.512810349464417
2018-05-13 20:15:00,20.503414422273636
2018-05-13 20:30:00,20.494018495082855
2018-05-13 20:45:00,20.484622567892075
2018-05-13 21:00:00,20.475226640701294
2018-05-13 21:15:00,20.465830713510513
2018-05-13 21:30:00,20.456434786319733
2018-05-13 21:45:00,20.447038859128952
2018-05-13 22:00:00,20.43764293193817
2018-05-13 22:15:00,20.42824700474739
2018-05-13 22:30:00,20.41885107755661
2018-05-13 22:45:00,20.40945515036583
2018-05-13 23:00:00,20.40005922317505
2018-05-13 23:15:00,20.390663295984268
2018-05-13 23:30:00,20.381267368793488
2018-05-13 23:45:00,20.371871441602707
2018-05-14 00:00:00,20.362475514411926
2018-05-14 00:15:00,20.355407055467367
2018-05-14 00:30:00,20.348338596522808
2018-05-14 00:45:00,20.34127013757825
2018-05-14 01:00:00,20.33420167863369
2018-05-14 01:15:00,20.32713321968913
2018-05-14 01:30:00,20.32006476074457
2018-05-14 01:45:00,20.312996301800013
2018-05-14 02:00:00,20.305927842855453
2018-05-14 02:15:00,20.298859383910894
2018-05-14 02:30:00,20.291790924966335
2018-05-14 02:45:00,20.284722466021776
2018-05-14 03:00:00,20.277654007077217
2018-05-14 03:15:00,20.270585548132658
2018-05-14 03:30:00,20.2635170891881
2018-05-14 03:45:00,20.25644863024354
2018-05-14 04:00:00,20.24938017129898
2018-05-14 04:15:00,20.247019920498133
2018-05-14 04:30:00,20.244659669697285
2018-05-14 04:45:00,20.242299418896437
2018-05-14 05:00:00,20.23993916809559
2018-05-14 05:15:00,20.23757891729474
2018-05-14 05:30:00,20.235218666493893
2018-05-14 05:45:00,20.232858415693045
2018-05-14 06:00:00,20.230498164892197
2018-05-14 06:15:00,20.22813791409135
2018-05-14 06:30:00,20.2257776632905
2018-05-14 06:45:00,20.223417412489653
2018-05-14 07:00:00,20.221057161688805
2018-05-14 07:15:00,20.218696910887957
2018-05-14 07:30:00,20.21633666008711
2018-05-14 07:45:00,20.21397640928626
2018-05-14 08:00:00,20.211616158485413
2018-05-14 08:15:00,20.202154479920864
2018-05-14 08:30:00,20.192692801356316
2018-05-14 08:45:00,20.183231122791767
2018-05-14 09:00:00,20.17376944422722
2018-05-14 09:15:00,20.16430776566267
2018-05-14 09:30:00,20.15484608709812
2018-05-14 09:45:00,20.145384408533573
2018-05-14 10:00:00,20.135922729969025
2018-05-14 10:15:00,20.126461051404476
2018-05-14 10:30:00,20.116999372839928
2018-05-14 10:45:00,20.10753769427538
2018-05-14 11:00:00,20.09807601571083
2018-05-14 11:15:00,20.088614337146282
2018-05-14 11:30:00,20.079152658581734
2018-05-14 11:45:00,20.069690980017185
2018-05-14 12:00:00,20.060229301452637
2018-05-14 12:15:00,20.03881959244609
2018-05-14 12:30:00,20.01740988343954
2018-05-14 12:45:00,19.996000174432993
2018-05-14 13:00:00,19.974590465426445
2018-05-14 13:15:00,19.953180756419897
2018-05-14 13:30:00,19.93177104741335
2018-05-14 13:45:00,19.9103613384068
2018-05-14 14:00:00,19.888951629400253
2018-05-14 14:15:00,19.867541920393705
2018-05-14 14:30:00,19.846132211387157
2018-05-14 14:45:00,19.82472250238061
2018-05-14 15:00:00,19.80331279337406
2018-05-14 15:15:00,19.781903084367514
2018-05-14 15:30:00,19.760493375360966
2018-05-14 15:45:00,19.739083666354418
2018-05-14 16:00:00,19.71767395734787
2018-05-14 16:15:00,19.691278133541346
2018-05-14 16:30:00,19.66488230973482
2018-05-14 16:45:00,19.638486485928297
2018-05-14 17:00:00,19.612090662121773
2018-05-14 17:15:00,19.58569483831525
2018-05-14 17:30:00,19.559299014508724
2018-05-14 17:45:00,19.5329031907022
2018-05-14 18:00:00,19.506507366895676
2018-05-14 18:15:00,19.48011154308915
2018-05-14 18:30:00,19.453715719282627
2018-05-14 18:45:00,19.427319895476103
2018-05-14 19:00:00,19.40092407166958
2018-05-14 19:15:00,19.374528247863054
2018-05-14 19:30:00,19.34813242405653
2018-05-14 19:45:00,19.321736600250006
2018-05-14 20:00:00,19.29534077644348
2018-05-14 20:15:00,19.285679701715708
2018-05-14 20:30:00,19.276018626987934
2018-05-14 20:45:00,19.26635755226016
2018-05-14 21:00:00,19.256696477532387
2018-05-14 21:15:00,19.247035402804613
2018-05-14 21:30:00,19.23737432807684
2018-05-14 21:45:00,19.227713253349066
2018-05-14 22:00:00,19.218052178621292
2018-05-14 22:15:00,19.20839110389352
2018-05-14 22:30:00,19.198730029165745
2018-05-14 22:45:00,19.18906895443797
2018-05-14 23:00:00,19.179407879710197
2018-05-14 23:15:00,19.169746804982424
2018-05-14 23:30:00,19.16008573025465
2018-05-14 23:45:00,19.150424655526876
2018-05-15 00:00:00,19.140763580799103
2018-05-15 00:15:00,19.135920517146587
2018-05-15 00:30:00,19.131077453494072
2018-05-15 00:45:00,19.126234389841557
2018-05-15 01:00:00,19.12139132618904
2018-05-15 01:15:00,19.116548262536526
2018-05-15 01:30:00,19.11170519888401
2018-05-15 01:45:00,19.106862135231495
2018-05-15 02:00:00,19.10201907157898
2018-05-15 02:15:00,19.097176007926464
2018-05-15 02:30:00,19.09233294427395
2018-05-15 02:45:00,19.087489880621433
2018-05-15 03:00:00,19.082646816968918
2018-05-15 03:15:00,19.077803753316402
2018-05-15 03:30:00,19.072960689663887
2018-05-15 03:45:00,19.06811762601137
2018-05-15 04:00:00,19.063274562358856
2018-05-15 04:15:00,19.063274562358856
2018-05-15 04:30:00,19.063274562358856
2018-05-15 04:45:00,19.063274562358856
2018-05-15 05:00:00,19.063274562358856
2018-05-15 05:15:00,19.063274562358856
2018-05-15 05:30:00,19.063274562358856
2018-05-15 05:45:00,19.063274562358856
2018-05-15 06:00:00,19.063274562358856
2018-05-15 06:15:00,19.063274562358856
2018-05-15 06:30:00,19.063274562358856
2018-05-15 06:45:00,19.063274562358856
2018-05-15 07:00:00,19.063274562358856
2018-05-15 07:15:00,19.063274562358856
2018-05-15 07:30:00,19.063274562358856
2018-05-15 07:45:00,19.063274562358856
2018-05-15 08:00:00,19.063274562358856
2018-05-15 08:15:00,19.063274562358856
2018-05-15 08:30:00,19.063274562358856
2018-05-15 08:45:00,19.063274562358856
2018-05-15 09:00:00,19.063274562358856
2018-05-15 09:15:00,19.063274562358856
2018-05-15 09:30:00,19.063274562358856
2018-05-15 09:45:00,19.063274562358856
2018-05-15 10:00:00,19.063274562358856
2018-05-15 10:15:00,19.063274562358856
2018-05-15 10:30:00,19.063274562358856
2018-05-15 10:45:00,19.063274562358856
2018-05-15 11:00:00,19.063274562358856
2018-05-15 11:15:00,19.063274562358856
2018-05-15 11:30:00,19.063274562358856
2018-05-15 11:45:00,19.063274562358856
2018-05-15 12:00:00,19.063274562358856
2018-05-15 12:15:00,19.065697118639946
2018-05-15 12:30:00,19.068119674921036
2018-05-15 12:45:00,19.070542231202126
2018-05-15 13:00:00,19.072964787483215
2018-05-15 13:15:00,19.075387343764305
2018-05-15 13:30:00,19.077809900045395
2018-05-15 13:45:00,19.080232456326485
2018-05-15 14:00:00,19.082655012607574
2018-05-15 14:15:00,19.085077568888664
2018-05-15 14:30:00,19.087500125169754
2018-05-15 14:45:00,19.089922681450844
2018-05-15 15:00:00,19.092345237731934
2018-05-15 15:15:00,19.094767794013023
2018-05-15 15:30:00,19.097190350294113
2018-05-15 15:45:00,19.099612906575203
2018-05-15 16:00:00,19.102035462856293
2018-05-15 16:15:00,19.099612906575203
2018-05-15 16:30:00,19.097190350294113
2018-05-15 16:45:00,19.094767794013023
2018-05-15 17:00:00,19.092345237731934
2018-05-15 17:15:00,19.089922681450844
2018-05-15 17:30:00,19.087500125169754
2018-05-15 17:45:00,19.085077568888664
2018-05-15 18:00:00,19.082655012607574
2018-05-15 18:15:00,19.080232456326485
2018-05-15 18:30:00,19.077809900045395
2018-05-15 18:45:00,19.075387343764305
2018-05-15 19:00:00,19.072964787483215
2018-05-15 19:15:00,19.070542231202126
2018-05-15 19:30:00,19.068119674921036
2018-05-15 19:45:00,19.065697118639946
2018-05-15 20:00:00,19.063274562358856
2018-05-15 20:15:00,19.060849864035845
2018-05-15 20:30:00,19.058425165712833
2018-05-15 20:45:00,19.056000467389822
2018-05-15 21:00:00,19.05357576906681
2018-05-15 21:15:00,19.0511510707438
2018-05-15 21:30:00,19.048726372420788
2018-05-15 21:45:00,19.046301674097776
2018-05-15 22:00:00,19.043876975774765
2018-05-15 22:15:00,19.041452277451754
2018-05-15 22:30:00,19.039027579128742
2018-05-15 22:45:00,19.03660288080573
2018-05-15 23:00:00,19.03417818248272
2018-05-15 23:15:00,19.031753484159708
2018-05-15 23:30:00,19.029328785836697
2018-05-15 23:45:00,19.026904087513685
2018-05-16 00:00:00,19.024479389190674
2018-05-16 00:15:00,19.0196237526834
2018-05-16 00:30:00,19.01476811617613
2018-05-16 00:45:00,19.009912479668856
2018-05-16 01:00:00,19.005056843161583
2018-05-16 01:15:00,19.00020120665431
2018-05-16 01:30:00,18.995345570147038
2018-05-16 01:45:00,18.990489933639765
2018-05-16 02:00:00,18.985634297132492
2018-05-16 02:15:00,18.98077866062522
2018-05-16 02:30:00,18.975923024117947
2018-05-16 02:45:00,18.971067387610674
2018-05-16 03:00:00,18.9662117511034
2018-05-16 03:15:00,18.96135611459613
2018-05-16 03:30:00,18.956500478088856
2018-05-16 03:45:00,18.951644841581583
2018-05-16 04:00:00,18.94678920507431
2018-05-16 04:15:00,18.94435817375779
2018-05-16 04:30:00,18.941927142441273
2018-05-16 04:45:00,18.939496111124754
2018-05-16 05:00:00,18.937065079808235
2018-05-16 05:15:00,18.934634048491716
2018-05-16 05:30:00,18.932203017175198
2018-05-16 05:45:00,18.92977198585868
2018-05-16 06:00:00,18.92734095454216
2018-05-16 06:15:00,18.92490992322564
2018-05-16 06:30:00,18.922478891909122
2018-05-16 06:45:00,18.920047860592604
2018-05-16 07:00:00,18.917616829276085
2018-05-16 07:15:00,18.915185797959566
2018-05-16 07:30:00,18.912754766643047
2018-05-16 07:45:00,18.91032373532653
2018-05-16 08:00:00,18.90789270401001
2018-05-16 08:15:00,18.91032373532653
2018-05-16 08:30:00,18.912754766643047
2018-05-16 08:45:00,18.915185797959566
2018-05-16 09:00:00,18.917616829276085
2018-05-16 09:15:00,18.920047860592604
2018-05-16 09:30:00,18.922478891909122
2018-05-16 09:45:00,18.92490992322564
2018-05-16 10:00:00,18.92734095454216
2018-05-16 10:15:00,18.92977198585868
2018-05-16 10:30:00,18.932203017175198
2018-05-16 10:45:00,18.934634048491716
2018-05-16 11:00:00,18.937065079808235
2018-05-16 11:15:00,18.939496111124754
2018-05-16 11:30:00,18.941927142441273
2018-05-16 11:45:00,18.94435817375779
2018-05-16 12:00:00,18.94678920507431
2018-05-16 12:15:00,18.94678920507431
2018-05-16 12:30:00,18.94678920507431
2018-05-16 12:45:00,18.94678920507431
2018-05-16 13:00:00,18.94678920507431
2018-05-16 13:15:00,18.94678920507431
2018-05-16 13:30:00,18.94678920507431
2018-05-16 13:45:00,18.94678920507431
2018-05-16 14:00:00,18.94678920507431
2018-05-16 14:15:00,18.94678920507431
2018-05-16 14:30:00,18.94678920507431
2018-05-16 14:45:00,18.94678920507431
2018-05-16 15:00:00,18.94678920507431
2018-05-16 15:15:00,18.94678920507431
2018-05-16 15:30:00,18.94678920507431
2018-05-16 15:45:00,18.94678920507431
2018-05-16 16:00:00,18.94678920507431
2018-05-16 16:15:00,18.949218094348907
2018-05-16 16:30:00,18.951646983623505
2018-05-16 16:45:00,18.954075872898102
2018-05-16 17:00:00,18.9565047621727
2018-05-16 17:15:00,18.958933651447296
2018-05-16 17:30:00,18.961362540721893
2018-05-16 17:45:00,18.96379142999649
2018-05-16 18:00:00,18.966220319271088
2018-05-16 18:15:00,18.968649208545685
2018-05-16 18:30:00,18.971078097820282
2018-05-16 18:45:00,18.97350698709488
2018-05-16 19:00:00,18.975935876369476
2018-05-16 19:15:00,18.978364765644073
2018-05-16 19:30:00,18.98079365491867
2018-05-16 19:45:00,18.983222544193268
2018-05-16 20:00:00,18.985651433467865
2018-05-16 20:15:00,19.002594891935587
2018-05-16 20:30:00,19.01953835040331
2018-05-16 20:45:00,19.03648180887103
2018-05-16 21:00:00,19.053425267338753
2018-05-16 21:15:00,19.070368725806475
2018-05-16 21:30:00,19.087312184274197
2018-05-16 21:45:00,19.10425564274192
2018-05-16 22:00:00,19.12119910120964
2018-05-16 22:15:00,19.138142559677362
2018-05-16 22:30:00,19.155086018145084
2018-05-16 22:45:00,19.172029476612806
2018-05-16 23:00:00,19.18897293508053
2018-05-16 23:15:00,19.20591639354825
2018-05-16 23:30:00,19.222859852015972
2018-05-16 23:45:00,19.239803310483694
2018-05-17 00:00:00,19.256746768951416
2018-05-17 00:15:00,19.283165503293276
2018-05-17 00:30:00,19.309584237635136
2018-05-17 00:45:00,19.336002971976995
2018-05-17 01:00:00,19.362421706318855
2018-05-17 01:15:00,19.388840440660715
2018-05-17 01:30:00,19.415259175002575
2018-05-17 01:45:00,19.441677909344435
2018-05-17 02:00:00,19.468096643686295
2018-05-17 02:15:00,19.494515378028154
2018-05-17 02:30:00,19.520934112370014
2018-05-17 02:45:00,19.547352846711874
2018-05-17 03:00:00,19.573771581053734
2018-05-17 03:15:00,19.600190315395594
2018-05-17 03:30:00,19.626609049737453
2018-05-17 03:45:00,19.653027784079313
2018-05-17 04:00:00,19.679446518421173
2018-05-17 04:15:00,19.698502123355865
2018-05-17 04:30:00,19.717557728290558
2018-05-17 04:45:00,19.73661333322525
2018-05-17 05:00:00,19.755668938159943
2018-05-17 05:15:00,19.774724543094635
2018-05-17 05:30:00,19.793780148029327
2018-05-17 05:45:00,19.81283575296402
2018-05-17 06:00:00,19.831891357898712
2018-05-17 06:15:00,19.850946962833405
2018-05-17 06:30:00,19.870002567768097
2018-05-17 06:45:00,19.88905817270279
2018-05-17 07:00:00,19.90811377763748
2018-05-17 07:15:00,19.927169382572174
2018-05-17 07:30:00,19.946224987506866
2018-05-17 07:45:00,19.96528059244156
2018-05-17 08:00:00,19.98433619737625
2018-05-17 08:15:00,20.000901445746422
2018-05-17 08:30:00,20.017466694116592
2018-05-17 08:45:00,20.034031942486763
2018-05-17 09:00:00,20.050597190856934
2018-05-17 09:15:00,20.067162439227104
2018-05-17 09:30:00,20.083727687597275
2018-05-17 09:45:00,20.100292935967445
2018-05-17 10:00:00,20.116858184337616
2018-05-17 10:15:00,20.133423432707787
2018-05-17 10:30:00,20.149988681077957
2018-05-17 10:45:00,20.166553929448128
2018-05-17 11:00:00,20.1831191778183
2018-05-17 11:15:00,20.19968442618847
2018-05-17 11:30:00,20.21624967455864
2018-05-17 11:45:00,20.23281492292881
2018-05-17 12:00:00,20.24938017129898
2018-05-17 12:15:00,20.26115069165826
2018-05-17 12:30:00,20.272921212017536
2018-05-17 12:45:00,20.284691732376814
2018-05-17 13:00:00,20.29646225273609
2018-05-17 13:15:00,20.30823277309537
2018-05-17 13:30:00,20.320003293454647
2018-05-17 13:45:00,20.331773813813925
2018-05-17 14:00:00,20.343544334173203
2018-05-17 14:15:00,20.35531485453248
2018-05-17 14:30:00,20.367085374891758
2018-05-17 14:45:00,20.378855895251036
2018-05-17 15:00:00,20.390626415610313
2018-05-17 15:15:00,20.40239693596959
2018-05-17 15:30:00,20.41416745632887
2018-05-17 15:45:00,20.425937976688147
2018-05-17 16:00:00,20.437708497047424
2018-05-17 16:15:00,20.437708497047424
2018-05-17 16:30:00,20.437708497047424
2018-05-17 16:45:00,20.437708497047424
2018-05-17 17:00:00,20.437708497047424
2018-05-17 17:15:00,20.437708497047424
2018-05-17 17:30:00,20.437708497047424
2018-05-17 17:45:00,20.437708497047424
2018-05-17 18:00:00,20.437708497047424
2018-05-17 18:15:00,20.437708497047424
2018-05-17 18:30:00,20.437708497047424
2018-05-17 18:45:00,20.437708497047424
2018-05-17 19:00:00,20.437708497047424
2018-05-17 19:15:00,20.437708497047424
2018-05-17 19:30:00,20.437708497047424
2018-05-17 19:45:00,20.437708497047424
2018-05-17 20:00:00,20.437708497047424
2018-05-17 20:15:00,20.435358490794897
2018-05-17 20:30:00,20.43300848454237
2018-05-17 20:45:00,20.430658478289843
2018-05-17 21:00:00,20.428308472037315
2018-05-17 21:15:00,20.425958465784788
2018-05-17 21:30:00,20.42360845953226
2018-05-17 21:45:00,20.421258453279734
2018-05-17 22:00:00,20.418908447027206
2018-05-17 22:15:00,20.41655844077468
2018-05-17 22:30:00,20.414208434522152
2018-05-17 22:45:00,20.411858428269625
2018-05-17 23:00:00,20.409508422017097
2018-05-17 23:15:00,20.40715841576457
2018-05-17 23:30:00,20.404808409512043
2018-05-17 23:45:00,20.402458403259516
2018-05-18 00:00:00,20.40010839700699
2018-05-18 00:15:00,20.397756341844797
2018-05-18 00:30:00,20.395404286682606
2018-05-18 00:45:00,20.393052231520414
2018-05-18 01:00:00,20.390700176358223
2018-05-18 01:15:00,20.38834812119603
2018-05-18 01:30:00,20.38599606603384
2018-05-18 01:45:00,20.38364401087165
2018-05-18 02:00:00,20.381291955709457
2018-05-18 02:15:00,20.378939900547266
2018-05-18 02:30:00,20.376587845385075
2018-05-18 02:45:00,20.374235790222883
2018-05-18 03:00:00,20.371883735060692
2018-05-18 03:15:00,20.3695316798985
2018-05-18 03:30:00,20.36717962473631
2018-05-18 03:45:00,20.364827569574118
2018-05-18 04:00:00,20.362475514411926
2018-05-18 04:15:00,20.35776525735855
2018-05-18 04:30:00,20.353055000305176
2018-05-18 04:45:00,20.3483447432518
2018-05-18 05:00:00,20.343634486198425
2018-05-18 05:15:00,20.33892422914505
2018-05-18 05:30:00,20.334213972091675
2018-05-18 05:45:00,20.3295037150383
2018-05-18 06:00:00,20.324793457984924
2018-05-18 06:15:00,20.32008320093155
2018-05-18 06:30:00,20.315372943878174
2018-05-18 06:45:00,20.3106626868248
2018-05-18 07:00:00,20.305952429771423
2018-05-18 07:15:00,20.301242172718048
2018-05-18 07:30:00,20.296531915664673
2018-05-18 07:45:00,20.291821658611298
2018-05-18 08:00:00,20.287111401557922
2018-05-18 08:15:00,20.287111401557922
2018-05-18 08:30:00,20.287111401557922
2018-05-18 08:45:00,20.287111401557922
2018-05-18 09:00:00,20.287111401557922
2018-05-18 09:15:00,20.287111401557922
2018-05-18 09:30:00,20.287111401557922
2018-05-18 09:45:00,20.287111401557922
2018-05-18 10:00:00,20.287111401557922
2018-05-18 10:15:00,20.287111401557922
2018-05-18 10:30:00,20.287111401557922
2018-05-18 10:45:00,20.287111401557922
2018-05-18 11:00:00,20.287111401557922
2018-05-18 11:15:00,20.287111401557922
2018-05-18 11:30:00,20.287111401557922
2018-05-18 11:45:00,20.287111401557922
2018-05-18 12:00:00,20.287111401557922
2018-05-18 12:15:00,20.287111401557922
2018-05-18 12:30:00,20.287111401557922
2018-05-18 12:45:00,20.287111401557922
2018-05-18 13:00:00,20.287111401557922
2018-05-18 13:15:00,20.287111401557922
2018-05-18 13:30:00,20.287111401557922
2018-05-18 13:45:00,20.287111401557922
2018-05-18 14:00:00,20.287111401557922
2018-05-18 14:15:00,20.287111401557922
2018-05-18 14:30:00,20.287111401557922
2018-05-18 14:45:00,20.287111401557922
2018-05-18 15:00:00,20.287111401557922
2018-05-18 15:15:00,20.287111401557922
2018-05-18 15:30:00,20.287111401557922
2018-05-18 15:45:00,20.287111401557922
2018-05-18 16:00:00,20.287111401557922
2018-05-18 16:15:00,20.28003055602312
2018-05-18 16:30:00,20.27294971048832
2018-05-18 16:45:00,20.265868864953518
2018-05-18 17:00:00,20.258788019418716
2018-05-18 17:15:00,20.251707173883915
2018-05-18 17:30:00,20.244626328349113
2018-05-18 17:45:00,20.237545482814312
2018-05-18 18:00:00,20.23046463727951
2018-05-18 18:15:00,20.22338379174471
2018-05-18 18:30:00,20.216302946209908
2018-05-18 18:45:00,20.209222100675106
2018-05-18 19:00:00,20.202141255140305
2018-05-18 19:15:00,20.195060409605503
2018-05-18 19:30:00,20.1879795640707
2018-05-18 19:45:00,20.1808987185359
2018-05-18 20:00:00,20.1738178730011
2018-05-18 20:15:00,20.16671858727932
2018-05-18 20:30:00,20.15961930155754
2018-05-18 20:45:00,20.152520015835762
2018-05-18 21:00:00,20.145420730113983
2018-05-18 21:15:00,20.138321444392204
2018-05-18 21:30:00,20.131222158670425
2018-05-18 21:45:00,20.124122872948647
2018-05-18 22:00:00,20.117023587226868
2018-05-18 22:15:00,20.10992430150509
2018-05-18 22:30:00,20.10282501578331
2018-05-18 22:45:00,20.09572573006153
2018-05-18 23:00:00,20.088626444339752
2018-05-18 23:15:00,20.081527158617973
2018-05-18 23:30:00,20.074427872896194
2018-05-18 23:45:00,20.067328587174416
2018-05-19 00:00:00,20.060229301452637
2018-05-19 00:15:00,20.05785871297121
2018-05-19 00:30:00,20.055488124489784
2018-05-19 00:45:00,20.053117536008358
2018-05-19 01:00:00,20.05074694752693
2018-05-19 01:15:00,20.048376359045506
2018-05-19 01:30:00,20.04600577056408
2018-05-19 01:45:00,20.043635182082653
2018-05-19 02:00:00,20.041264593601227
2018-05-19 02:15:00,20.0388940051198
2018-05-19 02:30:00,20.036523416638374
2018-05-19 02:45:00,20.034152828156948
2018-05-19 03:00:00,20.031782239675522
2018-05-19 03:15:00,20.029411651194096
2018-05-19 03:30:00,20.02704106271267
2018-05-19 03:45:00,20.024670474231243
2018-05-19 04:00:00,20.022299885749817
2018-05-19 04:15:00,20.01992715522647
2018-05-19 04:30:00,20.01755442470312
2018-05-19 04:45:00,20.015181694179773
2018-05-19 05:00:00,20.012808963656425
2018-05-19 05:15:00,20.010436233133078
2018-05-19 05:30:00,20.00806350260973
2018-05-19 05:45:00,20.005690772086382
2018-05-19 06:00:00,20.003318041563034
2018-05-19 06:15:00,20.000945311039686
2018-05-19 06:30:00,19.99857258051634
2018-05-19 06:45:00,19.99619984999299
2018-05-19 07:00:00,19.993827119469643
2018-05-19 07:15:00,19.991454388946295
2018-05-19 07:30:00,19.989081658422947
2018-05-19 07:45:00,19.9867089278996
2018-05-19 08:00:00,19.98433619737625
2018-05-19 08:15:00,19.98433619737625
2018-05-19 08:30:00,19.98433619737625
2018-05-19 08:45:00,19.98433619737625
2018-05-19 09:00:00,19.98433619737625
2018-05-19 09:15:00,19.98433619737625
2018-05-19 09:30:00,19.98433619737625
2018-05-19 09:45:00,19.98433619737625
2018-05-19 10:00:00,19.98433619737625
2018-05-19 10:15:00,19.98433619737625
2018-05-19 10:30:00,19.98433619737625
2018-05-19 10:45:00,19.98433619737625
2018-05-19 11:00:00,19.98433619737625
2018-05-19 11:15:00,19.98433619737625
2018-05-19 11:30:00,19.98433619737625
2018-05-19 11:45:00,19.98433619737625
2018-05-19 12:00:00,19.98433619737625
2018-05-19 12:15:00,19.974824972450733
2018-05-19 12:30:00,19.965313747525215
2018-05-19 12:45:00,19.955802522599697
2018-05-19 13:00:00,19.94629129767418
2018-05-19 13:15:00,19.93678007274866
2018-05-19 13:30:00,19.927268847823143
2018-05-19 13:45:00,19.917757622897625
2018-05-19 14:00:00,19.908246397972107
2018-05-19 14:15:00,19.89873517304659
2018-05-19 14:30:00,19.88922394812107
2018-05-19 14:45:00,19.879712723195553
2018-05-19 15:00:00,19.870201498270035
2018-05-19 15:15:00,19.860690273344517
2018-05-19 15:30:00,19.851179048419
2018-05-19 15:45:00,19.84166782349348
2018-05-19 16:00:00,19.832156598567963
2018-05-19 16:15:00,19.8178275488317
2018-05-19 16:30:00,19.80349849909544
2018-05-19 16:45:00,19.78916944935918
2018-05-19 17:00:00,19.774840399622917
2018-05-19 17:15:00,19.760511349886656
2018-05-19 17:30:00,19.746182300150394
2018-05-19 17:45:00,19.731853250414133
2018-05-19 18:00:00,19.71752420067787
2018-05-19 18:15:00,19.70319515094161
2018-05-19 18:30:00,19.68886610120535
2018-05-19 18:45:00,19.674537051469088
2018-05-19 19:00:00,19.660208001732826
2018-05-19 19:15:00,19.645878951996565
2018-05-19 19:30:00,19.631549902260303
2018-05-19 19:45:00,19.617220852524042
2018-05-19 20:00:00,19.60289180278778
2018-05-19 20:15:00,19.595699198544025
2018-05-19 20:30:00,19.58850659430027
2018-05-19 20:45:00,19.581313990056515
2018-05-19 21:00:00,19.57412138581276
2018-05-19 21:15:00,19.566928781569004
2018-05-19 21:30:00,19.55973617732525
2018-05-19 21:45:00,19.552543573081493
2018-05-19 22:00:00,19.545350968837738
2018-05-19 22:15:00,19.538158364593983
2018-05-19 22:30:00,19.530965760350227
2018-05-19 22:45:00,19.523773156106472
2018-05-19 23:00:00,19.516580551862717
2018-05-19 23:15:00,19.50938794761896
2018-05-19 23:30:00,19.502195343375206
2018-05-19 23:45:00,19.49500273913145
2018-05-20 00:00:00,19.487810134887695
2018-05-20 00:15:00,19.483004696667194
2018-05-20 00:30:00,19.478199258446693
2018-05-20 00:45:00,19.473393820226192
2018-05-20 01:00:00,19.46858838200569
2018-05-20 01:15:00,19.46378294378519
2018-05-20 01:30:00,19.45897750556469
2018-05-20 01:45:00,19.45417206734419
2018-05-20 02:00:00,19.449366629123688
2018-05-20 02:15:00,19.444561190903187
2018-05-20 02:30:00,19.439755752682686
2018-05-20 02:45:00,19.434950314462185
2018-05-20 03:00:00,19.430144876241684
2018-05-20 03:15:00,19.425339438021183
2018-05-20 03:30:00,19.420533999800682
2018-05-20 03:45:00,19.41572856158018
2018-05-20 04:00:00,19.41092312335968
2018-05-20 04:15:00,19.408517237752676
2018-05-20 04:30:00,19.406111352145672
2018-05-20 04:45:00,19.403705466538668
2018-05-20 05:00:00,19.401299580931664
2018-05-20 05:15:00,19.39889369532466
2018-05-20 05:30:00,19.396487809717655
2018-05-20 05:45:00,19.39408192411065
2018-05-20 06:00:00,19.391676038503647
2018-05-20 06:15:00,19.389270152896643
2018-05-20 06:30:00,19.38686426728964
2018-05-20 06:45:00,19.384458381682634
2018-05-20 07:00:00,19.38205249607563
2018-05-20 07:15:00,19.379646610468626
2018-05-20 07:30:00,19.377240724861622
2018-05-20 07:45:00,19.374834839254618
2018-05-20 08:00:00,19.372428953647614
2018-05-20 08:15:00,19.370021019130945
2018-05-20 08:30:00,19.367613084614277
2018-05-20 08:45:00,19.36520515009761
2018-05-20 09:00:00,19.36279721558094
2018-05-20 09:15:00,19.360389281064272
2018-05-20 09:30:00,19.357981346547604
2018-05-20 09:45:00,19.355573412030935
2018-05-20 10:00:00,19.353165477514267
2018-05-20 10:15:00,19.3507575429976
2018-05-20 10:30:00,19.34834960848093
2018-05-20 10:45:00,19.345941673964262
2018-05-20 11:00:00,19.343533739447594
2018-05-20 11:15:00,19.341125804930925
2018-05-20 11:30:00,19.338717870414257
2018-05-20 11:45:00,19.33630993589759
2018-05-20 12:00:00,19.33390200138092
2018-05-20 12:15:00,19.329079799354076
2018-05-20 12:30:00,19.324257597327232
2018-05-20 12:45:00,19.31943539530039
2018-05-20 13:00:00,19.314613193273544
2018-05-20 13:15:00,19.3097909912467
2018-05-20 13:30:00,19.304968789219856
2018-05-20 13:45:00,19.300146587193012
2018-05-20 14:00:00,19.295324385166168
2018-05-20 14:15:00,19.290502183139324
2018-05-20 14:30:00,19.28567998111248
2018-05-20 14:45:00,19.280857779085636
2018-05-20 15:00:00,19.276035577058792
2018-05-20 15:15:00,19.271213375031948
2018-05-20 15:30:00,19.266391173005104
2018-05-20 15:45:00,19.26156897097826
2018-05-20 16:00:00,19.256746768951416
2018-05-20 16:15:00,19.377128034830093
2018-05-20 16:30:00,19.49750930070877
2018-05-20 16:45:00,19.617890566587448
2018-05-20 17:00:00,19.738271832466125
2018-05-20 17:15:00,19.858653098344803
2018-05-20 17:30:00,19.97903436422348
2018-05-20 17:45:00,20.099415630102158
2018-05-20 18:00:00,20.219796895980835
2018-05-20 18:15:00,20.340178161859512
2018-05-20 18:30:00,20.46055942773819
2018-05-20 18:45:00,20.580940693616867
2018-05-20 19:00:00,20.701321959495544
2018-05-20 19:15:00,20.821703225374222
2018-05-20 19:30:00,20.9420844912529
2018-05-20 19:45:00,21.062465757131577
2018-05-20 20:00:00,21.182847023010254
2018-05-20 20:15:00,21.295753587037325
2018-05-20 20:30:00,21.408660151064396
2018-05-20 20:45:00,21.521566715091467
2018-05-20 21:00:00,21.634473279118538
2018-05-20 21:15:00,21.74737984314561
2018-05-20 21:30:00,21.86028640717268
2018-05-20 21:45:00,21.97319297119975
2018-05-20 22:00:00,22.086099535226822
2018-05-20 22:15:00,22.199006099253893
2018-05-20 22:30:00,22.311912663280964
2018-05-20 22:45:00,22.424819227308035
2018-05-20 23:00:00,22.537725791335106
2018-05-20 23:15:00,22.650632355362177
2018-05-20 23:30:00,22.763538919389248
2018-05-20 23:45:00,22.87644548341632
2018-05-21 00:00:00,22.98935204744339
2018-05-21 00:15:00,22.944786585867405
2018-05-21 00:30:00,22.90022112429142
2018-05-21 00:45:00,22.855655662715435
2018-05-21 01:00:00,22.81109020113945
2018-05-21 01:15:00,22.766524739563465
2018-05-21 01:30:00,22.72195927798748
2018-05-21 01:45:00,22.677393816411495
2018-05-21 02:00:00,22.63282835483551
2018-05-21 02:15:00,22.588262893259525
2018-05-21 02:30:00,22.54369743168354
2018-05-21 02:45:00,22.499131970107555
2018-05-21 03:00:00,22.45456650853157
2018-05-21 03:15:00,22.410001046955585
2018-05-21 03:30:00,22.3654355853796
2018-05-21 03:45:00,22.320870123803616
2018-05-21 04:00:00,22.27630466222763
2018-05-21 04:15:00,22.25372465327382
2018-05-21 04:30:00,22.23114464432001
2018-05-21 04:45:00,22.2085646353662
2018-05-21 05:00:00,22.18598462641239
2018-05-21 05:15:00,22.163404617458582
2018-05-21 05:30:00,22.140824608504772
2018-05-21 05:45:00,22.118244599550962
2018-05-21 06:00:00,22.095664590597153
2018-05-21 06:15:00,22.073084581643343
2018-05-21 06:30:00,22.050504572689533
2018-05-21 06:45:00,22.027924563735723
2018-05-21 07:00:00,22.005344554781914
2018-05-21 07:15:00,21.982764545828104
2018-05-21 07:30:00,21.960184536874294
2018-05-21 07:45:00,21.937604527920485
2018-05-21 08:00:00,21.915024518966675
2018-05-21 08:15:00,21.903659589588642
2018-05-21 08:30:00,21.89229466021061
2018-05-21 08:45:00,21.880929730832577
2018-05-21 09:00:00,21.869564801454544
2018-05-21 09:15:00,21.85819987207651
2018-05-21 09:30:00,21.84683494269848
2018-05-21 09:45:00,21.835470013320446
2018-05-21 10:00:00,21.824105083942413
2018-05-21 10:15:00,21.81274015456438
2018-05-21 10:30:00,21.801375225186348
2018-05-21 10:45:00,21.790010295808315
2018-05-21 11:00:00,21.778645366430283
2018-05-21 11:15:00,21.76728043705225
2018-05-21 11:30:00,21.755915507674217
2018-05-21 11:45:00,21.744550578296185
2018-05-21 12:00:00,21.733185648918152
2018-05-21 12:15:00,21.719481609761715
2018-05-21 12:30:00,21.705777570605278
2018-05-21 12:45:00,21.69207353144884
2018-05-21 13:00:00,21.678369492292404
2018-05-21 13:15:00,21.664665453135967
2018-05-21 13:30:00,21.65096141397953
2018-05-21 13:45:00,21.637257374823093
2018-05-21 14:00:00,21.623553335666656
2018-05-21 14:15:00,21.60984929651022
2018-05-21 14:30:00,21.596145257353783
2018-05-21 14:45:00,21.582441218197346
2018-05-21 15:00:00,21.56873717904091
2018-05-21 15:15:00,21.555033139884472
2018-05-21 15:30:00,21.541329100728035
2018-05-21 15:45:00,21.527625061571598
2018-05-21 16:00:00,21.51392102241516
2018-05-21 16:15:00,21.490919683128595
2018-05-21 16:30:00,21.46791834384203
2018-05-21 16:45:00,21.444917004555464
2018-05-21 17:00:00,21.421915665268898
2018-05-21 17:15:00,21.398914325982332
2018-05-21 17:30:00,21.375912986695766
2018-05-21 17:45:00,21.3529116474092
2018-05-21 18:00:00,21.329910308122635
2018-05-21 18:15:00,21.30690896883607
2018-05-21 18:30:00,21.283907629549503
2018-05-21 18:45:00,21.260906290262938
2018-05-21 19:00:00,21.23790495097637
2018-05-21 19:15:00,21.214903611689806
2018-05-21 19:30:00,21.19190227240324
2018-05-21 19:45:00,21.168900933116674
2018-05-21 20:00:00,21.14589959383011
2018-05-21 20:15:00,21.12967809662223
2018-05-21 20:30:00,21.11345659941435
2018-05-21 20:45:00,21.09723510220647
2018-05-21 21:00:00,21.08101360499859
2018-05-21 21:15:00,21.06479210779071
2018-05-21 21:30:00,21.04857061058283
2018-05-21 21:45:00,21.03234911337495
2018-05-21 22:00:00,21.01612761616707
2018-05-21 22:15:00,20.99990611895919
2018-05-21 22:30:00,20.98368462175131
2018-05-21 22:45:00,20.96746312454343
2018-05-21 23:00:00,20.95124162733555
2018-05-21 23:15:00,20.93502013012767
2018-05-21 23:30:00,20.91879863291979
2018-05-21 23:45:00,20.90257713571191
2018-05-22 00:00:00,20.88635563850403
2018-05-22 00:15:00,20.877041574567556
2018-05-22 00:30:00,20.867727510631084
2018-05-22 00:45:00,20.858413446694613
2018-05-22 01:00:00,20.84909938275814
2018-05-22 01:15:00,20.83978531882167
2018-05-22 01:30:00,20.830471254885197
2018-05-22 01:45:00,20.821157190948725
2018-05-22 02:00:00,20.811843127012253
2018-05-22 02:15:00,20.80252906307578
2018-05-22 02:30:00,20.79321499913931
2018-05-22 02:45:00,20.783900935202837
2018-05-22 03:00:00,20.774586871266365
2018-05-22 03:15:00,20.765272807329893
2018-05-22 03:30:00,20.75595874339342
2018-05-22 03:45:00,20.74664467945695
2018-05-22 04:00:00,20.737330615520477
2018-05-22 04:15:00,20.72798376902938
2018-05-22 04:30:00,20.71863692253828
2018-05-22 04:45:00,20.709290076047182
2018-05-22 05:00:00,20.699943229556084
2018-05-22 05:15:00,20.690596383064985
2018-05-22 05:30:00,20.681249536573887
2018-05-22 05:45:00,20.67190269008279
2018-05-22 06:00:00,20.66255584359169
2018-05-22 06:15:00,20.65320899710059
2018-05-22 06:30:00,20.643862150609493
2018-05-22 06:45:00,20.634515304118395
2018-05-22 07:00:00,20.625168457627296
2018-05-22 07:15:00,20.615821611136198
2018-05-22 07:30:00,20.6064747646451
2018-05-22 07:45:00,20.597127918154
2018-05-22 08:00:00,20.587781071662903
2018-05-22 08:15:00,20.5807494930923
2018-05-22 08:30:00,20.573717914521694
2018-05-22 08:45:00,20.56668633595109
2018-05-22 09:00:00,20.559654757380486
2018-05-22 09:15:00,20.55262317880988
2018-05-22 09:30:00,20.545591600239277
2018-05-22 09:45:00,20.538560021668673
2018-05-22 10:00:00,20.53152844309807
2018-05-22 10:15:00,20.524496864527464
2018-05-22 10:30:00,20.51746528595686
2018-05-22 10:45:00,20.510433707386255
2018-05-22 11:00:00,20.50340212881565
2018-05-22 11:15:00,20.496370550245047
2018-05-22 11:30:00,20.489338971674442
2018-05-22 11:45:00,20.482307393103838
2018-05-22 12:00:00,20.475275814533234
2018-05-22 12:15:00,20.4540703445673
2018-05-22 12:30:00,20.432864874601364
2018-05-22 12:45:00,20.41165940463543
2018-05-22 13:00:00,20.390453934669495
2018-05-22 13:15:00,20.36924846470356
2018-05-22 13:30:00,20.348042994737625
2018-05-22 13:45:00,20.32683752477169
2018-05-22 14:00:00,20.305632054805756
2018-05-22 14:15:00,20.28442658483982
2018-05-22 14:30:00,20.263221114873886
2018-05-22 14:45:00,20.24201564490795
2018-05-22 15:00:00,20.220810174942017
2018-05-22 15:15:00,20.199604704976082
2018-05-22 15:30:00,20.178399235010147
2018-05-22 15:45:00,20.157193765044212
2018-05-22 16:00:00,20.135988295078278
2018-05-22 16:15:00,20.114615838974714
2018-05-22 16:30:00,20.09324338287115
2018-05-22 16:45:00,20.071870926767588
2018-05-22 17:00:00,20.050498470664024
2018-05-22 17:15:00,20.02912601456046
2018-05-22 17:30:00,20.007753558456898
2018-05-22 17:45:00,19.986381102353334
2018-05-22 18:00:00,19.96500864624977
2018-05-22 18:15:00,19.943636190146208
2018-05-22 18:30:00,19.922263734042645
2018-05-22 18:45:00,19.90089127793908
2018-05-22 19:00:00,19.879518821835518
2018-05-22 19:15:00,19.858146365731955
2018-05-22 19:30:00,19.83677390962839
2018-05-22 19:45:00,19.815401453524828
2018-05-22 20:00:00,19.794028997421265
2018-05-22 20:15:00,19.779687467962503
2018-05-22 20:30:00,19.765345938503742
2018-05-22 20:45:00,19.75100440904498
2018-05-22 21:00:00,19.73666287958622
2018-05-22 21:15:00,19.72232135012746
2018-05-22 21:30:00,19.707979820668697
2018-05-22 21:45:00,19.693638291209936
2018-05-22 22:00:00,19.679296761751175
2018-05-22 22:15:00,19.664955232292414
2018-05-22 22:30:00,19.650613702833652
2018-05-22 22:45:00,19.63627217337489
2018-05-22 23:00:00,19.62193064391613
2018-05-22 23:15:00,19.60758911445737
2018-05-22 23:30:00,19.593247584998608
2018-05-22 23:45:00,19.578906055539846
2018-05-23 00:00:00,19.564564526081085
2018-05-23 00:15:00,19.554961938410997
2018-05-23 00:30:00,19.54535935074091
2018-05-23 00:45:00,19.53575676307082
2018-05-23 01:00:00,19.526154175400734
2018-05-23 01:15:00,19.516551587730646
2018-05-23 01:30:00,19.50694900006056
2018-05-23 01:45:00,19.49734641239047
2018-05-23 02:00:00,19.487743824720383
2018-05-23 02:15:00,19.478141237050295
2018-05-23 02:30:00,19.468538649380207
2018-05-23 02:45:00,19.45893606171012
2018-05-23 03:00:00,19.44933347404003
2018-05-23 03:15:00,19.439730886369944
2018-05-23 03:30:00,19.430128298699856
2018-05-23 03:45:00,19.420525711029768
2018-05-23 04:00:00,19.41092312335968
2018-05-23 04:15:00,19.403699226677418
2018-05-23 04:30:00,19.396475329995155
2018-05-23 04:45:00,19.389251433312893
2018-05-23 05:00:00,19.38202753663063
2018-05-23 05:15:00,19.374803639948368
2018-05-23 05:30:00,19.367579743266106
2018-05-23 05:45:00,19.360355846583843
2018-05-23 06:00:00,19.35313194990158
2018-05-23 06:15:00,19.34590805321932
2018-05-23 06:30:00,19.338684156537056
2018-05-23 06:45:00,19.331460259854794
2018-05-23 07:00:00,19.32423636317253
2018-05-23 07:15:00,19.31701246649027
2018-05-23 07:30:00,19.309788569808006
2018-05-23 07:45:00,19.302564673125744
2018-05-23 08:00:00,19.29534077644348
2018-05-23 08:15:00,19.292928650975227
2018-05-23 08:30:00,19.290516525506973
2018-05-23 08:45:00,19.28810440003872
2018-05-23 09:00:00,19.285692274570465
2018-05-23 09:15:00,19.28328014910221
2018-05-23 09:30:00,19.280868023633957
2018-05-23 09:45:00,19.278455898165703
2018-05-23 10:00:00,19.27604377269745
2018-05-23 10:15:00,19.273631647229195
2018-05-23 10:30:00,19.27121952176094
2018-05-23 10:45:00,19.268807396292686
2018-05-23 11:00:00,19.266395270824432
2018-05-23 11:15:00,19.26398314535618
2018-05-23 11:30:00,19.261571019887924
2018-05-23 11:45:00,19.25915889441967
2018-05-23 12:00:00,19.256746768951416
2018-05-23 12:15:00,19.95770651847124
2018-05-23 12:30:00,20.658666267991066
2018-05-23 12:45:00,21.35962601751089
2018-05-23 13:00:00,22.060585767030716
2018-05-23 13:15:00,22.76154551655054
2018-05-23 13:30:00,23.462505266070366
2018-05-23 13:45:00,24.16346501559019
2018-05-23 14:00:00,24.864424765110016
2018-05-23 14:15:00,25.56538451462984
2018-05-23 14:30:00,26.266344264149666
2018-05-23 14:45:00,26.96730401366949
2018-05-23 15:00:00,27.668263763189316
2018-05-23 15:15:00,28.36922351270914
2018-05-23 15:30:00,29.070183262228966
2018-05-23 15:45:00,29.77114301174879
2018-05-23 16:00:00,30.472102761268616
2018-05-23 16:15:00,30.35261631011963
2018-05-23 16:30:00,30.233129858970642
2018-05-23 16:45:00,30.113643407821655
2018-05-23 17:00:00,29.99415695667267
2018-05-23 17:15:00,29.87467050552368
2018-05-23 17:30:00,29.755184054374695
2018-05-23 17:45:00,29.635697603225708
2018-05-23 18:00:00,29.51621115207672
2018-05-23 18:15:00,29.396724700927734
2018-05-23 18:30:00,29.277238249778748
2018-05-23 18:45:00,29.15775179862976
2018-05-23 19:00:00,29.038265347480774
2018-05-23 19:15:00,28.918778896331787
2018-05-23 19:30:00,28.7992924451828
2018-05-23 19:45:00,28.679805994033813
2018-05-23 20:00:00,28.560319542884827
2018-05-23 20:15:00,28.48315555602312
2018-05-23 20:30:00,28.405991569161415
2018-05-23 20:45:00,28.32882758229971
2018-05-23 21:00:00,28.251663595438004
2018-05-23 21:15:00,28.174499608576298
2018-05-23 21:30:00,28.097335621714592
2018-05-23 21:45:00,28.020171634852886
2018-05-23 22:00:00,27.94300764799118
2018-05-23 22:15:00,27.865843661129475
2018-05-23 22:30:00,27.78867967426777
2018-05-23 22:45:00,27.711515687406063
2018-05-23 23:00:00,27.634351700544357
2018-05-23 23:15:00,27.55718771368265
2018-05-23 23:30:00,27.480023726820946
2018-05-23 23:45:00,27.40285973995924
2018-05-24 00:00:00,27.325695753097534
2018-05-24 00:15:00,27.288042940199375
2018-05-24 00:30:00,27.250390127301216
2018-05-24 00:45:00,27.212737314403057
2018-05-24 01:00:00,27.175084501504898
2018-05-24 01:15:00,27.13743168860674
2018-05-24 01:30:00,27.09977887570858
2018-05-24 01:45:00,27.06212606281042
2018-05-24 02:00:00,27.024473249912262
2018-05-24 02:15:00,26.986820437014103
2018-05-24 02:30:00,26.949167624115944
2018-05-24 02:45:00,26.911514811217785
2018-05-24 03:00:00,26.873861998319626
2018-05-24 03:15:00,26.836209185421467
2018-05-24 03:30:00,26.798556372523308
2018-05-24 03:45:00,26.76090355962515
2018-05-24 04:00:00,26.72325074672699
2018-05-24 04:15:00,26.699132658541203
2018-05-24 04:30:00,26.675014570355415
2018-05-24 04:45:00,26.650896482169628
2018-05-24 05:00:00,26.62677839398384
2018-05-24 05:15:00,26.602660305798054
2018-05-24 05:30:00,26.578542217612267
2018-05-24 05:45:00,26.55442412942648
2018-05-24 06:00:00,26.530306041240692
2018-05-24 06:15:00,26.506187953054905
2018-05-24 06:30:00,26.482069864869118
2018-05-24 06:45:00,26.45795177668333
2018-05-24 07:00:00,26.433833688497543
2018-05-24 07:15:00,26.409715600311756
2018-05-24 07:30:00,26.38559751212597
2018-05-24 07:45:00,26.36147942394018
2018-05-24 08:00:00,26.337361335754395
2018-05-24 08:15:00,26.315021328628063
2018-05-24 08:30:00,26.292681321501732
2018-05-24 08:45:00,26.2703413143754
2018-05-24 09:00:00,26.24800130724907
2018-05-24 09:15:00,26.225661300122738
2018-05-24 09:30:00,26.203321292996407
2018-05-24 09:45:00,26.180981285870075
2018-05-24 10:00:00,26.158641278743744
2018-05-24 10:15:00,26.136301271617413
2018-05-24 10:30:00,26.11396126449108
2018-05-24 10:45:00,26.09162125736475
2018-05-24 11:00:00,26.06928125023842
2018-05-24 11:15:00,26.046941243112087
2018-05-24 11:30:00,26.024601235985756
2018-05-24 11:45:00,26.002261228859425
2018-05-24 12:00:00,25.979921221733093
2018-05-24 12:15:00,25.95529519021511
2018-05-24 12:30:00,25.93066915869713
2018-05-24 12:45:00,25.906043127179146
2018-05-24 13:00:00,25.881417095661163
2018-05-24 13:15:00,25.85679106414318
2018-05-24 13:30:00,25.8321650326252
2018-05-24 13:45:00,25.807539001107216
2018-05-24 14:00:00,25.782912969589233
2018-05-24 14:15:00,25.75828693807125
2018-05-24 14:30:00,25.73366090655327
2018-05-24 14:45:00,25.709034875035286
2018-05-24 15:00:00,25.684408843517303
2018-05-24 15:15:00,25.65978281199932
2018-05-24 15:30:00,25.63515678048134
2018-05-24 15:45:00,25.610530748963356
2018-05-24 16:00:00,25.585904717445374
2018-05-24 16:15:00,25.632870756089687
2018-05-24 16:30:00,25.679836794734
2018-05-24 16:45:00,25.726802833378315
2018-05-24 17:00:00,25.77376887202263
2018-05-24 17:15:00,25.820734910666943
2018-05-24 17:30:00,25.867700949311256
2018-05-24 17:45:00,25.91466698795557
2018-05-24 18:00:00,25.961633026599884
2018-05-24 18:15:00,26.008599065244198
2018-05-24 18:30:00,26.05556510388851
2018-05-24 18:45:00,26.102531142532825
2018-05-24 19:00:00,26.14949718117714
2018-05-24 19:15:00,26.196463219821453
2018-05-24 19:30:00,26.243429258465767
2018-05-24 19:45:00,26.29039529711008
2018-05-24 20:00:00,26.337361335754395
2018-05-24 20:15:00,26.349453255534172
2018-05-24 20:30:00,26.36154517531395
2018-05-24 20:45:00,26.373637095093727
2018-05-24 21:00:00,26.385729014873505
2018-05-24 21:15:00,26.397820934653282
2018-05-24 21:30:00,26.40991285443306
2018-05-24 21:45:00,26.422004774212837
2018-05-24 22:00:00,26.434096693992615
2018-05-24 22:15:00,26.446188613772392
2018-05-24 22:30:00,26.45828053355217
2018-05-24 22:45:00,26.470372453331947
2018-05-24 23:00:00,26.482464373111725
2018-05-24 23:15:00,26.494556292891502
2018-05-24 23:30:00,26.50664821267128
2018-05-24 23:45:00,26.518740132451057
2018-05-25 00:00:00,26.530832052230835
2018-05-25 00:15:00,26.518740132451057
2018-05-25 00:30:00,26.50664821267128
2018-05-25 00:45:00,26.494556292891502
2018-05-25 01:00:00,26.482464373111725
2018-05-25 01:15:00,26.470372453331947
2018-05-25 01:30:00,26.45828053355217
2018-05-25 01:45:00,26.446188613772392
2018-05-25 02:00:00,26.434096693992615
2018-05-25 02:15:00,26.422004774212837
2018-05-25 02:30:00,26.40991285443306
2018-05-25 02:45:00,26.397820934653282
2018-05-25 03:00:00,26.385729014873505
2018-05-25 03:15:00,26.373637095093727
2018-05-25 03:30:00,26.36154517531395
2018-05-25 03:45:00,26.349453255534172
2018-05-25 04:00:00,26.337361335754395
2018-05-25 04:15:00,26.32723432034254
2018-05-25 04:30:00,26.317107304930687
2018-05-25 04:45:00,26.306980289518833
2018-05-25 05:00:00,26.29685327410698
2018-05-25 05:15:00,26.286726258695126
2018-05-25 05:30:00,26.276599243283272
2018-05-25 05:45:00,26.266472227871418
2018-05-25 06:00:00,26.256345212459564
2018-05-25 06:15:00,26.24621819704771
2018-05-25 06:30:00,26.236091181635857
2018-05-25 06:45:00,26.225964166224003
2018-05-25 07:00:00,26.21583715081215
2018-05-25 07:15:00,26.205710135400295
2018-05-25 07:30:00,26.19558311998844
2018-05-25 07:45:00,26.185456104576588
2018-05-25 08:00:00,26.175329089164734
2018-05-25 08:15:00,26.163116097450256
2018-05-25 08:30:00,26.15090310573578
2018-05-25 08:45:00,26.1386901140213
2018-05-25 09:00:00,26.126477122306824
2018-05-25 09:15:00,26.114264130592346
2018-05-25 09:30:00,26.10205113887787
2018-05-25 09:45:00,26.08983814716339
2018-05-25 10:00:00,26.077625155448914
2018-05-25 10:15:00,26.065412163734436
2018-05-25 10:30:00,26.05319917201996
2018-05-25 10:45:00,26.04098618030548
2018-05-25 11:00:00,26.028773188591003
2018-05-25 11:15:00,26.016560196876526
2018-05-25 11:30:00,26.00434720516205
2018-05-25 11:45:00,25.99213421344757
2018-05-25 12:00:00,25.979921221733093
2018-05-25 12:15:00,25.94702709466219
2018-05-25 12:30:00,25.914132967591286
2018-05-25 12:45:00,25.881238840520382
2018-05-25 13:00:00,25.848344713449478
2018-05-25 13:15:00,25.815450586378574
2018-05-25 13:30:00,25.78255645930767
2018-05-25 13:45:00,25.749662332236767
2018-05-25 14:00:00,25.716768205165863
2018-05-25 14:15:00,25.68387407809496
2018-05-25 14:30:00,25.650979951024055
2018-05-25 14:45:00,25.61808582395315
2018-05-25 15:00:00,25.585191696882248
2018-05-25 15:15:00,25.552297569811344
2018-05-25 15:30:00,25.51940344274044
2018-05-25 15:45:00,25.486509315669537
2018-05-25 16:00:00,25.453615188598633
2018-05-25 16:15:00,25.434902496635914
2018-05-25 16:30:00,25.416189804673195
2018-05-25 16:45:00,25.397477112710476
2018-05-25 17:00:00,25.378764420747757
2018-05-25 17:15:00,25.360051728785038
2018-05-25 17:30:00,25.34133903682232
2018-05-25 17:45:00,25.3226263448596
2018-05-25 18:00:00,25.30391365289688
2018-05-25 18:15:00,25.285200960934162
2018-05-25 18:30:00,25.266488268971443
2018-05-25 18:45:00,25.247775577008724
2018-05-25 19:00:00,25.229062885046005
2018-05-25 19:15:00,25.210350193083286
2018-05-25 19:30:00,25.191637501120567
2018-05-25 19:45:00,25.17292480915785
2018-05-25 20:00:00,25.15421211719513
2018-05-25 20:15:00,25.14375038444996
2018-05-25 20:30:00,25.133288651704788
2018-05-25 20:45:00,25.122826918959618
2018-05-25 21:00:00,25.112365186214447
2018-05-25 21:15:00,25.101903453469276
2018-05-25 21:30:00,25.091441720724106
2018-05-25 21:45:00,25.080979987978935
2018-05-25 22:00:00,25.070518255233765
2018-05-25 22:15:00,25.060056522488594
2018-05-25 22:30:00,25.049594789743423
2018-05-25 22:45:00,25.039133056998253
2018-05-25 23:00:00,25.028671324253082
2018-05-25 23:15:00,25.01820959150791
2018-05-25 23:30:00,25.00774785876274
2018-05-25 23:45:00,24.99728612601757
2018-05-26 00:00:00,24.9868243932724
2018-05-26 00:15:00,24.978421162813902
2018-05-26 00:30:00,24.970017932355404
2018-05-26 00:45:00,24.961614701896906
2018-05-26 01:00:00,24.953211471438408
2018-05-26 01:15:00,24.94480824097991
2018-05-26 01:30:00,24.936405010521412
2018-05-26 01:45:00,24.928001780062914
2018-05-26 02:00:00,24.919598549604416
2018-05-26 02:15:00,24.911195319145918
2018-05-26 02:30:00,24.90279208868742
2018-05-26 02:45:00,24.894388858228922
2018-05-26 03:00:00,24.885985627770424
2018-05-26 03:15:00,24.877582397311926
2018-05-26 03:30:00,24.869179166853428
2018-05-26 03:45:00,24.86077593639493
2018-05-26 04:00:00,24.852372705936432
2018-05-26 04:15:00,24.84393920749426
2018-05-26 04:30:00,24.835505709052086
2018-05-26 04:45:00,24.827072210609913
2018-05-26 05:00:00,24.81863871216774
2018-05-26 05:15:00,24.810205213725567
2018-05-26 05:30:00,24.801771715283394
2018-05-26 05:45:00,24.79333821684122
2018-05-26 06:00:00,24.784904718399048
2018-05-26 06:15:00,24.776471219956875
2018-05-26 06:30:00,24.768037721514702
2018-05-26 06:45:00,24.75960422307253
2018-05-26 07:00:00,24.751170724630356
2018-05-26 07:15:00,24.742737226188183
2018-05-26 07:30:00,24.73430372774601
2018-05-26 07:45:00,24.725870229303837
2018-05-26 08:00:00,24.717436730861664
2018-05-26 08:15:00,24.71109163016081
2018-05-26 08:30:00,24.704746529459953
2018-05-26 08:45:00,24.698401428759098
2018-05-26 09:00:00,24.692056328058243
2018-05-26 09:15:00,24.685711227357388
2018-05-26 09:30:00,24.679366126656532
2018-05-26 09:45:00,24.673021025955677
2018-05-26 10:00:00,24.666675925254822
2018-05-26 10:15:00,24.660330824553967
2018-05-26 10:30:00,24.65398572385311
2018-05-26 10:45:00,24.647640623152256
2018-05-26 11:00:00,24.6412955224514
2018-05-26 11:15:00,24.634950421750546
2018-05-26 11:30:00,24.62860532104969
2018-05-26 11:45:00,24.622260220348835
2018-05-26 12:00:00,24.61591511964798
2018-05-26 12:15:00,24.59250343963504
2018-05-26 12:30:00,24.569091759622097
2018-05-26 12:45:00,24.545680079609156
2018-05-26 13:00:00,24.522268399596214
2018-05-26 13:15:00,24.498856719583273
2018-05-26 13:30:00,24.47544503957033
2018-05-26 13:45:00,24.45203335955739
2018-05-26 14:00:00,24.42862167954445
2018-05-26 14:15:00,24.405209999531507
2018-05-26 14:30:00,24.381798319518566
2018-05-26 14:45:00,24.358386639505625
2018-05-26 15:00:00,24.334974959492683
2018-05-26 15:15:00,24.311563279479742
2018-05-26 15:30:00,24.2881515994668
2018-05-26 15:45:00,24.26473991945386
2018-05-26 16:00:00,24.241328239440918
2018-05-26 16:15:00,24.21552399173379
2018-05-26 16:30:00,24.18971974402666
2018-05-26 16:45:00,24.163915496319532
2018-05-26 17:00:00,24.138111248612404
2018-05-26 17:15:00,24.112307000905275
2018-05-26 17:30:00,24.086502753198147
2018-05-26 17:45:00,24.06069850549102
2018-05-26 18:00:00,24.03489425778389
2018-05-26 18:15:00,24.00909001007676
2018-05-26 18:30:00,23.983285762369633
2018-05-26 18:45:00,23.957481514662504
2018-05-26 19:00:00,23.931677266955376
2018-05-26 19:15:00,23.905873019248247
2018-05-26 19:30:00,23.88006877154112
2018-05-26 19:45:00,23.85426452383399
2018-05-26 20:00:00,23.82846027612686
2018-05-26 20:15:00,23.815454076975584
2018-05-26 20:30:00,23.802447877824306
2018-05-26 20:45:00,23.78944167867303
2018-05-26 21:00:00,23.77643547952175
2018-05-26 21:15:00,23.763429280370474
2018-05-26 21:30:00,23.750423081219196
2018-05-26 21:45:00,23.73741688206792
2018-05-26 22:00:00,23.72441068291664
2018-05-26 22:15:00,23.711404483765364
2018-05-26 22:30:00,23.698398284614086
2018-05-26 22:45:00,23.68539208546281
2018-05-26 23:00:00,23.67238588631153
2018-05-26 23:15:00,23.659379687160254
2018-05-26 23:30:00,23.646373488008976
2018-05-26 23:45:00,23.6333672888577
2018-05-27 00:00:00,23.62036108970642
2018-05-27 00:15:00,23.61165164038539
2018-05-27 00:30:00,23.602942191064358
2018-05-27 00:45:00,23.594232741743326
2018-05-27 01:00:00,23.585523292422295
2018-05-27 01:15:00,23.576813843101263
2018-05-27 01:30:00,23.56810439378023
2018-05-27 01:45:00,23.5593949444592
2018-05-27 02:00:00,23.55068549513817
2018-05-27 02:15:00,23.541976045817137
2018-05-27 02:30:00,23.533266596496105
2018-05-27 02:45:00,23.524557147175074
2018-05-27 03:00:00,23.515847697854042
2018-05-27 03:15:00,23.50713824853301
2018-05-27 03:30:00,23.49842879921198
2018-05-27 03:45:00,23.489719349890947
2018-05-27 04:00:00,23.481009900569916
2018-05-27 04:15:00,23.474457301199436
2018-05-27 04:30:00,23.467904701828957
2018-05-27 04:45:00,23.461352102458477
2018-05-27 05:00:00,23.454799503087997
2018-05-27 05:15:00,23.448246903717518
2018-05-27 05:30:00,23.44169430434704
2018-05-27 05:45:00,23.43514170497656
2018-05-27 06:00:00,23.42858910560608
2018-05-27 06:15:00,23.4220365062356
2018-05-27 06:30:00,23.41548390686512
2018-05-27 06:45:00,23.40893130749464
2018-05-27 07:00:00,23.40237870812416
2018-05-27 07:15:00,23.39582610875368
2018-05-27 07:30:00,23.3892735093832
2018-05-27 07:45:00,23.382720910012722
2018-05-27 08:00:00,23.376168310642242
2018-05-27 08:15:00,23.369598295539618
2018-05-27 08:30:00,23.363028280436993
2018-05-27 08:45:00,23.356458265334368
2018-05-27 09:00:00,23.349888250231743
2018-05-27 09:15:00,23.343318235129118
2018-05-27 09:30:00,23.336748220026493
2018-05-27 09:45:00,23.330178204923868
2018-05-27 10:00:00,23.323608189821243
2018-05-27 10:15:00,23.31703817471862
2018-05-27 10:30:00,23.310468159615993
2018-05-27 10:45:00,23.30389814451337
2018-05-27 11:00:00,23.297328129410744
2018-05-27 11:15:00,23.29075811430812
2018-05-27 11:30:00,23.284188099205494
2018-05-27 11:45:00,23.27761808410287
2018-05-27 12:00:00,23.271048069000244
2018-05-27 12:15:00,23.251232504844666
2018-05-27 12:30:00,23.231416940689087
2018-05-27 12:45:00,23.21160137653351
2018-05-27 13:00:00,23.19178581237793
2018-05-27 13:15:00,23.17197024822235
2018-05-27 13:30:00,23.152154684066772
2018-05-27 13:45:00,23.132339119911194
2018-05-27 14:00:00,23.112523555755615
2018-05-27 14:15:00,23.092707991600037
2018-05-27 14:30:00,23.072892427444458
2018-05-27 14:45:00,23.05307686328888
2018-05-27 15:00:00,23.0332612991333
2018-05-27 15:15:00,23.013445734977722
2018-05-27 15:30:00,22.993630170822144
2018-05-27 15:45:00,22.973814606666565
2018-05-27 16:00:00,22.953999042510986
2018-05-27 16:15:00,22.93179528787732
2018-05-27 16:30:00,22.909591533243656
2018-05-27 16:45:00,22.88738777860999
2018-05-27 17:00:00,22.865184023976326
2018-05-27 17:15:00,22.84298026934266
2018-05-27 17:30:00,22.820776514708996
2018-05-27 17:45:00,22.79857276007533
2018-05-27 18:00:00,22.776369005441666
2018-05-27 18:15:00,22.754165250808
2018-05-27 18:30:00,22.731961496174335
2018-05-27 18:45:00,22.70975774154067
2018-05-27 19:00:00,22.687553986907005
2018-05-27 19:15:00,22.66535023227334
2018-05-27 19:30:00,22.643146477639675
2018-05-27 19:45:00,22.62094272300601
2018-05-27 20:00:00,22.598738968372345
2018-05-27 20:15:00,22.587563190609217
2018-05-27 20:30:00,22.57638741284609
2018-05-27 20:45:00,22.56521163508296
2018-05-27 21:00:00,22.554035857319832
2018-05-27 21:15:00,22.542860079556704
2018-05-27 21:30:00,22.531684301793575
2018-05-27 21:45:00,22.520508524030447
2018-05-27 22:00:00,22.50933274626732
2018-05-27 22:15:00,22.49815696850419
2018-05-27 22:30:00,22.486981190741062
2018-05-27 22:45:00,22.475805412977934
2018-05-27 23:00:00,22.464629635214806
2018-05-27 23:15:00,22.453453857451677
2018-05-27 23:30:00,22.44227807968855
2018-05-27 23:45:00,22.43110230192542
2018-05-28 00:00:00,22.419926524162292
2018-05-28 00:15:00,22.410950157791376
2018-05-28 00:30:00,22.40197379142046
2018-05-28 00:45:00,22.392997425049543
2018-05-28 01:00:00,22.384021058678627
2018-05-28 01:15:00,22.37504469230771
2018-05-28 01:30:00,22.366068325936794
2018-05-28 01:45:00,22.357091959565878
2018-05-28 02:00:00,22.34811559319496
2018-05-28 02:15:00,22.339139226824045
2018-05-28 02:30:00,22.33016286045313
2018-05-28 02:45:00,22.321186494082212
2018-05-28 03:00:00,22.312210127711296
2018-05-28 03:15:00,22.30323376134038
2018-05-28 03:30:00,22.294257394969463
2018-05-28 03:45:00,22.285281028598547
2018-05-28 04:00:00,22.27630466222763
2018-05-28 04:15:00,22.269551549106836
2018-05-28 04:30:00,22.262798435986042
2018-05-28 04:45:00,22.256045322865248
2018-05-28 05:00:00,22.249292209744453
2018-05-28 05:15:00,22.24253909662366
2018-05-28 05:30:00,22.235785983502865
2018-05-28 05:45:00,22.22903287038207
2018-05-28 06:00:00,22.222279757261276
2018-05-28 06:15:00,22.215526644140482
2018-05-28 06:30:00,22.208773531019688
2018-05-28 06:45:00,22.202020417898893
2018-05-28 07:00:00,22.1952673047781
2018-05-28 07:15:00,22.188514191657305
2018-05-28 07:30:00,22.18176107853651
2018-05-28 07:45:00,22.175007965415716
2018-05-28 08:00:00,22.168254852294922
2018-05-28 08:15:00,22.163742873817682
2018-05-28 08:30:00,22.159230895340443
2018-05-28 08:45:00,22.154718916863203
2018-05-28 09:00:00,22.150206938385963
2018-05-28 09:15:00,22.145694959908724
2018-05-28 09:30:00,22.141182981431484
2018-05-28 09:45:00,22.136671002954245
2018-05-28 10:00:00,22.132159024477005
2018-05-28 10:15:00,22.127647045999765
2018-05-28 10:30:00,22.123135067522526
2018-05-28 10:45:00,22.118623089045286
2018-05-28 11:00:00,22.114111110568047
2018-05-28 11:15:00,22.109599132090807
2018-05-28 11:30:00,22.105087153613567
2018-05-28 11:45:00,22.100575175136328
2018-05-28 12:00:00,22.096063196659088
2018-05-28 12:15:00,22.080208361148834
2018-05-28 12:30:00,22.06435352563858
2018-05-28 12:45:00,22.048498690128326
2018-05-28 13:00:00,22.032643854618073
2018-05-28 13:15:00,22.01678901910782
2018-05-28 13:30:00,22.000934183597565
2018-05-28 13:45:00,21.98507934808731
2018-05-28 14:00:00,21.969224512577057
2018-05-28 14:15:00,21.953369677066803
2018-05-28 14:30:00,21.93751484155655
2018-05-28 14:45:00,21.921660006046295
2018-05-28 15:00:00,21.90580517053604
2018-05-28 15:15:00,21.889950335025787
2018-05-28 15:30:00,21.874095499515533
2018-05-28 15:45:00,21.85824066400528
2018-05-28 16:00:00,21.842385828495026
2018-05-28 16:15:00,21.824145782738924
2018-05-28 16:30:00,21.805905736982822
2018-05-28 16:45:00,21.78766569122672
2018-05-28 17:00:00,21.76942564547062
2018-05-28 17:15:00,21.751185599714518
2018-05-28 17:30:00,21.732945553958416
2018-05-28 17:45:00,21.714705508202314
2018-05-28 18:00:00,21.696465462446213
2018-05-28 18:15:00,21.67822541669011
2018-05-28 18:30:00,21.65998537093401
2018-05-28 18:45:00,21.641745325177908
2018-05-28 19:00:00,21.623505279421806
2018-05-28 19:15:00,21.605265233665705
2018-05-28 19:30:00,21.587025187909603
2018-05-28 19:45:00,21.5687851421535
2018-05-28 20:00:00,21.5505450963974
2018-05-28 20:15:00,21.539079770445824
2018-05-28 20:30:00,21.527614444494247
2018-05-28 20:45:00,21.51614911854267
2018-05-28 21:00:00,21.504683792591095
2018-05-28 21:15:00,21.49321846663952
2018-05-28 21:30:00,21.481753140687943
2018-05-28 21:45:00,21.470287814736366
2018-05-28 22:00:00,21.45882248878479
2018-05-28 22:15:00,21.447357162833214
2018-05-28 22:30:00,21.435891836881638
2018-05-28 22:45:00,21.42442651093006
2018-05-28 23:00:00,21.412961184978485
2018-05-28 23:15:00,21.40149585902691
2018-05-28 23:30:00,21.390030533075333
2018-05-28 23:45:00,21.378565207123756
2018-05-29 00:00:00,21.36709988117218
2018-05-29 00:15:00,21.357891242951155
2018-05-29 00:30:00,21.34868260473013
2018-05-29 00:45:00,21.339473966509104
2018-05-29 01:00:00,21.33026532828808
2018-05-29 01:15:00,21.321056690067053
2018-05-29 01:30:00,21.311848051846027
2018-05-29 01:45:00,21.302639413625002
2018-05-29 02:00:00,21.293430775403976
2018-05-29 02:15:00,21.28422213718295
2018-05-29 02:30:00,21.275013498961926
2018-05-29 02:45:00,21.2658048607409
2018-05-29 03:00:00,21.256596222519875
2018-05-29 03:15:00,21.24738758429885
2018-05-29 03:30:00,21.238178946077824
2018-05-29 03:45:00,21.228970307856798
2018-05-29 04:00:00,21.219761669635773
2018-05-29 04:15:00,21.21514528989792
2018-05-29 04:30:00,21.210528910160065
2018-05-29 04:45:00,21.20591253042221
2018-05-29 05:00:00,21.201296150684357
2018-05-29 05:15:00,21.196679770946503
2018-05-29 05:30:00,21.19206339120865
2018-05-29 05:45:00,21.187447011470795
2018-05-29 06:00:00,21.18283063173294
2018-05-29 06:15:00,21.178214251995087
2018-05-29 06:30:00,21.173597872257233
2018-05-29 06:45:00,21.16898149251938
2018-05-29 07:00:00,21.164365112781525
2018-05-29 07:15:00,21.15974873304367
2018-05-29 07:30:00,21.155132353305817
2018-05-29 07:45:00,21.150515973567963
2018-05-29 08:00:00,21.14589959383011
2018-05-29 08:15:00,21.138959750533104
2018-05-29 08:30:00,21.1320199072361
2018-05-29 08:45:00,21.125080063939095
2018-05-29 09:00:00,21.11814022064209
2018-05-29 09:15:00,21.111200377345085
2018-05-29 09:30:00,21.10426053404808
2018-05-29 09:45:00,21.097320690751076
2018-05-29 10:00:00,21.09038084745407
2018-05-29 10:15:00,21.083441004157066
2018-05-29 10:30:00,21.07650116086006
2018-05-29 10:45:00,21.069561317563057
2018-05-29 11:00:00,21.062621474266052
2018-05-29 11:15:00,21.055681630969048
2018-05-29 11:30:00,21.048741787672043
2018-05-29 11:45:00,21.041801944375038
2018-05-29 12:00:00,21.034862101078033
2018-05-29 12:15:00,21.016266383230686
2018-05-29 12:30:00,20.99767066538334
2018-05-29 12:45:00,20.97907494753599
2018-05-29 13:00:00,20.960479229688644
2018-05-29 13:15:00,20.941883511841297
2018-05-29 13:30:00,20.92328779399395
2018-05-29 13:45:00,20.904692076146603
2018-05-29 14:00:00,20.886096358299255
2018-05-29 14:15:00,20.867500640451908
2018-05-29 14:30:00,20.84890492260456
2018-05-29 14:45:00,20.830309204757214
2018-05-29 15:00:00,20.811713486909866
2018-05-29 15:15:00,20.79311776906252
2018-05-29 15:30:00,20.774522051215172
2018-05-29 15:45:00,20.755926333367825
2018-05-29 16:00:00,20.737330615520477
2018-05-29 16:15:00,20.716254226863384
2018-05-29 16:30:00,20.69517783820629
2018-05-29 16:45:00,20.674101449549198
2018-05-29 17:00:00,20.653025060892105
2018-05-29 17:15:00,20.631948672235012
2018-05-29 17:30:00,20.61087228357792
2018-05-29 17:45:00,20.589795894920826
2018-05-29 18:00:00,20.568719506263733
2018-05-29 18:15:00,20.54764311760664
2018-05-29 18:30:00,20.526566728949547
2018-05-29 18:45:00,20.505490340292454
2018-05-29 19:00:00,20.48441395163536
2018-05-29 19:15:00,20.463337562978268
2018-05-29 19:30:00,20.442261174321175
2018-05-29 19:45:00,20.42118478566408
2018-05-29 20:00:00,20.40010839700699
2018-05-29 20:15:00,20.38832763209939
2018-05-29 20:30:00,20.37654686719179
2018-05-29 20:45:00,20.364766102284193
2018-05-29 21:00:00,20.352985337376595
2018-05-29 21:15:00,20.341204572468996
2018-05-29 21:30:00,20.329423807561398
2018-05-29 21:45:00,20.3176430426538
2018-05-29 22:00:00,20.3058622777462
2018-05-29 22:15:00,20.294081512838602
2018-05-29 22:30:00,20.282300747931004
2018-05-29 22:45:00,20.270519983023405
2018-05-29 23:00:00,20.258739218115807
2018-05-29 23:15:00,20.246958453208208
2018-05-29 23:30:00,20.23517768830061
2018-05-29 23:45:00,20.22339692339301
2018-05-30 00:00:00,20.211616158485413
2018-05-30 00:15:00,20.202154479920864
2018-05-30 00:30:00,20.192692801356316
2018-05-30 00:45:00,20.183231122791767
2018-05-30 01:00:00,20.17376944422722
2018-05-30 01:15:00,20.16430776566267
2018-05-30 01:30:00,20.15484608709812
2018-05-30 01:45:00,20.145384408533573
2018-05-30 02:00:00,20.135922729969025
2018-05-30 02:15:00,20.126461051404476
2018-05-30 02:30:00,20.116999372839928
2018-05-30 02:45:00,20.10753769427538
2018-05-30 03:00:00,20.09807601571083
2018-05-30 03:15:00,20.088614337146282
2018-05-30 03:30:00,20.079152658581734
2018-05-30 03:45:00,20.069690980017185
2018-05-30 04:00:00,20.060229301452637
2018-05-30 04:15:00,20.055485982447863
2018-05-30 04:30:00,20.05074266344309
2018-05-30 04:45:00,20.045999344438314
2018-05-30 05:00:00,20.04125602543354
2018-05-30 05:15:00,20.036512706428766
2018-05-30 05:30:00,20.031769387423992
2018-05-30 05:45:00,20.027026068419218
2018-05-30 06:00:00,20.022282749414444
2018-05-30 06:15:00,20.01753943040967
2018-05-30 06:30:00,20.012796111404896
2018-05-30 06:45:00,20.00805279240012
2018-05-30 07:00:00,20.003309473395348
2018-05-30 07:15:00,19.998566154390574
2018-05-30 07:30:00,19.9938228353858
2018-05-30 07:45:00,19.989079516381025
2018-05-30 08:00:00,19.98433619737625
2018-05-30 08:15:00,19.981961511075497
2018-05-30 08:30:00,19.979586824774742
2018-05-30 08:45:00,19.977212138473988
2018-05-30 09:00:00,19.974837452173233
2018-05-30 09:15:00,19.97246276587248
2018-05-30 09:30:00,19.970088079571724
2018-05-30 09:45:00,19.96771339327097
2018-05-30 10:00:00,19.965338706970215
2018-05-30 10:15:00,19.96296402066946
2018-05-30 10:30:00,19.960589334368706
2018-05-30 10:45:00,19.95821464806795
2018-05-30 11:00:00,19.955839961767197
2018-05-30 11:15:00,19.953465275466442
2018-05-30 11:30:00,19.951090589165688
2018-05-30 11:45:00,19.948715902864933
2018-05-30 12:00:00,19.94634121656418
2018-05-30 12:15:00,19.934436585754156
2018-05-30 12:30:00,19.922531954944134
2018-05-30 12:45:00,19.91062732413411
2018-05-30 13:00:00,19.89872269332409
2018-05-30 13:15:00,19.886818062514067
2018-05-30 13:30:00,19.874913431704044
2018-05-30 13:45:00,19.863008800894022
2018-05-30 14:00:00,19.851104170084
2018-05-30 14:15:00,19.839199539273977
2018-05-30 14:30:00,19.827294908463955
2018-05-30 14:45:00,19.815390277653933
2018-05-30 15:00:00,19.80348564684391
2018-05-30 15:15:00,19.791581016033888
2018-05-30 15:30:00,19.779676385223866
2018-05-30 15:45:00,19.767771754413843
2018-05-30 16:00:00,19.75586712360382
2018-05-30 16:15:00,19.739113561809063
2018-05-30 16:30:00,19.722360000014305
2018-05-30 16:45:00,19.705606438219547
2018-05-30 17:00:00,19.68885287642479
2018-05-30 17:15:00,19.67209931463003
2018-05-30 17:30:00,19.655345752835274
2018-05-30 17:45:00,19.638592191040516
2018-05-30 18:00:00,19.621838629245758
2018-05-30 18:15:00,19.605085067451
2018-05-30 18:30:00,19.588331505656242
2018-05-30 18:45:00,19.571577943861485
2018-05-30 19:00:00,19.554824382066727
2018-05-30 19:15:00,19.53807082027197
2018-05-30 19:30:00,19.52131725847721
2018-05-30 19:45:00,19.504563696682453
2018-05-30 20:00:00,19.487810134887695
2018-05-30 20:15:00,19.478190876543522
2018-05-30 20:30:00,19.46857161819935
2018-05-30 20:45:00,19.458952359855175
2018-05-30 21:00:00,19.449333101511
2018-05-30 21:15:00,19.439713843166828
2018-05-30 21:30:00,19.430094584822655
2018-05-30 21:45:00,19.42047532647848
2018-05-30 22:00:00,19.410856068134308
2018-05-30 22:15:00,19.401236809790134
2018-05-30 22:30:00,19.39161755144596
2018-05-30 22:45:00,19.381998293101788
2018-05-30 23:00:00,19.372379034757614
2018-05-30 23:15:00,19.36275977641344
2018-05-30 23:30:00,19.353140518069267
2018-05-30 23:45:00,19.343521259725094
2018-05-31 00:00:00,19.33390200138092
2018-05-31 00:15:00,19.329079799354076
2018-05-31 00:30:00,19.324257597327232
2018-05-31 00:45:00,19.31943539530039
2018-05-31 01:00:00,19.314613193273544
2018-05-31 01:15:00,19.3097909912467
2018-05-31 01:30:00,19.304968789219856
2018-05-31 01:45:00,19.300146587193012
2018-05-31 02:00:00,19.295324385166168
2018-05-31 02:15:00,19.290502183139324
2018-05-31 02:30:00,19.28567998111248
2018-05-31 02:45:00,19.280857779085636
2018-05-31 03:00:00,19.276035577058792
2018-05-31 03:15:00,19.271213375031948
2018-05-31 03:30:00,19.266391173005104
2018-05-31 03:45:00,19.26156897097826
2018-05-31 04:00:00,19.256746768951416
2018-05-31 04:15:00,19.254332594573498
2018-05-31 04:30:00,19.25191842019558
2018-05-31 04:45:00,19.24950424581766
2018-05-31 05:00:00,19.247090071439743
2018-05-31 05:15:00,19.244675897061825
2018-05-31 05:30:00,19.242261722683907
2018-05-31 05:45:00,19.23984754830599
2018-05-31 06:00:00,19.23743337392807
2018-05-31 06:15:00,19.235019199550152
2018-05-31 06:30:00,19.232605025172234
2018-05-31 06:45:00,19.230190850794315
2018-05-31 07:00:00,19.227776676416397
2018-05-31 07:15:00,19.22536250203848
2018-05-31 07:30:00,19.22294832766056
2018-05-31 07:45:00,19.220534153282642
2018-05-31 08:00:00,19.218119978904724
2018-05-31 08:15:00,19.215703662484884
2018-05-31 08:30:00,19.213287346065044
2018-05-31 08:45:00,19.210871029645205
2018-05-31 09:00:00,19.208454713225365
2018-05-31 09:15:00,19.206038396805525
2018-05-31 09:30:00,19.203622080385685
2018-05-31 09:45:00,19.201205763965845
2018-05-31 10:00:00,19.198789447546005
2018-05-31 10:15:00,19.196373131126165
2018-05-31 10:30:00,19.193956814706326
2018-05-31 10:45:00,19.191540498286486
2018-05-31 11:00:00,19.189124181866646
2018-05-31 11:15:00,19.186707865446806
2018-05-31 11:30:00,19.184291549026966
2018-05-31 11:45:00,19.181875232607126
2018-05-31 12:00:00,19.179458916187286
2018-05-31 12:15:00,19.167345948517323
2018-05-31 12:30:00,19.15523298084736
2018-05-31 12:45:00,19.143120013177395
2018-05-31 13:00:00,19.13100704550743
2018-05-31 13:15:00,19.118894077837467
2018-05-31 13:30:00,19.106781110167503
2018-05-31 13:45:00,19.09466814249754
2018-05-31 14:00:00,19.082555174827576
2018-05-31 14:15:00,19.070442207157612
2018-05-31 14:30:00,19.058329239487648
2018-05-31 14:45:00,19.046216271817684
2018-05-31 15:00:00,19.03410330414772
2018-05-31 15:15:00,19.021990336477757
2018-05-31 15:30:00,19.009877368807793
2018-05-31 15:45:00,18.99776440113783
2018-05-31 16:00:00,18.985651433467865
2018-05-31 16:15:00,18.973485939204693
2018-05-31 16:30:00,18.96132044494152
2018-05-31 16:45:00,18.94915495067835
2018-05-31 17:00:00,18.936989456415176
2018-05-31 17:15:00,18.924823962152004
2018-05-31 17:30:00,18.912658467888832
2018-05-31 17:45:00,18.90049297362566
2018-05-31 18:00:00,18.888327479362488
2018-05-31 18:15:00,18.876161985099316
2018-05-31 18:30:00,18.863996490836143
2018-05-31 18:45:00,18.85183099657297
2018-05-31 19:00:00,18.8396655023098
2018-05-31 19:15:00,18.827500008046627
2018-05-31 19:30:00,18.815334513783455
2018-05-31 19:45:00,18.803169019520283
2018-05-31 20:00:00,18.79100352525711
2018-05-31 20:15:00,18.78612255677581
2018-05-31 20:30:00,18.781241588294506
2018-05-31 20:45:00,18.776360619813204
2018-05-31 21:00:00,18.7714796513319
2018-05-31 21:15:00,18.7665986828506
2018-05-31 21:30:00,18.761717714369297
2018-05-31 21:45:00,18.756836745887995
2018-05-31 22:00:00,18.751955777406693
2018-05-31 22:15:00,18.74707480892539
2018-05-31 22:30:00,18.742193840444088
2018-05-31 22:45:00,18.737312871962786
2018-05-31 23:00:00,18.732431903481483
2018-05-31 23:15:00,18.72755093500018
2018-05-31 23:30:00,18.72266996651888
2018-05-31 23:45:00,18.717788998037577
2018-06-01 00:00:00,18.712908029556274
2018-06-01 00:15:00,18.7080186791718
2018-06-01 00:30:00,18.703129328787327
2018-06-01 00:45:00,18.698239978402853
2018-06-01 01:00:00,18.69335062801838
2018-06-01 01:15:00,18.688461277633905
2018-06-01 01:30:00,18.68357192724943
2018-06-01 01:45:00,18.678682576864958
2018-06-01 02:00:00,18.673793226480484
2018-06-01 02:15:00,18.66890387609601
2018-06-01 02:30:00,18.664014525711536
2018-06-01 02:45:00,18.659125175327063
2018-06-01 03:00:00,18.65423582494259
2018-06-01 03:15:00,18.649346474558115
2018-06-01 03:30:00,18.64445712417364
2018-06-01 03:45:00,18.639567773789167
2018-06-01 04:00:00,18.634678423404694
2018-06-01 04:15:00,18.63223062828183
2018-06-01 04:30:00,18.62978283315897
2018-06-01 04:45:00,18.627335038036108
2018-06-01 05:00:00,18.624887242913246
2018-06-01 05:15:00,18.622439447790384
2018-06-01 05:30:00,18.619991652667522
2018-06-01 05:45:00,18.61754385754466
2018-06-01 06:00:00,18.6150960624218
2018-06-01 06:15:00,18.612648267298937
2018-06-01 06:30:00,18.610200472176075
2018-06-01 06:45:00,18.607752677053213
2018-06-01 07:00:00,18.60530488193035
2018-06-01 07:15:00,18.60285708680749
2018-06-01 07:30:00,18.600409291684628
2018-06-01 07:45:00,18.597961496561766
2018-06-01 08:00:00,18.595513701438904
2018-06-01 08:15:00,18.590611591935158
2018-06-01 08:30:00,18.58570948243141
2018-06-01 08:45:00,18.580807372927666
2018-06-01 09:00:00,18.57590526342392
2018-06-01 09:15:00,18.571003153920174
2018-06-01 09:30:00,18.566101044416428
2018-06-01 09:45:00,18.56119893491268
2018-06-01 10:00:00,18.556296825408936
2018-06-01 10:15:00,18.55139471590519
2018-06-01 10:30:00,18.546492606401443
2018-06-01 10:45:00,18.541590496897697
2018-06-01 11:00:00,18.53668838739395
2018-06-01 11:15:00,18.531786277890205
2018-06-01 11:30:00,18.52688416838646
2018-06-01 11:45:00,18.521982058882713
2018-06-01 12:00:00,18.517079949378967
2018-06-01 12:15:00,18.499856162816286
2018-06-01 12:30:00,18.482632376253605
2018-06-01 12:45:00,18.465408589690924
2018-06-01 13:00:00,18.448184803128242
2018-06-01 13:15:00,18.43096101656556
2018-06-01 13:30:00,18.41373723000288
2018-06-01 13:45:00,18.3965134434402
2018-06-01 14:00:00,18.379289656877518
2018-06-01 14:15:00,18.362065870314837
2018-06-01 14:30:00,18.344842083752155
2018-06-01 14:45:00,18.327618297189474
2018-06-01 15:00:00,18.310394510626793
2018-06-01 15:15:00,18.29317072406411
2018-06-01 15:30:00,18.27594693750143
2018-06-01 15:45:00,18.25872315093875
2018-06-01 16:00:00,18.241499364376068
2018-06-01 16:15:00,18.21920145303011
2018-06-01 16:30:00,18.19690354168415
2018-06-01 16:45:00,18.174605630338192
2018-06-01 17:00:00,18.152307718992233
2018-06-01 17:15:00,18.130009807646275
2018-06-01 17:30:00,18.107711896300316
2018-06-01 17:45:00,18.085413984954357
2018-06-01 18:00:00,18.0631160736084
2018-06-01 18:15:00,18.04081816226244
2018-06-01 18:30:00,18.01852025091648
2018-06-01 18:45:00,17.996222339570522
2018-06-01 19:00:00,17.973924428224564
2018-06-01 19:15:00,17.951626516878605
2018-06-01 19:30:00,17.929328605532646
2018-06-01 19:45:00,17.907030694186687
2018-06-01 20:00:00,17.88473278284073
2018-06-01 20:15:00,17.87227038294077
2018-06-01 20:30:00,17.85980798304081
2018-06-01 20:45:00,17.84734558314085
2018-06-01 21:00:00,17.83488318324089
2018-06-01 21:15:00,17.82242078334093
2018-06-01 21:30:00,17.80995838344097
2018-06-01 21:45:00,17.797495983541012
2018-06-01 22:00:00,17.785033583641052
2018-06-01 22:15:00,17.772571183741093
2018-06-01 22:30:00,17.760108783841133
2018-06-01 22:45:00,17.747646383941174
2018-06-01 23:00:00,17.735183984041214
2018-06-01 23:15:00,17.722721584141254
2018-06-01 23:30:00,17.710259184241295
2018-06-01 23:45:00,17.697796784341335
2018-06-02 00:00:00,17.685334384441376
2018-06-02 00:15:00,17.680334392935038
2018-06-02 00:30:00,17.6753344014287
2018-06-02 00:45:00,17.67033440992236
2018-06-02 01:00:00,17.665334418416023
2018-06-02 01:15:00,17.660334426909685
2018-06-02 01:30:00,17.655334435403347
2018-06-02 01:45:00,17.65033444389701
2018-06-02 02:00:00,17.64533445239067
2018-06-02 02:15:00,17.640334460884333
2018-06-02 02:30:00,17.635334469377995
2018-06-02 02:45:00,17.630334477871656
2018-06-02 03:00:00,17.62533448636532
2018-06-02 03:15:00,17.62033449485898
2018-06-02 03:30:00,17.615334503352642
2018-06-02 03:45:00,17.610334511846304
2018-06-02 04:00:00,17.605334520339966
2018-06-02 04:15:00,17.602831311523914
2018-06-02 04:30:00,17.600328102707863
2018-06-02 04:45:00,17.59782489389181
2018-06-02 05:00:00,17.59532168507576
2018-06-02 05:15:00,17.59281847625971
2018-06-02 05:30:00,17.590315267443657
2018-06-02 05:45:00,17.587812058627605
2018-06-02 06:00:00,17.585308849811554
2018-06-02 06:15:00,17.582805640995502
2018-06-02 06:30:00,17.58030243217945
2018-06-02 06:45:00,17.5777992233634
2018-06-02 07:00:00,17.575296014547348
2018-06-02 07:15:00,17.572792805731297
2018-06-02 07:30:00,17.570289596915245
2018-06-02 07:45:00,17.567786388099194
2018-06-02 08:00:00,17.565283179283142
2018-06-02 08:15:00,17.557760700583458
2018-06-02 08:30:00,17.550238221883774
2018-06-02 08:45:00,17.54271574318409
2018-06-02 09:00:00,17.535193264484406
2018-06-02 09:15:00,17.52767078578472
2018-06-02 09:30:00,17.520148307085037
2018-06-02 09:45:00,17.512625828385353
2018-06-02 10:00:00,17.50510334968567
2018-06-02 10:15:00,17.497580870985985
2018-06-02 10:30:00,17.4900583922863
2018-06-02 10:45:00,17.482535913586617
2018-06-02 11:00:00,17.475013434886932
2018-06-02 11:15:00,17.46749095618725
2018-06-02 11:30:00,17.459968477487564
2018-06-02 11:45:00,17.45244599878788
2018-06-02 12:00:00,17.444923520088196
2018-06-02 12:15:00,17.432343028485775
2018-06-02 12:30:00,17.419762536883354
2018-06-02 12:45:00,17.407182045280933
2018-06-02 13:00:00,17.394601553678513
2018-06-02 13:15:00,17.38202106207609
2018-06-02 13:30:00,17.36944057047367
2018-06-02 13:45:00,17.35686007887125
2018-06-02 14:00:00,17.34427958726883
2018-06-02 14:15:00,17.33169909566641
2018-06-02 14:30:00,17.319118604063988
2018-06-02 14:45:00,17.306538112461567
2018-06-02 15:00:00,17.293957620859146
2018-06-02 15:15:00,17.281377129256725
2018-06-02 15:30:00,17.268796637654305
2018-06-02 15:45:00,17.256216146051884
2018-06-02 16:00:00,17.243635654449463
2018-06-02 16:15:00,17.23353248089552
2018-06-02 16:30:00,17.223429307341576
2018-06-02 16:45:00,17.213326133787632
2018-06-02 17:00:00,17.20322296023369
2018-06-02 17:15:00,17.193119786679745
2018-06-02 17:30:00,17.1830166131258
2018-06-02 17:45:00,17.172913439571857
2018-06-02 18:00:00,17.162810266017914
2018-06-02 18:15:00,17.15270709246397
2018-06-02 18:30:00,17.142603918910027
2018-06-02 18:45:00,17.132500745356083
2018-06-02 19:00:00,17.12239757180214
2018-06-02 19:15:00,17.112294398248196
2018-06-02 19:30:00,17.102191224694252
2018-06-02 19:45:00,17.09208805114031
2018-06-02 20:00:00,17.081984877586365
2018-06-02 20:15:00,17.074384819716215
2018-06-02 20:30:00,17.066784761846066
2018-06-02 20:45:00,17.059184703975916
2018-06-02 21:00:00,17.051584646105766
2018-06-02 21:15:00,17.043984588235617
2018-06-02 21:30:00,17.036384530365467
2018-06-02 21:45:00,17.028784472495317
2018-06-02 22:00:00,17.021184414625168
2018-06-02 22:15:00,17.01358435675502
2018-06-02 22:30:00,17.00598429888487
2018-06-02 22:45:00,16.99838424101472
2018-06-02 23:00:00,16.99078418314457
2018-06-02 23:15:00,16.98318412527442
2018-06-02 23:30:00,16.97558406740427
2018-06-02 23:45:00,16.96798400953412
2018-06-03 00:00:00,16.96038395166397
2018-06-03 00:15:00,16.952764336019754
2018-06-03 00:30:00,16.945144720375538
2018-06-03 00:45:00,16.93752510473132
2018-06-03 01:00:00,16.929905489087105
2018-06-03 01:15:00,16.92228587344289
2018-06-03 01:30:00,16.91466625779867
2018-06-03 01:45:00,16.907046642154455
2018-06-03 02:00:00,16.89942702651024
2018-06-03 02:15:00,16.891807410866022
2018-06-03 02:30:00,16.884187795221806
2018-06-03 02:45:00,16.87656817957759
2018-06-03 03:00:00,16.868948563933372
2018-06-03 03:15:00,16.861328948289156
2018-06-03 03:30:00,16.85370933264494
2018-06-03 03:45:00,16.846089717000723
2018-06-03 04:00:00,16.838470101356506
2018-06-03 04:15:00,16.833379492163658
2018-06-03 04:30:00,16.82828888297081
2018-06-03 04:45:00,16.82319827377796
2018-06-03 05:00:00,16.818107664585114
2018-06-03 05:15:00,16.813017055392265
2018-06-03 05:30:00,16.807926446199417
2018-06-03 05:45:00,16.80283583700657
2018-06-03 06:00:00,16.79774522781372
2018-06-03 06:15:00,16.792654618620872
2018-06-03 06:30:00,16.787564009428024
2018-06-03 06:45:00,16.782473400235176
2018-06-03 07:00:00,16.777382791042328
2018-06-03 07:15:00,16.77229218184948
2018-06-03 07:30:00,16.76720157265663
2018-06-03 07:45:00,16.762110963463783
2018-06-03 08:00:00,16.757020354270935
2018-06-03 08:15:00,16.7519211769104
2018-06-03 08:30:00,16.746821999549866
2018-06-03 08:45:00,16.74172282218933
2018-06-03 09:00:00,16.736623644828796
2018-06-03 09:15:00,16.73152446746826
2018-06-03 09:30:00,16.726425290107727
2018-06-03 09:45:00,16.721326112747192
2018-06-03 10:00:00,16.716226935386658
2018-06-03 10:15:00,16.711127758026123
2018-06-03 10:30:00,16.70602858066559
2018-06-03 10:45:00,16.700929403305054
2018-06-03 11:00:00,16.69583022594452
2018-06-03 11:15:00,16.690731048583984
2018-06-03 11:30:00,16.68563187122345
2018-06-03 11:45:00,16.680532693862915
2018-06-03 12:00:00,16.67543351650238
2018-06-03 12:15:00,16.660083457827568
2018-06-03 12:30:00,16.644733399152756
2018-06-03 12:45:00,16.629383340477943
2018-06-03 13:00:00,16.61403328180313
2018-06-03 13:15:00,16.59868322312832
2018-06-03 13:30:00,16.583333164453506
2018-06-03 13:45:00,16.567983105778694
2018-06-03 14:00:00,16.552633047103882
2018-06-03 14:15:00,16.53728298842907
2018-06-03 14:30:00,16.521932929754257
2018-06-03 14:45:00,16.506582871079445
2018-06-03 15:00:00,16.491232812404633
2018-06-03 15:15:00,16.47588275372982
2018-06-03 15:30:00,16.460532695055008
2018-06-03 15:45:00,16.445182636380196
2018-06-03 16:00:00,16.429832577705383
2018-06-03 16:15:00,16.411824990063906
2018-06-03 16:30:00,16.393817402422428
2018-06-03 16:45:00,16.37580981478095
2018-06-03 17:00:00,16.357802227139473
2018-06-03 17:15:00,16.339794639497995
2018-06-03 17:30:00,16.321787051856518
2018-06-03 17:45:00,16.30377946421504
2018-06-03 18:00:00,16.285771876573563
2018-06-03 18:15:00,16.267764288932085
2018-06-03 18:30:00,16.249756701290607
2018-06-03 18:45:00,16.23174911364913
2018-06-03 19:00:00,16.213741526007652
2018-06-03 19:15:00,16.195733938366175
2018-06-03 19:30:00,16.177726350724697
2018-06-03 19:45:00,16.15971876308322
2018-06-03 20:00:00,16.141711175441742
2018-06-03 20:15:00,16.128782834857702
2018-06-03 20:30:00,16.115854494273663
2018-06-03 20:45:00,16.102926153689623
2018-06-03 21:00:00,16.089997813105583
2018-06-03 21:15:00,16.077069472521544
2018-06-03 21:30:00,16.064141131937504
2018-06-03 21:45:00,16.051212791353464
2018-06-03 22:00:00,16.038284450769424
2018-06-03 22:15:00,16.025356110185385
2018-06-03 22:30:00,16.012427769601345
2018-06-03 22:45:00,15.999499429017305
2018-06-03 23:00:00,15.986571088433266
2018-06-03 23:15:00,15.973642747849226
2018-06-03 23:30:00,15.960714407265186
2018-06-03 23:45:00,15.947786066681147
2018-06-04 00:00:00,15.934857726097107
2018-06-04 00:15:00,15.927074383944273
2018-06-04 00:30:00,15.919291041791439
2018-06-04 00:45:00,15.911507699638605
2018-06-04 01:00:00,15.903724357485771
2018-06-04 01:15:00,15.895941015332937
2018-06-04 01:30:00,15.888157673180103
2018-06-04 01:45:00,15.88037433102727
2018-06-04 02:00:00,15.872590988874435
2018-06-04 02:15:00,15.864807646721601
2018-06-04 02:30:00,15.857024304568768
2018-06-04 02:45:00,15.849240962415934
2018-06-04 03:00:00,15.8414576202631
2018-06-04 03:15:00,15.833674278110266
2018-06-04 03:30:00,15.825890935957432
2018-06-04 03:45:00,15.818107593804598
2018-06-04 04:00:00,15.810324251651764
2018-06-04 04:15:00,15.80252107232809
2018-06-04 04:30:00,15.794717893004417
2018-06-04 04:45:00,15.786914713680744
2018-06-04 05:00:00,15.779111534357071
2018-06-04 05:15:00,15.771308355033398
2018-06-04 05:30:00,15.763505175709724
2018-06-04 05:45:00,15.755701996386051
2018-06-04 06:00:00,15.747898817062378
2018-06-04 06:15:00,15.740095637738705
2018-06-04 06:30:00,15.732292458415031
2018-06-04 06:45:00,15.724489279091358
2018-06-04 07:00:00,15.716686099767685
2018-06-04 07:15:00,15.708882920444012
2018-06-04 07:30:00,15.701079741120338
2018-06-04 07:45:00,15.693276561796665
2018-06-04 08:00:00,15.685473382472992
2018-06-04 08:15:00,15.685473382472992
2018-06-04 08:30:00,15.685473382472992
2018-06-04 08:45:00,15.685473382472992
2018-06-04 09:00:00,15.685473382472992
2018-06-04 09:15:00,15.685473382472992
2018-06-04 09:30:00,15.685473382472992
2018-06-04 09:45:00,15.685473382472992
2018-06-04 10:00:00,15.685473382472992
2018-06-04 10:15:00,15.685473382472992
2018-06-04 10:30:00,15.685473382472992
2018-06-04 10:45:00,15.685473382472992
2018-06-04 11:00:00,15.685473382472992
2018-06-04 11:15:00,15.685473382472992
2018-06-04 11:30:00,15.685473382472992
2018-06-04 11:45:00,15.685473382472992
2018-06-04 12:00:00,15.685473382472992
2018-06-04 12:15:00,15.67765036597848
2018-06-04 12:30:00,15.669827349483967
2018-06-04 12:45:00,15.662004332989454
2018-06-04 13:00:00,15.654181316494942
2018-06-04 13:15:00,15.64635830000043
2018-06-04 13:30:00,15.638535283505917
2018-06-04 13:45:00,15.630712267011404
2018-06-04 14:00:00,15.622889250516891
2018-06-04 14:15:00,15.615066234022379
2018-06-04 14:30:00,15.607243217527866
2018-06-04 14:45:00,15.599420201033354
2018-06-04 15:00:00,15.591597184538841
2018-06-04 15:15:00,15.583774168044329
2018-06-04 15:30:00,15.575951151549816
2018-06-04 15:45:00,15.568128135055304
2018-06-04 16:00:00,15.560305118560791
2018-06-04 16:15:00,15.549843478947878
2018-06-04 16:30:00,15.539381839334965
2018-06-04 16:45:00,15.528920199722052
2018-06-04 17:00:00,15.518458560109138
2018-06-04 17:15:00,15.507996920496225
2018-06-04 17:30:00,15.497535280883312
2018-06-04 17:45:00,15.487073641270399
2018-06-04 18:00:00,15.476612001657486
2018-06-04 18:15:00,15.466150362044573
2018-06-04 18:30:00,15.45568872243166
2018-06-04 18:45:00,15.445227082818747
2018-06-04 19:00:00,15.434765443205833
2018-06-04 19:15:00,15.42430380359292
2018-06-04 19:30:00,15.413842163980007
2018-06-04 19:45:00,15.403380524367094
2018-06-04 20:00:00,15.392918884754181
2018-06-04 20:15:00,15.387674793601036
2018-06-04 20:30:00,15.382430702447891
2018-06-04 20:45:00,15.377186611294746
2018-06-04 21:00:00,15.371942520141602
2018-06-04 21:15:00,15.366698428988457
2018-06-04 21:30:00,15.361454337835312
2018-06-04 21:45:00,15.356210246682167
2018-06-04 22:00:00,15.350966155529022
2018-06-04 22:15:00,15.345722064375877
2018-06-04 22:30:00,15.340477973222733
2018-06-04 22:45:00,15.335233882069588
2018-06-04 23:00:00,15.329989790916443
2018-06-04 23:15:00,15.324745699763298
2018-06-04 23:30:00,15.319501608610153
2018-06-04 23:45:00,15.314257517457008
2018-06-05 00:00:00,15.309013426303864
2018-06-05 00:15:00,15.303760394454002
2018-06-05 00:30:00,15.298507362604141
2018-06-05 00:45:00,15.29325433075428
2018-06-05 01:00:00,15.288001298904419
2018-06-05 01:15:00,15.282748267054558
2018-06-05 01:30:00,15.277495235204697
2018-06-05 01:45:00,15.272242203354836
2018-06-05 02:00:00,15.266989171504974
2018-06-05 02:15:00,15.261736139655113
2018-06-05 02:30:00,15.256483107805252
2018-06-05 02:45:00,15.251230075955391
2018-06-05 03:00:00,15.24597704410553
2018-06-05 03:15:00,15.240724012255669
2018-06-05 03:30:00,15.235470980405807
2018-06-05 03:45:00,15.230217948555946
2018-06-05 04:00:00,15.224964916706085
2018-06-05 04:15:00,15.222335141152143
2018-06-05 04:30:00,15.219705365598202
2018-06-05 04:45:00,15.21707559004426
2018-06-05 05:00:00,15.214445814490318
2018-06-05 05:15:00,15.211816038936377
2018-06-05 05:30:00,15.209186263382435
2018-06-05 05:45:00,15.206556487828493
2018-06-05 06:00:00,15.203926712274551
2018-06-05 06:15:00,15.20129693672061
2018-06-05 06:30:00,15.198667161166668
2018-06-05 06:45:00,15.196037385612726
2018-06-05 07:00:00,15.193407610058784
2018-06-05 07:15:00,15.190777834504843
2018-06-05 07:30:00,15.188148058950901
2018-06-05 07:45:00,15.18551828339696
2018-06-05 08:00:00,15.182888507843018
2018-06-05 08:15:00,15.180256497114897
2018-06-05 08:30:00,15.177624486386776
2018-06-05 08:45:00,15.174992475658655
2018-06-05 09:00:00,15.172360464930534
2018-06-05 09:15:00,15.169728454202414
2018-06-05 09:30:00,15.167096443474293
2018-06-05 09:45:00,15.164464432746172
2018-06-05 10:00:00,15.161832422018051
2018-06-05 10:15:00,15.15920041128993
2018-06-05 10:30:00,15.15656840056181
2018-06-05 10:45:00,15.153936389833689
2018-06-05 11:00:00,15.151304379105568
2018-06-05 11:15:00,15.148672368377447
2018-06-05 11:30:00,15.146040357649326
2018-06-05 11:45:00,15.143408346921206
2018-06-05 12:00:00,15.140776336193085
2018-06-05 12:15:00,15.138141997158527
2018-06-05 12:30:00,15.13550765812397
2018-06-05 12:45:00,15.132873319089413
2018-06-05 13:00:00,15.130238980054855
2018-06-05 13:15:00,15.127604641020298
2018-06-05 13:30:00,15.12497030198574
2018-06-05 13:45:00,15.122335962951183
2018-06-05 14:00:00,15.119701623916626
2018-06-05 14:15:00,15.117067284882069
2018-06-05 14:30:00,15.114432945847511
2018-06-05 14:45:00,15.111798606812954
2018-06-05 15:00:00,15.109164267778397
2018-06-05 15:15:00,15.10652992874384
2018-06-05 15:30:00,15.103895589709282
2018-06-05 15:45:00,15.101261250674725
2018-06-05 16:00:00,15.098626911640167
2018-06-05 16:15:00,15.09071085602045
2018-06-05 16:30:00,15.082794800400734
2018-06-05 16:45:00,15.074878744781017
2018-06-05 17:00:00,15.0669626891613
2018-06-05 17:15:00,15.059046633541584
2018-06-05 17:30:00,15.051130577921867
2018-06-05 17:45:00,15.04321452230215
2018-06-05 18:00:00,15.035298466682434
2018-06-05 18:15:00,15.027382411062717
2018-06-05 18:30:00,15.019466355443
2018-06-05 18:45:00,15.011550299823284
2018-06-05 19:00:00,15.003634244203568
2018-06-05 19:15:00,14.99571818858385
2018-06-05 19:30:00,14.987802132964134
2018-06-05 19:45:00,14.979886077344418
2018-06-05 20:00:00,14.971970021724701
2018-06-05 20:15:00,14.96138395741582
2018-06-05 20:30:00,14.950797893106937
2018-06-05 20:45:00,14.940211828798056
2018-06-05 21:00:00,14.929625764489174
2018-06-05 21:15:00,14.919039700180292
2018-06-05 21:30:00,14.90845363587141
2018-06-05 21:45:00,14.897867571562529
2018-06-05 22:00:00,14.887281507253647
2018-06-05 22:15:00,14.876695442944765
2018-06-05 22:30:00,14.866109378635883
2018-06-05 22:45:00,14.855523314327002
2018-06-05 23:00:00,14.84493725001812
2018-06-05 23:15:00,14.834351185709238
2018-06-05 23:30:00,14.823765121400356
2018-06-05 23:45:00,14.813179057091475
2018-06-06 00:00:00,14.802592992782593
2018-06-06 00:15:00,14.797286596149206
2018-06-06 00:30:00,14.79198019951582
2018-06-06 00:45:00,14.786673802882433
2018-06-06 01:00:00,14.781367406249046
2018-06-06 01:15:00,14.77606100961566
2018-06-06 01:30:00,14.770754612982273
2018-06-06 01:45:00,14.765448216348886
2018-06-06 02:00:00,14.7601418197155
2018-06-06 02:15:00,14.754835423082113
2018-06-06 02:30:00,14.749529026448727
2018-06-06 02:45:00,14.74422262981534
2018-06-06 03:00:00,14.738916233181953
2018-06-06 03:15:00,14.733609836548567
2018-06-06 03:30:00,14.72830343991518
2018-06-06 03:45:00,14.722997043281794
2018-06-06 04:00:00,14.717690646648407
2018-06-06 04:15:00,14.712375309318304
2018-06-06 04:30:00,14.707059971988201
2018-06-06 04:45:00,14.701744634658098
2018-06-06 05:00:00,14.696429297327995
2018-06-06 05:15:00,14.691113959997892
2018-06-06 05:30:00,14.68579862266779
2018-06-06 05:45:00,14.680483285337687
2018-06-06 06:00:00,14.675167948007584
2018-06-06 06:15:00,14.66985261067748
2018-06-06 06:30:00,14.664537273347378
2018-06-06 06:45:00,14.659221936017275
2018-06-06 07:00:00,14.653906598687172
2018-06-06 07:15:00,14.648591261357069
2018-06-06 07:30:00,14.643275924026966
2018-06-06 07:45:00,14.637960586696863
2018-06-06 08:00:00,14.63264524936676
2018-06-06 08:15:00,14.63264524936676
2018-06-06 08:30:00,14.63264524936676
2018-06-06 08:45:00,14.63264524936676
2018-06-06 09:00:00,14.63264524936676
2018-06-06 09:15:00,14.63264524936676
2018-06-06 09:30:00,14.63264524936676
2018-06-06 09:45:00,14.63264524936676
2018-06-06 10:00:00,14.63264524936676
2018-06-06 10:15:00,14.63264524936676
2018-06-06 10:30:00,14.63264524936676
2018-06-06 10:45:00,14.63264524936676
2018-06-06 11:00:00,14.63264524936676
2018-06-06 11:15:00,14.63264524936676
2018-06-06 11:30:00,14.63264524936676
2018-06-06 11:45:00,14.63264524936676
2018-06-06 12:00:00,14.63264524936676
2018-06-06 12:15:00,14.629984274506569
2018-06-06 12:30:00,14.627323299646378
2018-06-06 12:45:00,14.624662324786186
2018-06-06 13:00:00,14.622001349925995
2018-06-06 13:15:00,14.619340375065804
2018-06-06 13:30:00,14.616679400205612
2018-06-06 13:45:00,14.61401842534542
2018-06-06 14:00:00,14.61135745048523
2018-06-06 14:15:00,14.608696475625038
2018-06-06 14:30:00,14.606035500764847
2018-06-06 14:45:00,14.603374525904655
2018-06-06 15:00:00,14.600713551044464
2018-06-06 15:15:00,14.598052576184273
2018-06-06 15:30:00,14.595391601324081
2018-06-06 15:45:00,14.59273062646389
2018-06-06 16:00:00,14.590069651603699
2018-06-06 16:15:00,14.584740810096264
2018-06-06 16:30:00,14.579411968588829
2018-06-06 16:45:00,14.574083127081394
2018-06-06 17:00:00,14.56875428557396
2018-06-06 17:15:00,14.563425444066525
2018-06-06 17:30:00,14.55809660255909
2018-06-06 17:45:00,14.552767761051655
2018-06-06 18:00:00,14.54743891954422
2018-06-06 18:15:00,14.542110078036785
2018-06-06 18:30:00,14.53678123652935
2018-06-06 18:45:00,14.531452395021915
2018-06-06 19:00:00,14.52612355351448
2018-06-06 19:15:00,14.520794712007046
2018-06-06 19:30:00,14.515465870499611
2018-06-06 19:45:00,14.510137028992176
2018-06-06 20:00:00,14.504808187484741
2018-06-06 20:15:00,14.496798254549503
2018-06-06 20:30:00,14.488788321614265
2018-06-06 20:45:00,14.480778388679028
2018-06-06 21:00:00,14.47276845574379
2018-06-06 21:15:00,14.464758522808552
2018-06-06 21:30:00,14.456748589873314
2018-06-06 21:45:00,14.448738656938076
2018-06-06 22:00:00,14.440728724002838
2018-06-06 22:15:00,14.4327187910676
2018-06-06 22:30:00,14.424708858132362
2018-06-06 22:45:00,14.416698925197124
2018-06-06 23:00:00,14.408688992261887
2018-06-06 23:15:00,14.400679059326649
2018-06-06 23:30:00,14.39266912639141
2018-06-06 23:45:00,14.384659193456173
2018-06-07 00:00:00,14.376649260520935
2018-06-07 00:15:00,14.373974781483412
2018-06-07 00:30:00,14.371300302445889
2018-06-07 00:45:00,14.368625823408365
2018-06-07 01:00:00,14.365951344370842
2018-06-07 01:15:00,14.363276865333319
2018-06-07 01:30:00,14.360602386295795
2018-06-07 01:45:00,14.357927907258272
2018-06-07 02:00:00,14.355253428220749
2018-06-07 02:15:00,14.352578949183226
2018-06-07 02:30:00,14.349904470145702
2018-06-07 02:45:00,14.347229991108179
2018-06-07 03:00:00,14.344555512070656
2018-06-07 03:15:00,14.341881033033133
2018-06-07 03:30:00,14.33920655399561
2018-06-07 03:45:00,14.336532074958086
2018-06-07 04:00:00,14.333857595920563
2018-06-07 04:15:00,14.328501839190722
2018-06-07 04:30:00,14.32314608246088
2018-06-07 04:45:00,14.317790325731039
2018-06-07 05:00:00,14.312434569001198
2018-06-07 05:15:00,14.307078812271357
2018-06-07 05:30:00,14.301723055541515
2018-06-07 05:45:00,14.296367298811674
2018-06-07 06:00:00,14.291011542081833
2018-06-07 06:15:00,14.285655785351992
2018-06-07 06:30:00,14.28030002862215
2018-06-07 06:45:00,14.27494427189231
2018-06-07 07:00:00,14.269588515162468
2018-06-07 07:15:00,14.264232758432627
2018-06-07 07:30:00,14.258877001702785
2018-06-07 07:45:00,14.253521244972944
2018-06-07 08:00:00,14.248165488243103
2018-06-07 08:15:00,14.248165488243103
2018-06-07 08:30:00,14.248165488243103
2018-06-07 08:45:00,14.248165488243103
2018-06-07 09:00:00,14.248165488243103
2018-06-07 09:15:00,14.248165488243103
2018-06-07 09:30:00,14.248165488243103
2018-06-07 09:45:00,14.248165488243103
2018-06-07 10:00:00,14.248165488243103
2018-06-07 10:15:00,14.248165488243103
2018-06-07 10:30:00,14.248165488243103
2018-06-07 10:45:00,14.248165488243103
2018-06-07 11:00:00,14.248165488243103
2018-06-07 11:15:00,14.248165488243103
2018-06-07 11:30:00,14.248165488243103
2018-06-07 11:45:00,14.248165488243103
2018-06-07 12:00:00,14.248165488243103
2018-06-07 12:15:00,14.245484303683043
2018-06-07 12:30:00,14.242803119122982
2018-06-07 12:45:00,14.240121934562922
2018-06-07 13:00:00,14.237440750002861
2018-06-07 13:15:00,14.2347595654428
2018-06-07 13:30:00,14.23207838088274
2018-06-07 13:45:00,14.22939719632268
2018-06-07 14:00:00,14.226716011762619
2018-06-07 14:15:00,14.224034827202559
2018-06-07 14:30:00,14.221353642642498
2018-06-07 14:45:00,14.218672458082438
2018-06-07 15:00:00,14.215991273522377
2018-06-07 15:15:00,14.213310088962317
2018-06-07 15:30:00,14.210628904402256
2018-06-07 15:45:00,14.207947719842196
2018-06-07 16:00:00,14.205266535282135
2018-06-07 16:15:00,14.19989736750722
2018-06-07 16:30:00,14.194528199732304
2018-06-07 16:45:00,14.189159031957388
2018-06-07 17:00:00,14.183789864182472
2018-06-07 17:15:00,14.178420696407557
2018-06-07 17:30:00,14.17305152863264
2018-06-07 17:45:00,14.167682360857725
2018-06-07 18:00:00,14.16231319308281
2018-06-07 18:15:00,14.156944025307894
2018-06-07 18:30:00,14.151574857532978
2018-06-07 18:45:00,14.146205689758062
2018-06-07 19:00:00,14.140836521983147
2018-06-07 19:15:00,14.135467354208231
2018-06-07 19:30:00,14.130098186433315
2018-06-07 19:45:00,14.1247290186584
2018-06-07 20:00:00,14.119359850883484
2018-06-07 20:15:00,14.111289102584124
2018-06-07 20:30:00,14.103218354284763
2018-06-07 20:45:00,14.095147605985403
2018-06-07 21:00:00,14.087076857686043
2018-06-07 21:15:00,14.079006109386683
2018-06-07 21:30:00,14.070935361087322
2018-06-07 21:45:00,14.062864612787962
2018-06-07 22:00:00,14.054793864488602
2018-06-07 22:15:00,14.046723116189241
2018-06-07 22:30:00,14.038652367889881
2018-06-07 22:45:00,14.03058161959052
2018-06-07 23:00:00,14.02251087129116
2018-06-07 23:15:00,14.0144401229918
2018-06-07 23:30:00,14.00636937469244
2018-06-07 23:45:00,13.99829862639308
2018-06-08 00:00:00,13.99022787809372
2018-06-08 00:15:00,13.98483607918024
2018-06-08 00:30:00,13.979444280266762
2018-06-08 00:45:00,13.974052481353283
2018-06-08 01:00:00,13.968660682439804
2018-06-08 01:15:00,13.963268883526325
2018-06-08 01:30:00,13.957877084612846
2018-06-08 01:45:00,13.952485285699368
2018-06-08 02:00:00,13.947093486785889
2018-06-08 02:15:00,13.94170168787241
2018-06-08 02:30:00,13.936309888958931
2018-06-08 02:45:00,13.930918090045452
2018-06-08 03:00:00,13.925526291131973
2018-06-08 03:15:00,13.920134492218494
2018-06-08 03:30:00,13.914742693305016
2018-06-08 03:45:00,13.909350894391537
2018-06-08 04:00:00,13.903959095478058
2018-06-08 04:15:00,13.90125984326005
2018-06-08 04:30:00,13.898560591042042
2018-06-08 04:45:00,13.895861338824034
2018-06-08 05:00:00,13.893162086606026
2018-06-08 05:15:00,13.890462834388018
2018-06-08 05:30:00,13.88776358217001
2018-06-08 05:45:00,13.885064329952002
2018-06-08 06:00:00,13.882365077733994
2018-06-08 06:15:00,13.879665825515985
2018-06-08 06:30:00,13.876966573297977
2018-06-08 06:45:00,13.87426732107997
2018-06-08 07:00:00,13.871568068861961
2018-06-08 07:15:00,13.868868816643953
2018-06-08 07:30:00,13.866169564425945
2018-06-08 07:45:00,13.863470312207937
2018-06-08 08:00:00,13.86077105998993
2018-06-08 08:15:00,13.86077105998993
2018-06-08 08:30:00,13.86077105998993
2018-06-08 08:45:00,13.86077105998993
2018-06-08 09:00:00,13.86077105998993
2018-06-08 09:15:00,13.86077105998993
2018-06-08 09:30:00,13.86077105998993
2018-06-08 09:45:00,13.86077105998993
2018-06-08 10:00:00,13.86077105998993
2018-06-08 10:15:00,13.86077105998993
2018-06-08 10:30:00,13.86077105998993
2018-06-08 10:45:00,13.86077105998993
2018-06-08 11:00:00,13.86077105998993
2018-06-08 11:15:00,13.86077105998993
2018-06-08 11:30:00,13.86077105998993
2018-06-08 11:45:00,13.86077105998993
2018-06-08 12:00:00,13.86077105998993
2018-06-08 12:15:00,13.86077105998993
2018-06-08 12:30:00,13.86077105998993
2018-06-08 12:45:00,13.86077105998993
2018-06-08 13:00:00,13.86077105998993
2018-06-08 13:15:00,13.86077105998993
2018-06-08 13:30:00,13.86077105998993
2018-06-08 13:45:00,13.86077105998993
2018-06-08 14:00:00,13.86077105998993
2018-06-08 14:15:00,13.86077105998993
2018-06-08 14:30:00,13.86077105998993
2018-06-08 14:45:00,13.86077105998993
2018-06-08 15:00:00,13.86077105998993
2018-06-08 15:15:00,13.86077105998993
2018-06-08 15:30:00,13.86077105998993
2018-06-08 15:45:00,13.86077105998993
2018-06-08 16:00:00,13.86077105998993
2018-06-08 16:15:00,13.858069572597742
2018-06-08 16:30:00,13.855368085205555
2018-06-08 16:45:00,13.852666597813368
2018-06-08 17:00:00,13.84996511042118
2018-06-08 17:15:00,13.847263623028994
2018-06-08 17:30:00,13.844562135636806
2018-06-08 17:45:00,13.84186064824462
2018-06-08 18:00:00,13.839159160852432
2018-06-08 18:15:00,13.836457673460245
2018-06-08 18:30:00,13.833756186068058
2018-06-08 18:45:00,13.831054698675871
2018-06-08 19:00:00,13.828353211283684
2018-06-08 19:15:00,13.825651723891497
2018-06-08 19:30:00,13.82295023649931
2018-06-08 19:45:00,13.820248749107122
2018-06-08 20:00:00,13.817547261714935
2018-06-08 20:15:00,13.809429109096527
2018-06-08 20:30:00,13.801310956478119
2018-06-08 20:45:00,13.79319280385971
2018-06-08 21:00:00,13.785074651241302
2018-06-08 21:15:00,13.776956498622894
2018-06-08 21:30:00,13.768838346004486
2018-06-08 21:45:00,13.760720193386078
2018-06-08 22:00:00,13.75260204076767
2018-06-08 22:15:00,13.744483888149261
2018-06-08 22:30:00,13.736365735530853
2018-06-08 22:45:00,13.728247582912445
2018-06-08 23:00:00,13.720129430294037
2018-06-08 23:15:00,13.712011277675629
2018-06-08 23:30:00,13.70389312505722
2018-06-08 23:45:00,13.695774972438812
2018-06-09 00:00:00,13.687656819820404
2018-06-09 00:15:00,13.679518178105354
2018-06-09 00:30:00,13.671379536390305
2018-06-09 00:45:00,13.663240894675255
2018-06-09 01:00:00,13.655102252960205
2018-06-09 01:15:00,13.646963611245155
2018-06-09 01:30:00,13.638824969530106
2018-06-09 01:45:00,13.630686327815056
2018-06-09 02:00:00,13.622547686100006
2018-06-09 02:15:00,13.614409044384956
2018-06-09 02:30:00,13.606270402669907
2018-06-09 02:45:00,13.598131760954857
2018-06-09 03:00:00,13.589993119239807
2018-06-09 03:15:00,13.581854477524757
2018-06-09 03:30:00,13.573715835809708
2018-06-09 03:45:00,13.565577194094658
2018-06-09 04:00:00,13.557438552379608
2018-06-09 04:15:00,13.554721232503653
2018-06-09 04:30:00,13.552003912627697
2018-06-09 04:45:00,13.549286592751741
2018-06-09 05:00:00,13.546569272875786
2018-06-09 05:15:00,13.54385195299983
2018-06-09 05:30:00,13.541134633123875
2018-06-09 05:45:00,13.538417313247919
2018-06-09 06:00:00,13.535699993371964
2018-06-09 06:15:00,13.532982673496008
2018-06-09 06:30:00,13.530265353620052
2018-06-09 06:45:00,13.527548033744097
2018-06-09 07:00:00,13.524830713868141
2018-06-09 07:15:00,13.522113393992186
2018-06-09 07:30:00,13.51939607411623
2018-06-09 07:45:00,13.516678754240274
2018-06-09 08:00:00,13.513961434364319
2018-06-09 08:15:00,13.513961434364319
2018-06-09 08:30:00,13.513961434364319
2018-06-09 08:45:00,13.513961434364319
2018-06-09 09:00:00,13.513961434364319
2018-06-09 09:15:00,13.513961434364319
2018-06-09 09:30:00,13.513961434364319
2018-06-09 09:45:00,13.513961434364319
2018-06-09 10:00:00,13.513961434364319
2018-06-09 10:15:00,13.513961434364319
2018-06-09 10:30:00,13.513961434364319
2018-06-09 10:45:00,13.513961434364319
2018-06-09 11:00:00,13.513961434364319
2018-06-09 11:15:00,13.513961434364319
2018-06-09 11:30:00,13.513961434364319
2018-06-09 11:45:00,13.513961434364319
2018-06-09 12:00:00,13.513961434364319
2018-06-09 12:15:00,13.513961434364319
2018-06-09 12:30:00,13.513961434364319
2018-06-09 12:45:00,13.513961434364319
2018-06-09 13:00:00,13.513961434364319
2018-06-09 13:15:00,13.513961434364319
2018-06-09 13:30:00,13.513961434364319
2018-06-09 13:45:00,13.513961434364319
2018-06-09 14:00:00,13.513961434364319
2018-06-09 14:15:00,13.513961434364319
2018-06-09 14:30:00,13.513961434364319
2018-06-09 14:45:00,13.513961434364319
2018-06-09 15:00:00,13.513961434364319
2018-06-09 15:15:00,13.513961434364319
2018-06-09 15:30:00,13.513961434364319
2018-06-09 15:45:00,13.513961434364319
2018-06-09 16:00:00,13.513961434364319
2018-06-09 16:15:00,13.513961434364319
2018-06-09 16:30:00,13.513961434364319
2018-06-09 16:45:00,13.513961434364319
2018-06-09 17:00:00,13.513961434364319
2018-06-09 17:15:00,13.513961434364319
2018-06-09 17:30:00,13.513961434364319
2018-06-09 17:45:00,13.513961434364319
2018-06-09 18:00:00,13.513961434364319
2018-06-09 18:15:00,13.513961434364319
2018-06-09 18:30:00,13.513961434364319
2018-06-09 18:45:00,13.513961434364319
2018-06-09 19:00:00,13.513961434364319
2018-06-09 19:15:00,13.513961434364319
2018-06-09 19:30:00,13.513961434364319
2018-06-09 19:45:00,13.513961434364319
2018-06-09 20:00:00,13.513961434364319
2018-06-09 20:15:00,13.50579559803009
2018-06-09 20:30:00,13.497629761695862
2018-06-09 20:45:00,13.489463925361633
2018-06-09 21:00:00,13.481298089027405
2018-06-09 21:15:00,13.473132252693176
2018-06-09 21:30:00,13.464966416358948
2018-06-09 21:45:00,13.45680058002472
2018-06-09 22:00:00,13.44863474369049
2018-06-09 22:15:00,13.440468907356262
2018-06-09 22:30:00,13.432303071022034
2018-06-09 22:45:00,13.424137234687805
2018-06-09 23:00:00,13.415971398353577
2018-06-09 23:15:00,13.407805562019348
2018-06-09 23:30:00,13.39963972568512
2018-06-09 23:45:00,13.391473889350891
2018-06-10 00:00:00,13.383308053016663
2018-06-10 00:15:00,13.377852831035852
2018-06-10 00:30:00,13.372397609055042
2018-06-10 00:45:00,13.366942387074232
2018-06-10 01:00:00,13.361487165093422
2018-06-10 01:15:00,13.356031943112612
2018-06-10 01:30:00,13.350576721131802
2018-06-10 01:45:00,13.345121499150991
2018-06-10 02:00:00,13.339666277170181
2018-06-10 02:15:00,13.334211055189371
2018-06-10 02:30:00,13.328755833208561
2018-06-10 02:45:00,13.32330061122775
2018-06-10 03:00:00,13.31784538924694
2018-06-10 03:15:00,13.31239016726613
2018-06-10 03:30:00,13.30693494528532
2018-06-10 03:45:00,13.30147972330451
2018-06-10 04:00:00,13.2960245013237
2018-06-10 04:15:00,13.290560152381659
2018-06-10 04:30:00,13.285095803439617
2018-06-10 04:45:00,13.279631454497576
2018-06-10 05:00:00,13.274167105555534
2018-06-10 05:15:00,13.268702756613493
2018-06-10 05:30:00,13.263238407671452
2018-06-10 05:45:00,13.25777405872941
2018-06-10 06:00:00,13.252309709787369
2018-06-10 06:15:00,13.246845360845327
2018-06-10 06:30:00,13.241381011903286
2018-06-10 06:45:00,13.235916662961245
2018-06-10 07:00:00,13.230452314019203
2018-06-10 07:15:00,13.224987965077162
2018-06-10 07:30:00,13.21952361613512
2018-06-10 07:45:00,13.214059267193079
2018-06-10 08:00:00,13.208594918251038
2018-06-10 08:15:00,13.205859251320362
2018-06-10 08:30:00,13.203123584389687
2018-06-10 08:45:00,13.200387917459011
2018-06-10 09:00:00,13.197652250528336
2018-06-10 09:15:00,13.19491658359766
2018-06-10 09:30:00,13.192180916666985
2018-06-10 09:45:00,13.189445249736309
2018-06-10 10:00:00,13.186709582805634
2018-06-10 10:15:00,13.183973915874958
2018-06-10 10:30:00,13.181238248944283
2018-06-10 10:45:00,13.178502582013607
2018-06-10 11:00:00,13.175766915082932
2018-06-10 11:15:00,13.173031248152256
2018-06-10 11:30:00,13.17029558122158
2018-06-10 11:45:00,13.167559914290905
2018-06-10 12:00:00,13.16482424736023
2018-06-10 12:15:00,13.170293159782887
2018-06-10 12:30:00,13.175762072205544
2018-06-10 12:45:00,13.1812309846282
2018-06-10 13:00:00,13.186699897050858
2018-06-10 13:15:00,13.192168809473515
2018-06-10 13:30:00,13.197637721896172
2018-06-10 13:45:00,13.203106634318829
2018-06-10 14:00:00,13.208575546741486
2018-06-10 14:15:00,13.214044459164143
2018-06-10 14:30:00,13.2195133715868
2018-06-10 14:45:00,13.224982284009457
2018-06-10 15:00:00,13.230451196432114
2018-06-10 15:15:00,13.23592010885477
2018-06-10 15:30:00,13.241389021277428
2018-06-10 15:45:00,13.246857933700085
2018-06-10 16:00:00,13.252326846122742
2018-06-10 16:15:00,13.24959360063076
2018-06-10 16:30:00,13.246860355138779
2018-06-10 16:45:00,13.244127109646797
2018-06-10 17:00:00,13.241393864154816
2018-06-10 17:15:00,13.238660618662834
2018-06-10 17:30:00,13.235927373170853
2018-06-10 17:45:00,13.233194127678871
2018-06-10 18:00:00,13.23046088218689
2018-06-10 18:15:00,13.227727636694908
2018-06-10 18:30:00,13.224994391202927
2018-06-10 18:45:00,13.222261145710945
2018-06-10 19:00:00,13.219527900218964
2018-06-10 19:15:00,13.216794654726982
2018-06-10 19:30:00,13.214061409235
2018-06-10 19:45:00,13.211328163743019
2018-06-10 20:00:00,13.208594918251038
2018-06-10 20:15:00,13.200381211936474
2018-06-10 20:30:00,13.19216750562191
2018-06-10 20:45:00,13.183953799307346
2018-06-10 21:00:00,13.175740092992783
2018-06-10 21:15:00,13.167526386678219
2018-06-10 21:30:00,13.159312680363655
2018-06-10 21:45:00,13.151098974049091
2018-06-10 22:00:00,13.142885267734528
2018-06-10 22:15:00,13.134671561419964
2018-06-10 22:30:00,13.1264578551054
2018-06-10 22:45:00,13.118244148790836
2018-06-10 23:00:00,13.110030442476273
2018-06-10 23:15:00,13.101816736161709
2018-06-10 23:30:00,13.093603029847145
2018-06-10 23:45:00,13.085389323532581
2018-06-11 00:00:00,13.077175617218018
2018-06-11 00:15:00,13.071688450872898
2018-06-11 00:30:00,13.066201284527779
2018-06-11 00:45:00,13.06071411818266
2018-06-11 01:00:00,13.05522695183754
2018-06-11 01:15:00,13.04973978549242
2018-06-11 01:30:00,13.0442526191473
2018-06-11 01:45:00,13.038765452802181
2018-06-11 02:00:00,13.033278286457062
2018-06-11 02:15:00,13.027791120111942
2018-06-11 02:30:00,13.022303953766823
2018-06-11 02:45:00,13.016816787421703
2018-06-11 03:00:00,13.011329621076584
2018-06-11 03:15:00,13.005842454731464
2018-06-11 03:30:00,13.000355288386345
2018-06-11 03:45:00,12.994868122041225
2018-06-11 04:00:00,12.989380955696106
2018-06-11 04:15:00,12.98663392663002
2018-06-11 04:30:00,12.983886897563934
2018-06-11 04:45:00,12.981139868497849
2018-06-11 05:00:00,12.978392839431763
2018-06-11 05:15:00,12.975645810365677
2018-06-11 05:30:00,12.972898781299591
2018-06-11 05:45:00,12.970151752233505
2018-06-11 06:00:00,12.96740472316742
2018-06-11 06:15:00,12.964657694101334
2018-06-11 06:30:00,12.961910665035248
2018-06-11 06:45:00,12.959163635969162
2018-06-11 07:00:00,12.956416606903076
2018-06-11 07:15:00,12.95366957783699
2018-06-11 07:30:00,12.950922548770905
2018-06-11 07:45:00,12.948175519704819
2018-06-11 08:00:00,12.945428490638733
2018-06-11 08:15:00,12.945428490638733
2018-06-11 08:30:00,12.945428490638733
2018-06-11 08:45:00,12.945428490638733
2018-06-11 09:00:00,12.945428490638733
2018-06-11 09:15:00,12.945428490638733
2018-06-11 09:30:00,12.945428490638733
2018-06-11 09:45:00,12.945428490638733
2018-06-11 10:00:00,12.945428490638733
2018-06-11 10:15:00,12.945428490638733
2018-06-11 10:30:00,12.945428490638733
2018-06-11 10:45:00,12.945428490638733
2018-06-11 11:00:00,12.945428490638733
2018-06-11 11:15:00,12.945428490638733
2018-06-11 11:30:00,12.945428490638733
2018-06-11 11:45:00,12.945428490638733
2018-06-11 12:00:00,12.945428490638733
2018-06-11 12:15:00,12.948175519704819
2018-06-11 12:30:00,12.950922548770905
2018-06-11 12:45:00,12.95366957783699
2018-06-11 13:00:00,12.956416606903076
2018-06-11 13:15:00,12.959163635969162
2018-06-11 13:30:00,12.961910665035248
2018-06-11 13:45:00,12.964657694101334
2018-06-11 14:00:00,12.96740472316742
2018-06-11 14:15:00,12.970151752233505
2018-06-11 14:30:00,12.972898781299591
2018-06-11 14:45:00,12.975645810365677
2018-06-11 15:00:00,12.978392839431763
2018-06-11 15:15:00,12.981139868497849
2018-06-11 15:30:00,12.983886897563934
2018-06-11 15:45:00,12.98663392663002
2018-06-11 16:00:00,12.989380955696106
2018-06-11 16:15:00,12.989380955696106
2018-06-11 16:30:00,12.989380955696106
2018-06-11 16:45:00,12.989380955696106
2018-06-11 17:00:00,12.989380955696106
2018-06-11 17:15:00,12.989380955696106
2018-06-11 17:30:00,12.989380955696106
2018-06-11 17:45:00,12.989380955696106
2018-06-11 18:00:00,12.989380955696106
2018-06-11 18:15:00,12.989380955696106
2018-06-11 18:30:00,12.989380955696106
2018-06-11 18:45:00,12.989380955696106
2018-06-11 19:00:00,12.989380955696106
2018-06-11 19:15:00,12.989380955696106
2018-06-11 19:30:00,12.989380955696106
2018-06-11 19:45:00,12.989380955696106
2018-06-11 20:00:00,12.989380955696106
2018-06-11 20:15:00,12.983884662389755
2018-06-11 20:30:00,12.978388369083405
2018-06-11 20:45:00,12.972892075777054
2018-06-11 21:00:00,12.967395782470703
2018-06-11 21:15:00,12.961899489164352
2018-06-11 21:30:00,12.956403195858002
2018-06-11 21:45:00,12.950906902551651
2018-06-11 22:00:00,12.9454106092453
2018-06-11 22:15:00,12.93991431593895
2018-06-11 22:30:00,12.934418022632599
2018-06-11 22:45:00,12.928921729326248
2018-06-11 23:00:00,12.923425436019897
2018-06-11 23:15:00,12.917929142713547
2018-06-11 23:30:00,12.912432849407196
2018-06-11 23:45:00,12.906936556100845
2018-06-12 00:00:00,12.901440262794495
2018-06-12 00:15:00,12.895934749394655
2018-06-12 00:30:00,12.890429235994816
2018-06-12 00:45:00,12.884923722594976
2018-06-12 01:00:00,12.879418209195137
2018-06-12 01:15:00,12.873912695795298
2018-06-12 01:30:00,12.868407182395458
2018-06-12 01:45:00,12.862901668995619
2018-06-12 02:00:00,12.85739615559578
2018-06-12 02:15:00,12.85189064219594
2018-06-12 02:30:00,12.8463851287961
2018-06-12 02:45:00,12.840879615396261
2018-06-12 03:00:00,12.835374101996422
2018-06-12 03:15:00,12.829868588596582
2018-06-12 03:30:00,12.824363075196743
2018-06-12 03:45:00,12.818857561796904
2018-06-12 04:00:00,12.813352048397064
2018-06-12 04:15:00,12.810595892369747
2018-06-12 04:30:00,12.80783973634243
2018-06-12 04:45:00,12.805083580315113
2018-06-12 05:00:00,12.802327424287796
2018-06-12 05:15:00,12.799571268260479
2018-06-12 05:30:00,12.796815112233162
2018-06-12 05:45:00,12.794058956205845
2018-06-12 06:00:00,12.791302800178528
2018-06-12 06:15:00,12.78854664415121
2018-06-12 06:30:00,12.785790488123894
2018-06-12 06:45:00,12.783034332096577
2018-06-12 07:00:00,12.78027817606926
2018-06-12 07:15:00,12.777522020041943
2018-06-12 07:30:00,12.774765864014626
2018-06-12 07:45:00,12.772009707987309
2018-06-12 08:00:00,12.769253551959991
2018-06-12 08:15:00,12.777515221387148
2018-06-12 08:30:00,12.785776890814304
2018-06-12 08:45:00,12.79403856024146
2018-06-12 09:00:00,12.802300229668617
2018-06-12 09:15:00,12.810561899095774
2018-06-12 09:30:00,12.81882356852293
2018-06-12 09:45:00,12.827085237950087
2018-06-12 10:00:00,12.835346907377243
2018-06-12 10:15:00,12.8436085768044
2018-06-12 10:30:00,12.851870246231556
2018-06-12 10:45:00,12.860131915658712
2018-06-12 11:00:00,12.868393585085869
2018-06-12 11:15:00,12.876655254513025
2018-06-12 11:30:00,12.884916923940182
2018-06-12 11:45:00,12.893178593367338
2018-06-12 12:00:00,12.901440262794495
2018-06-12 12:15:00,12.912423722445965
2018-06-12 12:30:00,12.923407182097435
2018-06-12 12:45:00,12.934390641748905
2018-06-12 13:00:00,12.945374101400375
2018-06-12 13:15:00,12.956357561051846
2018-06-12 13:30:00,12.967341020703316
2018-06-12 13:45:00,12.978324480354786
2018-06-12 14:00:00,12.989307940006256
2018-06-12 14:15:00,13.000291399657726
2018-06-12 14:30:00,13.011274859309196
2018-06-12 14:45:00,13.022258318960667
2018-06-12 15:00:00,13.033241778612137
2018-06-12 15:15:00,13.044225238263607
2018-06-12 15:30:00,13.055208697915077
2018-06-12 15:45:00,13.066192157566547
2018-06-12 16:00:00,13.077175617218018
2018-06-12 16:15:00,13.093582447618246
2018-06-12 16:30:00,13.109989278018475
2018-06-12 16:45:00,13.126396108418703
2018-06-12 17:00:00,13.142802938818932
2018-06-12 17:15:00,13.15920976921916
2018-06-12 17:30:00,13.175616599619389
2018-06-12 17:45:00,13.192023430019617
2018-06-12 18:00:00,13.208430260419846
2018-06-12 18:15:00,13.224837090820074
2018-06-12 18:30:00,13.241243921220303
2018-06-12 18:45:00,13.257650751620531
2018-06-12 19:00:00,13.27405758202076
2018-06-12 19:15:00,13.290464412420988
2018-06-12 19:30:00,13.306871242821217
2018-06-12 19:45:00,13.323278073221445
2018-06-12 20:00:00,13.339684903621674
2018-06-12 20:15:00,13.347857538610697
2018-06-12 20:30:00,13.35603017359972
2018-06-12 20:45:00,13.364202808588743
2018-06-12 21:00:00,13.372375443577766
2018-06-12 21:15:00,13.38054807856679
2018-06-12 21:30:00,13.388720713555813
2018-06-12 21:45:00,13.396893348544836
2018-06-12 22:00:00,13.40506598353386
2018-06-12 22:15:00,13.413238618522882
2018-06-12 22:30:00,13.421411253511906
2018-06-12 22:45:00,13.429583888500929
2018-06-12 23:00:00,13.437756523489952
2018-06-12 23:15:00,13.445929158478975
2018-06-12 23:30:00,13.454101793467999
2018-06-12 23:45:00,13.462274428457022
2018-06-13 00:00:00,13.470447063446045
2018-06-13 00:15:00,13.478599209338427
2018-06-13 00:30:00,13.486751355230808
2018-06-13 00:45:00,13.49490350112319
2018-06-13 01:00:00,13.503055647015572
2018-06-13 01:15:00,13.511207792907953
2018-06-13 01:30:00,13.519359938800335
2018-06-13 01:45:00,13.527512084692717
2018-06-13 02:00:00,13.535664230585098
2018-06-13 02:15:00,13.54381637647748
2018-06-13 02:30:00,13.551968522369862
2018-06-13 02:45:00,13.560120668262243
2018-06-13 03:00:00,13.568272814154625
2018-06-13 03:15:00,13.576424960047007
2018-06-13 03:30:00,13.584577105939388
2018-06-13 03:45:00,13.59272925183177
2018-06-13 04:00:00,13.600881397724152
2018-06-13 04:15:00,13.606304861605167
2018-06-13 04:30:00,13.611728325486183
2018-06-13 04:45:00,13.617151789367199
2018-06-13 05:00:00,13.622575253248215
2018-06-13 05:15:00,13.62799871712923
2018-06-13 05:30:00,13.633422181010246
2018-06-13 05:45:00,13.638845644891262
2018-06-13 06:00:00,13.644269108772278
2018-06-13 06:15:00,13.649692572653294
2018-06-13 06:30:00,13.65511603653431
2018-06-13 06:45:00,13.660539500415325
2018-06-13 07:00:00,13.665962964296341
2018-06-13 07:15:00,13.671386428177357
2018-06-13 07:30:00,13.676809892058372
2018-06-13 07:45:00,13.682233355939388
2018-06-13 08:00:00,13.687656819820404
2018-06-13 08:15:00,13.695774972438812
2018-06-13 08:30:00,13.70389312505722
2018-06-13 08:45:00,13.712011277675629
2018-06-13 09:00:00,13.720129430294037
2018-06-13 09:15:00,13.728247582912445
2018-06-13 09:30:00,13.736365735530853
2018-06-13 09:45:00,13.744483888149261
2018-06-13 10:00:00,13.75260204076767
2018-06-13 10:15:00,13.760720193386078
2018-06-13 10:30:00,13.768838346004486
2018-06-13 10:45:00,13.776956498622894
2018-06-13 11:00:00,13.785074651241302
2018-06-13 11:15:00,13.79319280385971
2018-06-13 11:30:00,13.801310956478119
2018-06-13 11:45:00,13.809429109096527
2018-06-13 12:00:00,13.817547261714935
2018-06-13 12:15:00,13.82564501836896
2018-06-13 12:30:00,13.833742775022984
2018-06-13 12:45:00,13.841840531677008
2018-06-13 13:00:00,13.849938288331032
2018-06-13 13:15:00,13.858036044985056
2018-06-13 13:30:00,13.86613380163908
2018-06-13 13:45:00,13.874231558293104
2018-06-13 14:00:00,13.882329314947128
2018-06-13 14:15:00,13.890427071601152
2018-06-13 14:30:00,13.898524828255177
2018-06-13 14:45:00,13.9066225849092
2018-06-13 15:00:00,13.914720341563225
2018-06-13 15:15:00,13.922818098217249
2018-06-13 15:30:00,13.930915854871273
2018-06-13 15:45:00,13.939013611525297
2018-06-13 16:00:00,13.947111368179321
2018-06-13 16:15:00,13.949806150048971
2018-06-13 16:30:00,13.952500931918621
2018-06-13 16:45:00,13.955195713788271
2018-06-13 17:00:00,13.95789049565792
2018-06-13 17:15:00,13.96058527752757
2018-06-13 17:30:00,13.96328005939722
2018-06-13 17:45:00,13.96597484126687
2018-06-13 18:00:00,13.96866962313652
2018-06-13 18:15:00,13.97136440500617
2018-06-13 18:30:00,13.97405918687582
2018-06-13 18:45:00,13.97675396874547
2018-06-13 19:00:00,13.97944875061512
2018-06-13 19:15:00,13.98214353248477
2018-06-13 19:30:00,13.98483831435442
2018-06-13 19:45:00,13.98753309622407
2018-06-13 20:00:00,13.99022787809372
2018-06-13 20:15:00,13.99022787809372
2018-06-13 20:30:00,13.99022787809372
2018-06-13 20:45:00,13.99022787809372
2018-06-13 21:00:00,13.99022787809372
2018-06-13 21:15:00,13.99022787809372
2018-06-13 21:30:00,13.99022787809372
2018-06-13 21:45:00,13.99022787809372
2018-06-13 22:00:00,13.99022787809372
2018-06-13 22:15:00,13.99022787809372
2018-06-13 22:30:00,13.99022787809372
2018-06-13 22:45:00,13.99022787809372
2018-06-13 23:00:00,13.99022787809372
2018-06-13 23:15:00,13.99022787809372
2018-06-13 23:30:00,13.99022787809372
2018-06-13 23:45:00,13.99022787809372
2018-06-14 00:00:00,13.99022787809372
2018-06-14 00:15:00,13.99022787809372
2018-06-14 00:30:00,13.99022787809372
2018-06-14 00:45:00,13.99022787809372
2018-06-14 01:00:00,13.99022787809372
2018-06-14 01:15:00,13.99022787809372
2018-06-14 01:30:00,13.99022787809372
2018-06-14 01:45:00,13.99022787809372
2018-06-14 02:00:00,13.99022787809372
2018-06-14 02:15:00,13.99022787809372
2018-06-14 02:30:00,13.99022787809372
2018-06-14 02:45:00,13.99022787809372
2018-06-14 03:00:00,13.99022787809372
2018-06-14 03:15:00,13.99022787809372
2018-06-14 03:30:00,13.99022787809372
2018-06-14 03:45:00,13.99022787809372
2018-06-14 04:00:00,13.99022787809372
2018-06-14 04:15:00,13.99022787809372
2018-06-14 04:30:00,13.99022787809372
2018-06-14 04:45:00,13.99022787809372
2018-06-14 05:00:00,13.99022787809372
2018-06-14 05:15:00,13.99022787809372
2018-06-14 05:30:00,13.99022787809372
2018-06-14 05:45:00,13.99022787809372
2018-06-14 06:00:00,13.99022787809372
2018-06-14 06:15:00,13.99022787809372
2018-06-14 06:30:00,13.99022787809372
2018-06-14 06:45:00,13.99022787809372
2018-06-14 07:00:00,13.99022787809372
2018-06-14 07:15:00,13.99022787809372
2018-06-14 07:30:00,13.99022787809372
2018-06-14 07:45:00,13.99022787809372
2018-06-14 08:00:00,13.99022787809372
2018-06-14 08:15:00,13.99022787809372
2018-06-14 08:30:00,13.99022787809372
2018-06-14 08:45:00,13.99022787809372
2018-06-14 09:00:00,13.99022787809372
2018-06-14 09:15:00,13.99022787809372
2018-06-14 09:30:00,13.99022787809372
2018-06-14 09:45:00,13.99022787809372
2018-06-14 10:00:00,13.99022787809372
2018-06-14 10:15:00,13.99022787809372
2018-06-14 10:30:00,13.99022787809372
2018-06-14 10:45:00,13.99022787809372
2018-06-14 11:00:00,13.99022787809372
2018-06-14 11:15:00,13.99022787809372
2018-06-14 11:30:00,13.99022787809372
2018-06-14 11:45:00,13.99022787809372
2018-06-14 12:00:00,13.99022787809372
2018-06-14 12:15:00,13.99022787809372
2018-06-14 12:30:00,13.99022787809372
2018-06-14 12:45:00,13.99022787809372
2018-06-14 13:00:00,13.99022787809372
2018-06-14 13:15:00,13.99022787809372
2018-06-14 13:30:00,13.99022787809372
2018-06-14 13:45:00,13.99022787809372
2018-06-14 14:00:00,13.99022787809372
2018-06-14 14:15:00,13.99022787809372
2018-06-14 14:30:00,13.99022787809372
2018-06-14 14:45:00,13.99022787809372
2018-06-14 15:00:00,13.99022787809372
2018-06-14 15:15:00,13.99022787809372
2018-06-14 15:30:00,13.99022787809372
2018-06-14 15:45:00,13.99022787809372
2018-06-14 16:00:00,13.99022787809372
2018-06-14 16:15:00,13.98753309622407
2018-06-14 16:30:00,13.98483831435442
2018-06-14 16:45:00,13.98214353248477
2018-06-14 17:00:00,13.97944875061512
2018-06-14 17:15:00,13.97675396874547
2018-06-14 17:30:00,13.97405918687582
2018-06-14 17:45:00,13.97136440500617
2018-06-14 18:00:00,13.96866962313652
2018-06-14 18:15:00,13.96597484126687
2018-06-14 18:30:00,13.96328005939722
2018-06-14 18:45:00,13.96058527752757
2018-06-14 19:00:00,13.95789049565792
2018-06-14 19:15:00,13.955195713788271
2018-06-14 19:30:00,13.952500931918621
2018-06-14 19:45:00,13.949806150048971
2018-06-14 20:00:00,13.947111368179321
2018-06-14 20:15:00,13.941715098917484
2018-06-14 20:30:00,13.936318829655647
2018-06-14 20:45:00,13.93092256039381
2018-06-14 21:00:00,13.925526291131973
2018-06-14 21:15:00,13.920130021870136
2018-06-14 21:30:00,13.9147337526083
2018-06-14 21:45:00,13.909337483346462
2018-06-14 22:00:00,13.903941214084625
2018-06-14 22:15:00,13.898544944822788
2018-06-14 22:30:00,13.893148675560951
2018-06-14 22:45:00,13.887752406299114
2018-06-14 23:00:00,13.882356137037277
2018-06-14 23:15:00,13.87695986777544
2018-06-14 23:30:00,13.871563598513603
2018-06-14 23:45:00,13.866167329251766
2018-06-15 00:00:00,13.86077105998993
2018-06-15 00:15:00,13.855365756899118
2018-06-15 00:30:00,13.849960453808308
2018-06-15 00:45:00,13.844555150717497
2018-06-15 01:00:00,13.839149847626686
2018-06-15 01:15:00,13.833744544535875
2018-06-15 01:30:00,13.828339241445065
2018-06-15 01:45:00,13.822933938354254
2018-06-15 02:00:00,13.817528635263443
2018-06-15 02:15:00,13.812123332172632
2018-06-15 02:30:00,13.806718029081821
2018-06-15 02:45:00,13.80131272599101
2018-06-15 03:00:00,13.7959074229002
2018-06-15 03:15:00,13.79050211980939
2018-06-15 03:30:00,13.785096816718578
2018-06-15 03:45:00,13.779691513627768
2018-06-15 04:00:00,13.774286210536957
2018-06-15 04:15:00,13.771580159664154
2018-06-15 04:30:00,13.768874108791351
2018-06-15 04:45:00,13.766168057918549
2018-06-15 05:00:00,13.763462007045746
2018-06-15 05:15:00,13.760755956172943
2018-06-15 05:30:00,13.75804990530014
2018-06-15 05:45:00,13.755343854427338
2018-06-15 06:00:00,13.752637803554535
2018-06-15 06:15:00,13.749931752681732
2018-06-15 06:30:00,13.74722570180893
2018-06-15 06:45:00,13.744519650936127
2018-06-15 07:00:00,13.741813600063324
2018-06-15 07:15:00,13.739107549190521
2018-06-15 07:30:00,13.736401498317719
2018-06-15 07:45:00,13.733695447444916
2018-06-15 08:00:00,13.730989396572113
2018-06-15 08:15:00,13.730989396572113
2018-06-15 08:30:00,13.730989396572113
2018-06-15 08:45:00,13.730989396572113
2018-06-15 09:00:00,13.730989396572113
2018-06-15 09:15:00,13.730989396572113
2018-06-15 09:30:00,13.730989396572113
2018-06-15 09:45:00,13.730989396572113
2018-06-15 10:00:00,13.730989396572113
2018-06-15 10:15:00,13.730989396572113
2018-06-15 10:30:00,13.730989396572113
2018-06-15 10:45:00,13.730989396572113
2018-06-15 11:00:00,13.730989396572113
2018-06-15 11:15:00,13.730989396572113
2018-06-15 11:30:00,13.730989396572113
2018-06-15 11:45:00,13.730989396572113
2018-06-15 12:00:00,13.730989396572113
2018-06-15 12:15:00,13.730989396572113
2018-06-15 12:30:00,13.730989396572113
2018-06-15 12:45:00,13.730989396572113
2018-06-15 13:00:00,13.730989396572113
2018-06-15 13:15:00,13.730989396572113
2018-06-15 13:30:00,13.730989396572113
2018-06-15 13:45:00,13.730989396572113
2018-06-15 14:00:00,13.730989396572113
2018-06-15 14:15:00,13.730989396572113
2018-06-15 14:30:00,13.730989396572113
2018-06-15 14:45:00,13.730989396572113
2018-06-15 15:00:00,13.730989396572113
2018-06-15 15:15:00,13.730989396572113
2018-06-15 15:30:00,13.730989396572113
2018-06-15 15:45:00,13.730989396572113
2018-06-15 16:00:00,13.730989396572113
2018-06-15 16:15:00,13.722857646644115
2018-06-15 16:30:00,13.714725896716118
2018-06-15 16:45:00,13.70659414678812
2018-06-15 17:00:00,13.698462396860123
2018-06-15 17:15:00,13.690330646932125
2018-06-15 17:30:00,13.682198897004128
2018-06-15 17:45:00,13.67406714707613
2018-06-15 18:00:00,13.665935397148132
2018-06-15 18:15:00,13.657803647220135
2018-06-15 18:30:00,13.649671897292137
2018-06-15 18:45:00,13.64154014736414
2018-06-15 19:00:00,13.633408397436142
2018-06-15 19:15:00,13.625276647508144
2018-06-15 19:30:00,13.617144897580147
2018-06-15 19:45:00,13.60901314765215
2018-06-15 20:00:00,13.600881397724152
2018-06-15 20:15:00,13.595448900014162
2018-06-15 20:30:00,13.590016402304173
2018-06-15 20:45:00,13.584583904594183
2018-06-15 21:00:00,13.579151406884193
2018-06-15 21:15:00,13.573718909174204
2018-06-15 21:30:00,13.568286411464214
2018-06-15 21:45:00,13.562853913754225
2018-06-15 22:00:00,13.557421416044235
2018-06-15 22:15:00,13.551988918334246
2018-06-15 22:30:00,13.546556420624256
2018-06-15 22:45:00,13.541123922914267
2018-06-15 23:00:00,13.535691425204277
2018-06-15 23:15:00,13.530258927494287
2018-06-15 23:30:00,13.524826429784298
2018-06-15 23:45:00,13.519393932074308
2018-06-16 00:00:00,13.513961434364319
2018-06-16 00:15:00,13.508519809693098
2018-06-16 00:30:00,13.503078185021877
2018-06-16 00:45:00,13.497636560350657
2018-06-16 01:00:00,13.492194935679436
2018-06-16 01:15:00,13.486753311008215
2018-06-16 01:30:00,13.481311686336994
2018-06-16 01:45:00,13.475870061665773
2018-06-16 02:00:00,13.470428436994553
2018-06-16 02:15:00,13.464986812323332
2018-06-16 02:30:00,13.459545187652111
2018-06-16 02:45:00,13.45410356298089
2018-06-16 03:00:00,13.44866193830967
2018-06-16 03:15:00,13.443220313638449
2018-06-16 03:30:00,13.437778688967228
2018-06-16 03:45:00,13.432337064296007
2018-06-16 04:00:00,13.426895439624786
2018-06-16 04:15:00,13.424171227961779
2018-06-16 04:30:00,13.421447016298771
2018-06-16 04:45:00,13.418722804635763
2018-06-16 05:00:00,13.415998592972755
2018-06-16 05:15:00,13.413274381309748
2018-06-16 05:30:00,13.41055016964674
2018-06-16 05:45:00,13.407825957983732
2018-06-16 06:00:00,13.405101746320724
2018-06-16 06:15:00,13.402377534657717
2018-06-16 06:30:00,13.399653322994709
2018-06-16 06:45:00,13.396929111331701
2018-06-16 07:00:00,13.394204899668694
2018-06-16 07:15:00,13.391480688005686
2018-06-16 07:30:00,13.388756476342678
2018-06-16 07:45:00,13.38603226467967
2018-06-16 08:00:00,13.383308053016663
2018-06-16 08:15:00,13.380581606179476
2018-06-16 08:30:00,13.377855159342289
2018-06-16 08:45:00,13.375128712505102
2018-06-16 09:00:00,13.372402265667915
2018-06-16 09:15:00,13.369675818830729
2018-06-16 09:30:00,13.366949371993542
2018-06-16 09:45:00,13.364222925156355
2018-06-16 10:00:00,13.361496478319168
2018-06-16 10:15:00,13.358770031481981
2018-06-16 10:30:00,13.356043584644794
2018-06-16 10:45:00,13.353317137807608
2018-06-16 11:00:00,13.35059069097042
2018-06-16 11:15:00,13.347864244133234
2018-06-16 11:30:00,13.345137797296047
2018-06-16 11:45:00,13.34241135045886
2018-06-16 12:00:00,13.339684903621674
2018-06-16 12:15:00,13.339684903621674
2018-06-16 12:30:00,13.339684903621674
2018-06-16 12:45:00,13.339684903621674
2018-06-16 13:00:00,13.339684903621674
2018-06-16 13:15:00,13.339684903621674
2018-06-16 13:30:00,13.339684903621674
2018-06-16 13:45:00,13.339684903621674
2018-06-16 14:00:00,13.339684903621674
2018-06-16 14:15:00,13.339684903621674
2018-06-16 14:30:00,13.339684903621674
2018-06-16 14:45:00,13.339684903621674
2018-06-16 15:00:00,13.339684903621674
2018-06-16 15:15:00,13.339684903621674
2018-06-16 15:30:00,13.339684903621674
2018-06-16 15:45:00,13.339684903621674
2018-06-16 16:00:00,13.339684903621674
2018-06-16 16:15:00,13.33695612847805
2018-06-16 16:30:00,13.334227353334427
2018-06-16 16:45:00,13.331498578190804
2018-06-16 17:00:00,13.32876980304718
2018-06-16 17:15:00,13.326041027903557
2018-06-16 17:30:00,13.323312252759933
2018-06-16 17:45:00,13.32058347761631
2018-06-16 18:00:00,13.317854702472687
2018-06-16 18:15:00,13.315125927329063
2018-06-16 18:30:00,13.31239715218544
2018-06-16 18:45:00,13.309668377041817
2018-06-16 19:00:00,13.306939601898193
2018-06-16 19:15:00,13.30421082675457
2018-06-16 19:30:00,13.301482051610947
2018-06-16 19:45:00,13.298753276467323
2018-06-16 20:00:00,13.2960245013237
2018-06-16 20:15:00,13.287824485450983
2018-06-16 20:30:00,13.279624469578266
2018-06-16 20:45:00,13.27142445370555
2018-06-16 21:00:00,13.263224437832832
2018-06-16 21:15:00,13.255024421960115
2018-06-16 21:30:00,13.246824406087399
2018-06-16 21:45:00,13.238624390214682
2018-06-16 22:00:00,13.230424374341965
2018-06-16 22:15:00,13.222224358469248
2018-06-16 22:30:00,13.214024342596531
2018-06-16 22:45:00,13.205824326723814
2018-06-16 23:00:00,13.197624310851097
2018-06-16 23:15:00,13.18942429497838
2018-06-16 23:30:00,13.181224279105663
2018-06-16 23:45:00,13.173024263232946
2018-06-17 00:00:00,13.16482424736023
2018-06-17 00:15:00,13.162086345255375
2018-06-17 00:30:00,13.15934844315052
2018-06-17 00:45:00,13.156610541045666
2018-06-17 01:00:00,13.153872638940811
2018-06-17 01:15:00,13.151134736835957
2018-06-17 01:30:00,13.148396834731102
2018-06-17 01:45:00,13.145658932626247
2018-06-17 02:00:00,13.142921030521393
2018-06-17 02:15:00,13.140183128416538
2018-06-17 02:30:00,13.137445226311684
2018-06-17 02:45:00,13.134707324206829
2018-06-17 03:00:00,13.131969422101974
2018-06-17 03:15:00,13.12923151999712
2018-06-17 03:30:00,13.126493617892265
2018-06-17 03:45:00,13.12375571578741
2018-06-17 04:00:00,13.121017813682556
2018-06-17 04:15:00,13.115535210818052
2018-06-17 04:30:00,13.110052607953548
2018-06-17 04:45:00,13.104570005089045
2018-06-17 05:00:00,13.09908740222454
2018-06-17 05:15:00,13.093604799360037
2018-06-17 05:30:00,13.088122196495533
2018-06-17 05:45:00,13.08263959363103
2018-06-17 06:00:00,13.077156990766525
2018-06-17 06:15:00,13.071674387902021
2018-06-17 06:30:00,13.066191785037518
2018-06-17 06:45:00,13.060709182173014
2018-06-17 07:00:00,13.05522657930851
2018-06-17 07:15:00,13.049743976444006
2018-06-17 07:30:00,13.044261373579502
2018-06-17 07:45:00,13.038778770714998
2018-06-17 08:00:00,13.033296167850494
2018-06-17 08:15:00,13.033296167850494
2018-06-17 08:30:00,13.033296167850494
2018-06-17 08:45:00,13.033296167850494
2018-06-17 09:00:00,13.033296167850494
2018-06-17 09:15:00,13.033296167850494
2018-06-17 09:30:00,13.033296167850494
2018-06-17 09:45:00,13.033296167850494
2018-06-17 10:00:00,13.033296167850494
2018-06-17 10:15:00,13.033296167850494
2018-06-17 10:30:00,13.033296167850494
2018-06-17 10:45:00,13.033296167850494
2018-06-17 11:00:00,13.033296167850494
2018-06-17 11:15:00,13.033296167850494
2018-06-17 11:30:00,13.033296167850494
2018-06-17 11:45:00,13.033296167850494
2018-06-17 12:00:00,13.033296167850494
2018-06-17 12:15:00,13.036038633435965
2018-06-17 12:30:00,13.038781099021435
2018-06-17 12:45:00,13.041523564606905
2018-06-17 13:00:00,13.044266030192375
2018-06-17 13:15:00,13.047008495777845
2018-06-17 13:30:00,13.049750961363316
2018-06-17 13:45:00,13.052493426948786
2018-06-17 14:00:00,13.055235892534256
2018-06-17 14:15:00,13.057978358119726
2018-06-17 14:30:00,13.060720823705196
2018-06-17 14:45:00,13.063463289290667
2018-06-17 15:00:00,13.066205754876137
2018-06-17 15:15:00,13.068948220461607
2018-06-17 15:30:00,13.071690686047077
2018-06-17 15:45:00,13.074433151632547
2018-06-17 16:00:00,13.077175617218018
2018-06-17 16:15:00,13.074433151632547
2018-06-17 16:30:00,13.071690686047077
2018-06-17 16:45:00,13.068948220461607
2018-06-17 17:00:00,13.066205754876137
2018-06-17 17:15:00,13.063463289290667
2018-06-17 17:30:00,13.060720823705196
2018-06-17 17:45:00,13.057978358119726
2018-06-17 18:00:00,13.055235892534256
2018-06-17 18:15:00,13.052493426948786
2018-06-17 18:30:00,13.049750961363316
2018-06-17 18:45:00,13.047008495777845
2018-06-17 19:00:00,13.044266030192375
2018-06-17 19:15:00,13.041523564606905
2018-06-17 19:30:00,13.038781099021435
2018-06-17 19:45:00,13.036038633435965
2018-06-17 20:00:00,13.033296167850494
2018-06-17 20:15:00,13.02780443802476
2018-06-17 20:30:00,13.022312708199024
2018-06-17 20:45:00,13.016820978373289
2018-06-17 21:00:00,13.011329248547554
2018-06-17 21:15:00,13.005837518721819
2018-06-17 21:30:00,13.000345788896084
2018-06-17 21:45:00,12.994854059070349
2018-06-17 22:00:00,12.989362329244614
2018-06-17 22:15:00,12.983870599418879
2018-06-17 22:30:00,12.978378869593143
2018-06-17 22:45:00,12.972887139767408
2018-06-17 23:00:00,12.967395409941673
2018-06-17 23:15:00,12.961903680115938
2018-06-17 23:30:00,12.956411950290203
2018-06-17 23:45:00,12.950920220464468
2018-06-18 00:00:00,12.945428490638733
2018-06-18 00:15:00,12.93992754071951
2018-06-18 00:30:00,12.934426590800285
2018-06-18 00:45:00,12.928925640881062
2018-06-18 01:00:00,12.923424690961838
2018-06-18 01:15:00,12.917923741042614
2018-06-18 01:30:00,12.91242279112339
2018-06-18 01:45:00,12.906921841204166
2018-06-18 02:00:00,12.901420891284943
2018-06-18 02:15:00,12.895919941365719
2018-06-18 02:30:00,12.890418991446495
2018-06-18 02:45:00,12.884918041527271
2018-06-18 03:00:00,12.879417091608047
2018-06-18 03:15:00,12.873916141688824
2018-06-18 03:30:00,12.8684151917696
2018-06-18 03:45:00,12.862914241850376
2018-06-18 04:00:00,12.857413291931152
2018-06-18 04:15:00,12.854659464210272
2018-06-18 04:30:00,12.851905636489391
2018-06-18 04:45:00,12.84915180876851
2018-06-18 05:00:00,12.84639798104763
2018-06-18 05:15:00,12.84364415332675
2018-06-18 05:30:00,12.84089032560587
2018-06-18 05:45:00,12.838136497884989
2018-06-18 06:00:00,12.835382670164108
2018-06-18 06:15:00,12.832628842443228
2018-06-18 06:30:00,12.829875014722347
2018-06-18 06:45:00,12.827121187001467
2018-06-18 07:00:00,12.824367359280586
2018-06-18 07:15:00,12.821613531559706
2018-06-18 07:30:00,12.818859703838825
2018-06-18 07:45:00,12.816105876117945
2018-06-18 08:00:00,12.813352048397064
2018-06-18 08:15:00,12.813352048397064
2018-06-18 08:30:00,12.813352048397064
2018-06-18 08:45:00,12.813352048397064
2018-06-18 09:00:00,12.813352048397064
2018-06-18 09:15:00,12.813352048397064
2018-06-18 09:30:00,12.813352048397064
2018-06-18 09:45:00,12.813352048397064
2018-06-18 10:00:00,12.813352048397064
2018-06-18 10:15:00,12.813352048397064
2018-06-18 10:30:00,12.813352048397064
2018-06-18 10:45:00,12.813352048397064
2018-06-18 11:00:00,12.813352048397064
2018-06-18 11:15:00,12.813352048397064
2018-06-18 11:30:00,12.813352048397064
2018-06-18 11:45:00,12.813352048397064
2018-06-18 12:00:00,12.813352048397064
2018-06-18 12:15:00,12.813352048397064
2018-06-18 12:30:00,12.813352048397064
2018-06-18 12:45:00,12.813352048397064
2018-06-18 13:00:00,12.813352048397064
2018-06-18 13:15:00,12.813352048397064
2018-06-18 13:30:00,12.813352048397064
2018-06-18 13:45:00,12.813352048397064
2018-06-18 14:00:00,12.813352048397064
2018-06-18 14:15:00,12.813352048397064
2018-06-18 14:30:00,12.813352048397064
2018-06-18 14:45:00,12.813352048397064
2018-06-18 15:00:00,12.813352048397064
2018-06-18 15:15:00,12.813352048397064
2018-06-18 15:30:00,12.813352048397064
2018-06-18 15:45:00,12.813352048397064
2018-06-18 16:00:00,12.813352048397064
2018-06-18 16:15:00,12.813352048397064
2018-06-18 16:30:00,12.813352048397064
2018-06-18 16:45:00,12.813352048397064
2018-06-18 17:00:00,12.813352048397064
2018-06-18 17:15:00,12.813352048397064
2018-06-18 17:30:00,12.813352048397064
2018-06-18 17:45:00,12.813352048397064
2018-06-18 18:00:00,12.813352048397064
2018-06-18 18:15:00,12.813352048397064
2018-06-18 18:30:00,12.813352048397064
2018-06-18 18:45:00,12.813352048397064
2018-06-18 19:00:00,12.813352048397064
2018-06-18 19:15:00,12.813352048397064
2018-06-18 19:30:00,12.813352048397064
2018-06-18 19:45:00,12.813352048397064
2018-06-18 20:00:00,12.813352048397064
2018-06-18 20:15:00,12.810595892369747
2018-06-18 20:30:00,12.80783973634243
2018-06-18 20:45:00,12.805083580315113
2018-06-18 21:00:00,12.802327424287796
2018-06-18 21:15:00,12.799571268260479
2018-06-18 21:30:00,12.796815112233162
2018-06-18 21:45:00,12.794058956205845
2018-06-18 22:00:00,12.791302800178528
2018-06-18 22:15:00,12.78854664415121
2018-06-18 22:30:00,12.785790488123894
2018-06-18 22:45:00,12.783034332096577
2018-06-18 23:00:00,12.78027817606926
2018-06-18 23:15:00,12.777522020041943
2018-06-18 23:30:00,12.774765864014626
2018-06-18 23:45:00,12.772009707987309
2018-06-19 00:00:00,12.769253551959991
2018-06-19 00:15:00,12.763734254986048
2018-06-19 00:30:00,12.758214958012104
2018-06-19 00:45:00,12.75269566103816
2018-06-19 01:00:00,12.747176364064217
2018-06-19 01:15:00,12.741657067090273
2018-06-19 01:30:00,12.73613777011633
2018-06-19 01:45:00,12.730618473142385
2018-06-19 02:00:00,12.725099176168442
2018-06-19 02:15:00,12.719579879194498
2018-06-19 02:30:00,12.714060582220554
2018-06-19 02:45:00,12.70854128524661
2018-06-19 03:00:00,12.703021988272667
2018-06-19 03:15:00,12.697502691298723
2018-06-19 03:30:00,12.69198339432478
2018-06-19 03:45:00,12.686464097350836
2018-06-19 04:00:00,12.680944800376892
2018-06-19 04:15:00,12.678181752562523
2018-06-19 04:30:00,12.675418704748154
2018-06-19 04:45:00,12.672655656933784
2018-06-19 05:00:00,12.669892609119415
2018-06-19 05:15:00,12.667129561305046
2018-06-19 05:30:00,12.664366513490677
2018-06-19 05:45:00,12.661603465676308
2018-06-19 06:00:00,12.658840417861938
2018-06-19 06:15:00,12.65607737004757
2018-06-19 06:30:00,12.6533143222332
2018-06-19 06:45:00,12.65055127441883
2018-06-19 07:00:00,12.647788226604462
2018-06-19 07:15:00,12.645025178790092
2018-06-19 07:30:00,12.642262130975723
2018-06-19 07:45:00,12.639499083161354
2018-06-19 08:00:00,12.636736035346985
2018-06-19 08:15:00,12.636736035346985
2018-06-19 08:30:00,12.636736035346985
2018-06-19 08:45:00,12.636736035346985
2018-06-19 09:00:00,12.636736035346985
2018-06-19 09:15:00,12.636736035346985
2018-06-19 09:30:00,12.636736035346985
2018-06-19 09:45:00,12.636736035346985
2018-06-19 10:00:00,12.636736035346985
2018-06-19 10:15:00,12.636736035346985
2018-06-19 10:30:00,12.636736035346985
2018-06-19 10:45:00,12.636736035346985
2018-06-19 11:00:00,12.636736035346985
2018-06-19 11:15:00,12.636736035346985
2018-06-19 11:30:00,12.636736035346985
2018-06-19 11:45:00,12.636736035346985
2018-06-19 12:00:00,12.636736035346985
2018-06-19 12:15:00,12.639499083161354
2018-06-19 12:30:00,12.642262130975723
2018-06-19 12:45:00,12.645025178790092
2018-06-19 13:00:00,12.647788226604462
2018-06-19 13:15:00,12.65055127441883
2018-06-19 13:30:00,12.6533143222332
2018-06-19 13:45:00,12.65607737004757
2018-06-19 14:00:00,12.658840417861938
2018-06-19 14:15:00,12.661603465676308
2018-06-19 14:30:00,12.664366513490677
2018-06-19 14:45:00,12.667129561305046
2018-06-19 15:00:00,12.669892609119415
2018-06-19 15:15:00,12.672655656933784
2018-06-19 15:30:00,12.675418704748154
2018-06-19 15:45:00,12.678181752562523
2018-06-19 16:00:00,12.680944800376892
2018-06-19 16:15:00,12.680944800376892
2018-06-19 16:30:00,12.680944800376892
2018-06-19 16:45:00,12.680944800376892
2018-06-19 17:00:00,12.680944800376892
2018-06-19 17:15:00,12.680944800376892
2018-06-19 17:30:00,12.680944800376892
2018-06-19 17:45:00,12.680944800376892
2018-06-19 18:00:00,12.680944800376892
2018-06-19 18:15:00,12.680944800376892
2018-06-19 18:30:00,12.680944800376892
2018-06-19 18:45:00,12.680944800376892
2018-06-19 19:00:00,12.680944800376892
2018-06-19 19:15:00,12.680944800376892
2018-06-19 19:30:00,12.680944800376892
2018-06-19 19:45:00,12.680944800376892
2018-06-19 20:00:00,12.680944800376892
2018-06-19 20:15:00,12.678181752562523
2018-06-19 20:30:00,12.675418704748154
2018-06-19 20:45:00,12.672655656933784
2018-06-19 21:00:00,12.669892609119415
2018-06-19 21:15:00,12.667129561305046
2018-06-19 21:30:00,12.664366513490677
2018-06-19 21:45:00,12.661603465676308
2018-06-19 22:00:00,12.658840417861938
2018-06-19 22:15:00,12.65607737004757
2018-06-19 22:30:00,12.6533143222332
2018-06-19 22:45:00,12.65055127441883
2018-06-19 23:00:00,12.647788226604462
2018-06-19 23:15:00,12.645025178790092
2018-06-19 23:30:00,12.642262130975723
2018-06-19 23:45:00,12.639499083161354
2018-06-20 00:00:00,12.636736035346985
2018-06-20 00:15:00,12.631202954798937
2018-06-20 00:30:00,12.625669874250889
2018-06-20 00:45:00,12.62013679370284
2018-06-20 01:00:00,12.614603713154793
2018-06-20 01:15:00,12.609070632606745
2018-06-20 01:30:00,12.603537552058697
2018-06-20 01:45:00,12.598004471510649
2018-06-20 02:00:00,12.5924713909626
2018-06-20 02:15:00,12.586938310414553
2018-06-20 02:30:00,12.581405229866505
2018-06-20 02:45:00,12.575872149318457
2018-06-20 03:00:00,12.570339068770409
2018-06-20 03:15:00,12.56480598822236
2018-06-20 03:30:00,12.559272907674313
2018-06-20 03:45:00,12.553739827126265
2018-06-20 04:00:00,12.548206746578217
2018-06-20 04:15:00,12.545436806976795
2018-06-20 04:30:00,12.542666867375374
2018-06-20 04:45:00,12.539896927773952
2018-06-20 05:00:00,12.537126988172531
2018-06-20 05:15:00,12.53435704857111
2018-06-20 05:30:00,12.531587108969688
2018-06-20 05:45:00,12.528817169368267
2018-06-20 06:00:00,12.526047229766846
2018-06-20 06:15:00,12.523277290165424
2018-06-20 06:30:00,12.520507350564003
2018-06-20 06:45:00,12.517737410962582
2018-06-20 07:00:00,12.51496747136116
2018-06-20 07:15:00,12.512197531759739
2018-06-20 07:30:00,12.509427592158318
2018-06-20 07:45:00,12.506657652556896
2018-06-20 08:00:00,12.503887712955475
2018-06-20 08:15:00,12.503887712955475
2018-06-20 08:30:00,12.503887712955475
2018-06-20 08:45:00,12.503887712955475
2018-06-20 09:00:00,12.503887712955475
2018-06-20 09:15:00,12.503887712955475
2018-06-20 09:30:00,12.503887712955475
2018-06-20 09:45:00,12.503887712955475
2018-06-20 10:00:00,12.503887712955475
2018-06-20 10:15:00,12.503887712955475
2018-06-20 10:30:00,12.503887712955475
2018-06-20 10:45:00,12.503887712955475
2018-06-20 11:00:00,12.503887712955475
2018-06-20 11:15:00,12.503887712955475
2018-06-20 11:30:00,12.503887712955475
2018-06-20 11:45:00,12.503887712955475
2018-06-20 12:00:00,12.503887712955475
2018-06-20 12:15:00,12.503887712955475
2018-06-20 12:30:00,12.503887712955475
2018-06-20 12:45:00,12.503887712955475
2018-06-20 13:00:00,12.503887712955475
2018-06-20 13:15:00,12.503887712955475
2018-06-20 13:30:00,12.503887712955475
2018-06-20 13:45:00,12.503887712955475
2018-06-20 14:00:00,12.503887712955475
2018-06-20 14:15:00,12.503887712955475
2018-06-20 14:30:00,12.503887712955475
2018-06-20 14:45:00,12.503887712955475
2018-06-20 15:00:00,12.503887712955475
2018-06-20 15:15:00,12.503887712955475
2018-06-20 15:30:00,12.503887712955475
2018-06-20 15:45:00,12.503887712955475
2018-06-20 16:00:00,12.503887712955475
2018-06-20 16:15:00,12.506657652556896
2018-06-20 16:30:00,12.509427592158318
2018-06-20 16:45:00,12.512197531759739
2018-06-20 17:00:00,12.51496747136116
2018-06-20 17:15:00,12.517737410962582
2018-06-20 17:30:00,12.520507350564003
2018-06-20 17:45:00,12.523277290165424
2018-06-20 18:00:00,12.526047229766846
2018-06-20 18:15:00,12.528817169368267
2018-06-20 18:30:00,12.531587108969688
2018-06-20 18:45:00,12.53435704857111
2018-06-20 19:00:00,12.537126988172531
2018-06-20 19:15:00,12.539896927773952
2018-06-20 19:30:00,12.542666867375374
2018-06-20 19:45:00,12.545436806976795
2018-06-20 20:00:00,12.548206746578217
2018-06-20 20:15:00,12.548206746578217
2018-06-20 20:30:00,12.548206746578217
2018-06-20 20:45:00,12.548206746578217
2018-06-20 21:00:00,12.548206746578217
2018-06-20 21:15:00,12.548206746578217
2018-06-20 21:30:00,12.548206746578217
2018-06-20 21:45:00,12.548206746578217
2018-06-20 22:00:00,12.548206746578217
2018-06-20 22:15:00,12.548206746578217
2018-06-20 22:30:00,12.548206746578217
2018-06-20 22:45:00,12.548206746578217
2018-06-20 23:00:00,12.548206746578217
2018-06-20 23:15:00,12.548206746578217
2018-06-20 23:30:00,12.548206746578217
2018-06-20 23:45:00,12.548206746578217
2018-06-21 00:00:00,12.548206746578217
2018-06-21 00:15:00,12.545436806976795
2018-06-21 00:30:00,12.542666867375374
2018-06-21 00:45:00,12.539896927773952
2018-06-21 01:00:00,12.537126988172531
2018-06-21 01:15:00,12.53435704857111
2018-06-21 01:30:00,12.531587108969688
2018-06-21 01:45:00,12.528817169368267
2018-06-21 02:00:00,12.526047229766846
2018-06-21 02:15:00,12.523277290165424
2018-06-21 02:30:00,12.520507350564003
2018-06-21 02:45:00,12.517737410962582
2018-06-21 03:00:00,12.51496747136116
2018-06-21 03:15:00,12.512197531759739
2018-06-21 03:30:00,12.509427592158318
2018-06-21 03:45:00,12.506657652556896
2018-06-21 04:00:00,12.503887712955475
2018-06-21 04:15:00,12.503887712955475
2018-06-21 04:30:00,12.503887712955475
2018-06-21 04:45:00,12.503887712955475
2018-06-21 05:00:00,12.503887712955475
2018-06-21 05:15:00,12.503887712955475
2018-06-21 05:30:00,12.503887712955475
2018-06-21 05:45:00,12.503887712955475
2018-06-21 06:00:00,12.503887712955475
2018-06-21 06:15:00,12.503887712955475
2018-06-21 06:30:00,12.503887712955475
2018-06-21 06:45:00,12.503887712955475
2018-06-21 07:00:00,12.503887712955475
2018-06-21 07:15:00,12.503887712955475
2018-06-21 07:30:00,12.503887712955475
2018-06-21 07:45:00,12.503887712955475
2018-06-21 08:00:00,12.503887712955475
2018-06-21 08:15:00,12.506657652556896
2018-06-21 08:30:00,12.509427592158318
2018-06-21 08:45:00,12.512197531759739
2018-06-21 09:00:00,12.51496747136116
2018-06-21 09:15:00,12.517737410962582
2018-06-21 09:30:00,12.520507350564003
2018-06-21 09:45:00,12.523277290165424
2018-06-21 10:00:00,12.526047229766846
2018-06-21 10:15:00,12.528817169368267
2018-06-21 10:30:00,12.531587108969688
2018-06-21 10:45:00,12.53435704857111
2018-06-21 11:00:00,12.537126988172531
2018-06-21 11:15:00,12.539896927773952
2018-06-21 11:30:00,12.542666867375374
2018-06-21 11:45:00,12.545436806976795
2018-06-21 12:00:00,12.548206746578217
2018-06-21 12:15:00,12.556502874940634
2018-06-21 12:30:00,12.564799003303051
2018-06-21 12:45:00,12.573095131665468
2018-06-21 13:00:00,12.581391260027885
2018-06-21 13:15:00,12.589687388390303
2018-06-21 13:30:00,12.59798351675272
2018-06-21 13:45:00,12.606279645115137
2018-06-21 14:00:00,12.614575773477554
2018-06-21 14:15:00,12.622871901839972
2018-06-21 14:30:00,12.631168030202389
2018-06-21 14:45:00,12.639464158564806
2018-06-21 15:00:00,12.647760286927223
2018-06-21 15:15:00,12.65605641528964
2018-06-21 15:30:00,12.664352543652058
2018-06-21 15:45:00,12.672648672014475
2018-06-21 16:00:00,12.680944800376892
2018-06-21 16:15:00,12.686464097350836
2018-06-21 16:30:00,12.69198339432478
2018-06-21 16:45:00,12.697502691298723
2018-06-21 17:00:00,12.703021988272667
2018-06-21 17:15:00,12.70854128524661
2018-06-21 17:30:00,12.714060582220554
2018-06-21 17:45:00,12.719579879194498
2018-06-21 18:00:00,12.725099176168442
2018-06-21 18:15:00,12.730618473142385
2018-06-21 18:30:00,12.73613777011633
2018-06-21 18:45:00,12.741657067090273
2018-06-21 19:00:00,12.747176364064217
2018-06-21 19:15:00,12.75269566103816
2018-06-21 19:30:00,12.758214958012104
2018-06-21 19:45:00,12.763734254986048
2018-06-21 20:00:00,12.769253551959991
2018-06-21 20:15:00,12.763734254986048
2018-06-21 20:30:00,12.758214958012104
2018-06-21 20:45:00,12.75269566103816
2018-06-21 21:00:00,12.747176364064217
2018-06-21 21:15:00,12.741657067090273
2018-06-21 21:30:00,12.73613777011633
2018-06-21 21:45:00,12.730618473142385
2018-06-21 22:00:00,12.725099176168442
2018-06-21 22:15:00,12.719579879194498
2018-06-21 22:30:00,12.714060582220554
2018-06-21 22:45:00,12.70854128524661
2018-06-21 23:00:00,12.703021988272667
2018-06-21 23:15:00,12.697502691298723
2018-06-21 23:30:00,12.69198339432478
2018-06-21 23:45:00,12.686464097350836
2018-06-22 00:00:00,12.680944800376892
2018-06-22 00:15:00,12.675416376441717
2018-06-22 00:30:00,12.669887952506542
2018-06-22 00:45:00,12.664359528571367
2018-06-22 01:00:00,12.658831104636192
2018-06-22 01:15:00,12.653302680701017
2018-06-22 01:30:00,12.647774256765842
2018-06-22 01:45:00,12.642245832830667
2018-06-22 02:00:00,12.636717408895493
2018-06-22 02:15:00,12.631188984960318
2018-06-22 02:30:00,12.625660561025143
2018-06-22 02:45:00,12.620132137089968
2018-06-22 03:00:00,12.614603713154793
2018-06-22 03:15:00,12.609075289219618
2018-06-22 03:30:00,12.603546865284443
2018-06-22 03:45:00,12.598018441349268
2018-06-22 04:00:00,12.592490017414093
2018-06-22 04:15:00,12.58972231298685
2018-06-22 04:30:00,12.586954608559608
2018-06-22 04:45:00,12.584186904132366
2018-06-22 05:00:00,12.581419199705124
2018-06-22 05:15:00,12.578651495277882
2018-06-22 05:30:00,12.57588379085064
2018-06-22 05:45:00,12.573116086423397
2018-06-22 06:00:00,12.570348381996155
2018-06-22 06:15:00,12.567580677568913
2018-06-22 06:30:00,12.56481297314167
2018-06-22 06:45:00,12.562045268714428
2018-06-22 07:00:00,12.559277564287186
2018-06-22 07:15:00,12.556509859859943
2018-06-22 07:30:00,12.553742155432701
2018-06-22 07:45:00,12.550974451005459
2018-06-22 08:00:00,12.548206746578217
2018-06-22 08:15:00,12.548206746578217
2018-06-22 08:30:00,12.548206746578217
2018-06-22 08:45:00,12.548206746578217
2018-06-22 09:00:00,12.548206746578217
2018-06-22 09:15:00,12.548206746578217
2018-06-22 09:30:00,12.548206746578217
2018-06-22 09:45:00,12.548206746578217
2018-06-22 10:00:00,12.548206746578217
2018-06-22 10:15:00,12.548206746578217
2018-06-22 10:30:00,12.548206746578217
2018-06-22 10:45:00,12.548206746578217
2018-06-22 11:00:00,12.548206746578217
2018-06-22 11:15:00,12.548206746578217
2018-06-22 11:30:00,12.548206746578217
2018-06-22 11:45:00,12.548206746578217
2018-06-22 12:00:00,12.548206746578217
2018-06-22 12:15:00,12.556502874940634
2018-06-22 12:30:00,12.564799003303051
2018-06-22 12:45:00,12.573095131665468
2018-06-22 13:00:00,12.581391260027885
2018-06-22 13:15:00,12.589687388390303
2018-06-22 13:30:00,12.59798351675272
2018-06-22 13:45:00,12.606279645115137
2018-06-22 14:00:00,12.614575773477554
2018-06-22 14:15:00,12.622871901839972
2018-06-22 14:30:00,12.631168030202389
2018-06-22 14:45:00,12.639464158564806
2018-06-22 15:00:00,12.647760286927223
2018-06-22 15:15:00,12.65605641528964
2018-06-22 15:30:00,12.664352543652058
2018-06-22 15:45:00,12.672648672014475
2018-06-22 16:00:00,12.680944800376892
2018-06-22 16:15:00,12.683705613017082
2018-06-22 16:30:00,12.686466425657272
2018-06-22 16:45:00,12.689227238297462
2018-06-22 17:00:00,12.691988050937653
2018-06-22 17:15:00,12.694748863577843
2018-06-22 17:30:00,12.697509676218033
2018-06-22 17:45:00,12.700270488858223
2018-06-22 18:00:00,12.703031301498413
2018-06-22 18:15:00,12.705792114138603
2018-06-22 18:30:00,12.708552926778793
2018-06-22 18:45:00,12.711313739418983
2018-06-22 19:00:00,12.714074552059174
2018-06-22 19:15:00,12.716835364699364
2018-06-22 19:30:00,12.719596177339554
2018-06-22 19:45:00,12.722356989979744
2018-06-22 20:00:00,12.725117802619934
2018-06-22 20:15:00,12.719593942165375
2018-06-22 20:30:00,12.714070081710815
2018-06-22 20:45:00,12.708546221256256
2018-06-22 21:00:00,12.703022360801697
2018-06-22 21:15:00,12.697498500347137
2018-06-22 21:30:00,12.691974639892578
2018-06-22 21:45:00,12.686450779438019
2018-06-22 22:00:00,12.68092691898346
2018-06-22 22:15:00,12.6754030585289
2018-06-22 22:30:00,12.66987919807434
2018-06-22 22:45:00,12.664355337619781
2018-06-22 23:00:00,12.658831477165222
2018-06-22 23:15:00,12.653307616710663
2018-06-22 23:30:00,12.647783756256104
2018-06-22 23:45:00,12.642259895801544
2018-06-23 00:00:00,12.636736035346985
2018-06-23 00:15:00,12.631202954798937
2018-06-23 00:30:00,12.625669874250889
2018-06-23 00:45:00,12.62013679370284
2018-06-23 01:00:00,12.614603713154793
2018-06-23 01:15:00,12.609070632606745
2018-06-23 01:30:00,12.603537552058697
2018-06-23 01:45:00,12.598004471510649
2018-06-23 02:00:00,12.5924713909626
2018-06-23 02:15:00,12.586938310414553
2018-06-23 02:30:00,12.581405229866505
2018-06-23 02:45:00,12.575872149318457
2018-06-23 03:00:00,12.570339068770409
2018-06-23 03:15:00,12.56480598822236
2018-06-23 03:30:00,12.559272907674313
2018-06-23 03:45:00,12.553739827126265
2018-06-23 04:00:00,12.548206746578217
2018-06-23 04:15:00,12.548206746578217
2018-06-23 04:30:00,12.548206746578217
2018-06-23 04:45:00,12.548206746578217
2018-06-23 05:00:00,12.548206746578217
2018-06-23 05:15:00,12.548206746578217
2018-06-23 05:30:00,12.548206746578217
2018-06-23 05:45:00,12.548206746578217
2018-06-23 06:00:00,12.548206746578217
2018-06-23 06:15:00,12.548206746578217
2018-06-23 06:30:00,12.548206746578217
2018-06-23 06:45:00,12.548206746578217
2018-06-23 07:00:00,12.548206746578217
2018-06-23 07:15:00,12.548206746578217
2018-06-23 07:30:00,12.548206746578217
2018-06-23 07:45:00,12.548206746578217
2018-06-23 08:00:00,12.548206746578217
2018-06-23 08:15:00,12.548206746578217
2018-06-23 08:30:00,12.548206746578217
2018-06-23 08:45:00,12.548206746578217
2018-06-23 09:00:00,12.548206746578217
2018-06-23 09:15:00,12.548206746578217
2018-06-23 09:30:00,12.548206746578217
2018-06-23 09:45:00,12.548206746578217
2018-06-23 10:00:00,12.548206746578217
2018-06-23 10:15:00,12.548206746578217
2018-06-23 10:30:00,12.548206746578217
2018-06-23 10:45:00,12.548206746578217
2018-06-23 11:00:00,12.548206746578217
2018-06-23 11:15:00,12.548206746578217
2018-06-23 11:30:00,12.548206746578217
2018-06-23 11:45:00,12.548206746578217
2018-06-23 12:00:00,12.548206746578217
2018-06-23 12:15:00,12.553739827126265
2018-06-23 12:30:00,12.559272907674313
2018-06-23 12:45:00,12.56480598822236
2018-06-23 13:00:00,12.570339068770409
2018-06-23 13:15:00,12.575872149318457
2018-06-23 13:30:00,12.581405229866505
2018-06-23 13:45:00,12.586938310414553
2018-06-23 14:00:00,12.5924713909626
2018-06-23 14:15:00,12.598004471510649
2018-06-23 14:30:00,12.603537552058697
2018-06-23 14:45:00,12.609070632606745
2018-06-23 15:00:00,12.614603713154793
2018-06-23 15:15:00,12.62013679370284
2018-06-23 15:30:00,12.625669874250889
2018-06-23 15:45:00,12.631202954798937
2018-06-23 16:00:00,12.636736035346985
2018-06-23 16:15:00,12.639499083161354
2018-06-23 16:30:00,12.642262130975723
2018-06-23 16:45:00,12.645025178790092
2018-06-23 17:00:00,12.647788226604462
2018-06-23 17:15:00,12.65055127441883
2018-06-23 17:30:00,12.6533143222332
2018-06-23 17:45:00,12.65607737004757
2018-06-23 18:00:00,12.658840417861938
2018-06-23 18:15:00,12.661603465676308
2018-06-23 18:30:00,12.664366513490677
2018-06-23 18:45:00,12.667129561305046
2018-06-23 19:00:00,12.669892609119415
2018-06-23 19:15:00,12.672655656933784
2018-06-23 19:30:00,12.675418704748154
2018-06-23 19:45:00,12.678181752562523
2018-06-23 20:00:00,12.680944800376892
2018-06-23 20:15:00,12.675416376441717
2018-06-23 20:30:00,12.669887952506542
2018-06-23 20:45:00,12.664359528571367
2018-06-23 21:00:00,12.658831104636192
2018-06-23 21:15:00,12.653302680701017
2018-06-23 21:30:00,12.647774256765842
2018-06-23 21:45:00,12.642245832830667
2018-06-23 22:00:00,12.636717408895493
2018-06-23 22:15:00,12.631188984960318
2018-06-23 22:30:00,12.625660561025143
2018-06-23 22:45:00,12.620132137089968
2018-06-23 23:00:00,12.614603713154793
2018-06-23 23:15:00,12.609075289219618
2018-06-23 23:30:00,12.603546865284443
2018-06-23 23:45:00,12.598018441349268
2018-06-24 00:00:00,12.592490017414093
2018-06-24 00:15:00,12.58972231298685
2018-06-24 00:30:00,12.586954608559608
2018-06-24 00:45:00,12.584186904132366
2018-06-24 01:00:00,12.581419199705124
2018-06-24 01:15:00,12.578651495277882
2018-06-24 01:30:00,12.57588379085064
2018-06-24 01:45:00,12.573116086423397
2018-06-24 02:00:00,12.570348381996155
2018-06-24 02:15:00,12.567580677568913
2018-06-24 02:30:00,12.56481297314167
2018-06-24 02:45:00,12.562045268714428
2018-06-24 03:00:00,12.559277564287186
2018-06-24 03:15:00,12.556509859859943
2018-06-24 03:30:00,12.553742155432701
2018-06-24 03:45:00,12.550974451005459
2018-06-24 04:00:00,12.548206746578217
2018-06-24 04:15:00,12.545436806976795
2018-06-24 04:30:00,12.542666867375374
2018-06-24 04:45:00,12.539896927773952
2018-06-24 05:00:00,12.537126988172531
2018-06-24 05:15:00,12.53435704857111
2018-06-24 05:30:00,12.531587108969688
2018-06-24 05:45:00,12.528817169368267
2018-06-24 06:00:00,12.526047229766846
2018-06-24 06:15:00,12.523277290165424
2018-06-24 06:30:00,12.520507350564003
2018-06-24 06:45:00,12.517737410962582
2018-06-24 07:00:00,12.51496747136116
2018-06-24 07:15:00,12.512197531759739
2018-06-24 07:30:00,12.509427592158318
2018-06-24 07:45:00,12.506657652556896
2018-06-24 08:00:00,12.503887712955475
2018-06-24 08:15:00,12.506657652556896
2018-06-24 08:30:00,12.509427592158318
2018-06-24 08:45:00,12.512197531759739
2018-06-24 09:00:00,12.51496747136116
2018-06-24 09:15:00,12.517737410962582
2018-06-24 09:30:00,12.520507350564003
2018-06-24 09:45:00,12.523277290165424
2018-06-24 10:00:00,12.526047229766846
2018-06-24 10:15:00,12.528817169368267
2018-06-24 10:30:00,12.531587108969688
2018-06-24 10:45:00,12.53435704857111
2018-06-24 11:00:00,12.537126988172531
2018-06-24 11:15:00,12.539896927773952
2018-06-24 11:30:00,12.542666867375374
2018-06-24 11:45:00,12.545436806976795
2018-06-24 12:00:00,12.548206746578217
2018-06-24 12:15:00,12.550974451005459
2018-06-24 12:30:00,12.553742155432701
2018-06-24 12:45:00,12.556509859859943
2018-06-24 13:00:00,12.559277564287186
2018-06-24 13:15:00,12.562045268714428
2018-06-24 13:30:00,12.56481297314167
2018-06-24 13:45:00,12.567580677568913
2018-06-24 14:00:00,12.570348381996155
2018-06-24 14:15:00,12.573116086423397
2018-06-24 14:30:00,12.57588379085064
2018-06-24 14:45:00,12.578651495277882
2018-06-24 15:00:00,12.581419199705124
2018-06-24 15:15:00,12.584186904132366
2018-06-24 15:30:00,12.586954608559608
2018-06-24 15:45:00,12.58972231298685
2018-06-24 16:00:00,12.592490017414093
2018-06-24 16:15:00,12.595255393534899
2018-06-24 16:30:00,12.598020769655704
2018-06-24 16:45:00,12.60078614577651
2018-06-24 17:00:00,12.603551521897316
2018-06-24 17:15:00,12.606316898018122
2018-06-24 17:30:00,12.609082274138927
2018-06-24 17:45:00,12.611847650259733
2018-06-24 18:00:00,12.614613026380539
2018-06-24 18:15:00,12.617378402501345
2018-06-24 18:30:00,12.62014377862215
2018-06-24 18:45:00,12.622909154742956
2018-06-24 19:00:00,12.625674530863762
2018-06-24 19:15:00,12.628439906984568
2018-06-24 19:30:00,12.631205283105373
2018-06-24 19:45:00,12.63397065922618
2018-06-24 20:00:00,12.636736035346985
2018-06-24 20:15:00,12.63397065922618
2018-06-24 20:30:00,12.631205283105373
2018-06-24 20:45:00,12.628439906984568
2018-06-24 21:00:00,12.625674530863762
2018-06-24 21:15:00,12.622909154742956
2018-06-24 21:30:00,12.62014377862215
2018-06-24 21:45:00,12.617378402501345
2018-06-24 22:00:00,12.614613026380539
2018-06-24 22:15:00,12.611847650259733
2018-06-24 22:30:00,12.609082274138927
2018-06-24 22:45:00,12.606316898018122
2018-06-24 23:00:00,12.603551521897316
2018-06-24 23:15:00,12.60078614577651
2018-06-24 23:30:00,12.598020769655704
2018-06-24 23:45:00,12.595255393534899
2018-06-25 00:00:00,12.592490017414093
2018-06-25 00:15:00,12.58972231298685
2018-06-25 00:30:00,12.586954608559608
2018-06-25 00:45:00,12.584186904132366
2018-06-25 01:00:00,12.581419199705124
2018-06-25 01:15:00,12.578651495277882
2018-06-25 01:30:00,12.57588379085064
2018-06-25 01:45:00,12.573116086423397
2018-06-25 02:00:00,12.570348381996155
2018-06-25 02:15:00,12.567580677568913
2018-06-25 02:30:00,12.56481297314167
2018-06-25 02:45:00,12.562045268714428
2018-06-25 03:00:00,12.559277564287186
2018-06-25 03:15:00,12.556509859859943
2018-06-25 03:30:00,12.553742155432701
2018-06-25 03:45:00,12.550974451005459
2018-06-25 04:00:00,12.548206746578217
2018-06-25 04:15:00,12.548206746578217
2018-06-25 04:30:00,12.548206746578217
2018-06-25 04:45:00,12.548206746578217
2018-06-25 05:00:00,12.548206746578217
2018-06-25 05:15:00,12.548206746578217
2018-06-25 05:30:00,12.548206746578217
2018-06-25 05:45:00,12.548206746578217
2018-06-25 06:00:00,12.548206746578217
2018-06-25 06:15:00,12.548206746578217
2018-06-25 06:30:00,12.548206746578217
2018-06-25 06:45:00,12.548206746578217
2018-06-25 07:00:00,12.548206746578217
2018-06-25 07:15:00,12.548206746578217
2018-06-25 07:30:00,12.548206746578217
2018-06-25 07:45:00,12.548206746578217
2018-06-25 08:00:00,12.548206746578217
2018-06-25 08:15:00,12.550974451005459
2018-06-25 08:30:00,12.553742155432701
2018-06-25 08:45:00,12.556509859859943
2018-06-25 09:00:00,12.559277564287186
2018-06-25 09:15:00,12.562045268714428
2018-06-25 09:30:00,12.56481297314167
2018-06-25 09:45:00,12.567580677568913
2018-06-25 10:00:00,12.570348381996155
2018-06-25 10:15:00,12.573116086423397
2018-06-25 10:30:00,12.57588379085064
2018-06-25 10:45:00,12.578651495277882
2018-06-25 11:00:00,12.581419199705124
2018-06-25 11:15:00,12.584186904132366
2018-06-25 11:30:00,12.586954608559608
2018-06-25 11:45:00,12.58972231298685
2018-06-25 12:00:00,12.592490017414093
2018-06-25 12:15:00,12.603537738323212
2018-06-25 12:30:00,12.61458545923233
2018-06-25 12:45:00,12.625633180141449
2018-06-25 13:00:00,12.636680901050568
2018-06-25 13:15:00,12.647728621959686
2018-06-25 13:30:00,12.658776342868805
2018-06-25 13:45:00,12.669824063777924
2018-06-25 14:00:00,12.680871784687042
2018-06-25 14:15:00,12.691919505596161
2018-06-25 14:30:00,12.70296722650528
2018-06-25 14:45:00,12.714014947414398
2018-06-25 15:00:00,12.725062668323517
2018-06-25 15:15:00,12.736110389232635
2018-06-25 15:30:00,12.747158110141754
2018-06-25 15:45:00,12.758205831050873
2018-06-25 16:00:00,12.769253551959991
2018-06-25 16:15:00,12.774763535708189
2018-06-25 16:30:00,12.780273519456387
2018-06-25 16:45:00,12.785783503204584
2018-06-25 17:00:00,12.791293486952782
2018-06-25 17:15:00,12.79680347070098
2018-06-25 17:30:00,12.802313454449177
2018-06-25 17:45:00,12.807823438197374
2018-06-25 18:00:00,12.813333421945572
2018-06-25 18:15:00,12.81884340569377
2018-06-25 18:30:00,12.824353389441967
2018-06-25 18:45:00,12.829863373190165
2018-06-25 19:00:00,12.835373356938362
2018-06-25 19:15:00,12.84088334068656
2018-06-25 19:30:00,12.846393324434757
2018-06-25 19:45:00,12.851903308182955
2018-06-25 20:00:00,12.857413291931152
2018-06-25 20:15:00,12.854659464210272
2018-06-25 20:30:00,12.851905636489391
2018-06-25 20:45:00,12.84915180876851
2018-06-25 21:00:00,12.84639798104763
2018-06-25 21:15:00,12.84364415332675
2018-06-25 21:30:00,12.84089032560587
2018-06-25 21:45:00,12.838136497884989
2018-06-25 22:00:00,12.835382670164108
2018-06-25 22:15:00,12.832628842443228
2018-06-25 22:30:00,12.829875014722347
2018-06-25 22:45:00,12.827121187001467
2018-06-25 23:00:00,12.824367359280586
2018-06-25 23:15:00,12.821613531559706
2018-06-25 23:30:00,12.818859703838825
2018-06-25 23:45:00,12.816105876117945
2018-06-26 00:00:00,12.813352048397064
2018-06-26 00:15:00,12.810595892369747
2018-06-26 00:30:00,12.80783973634243
2018-06-26 00:45:00,12.805083580315113
2018-06-26 01:00:00,12.802327424287796
2018-06-26 01:15:00,12.799571268260479
2018-06-26 01:30:00,12.796815112233162
2018-06-26 01:45:00,12.794058956205845
2018-06-26 02:00:00,12.791302800178528
2018-06-26 02:15:00,12.78854664415121
2018-06-26 02:30:00,12.785790488123894
2018-06-26 02:45:00,12.783034332096577
2018-06-26 03:00:00,12.78027817606926
2018-06-26 03:15:00,12.777522020041943
2018-06-26 03:30:00,12.774765864014626
2018-06-26 03:45:00,12.772009707987309
2018-06-26 04:00:00,12.769253551959991
2018-06-26 04:15:00,12.769253551959991
2018-06-26 04:30:00,12.769253551959991
2018-06-26 04:45:00,12.769253551959991
2018-06-26 05:00:00,12.769253551959991
2018-06-26 05:15:00,12.769253551959991
2018-06-26 05:30:00,12.769253551959991
2018-06-26 05:45:00,12.769253551959991
2018-06-26 06:00:00,12.769253551959991
2018-06-26 06:15:00,12.769253551959991
2018-06-26 06:30:00,12.769253551959991
2018-06-26 06:45:00,12.769253551959991
2018-06-26 07:00:00,12.769253551959991
2018-06-26 07:15:00,12.769253551959991
2018-06-26 07:30:00,12.769253551959991
2018-06-26 07:45:00,12.769253551959991
2018-06-26 08:00:00,12.769253551959991
2018-06-26 08:15:00,12.772009707987309
2018-06-26 08:30:00,12.774765864014626
2018-06-26 08:45:00,12.777522020041943
2018-06-26 09:00:00,12.78027817606926
2018-06-26 09:15:00,12.783034332096577
2018-06-26 09:30:00,12.785790488123894
2018-06-26 09:45:00,12.78854664415121
2018-06-26 10:00:00,12.791302800178528
2018-06-26 10:15:00,12.794058956205845
2018-06-26 10:30:00,12.796815112233162
2018-06-26 10:45:00,12.799571268260479
2018-06-26 11:00:00,12.802327424287796
2018-06-26 11:15:00,12.805083580315113
2018-06-26 11:30:00,12.80783973634243
2018-06-26 11:45:00,12.810595892369747
2018-06-26 12:00:00,12.813352048397064
2018-06-26 12:15:00,12.824353855103254
2018-06-26 12:30:00,12.835355661809444
2018-06-26 12:45:00,12.846357468515635
2018-06-26 13:00:00,12.857359275221825
2018-06-26 13:15:00,12.868361081928015
2018-06-26 13:30:00,12.879362888634205
2018-06-26 13:45:00,12.890364695340395
2018-06-26 14:00:00,12.901366502046585
2018-06-26 14:15:00,12.912368308752775
2018-06-26 14:30:00,12.923370115458965
2018-06-26 14:45:00,12.934371922165155
2018-06-26 15:00:00,12.945373728871346
2018-06-26 15:15:00,12.956375535577536
2018-06-26 15:30:00,12.967377342283726
2018-06-26 15:45:00,12.978379148989916
2018-06-26 16:00:00,12.989380955696106
2018-06-26 16:15:00,13.262826669961214
2018-06-26 16:30:00,13.536272384226322
2018-06-26 16:45:00,13.80971809849143
2018-06-26 17:00:00,14.083163812756538
2018-06-26 17:15:00,14.356609527021646
2018-06-26 17:30:00,14.630055241286755
2018-06-26 17:45:00,14.903500955551863
2018-06-26 18:00:00,15.17694666981697
2018-06-26 18:15:00,15.450392384082079
2018-06-26 18:30:00,15.723838098347187
2018-06-26 18:45:00,15.997283812612295
2018-06-26 19:00:00,16.270729526877403
2018-06-26 19:15:00,16.54417524114251
2018-06-26 19:30:00,16.81762095540762
2018-06-26 19:45:00,17.091066669672728
2018-06-26 20:00:00,17.364512383937836
2018-06-26 20:15:00,17.62613942846656
2018-06-26 20:30:00,17.88776647299528
2018-06-26 20:45:00,18.149393517524004
2018-06-26 21:00:00,18.411020562052727
2018-06-26 21:15:00,18.67264760658145
2018-06-26 21:30:00,18.934274651110172
2018-06-26 21:45:00,19.195901695638895
2018-06-26 22:00:00,19.457528740167618
2018-06-26 22:15:00,19.71915578469634
2018-06-26 22:30:00,19.980782829225063
2018-06-26 22:45:00,20.242409873753786
2018-06-26 23:00:00,20.50403691828251
2018-06-26 23:15:00,20.76566396281123
2018-06-26 23:30:00,21.027291007339954
2018-06-26 23:45:00,21.288918051868677
2018-06-27 00:00:00,21.5505450963974
2018-06-27 00:15:00,21.527563966810703
2018-06-27 00:30:00,21.504582837224007
2018-06-27 00:45:00,21.48160170763731
2018-06-27 01:00:00,21.458620578050613
2018-06-27 01:15:00,21.435639448463917
2018-06-27 01:30:00,21.41265831887722
2018-06-27 01:45:00,21.389677189290524
2018-06-27 02:00:00,21.366696059703827
2018-06-27 02:15:00,21.34371493011713
2018-06-27 02:30:00,21.320733800530434
2018-06-27 02:45:00,21.297752670943737
2018-06-27 03:00:00,21.27477154135704
2018-06-27 03:15:00,21.251790411770344
2018-06-27 03:30:00,21.228809282183647
2018-06-27 03:45:00,21.20582815259695
2018-06-27 04:00:00,21.182847023010254
2018-06-27 04:15:00,21.166639775037766
2018-06-27 04:30:00,21.150432527065277
2018-06-27 04:45:00,21.13422527909279
2018-06-27 05:00:00,21.1180180311203
2018-06-27 05:15:00,21.101810783147812
2018-06-27 05:30:00,21.085603535175323
2018-06-27 05:45:00,21.069396287202835
2018-06-27 06:00:00,21.053189039230347
2018-06-27 06:15:00,21.03698179125786
2018-06-27 06:30:00,21.02077454328537
2018-06-27 06:45:00,21.00456729531288
2018-06-27 07:00:00,20.988360047340393
2018-06-27 07:15:00,20.972152799367905
2018-06-27 07:30:00,20.955945551395416
2018-06-27 07:45:00,20.939738303422928
2018-06-27 08:00:00,20.92353105545044
2018-06-27 08:15:00,20.914225094020367
2018-06-27 08:30:00,20.904919132590294
2018-06-27 08:45:00,20.89561317116022
2018-06-27 09:00:00,20.88630720973015
2018-06-27 09:15:00,20.877001248300076
2018-06-27 09:30:00,20.867695286870003
2018-06-27 09:45:00,20.85838932543993
2018-06-27 10:00:00,20.849083364009857
2018-06-27 10:15:00,20.839777402579784
2018-06-27 10:30:00,20.83047144114971
2018-06-27 10:45:00,20.82116547971964
2018-06-27 11:00:00,20.811859518289566
2018-06-27 11:15:00,20.802553556859493
2018-06-27 11:30:00,20.79324759542942
2018-06-27 11:45:00,20.783941633999348
2018-06-27 12:00:00,20.774635672569275
2018-06-27 12:15:00,20.760615449398756
2018-06-27 12:30:00,20.746595226228237
2018-06-27 12:45:00,20.73257500305772
2018-06-27 13:00:00,20.7185547798872
2018-06-27 13:15:00,20.70453455671668
2018-06-27 13:30:00,20.69051433354616
2018-06-27 13:45:00,20.676494110375643
2018-06-27 14:00:00,20.662473887205124
2018-06-27 14:15:00,20.648453664034605
2018-06-27 14:30:00,20.634433440864086
2018-06-27 14:45:00,20.620413217693567
2018-06-27 15:00:00,20.60639299452305
2018-06-27 15:15:00,20.59237277135253
2018-06-27 15:30:00,20.57835254818201
2018-06-27 15:45:00,20.56433232501149
2018-06-27 16:00:00,20.550312101840973
2018-06-27 16:15:00,20.52914360538125
2018-06-27 16:30:00,20.507975108921528
2018-06-27 16:45:00,20.486806612461805
2018-06-27 17:00:00,20.465638116002083
2018-06-27 17:15:00,20.44446961954236
2018-06-27 17:30:00,20.423301123082638
2018-06-27 17:45:00,20.402132626622915
2018-06-27 18:00:00,20.380964130163193
2018-06-27 18:15:00,20.35979563370347
2018-06-27 18:30:00,20.338627137243748
2018-06-27 18:45:00,20.317458640784025
2018-06-27 19:00:00,20.296290144324303
2018-06-27 19:15:00,20.27512164786458
2018-06-27 19:30:00,20.253953151404858
2018-06-27 19:45:00,20.232784654945135
2018-06-27 20:00:00,20.211616158485413
2018-06-27 20:15:00,20.195036474615335
2018-06-27 20:30:00,20.17845679074526
2018-06-27 20:45:00,20.16187710687518
2018-06-27 21:00:00,20.145297423005104
2018-06-27 21:15:00,20.128717739135027
2018-06-27 21:30:00,20.11213805526495
2018-06-27 21:45:00,20.095558371394873
2018-06-27 22:00:00,20.078978687524796
2018-06-27 22:15:00,20.06239900365472
2018-06-27 22:30:00,20.04581931978464
2018-06-27 22:45:00,20.029239635914564
2018-06-27 23:00:00,20.012659952044487
2018-06-27 23:15:00,19.99608026817441
2018-06-27 23:30:00,19.979500584304333
2018-06-27 23:45:00,19.962920900434256
2018-06-28 00:00:00,19.94634121656418
2018-06-28 00:15:00,19.93204951286316
2018-06-28 00:30:00,19.91775780916214
2018-06-28 00:45:00,19.90346610546112
2018-06-28 01:00:00,19.8891744017601
2018-06-28 01:15:00,19.874882698059082
2018-06-28 01:30:00,19.860590994358063
2018-06-28 01:45:00,19.846299290657043
2018-06-28 02:00:00,19.832007586956024
2018-06-28 02:15:00,19.817715883255005
2018-06-28 02:30:00,19.803424179553986
2018-06-28 02:45:00,19.789132475852966
2018-06-28 03:00:00,19.774840772151947
2018-06-28 03:15:00,19.760549068450928
2018-06-28 03:30:00,19.74625736474991
2018-06-28 03:45:00,19.73196566104889
2018-06-28 04:00:00,19.71767395734787
2018-06-28 04:15:00,19.708104617893696
2018-06-28 04:30:00,19.698535278439522
2018-06-28 04:45:00,19.688965938985348
2018-06-28 05:00:00,19.679396599531174
2018-06-28 05:15:00,19.669827260077
2018-06-28 05:30:00,19.660257920622826
2018-06-28 05:45:00,19.65068858116865
2018-06-28 06:00:00,19.641119241714478
2018-06-28 06:15:00,19.631549902260303
2018-06-28 06:30:00,19.62198056280613
2018-06-28 06:45:00,19.612411223351955
2018-06-28 07:00:00,19.60284188389778
2018-06-28 07:15:00,19.593272544443607
2018-06-28 07:30:00,19.583703204989433
2018-06-28 07:45:00,19.57413386553526
2018-06-28 08:00:00,19.564564526081085
2018-06-28 08:15:00,19.554961938410997
2018-06-28 08:30:00,19.54535935074091
2018-06-28 08:45:00,19.53575676307082
2018-06-28 09:00:00,19.526154175400734
2018-06-28 09:15:00,19.516551587730646
2018-06-28 09:30:00,19.50694900006056
2018-06-28 09:45:00,19.49734641239047
2018-06-28 10:00:00,19.487743824720383
2018-06-28 10:15:00,19.478141237050295
2018-06-28 10:30:00,19.468538649380207
2018-06-28 10:45:00,19.45893606171012
2018-06-28 11:00:00,19.44933347404003
2018-06-28 11:15:00,19.439730886369944
2018-06-28 11:30:00,19.430128298699856
2018-06-28 11:45:00,19.420525711029768
2018-06-28 12:00:00,19.41092312335968
2018-06-28 12:15:00,19.398872926831245
2018-06-28 12:30:00,19.38682273030281
2018-06-28 12:45:00,19.374772533774376
2018-06-28 13:00:00,19.36272233724594
2018-06-28 13:15:00,19.350672140717506
2018-06-28 13:30:00,19.33862194418907
2018-06-28 13:45:00,19.326571747660637
2018-06-28 14:00:00,19.314521551132202
2018-06-28 14:15:00,19.302471354603767
2018-06-28 14:30:00,19.290421158075333
2018-06-28 14:45:00,19.278370961546898
2018-06-28 15:00:00,19.266320765018463
2018-06-28 15:15:00,19.25427056849003
2018-06-28 15:30:00,19.242220371961594
2018-06-28 15:45:00,19.23017017543316
2018-06-28 16:00:00,19.218119978904724
2018-06-28 16:15:00,19.198730774223804
2018-06-28 16:30:00,19.179341569542885
2018-06-28 16:45:00,19.159952364861965
2018-06-28 17:00:00,19.140563160181046
2018-06-28 17:15:00,19.121173955500126
2018-06-28 17:30:00,19.101784750819206
2018-06-28 17:45:00,19.082395546138287
2018-06-28 18:00:00,19.063006341457367
2018-06-28 18:15:00,19.043617136776447
2018-06-28 18:30:00,19.024227932095528
2018-06-28 18:45:00,19.004838727414608
2018-06-28 19:00:00,18.98544952273369
2018-06-28 19:15:00,18.96606031805277
2018-06-28 19:30:00,18.94667111337185
2018-06-28 19:45:00,18.92728190869093
2018-06-28 20:00:00,18.90789270401001
2018-06-28 20:15:00,18.890816811472178
2018-06-28 20:30:00,18.873740918934345
2018-06-28 20:45:00,18.856665026396513
2018-06-28 21:00:00,18.83958913385868
2018-06-28 21:15:00,18.82251324132085
2018-06-28 21:30:00,18.805437348783016
2018-06-28 21:45:00,18.788361456245184
2018-06-28 22:00:00,18.77128556370735
2018-06-28 22:15:00,18.75420967116952
2018-06-28 22:30:00,18.737133778631687
2018-06-28 22:45:00,18.720057886093855
2018-06-28 23:00:00,18.702981993556023
2018-06-28 23:15:00,18.68590610101819
2018-06-28 23:30:00,18.668830208480358
2018-06-28 23:45:00,18.651754315942526
2018-06-29 00:00:00,18.634678423404694
2018-06-29 00:15:00,18.619959615170956
2018-06-29 00:30:00,18.605240806937218
2018-06-29 00:45:00,18.59052199870348
2018-06-29 01:00:00,18.575803190469742
2018-06-29 01:15:00,18.561084382236004
2018-06-29 01:30:00,18.546365574002266
2018-06-29 01:45:00,18.531646765768528
2018-06-29 02:00:00,18.51692795753479
2018-06-29 02:15:00,18.502209149301052
2018-06-29 02:30:00,18.487490341067314
2018-06-29 02:45:00,18.472771532833576
2018-06-29 03:00:00,18.45805272459984
2018-06-29 03:15:00,18.4433339163661
2018-06-29 03:30:00,18.428615108132362
2018-06-29 03:45:00,18.413896299898624
2018-06-29 04:00:00,18.399177491664886
2018-06-29 04:15:00,18.389322608709335
2018-06-29 04:30:00,18.379467725753784
2018-06-29 04:45:00,18.369612842798233
2018-06-29 05:00:00,18.359757959842682
2018-06-29 05:15:00,18.34990307688713
2018-06-29 05:30:00,18.34004819393158
2018-06-29 05:45:00,18.33019331097603
2018-06-29 06:00:00,18.320338428020477
2018-06-29 06:15:00,18.310483545064926
2018-06-29 06:30:00,18.300628662109375
2018-06-29 06:45:00,18.290773779153824
2018-06-29 07:00:00,18.280918896198273
2018-06-29 07:15:00,18.27106401324272
2018-06-29 07:30:00,18.26120913028717
2018-06-29 07:45:00,18.25135424733162
2018-06-29 08:00:00,18.241499364376068
2018-06-29 08:15:00,18.234085850417614
2018-06-29 08:30:00,18.22667233645916
2018-06-29 08:45:00,18.219258822500706
2018-06-29 09:00:00,18.21184530854225
2018-06-29 09:15:00,18.204431794583797
2018-06-29 09:30:00,18.197018280625343
2018-06-29 09:45:00,18.18960476666689
2018-06-29 10:00:00,18.182191252708435
2018-06-29 10:15:00,18.17477773874998
2018-06-29 10:30:00,18.167364224791527
2018-06-29 10:45:00,18.159950710833073
2018-06-29 11:00:00,18.15253719687462
2018-06-29 11:15:00,18.145123682916164
2018-06-29 11:30:00,18.13771016895771
2018-06-29 11:45:00,18.130296654999256
2018-06-29 12:00:00,18.122883141040802
2018-06-29 12:15:00,18.105510529130697
2018-06-29 12:30:00,18.088137917220592
2018-06-29 12:45:00,18.070765305310488
2018-06-29 13:00:00,18.053392693400383
2018-06-29 13:15:00,18.03602008149028
2018-06-29 13:30:00,18.018647469580173
2018-06-29 13:45:00,18.00127485767007
2018-06-29 14:00:00,17.983902245759964
2018-06-29 14:15:00,17.96652963384986
2018-06-29 14:30:00,17.949157021939754
2018-06-29 14:45:00,17.93178441002965
2018-06-29 15:00:00,17.914411798119545
2018-06-29 15:15:00,17.89703918620944
2018-06-29 15:30:00,17.879666574299335
2018-06-29 15:45:00,17.86229396238923
2018-06-29 16:00:00,17.844921350479126
2018-06-29 16:15:00,17.824938613921404
2018-06-29 16:30:00,17.804955877363682
2018-06-29 16:45:00,17.78497314080596
2018-06-29 17:00:00,17.764990404248238
2018-06-29 17:15:00,17.745007667690516
2018-06-29 17:30:00,17.725024931132793
2018-06-29 17:45:00,17.70504219457507
2018-06-29 18:00:00,17.68505945801735
2018-06-29 18:15:00,17.665076721459627
2018-06-29 18:30:00,17.645093984901905
2018-06-29 18:45:00,17.625111248344183
2018-06-29 19:00:00,17.60512851178646
2018-06-29 19:15:00,17.58514577522874
2018-06-29 19:30:00,17.565163038671017
2018-06-29 19:45:00,17.545180302113295
2018-06-29 20:00:00,17.525197565555573
2018-06-29 20:15:00,17.50759994611144
2018-06-29 20:30:00,17.49000232666731
2018-06-29 20:45:00,17.472404707223177
2018-06-29 21:00:00,17.454807087779045
2018-06-29 21:15:00,17.437209468334913
2018-06-29 21:30:00,17.41961184889078
2018-06-29 21:45:00,17.40201422944665
2018-06-29 22:00:00,17.384416610002518
2018-06-29 22:15:00,17.366818990558386
2018-06-29 22:30:00,17.349221371114254
2018-06-29 22:45:00,17.331623751670122
2018-06-29 23:00:00,17.31402613222599
2018-06-29 23:15:00,17.29642851278186
2018-06-29 23:30:00,17.278830893337727
2018-06-29 23:45:00,17.261233273893595
2018-06-30 00:00:00,17.243635654449463
2018-06-30 00:15:00,17.231001239269972
2018-06-30 00:30:00,17.21836682409048
2018-06-30 00:45:00,17.20573240891099
2018-06-30 01:00:00,17.1930979937315
2018-06-30 01:15:00,17.180463578552008
2018-06-30 01:30:00,17.167829163372517
2018-06-30 01:45:00,17.155194748193026
2018-06-30 02:00:00,17.142560333013535
2018-06-30 02:15:00,17.129925917834044
2018-06-30 02:30:00,17.117291502654552
2018-06-30 02:45:00,17.10465708747506
2018-06-30 03:00:00,17.09202267229557
2018-06-30 03:15:00,17.07938825711608
2018-06-30 03:30:00,17.06675384193659
2018-06-30 03:45:00,17.054119426757097
2018-06-30 04:00:00,17.041485011577606
2018-06-30 04:15:00,17.0313386246562
2018-06-30 04:30:00,17.021192237734795
2018-06-30 04:45:00,17.01104585081339
2018-06-30 05:00:00,17.000899463891983
2018-06-30 05:15:00,16.990753076970577
2018-06-30 05:30:00,16.98060669004917
2018-06-30 05:45:00,16.970460303127766
2018-06-30 06:00:00,16.96031391620636
2018-06-30 06:15:00,16.950167529284954
2018-06-30 06:30:00,16.94002114236355
2018-06-30 06:45:00,16.929874755442142
2018-06-30 07:00:00,16.919728368520737
2018-06-30 07:15:00,16.90958198159933
2018-06-30 07:30:00,16.899435594677925
2018-06-30 07:45:00,16.88928920775652
2018-06-30 08:00:00,16.879142820835114
2018-06-30 08:15:00,16.866410989314318
2018-06-30 08:30:00,16.853679157793522
2018-06-30 08:45:00,16.840947326272726
2018-06-30 09:00:00,16.82821549475193
2018-06-30 09:15:00,16.815483663231134
2018-06-30 09:30:00,16.80275183171034
2018-06-30 09:45:00,16.790020000189543
2018-06-30 10:00:00,16.777288168668747
2018-06-30 10:15:00,16.76455633714795
2018-06-30 10:30:00,16.751824505627155
2018-06-30 10:45:00,16.73909267410636
2018-06-30 11:00:00,16.726360842585564
2018-06-30 11:15:00,16.713629011064768
2018-06-30 11:30:00,16.700897179543972
2018-06-30 11:45:00,16.688165348023176
2018-06-30 12:00:00,16.67543351650238
2018-06-30 12:15:00,16.654949355870485
2018-06-30 12:30:00,16.63446519523859
2018-06-30 12:45:00,16.613981034606695
2018-06-30 13:00:00,16.5934968739748
2018-06-30 13:15:00,16.573012713342905
2018-06-30 13:30:00,16.55252855271101
2018-06-30 13:45:00,16.532044392079115
2018-06-30 14:00:00,16.51156023144722
2018-06-30 14:15:00,16.491076070815325
2018-06-30 14:30:00,16.47059191018343
2018-06-30 14:45:00,16.450107749551535
2018-06-30 15:00:00,16.42962358891964
2018-06-30 15:15:00,16.409139428287745
2018-06-30 15:30:00,16.38865526765585
2018-06-30 15:45:00,16.368171107023954
2018-06-30 16:00:00,16.34768694639206
2018-06-30 16:15:00,16.321885120123625
2018-06-30 16:30:00,16.29608329385519
2018-06-30 16:45:00,16.270281467586756
2018-06-30 17:00:00,16.24447964131832
2018-06-30 17:15:00,16.218677815049887
2018-06-30 17:30:00,16.192875988781452
2018-06-30 17:45:00,16.167074162513018
2018-06-30 18:00:00,16.141272336244583
2018-06-30 18:15:00,16.11547050997615
2018-06-30 18:30:00,16.089668683707714
2018-06-30 18:45:00,16.06386685743928
2018-06-30 19:00:00,16.038065031170845
2018-06-30 19:15:00,16.01226320490241
2018-06-30 19:30:00,15.986461378633976
2018-06-30 19:45:00,15.960659552365541
2018-06-30 20:00:00,15.934857726097107
2018-06-30 20:15:00,15.914058033376932
2018-06-30 20:30:00,15.893258340656757
2018-06-30 20:45:00,15.872458647936583
2018-06-30 21:00:00,15.851658955216408
2018-06-30 21:15:00,15.830859262496233
2018-06-30 21:30:00,15.810059569776058
2018-06-30 21:45:00,15.789259877055883
2018-06-30 22:00:00,15.768460184335709
2018-06-30 22:15:00,15.747660491615534
2018-06-30 22:30:00,15.726860798895359
2018-06-30 22:45:00,15.706061106175184
2018-06-30 23:00:00,15.68526141345501
2018-06-30 23:15:00,15.664461720734835
2018-06-30 23:30:00,15.64366202801466
2018-06-30 23:45:00,15.622862335294485
2018-07-01 00:00:00,15.60206264257431
2018-07-01 00:15:00,15.58637022972107
2018-07-01 00:30:00,15.570677816867828
2018-07-01 00:45:00,15.554985404014587
2018-07-01 01:00:00,15.539292991161346
2018-07-01 01:15:00,15.523600578308105
2018-07-01 01:30:00,15.507908165454865
2018-07-01 01:45:00,15.492215752601624
2018-07-01 02:00:00,15.476523339748383
2018-07-01 02:15:00,15.460830926895142
2018-07-01 02:30:00,15.4451385140419
2018-07-01 02:45:00,15.42944610118866
2018-07-01 03:00:00,15.413753688335419
2018-07-01 03:15:00,15.398061275482178
2018-07-01 03:30:00,15.382368862628937
2018-07-01 03:45:00,15.366676449775696
2018-07-01 04:00:00,15.350984036922455
2018-07-01 04:15:00,15.33784605562687
2018-07-01 04:30:00,15.324708074331284
2018-07-01 04:45:00,15.311570093035698
2018-07-01 05:00:00,15.298432111740112
2018-07-01 05:15:00,15.285294130444527
2018-07-01 05:30:00,15.272156149148941
2018-07-01 05:45:00,15.259018167853355
2018-07-01 06:00:00,15.24588018655777
2018-07-01 06:15:00,15.232742205262184
2018-07-01 06:30:00,15.219604223966599
2018-07-01 06:45:00,15.206466242671013
2018-07-01 07:00:00,15.193328261375427
2018-07-01 07:15:00,15.180190280079842
2018-07-01 07:30:00,15.167052298784256
2018-07-01 07:45:00,15.15391431748867
2018-07-01 08:00:00,15.140776336193085
2018-07-01 08:15:00,15.127582754939795
2018-07-01 08:30:00,15.114389173686504
2018-07-01 08:45:00,15.101195592433214
2018-07-01 09:00:00,15.088002011179924
2018-07-01 09:15:00,15.074808429926634
2018-07-01 09:30:00,15.061614848673344
2018-07-01 09:45:00,15.048421267420053
2018-07-01 10:00:00,15.035227686166763
2018-07-01 10:15:00,15.022034104913473
2018-07-01 10:30:00,15.008840523660183
2018-07-01 10:45:00,14.995646942406893
2018-07-01 11:00:00,14.982453361153603
2018-07-01 11:15:00,14.969259779900312
2018-07-01 11:30:00,14.956066198647022
2018-07-01 11:45:00,14.942872617393732
2018-07-01 12:00:00,14.929679036140442
2018-07-01 12:15:00,14.92438605055213
2018-07-01 12:30:00,14.919093064963818
2018-07-01 12:45:00,14.913800079375505
2018-07-01 13:00:00,14.908507093787193
2018-07-01 13:15:00,14.903214108198881
2018-07-01 13:30:00,14.897921122610569
2018-07-01 13:45:00,14.892628137022257
2018-07-01 14:00:00,14.887335151433945
2018-07-01 14:15:00,14.882042165845633
2018-07-01 14:30:00,14.87674918025732
2018-07-01 14:45:00,14.871456194669008
2018-07-01 15:00:00,14.866163209080696
2018-07-01 15:15:00,14.860870223492384
2018-07-01 15:30:00,14.855577237904072
2018-07-01 15:45:00,14.85028425231576
2018-07-01 16:00:00,14.844991266727448
2018-07-01 16:15:00,14.839689340442419
2018-07-01 16:30:00,14.83438741415739
2018-07-01 16:45:00,14.829085487872362
2018-07-01 17:00:00,14.823783561587334
2018-07-01 17:15:00,14.818481635302305
2018-07-01 17:30:00,14.813179709017277
2018-07-01 17:45:00,14.807877782732248
2018-07-01 18:00:00,14.80257585644722
2018-07-01 18:15:00,14.797273930162191
2018-07-01 18:30:00,14.791972003877163
2018-07-01 18:45:00,14.786670077592134
2018-07-01 19:00:00,14.781368151307106
2018-07-01 19:15:00,14.776066225022078
2018-07-01 19:30:00,14.770764298737049
2018-07-01 19:45:00,14.76546237245202
2018-07-01 20:00:00,14.760160446166992
2018-07-01 20:15:00,14.75750608369708
2018-07-01 20:30:00,14.754851721227169
2018-07-01 20:45:00,14.752197358757257
2018-07-01 21:00:00,14.749542996287346
2018-07-01 21:15:00,14.746888633817434
2018-07-01 21:30:00,14.744234271347523
2018-07-01 21:45:00,14.741579908877611
2018-07-01 22:00:00,14.7389255464077
2018-07-01 22:15:00,14.736271183937788
2018-07-01 22:30:00,14.733616821467876
2018-07-01 22:45:00,14.730962458997965
2018-07-01 23:00:00,14.728308096528053
2018-07-01 23:15:00,14.725653734058142
2018-07-01 23:30:00,14.72299937158823
2018-07-01 23:45:00,14.720345009118319
2018-07-02 00:00:00,14.717690646648407
2018-07-02 00:15:00,14.709714334458113
2018-07-02 00:30:00,14.701738022267818
2018-07-02 00:45:00,14.693761710077524
2018-07-02 01:00:00,14.68578539788723
2018-07-02 01:15:00,14.677809085696936
2018-07-02 01:30:00,14.669832773506641
2018-07-02 01:45:00,14.661856461316347
2018-07-02 02:00:00,14.653880149126053
2018-07-02 02:15:00,14.645903836935759
2018-07-02 02:30:00,14.637927524745464
2018-07-02 02:45:00,14.62995121255517
2018-07-02 03:00:00,14.621974900364876
2018-07-02 03:15:00,14.613998588174582
2018-07-02 03:30:00,14.606022275984287
2018-07-02 03:45:00,14.598045963793993
2018-07-02 04:00:00,14.590069651603699
2018-07-02 04:15:00,14.584740810096264
2018-07-02 04:30:00,14.579411968588829
2018-07-02 04:45:00,14.574083127081394
2018-07-02 05:00:00,14.56875428557396
2018-07-02 05:15:00,14.563425444066525
2018-07-02 05:30:00,14.55809660255909
2018-07-02 05:45:00,14.552767761051655
2018-07-02 06:00:00,14.54743891954422
2018-07-02 06:15:00,14.542110078036785
2018-07-02 06:30:00,14.53678123652935
2018-07-02 06:45:00,14.531452395021915
2018-07-02 07:00:00,14.52612355351448
2018-07-02 07:15:00,14.520794712007046
2018-07-02 07:30:00,14.515465870499611
2018-07-02 07:45:00,14.510137028992176
2018-07-02 08:00:00,14.504808187484741
2018-07-02 08:15:00,14.504808187484741
2018-07-02 08:30:00,14.504808187484741
2018-07-02 08:45:00,14.504808187484741
2018-07-02 09:00:00,14.504808187484741
2018-07-02 09:15:00,14.504808187484741
2018-07-02 09:30:00,14.504808187484741
2018-07-02 09:45:00,14.504808187484741
2018-07-02 10:00:00,14.504808187484741
2018-07-02 10:15:00,14.504808187484741
2018-07-02 10:30:00,14.504808187484741
2018-07-02 10:45:00,14.504808187484741
2018-07-02 11:00:00,14.504808187484741
2018-07-02 11:15:00,14.504808187484741
2018-07-02 11:30:00,14.504808187484741
2018-07-02 11:45:00,14.504808187484741
2018-07-02 12:00:00,14.504808187484741
2018-07-02 12:15:00,14.512798003852367
2018-07-02 12:30:00,14.520787820219994
2018-07-02 12:45:00,14.52877763658762
2018-07-02 13:00:00,14.536767452955246
2018-07-02 13:15:00,14.544757269322872
2018-07-02 13:30:00,14.552747085690498
2018-07-02 13:45:00,14.560736902058125
2018-07-02 14:00:00,14.56872671842575
2018-07-02 14:15:00,14.576716534793377
2018-07-02 14:30:00,14.584706351161003
2018-07-02 14:45:00,14.59269616752863
2018-07-02 15:00:00,14.600685983896255
2018-07-02 15:15:00,14.608675800263882
2018-07-02 15:30:00,14.616665616631508
2018-07-02 15:45:00,14.624655432999134
2018-07-02 16:00:00,14.63264524936676
2018-07-02 16:15:00,14.63530408218503
2018-07-02 16:30:00,14.6379629150033
2018-07-02 16:45:00,14.64062174782157
2018-07-02 17:00:00,14.64328058063984
2018-07-02 17:15:00,14.645939413458109
2018-07-02 17:30:00,14.648598246276379
2018-07-02 17:45:00,14.651257079094648
2018-07-02 18:00:00,14.653915911912918
2018-07-02 18:15:00,14.656574744731188
2018-07-02 18:30:00,14.659233577549458
2018-07-02 18:45:00,14.661892410367727
2018-07-02 19:00:00,14.664551243185997
2018-07-02 19:15:00,14.667210076004267
2018-07-02 19:30:00,14.669868908822536
2018-07-02 19:45:00,14.672527741640806
2018-07-02 20:00:00,14.675186574459076
2018-07-02 20:15:00,14.667203463613987
2018-07-02 20:30:00,14.659220352768898
2018-07-02 20:45:00,14.651237241923809
2018-07-02 21:00:00,14.64325413107872
2018-07-02 21:15:00,14.635271020233631
2018-07-02 21:30:00,14.627287909388542
2018-07-02 21:45:00,14.619304798543453
2018-07-02 22:00:00,14.611321687698364
2018-07-02 22:15:00,14.603338576853275
2018-07-02 22:30:00,14.595355466008186
2018-07-02 22:45:00,14.587372355163097
2018-07-02 23:00:00,14.579389244318008
2018-07-02 23:15:00,14.57140613347292
2018-07-02 23:30:00,14.56342302262783
2018-07-02 23:45:00,14.555439911782742
2018-07-03 00:00:00,14.547456800937653
2018-07-03 00:15:00,14.542123582214117
2018-07-03 00:30:00,14.536790363490582
2018-07-03 00:45:00,14.531457144767046
2018-07-03 01:00:00,14.52612392604351
2018-07-03 01:15:00,14.520790707319975
2018-07-03 01:30:00,14.51545748859644
2018-07-03 01:45:00,14.510124269872904
2018-07-03 02:00:00,14.504791051149368
2018-07-03 02:15:00,14.499457832425833
2018-07-03 02:30:00,14.494124613702297
2018-07-03 02:45:00,14.488791394978762
2018-07-03 03:00:00,14.483458176255226
2018-07-03 03:15:00,14.47812495753169
2018-07-03 03:30:00,14.472791738808155
2018-07-03 03:45:00,14.46745852008462
2018-07-03 04:00:00,14.462125301361084
2018-07-03 04:15:00,14.459455292671919
2018-07-03 04:30:00,14.456785283982754
2018-07-03 04:45:00,14.454115275293589
2018-07-03 05:00:00,14.451445266604424
2018-07-03 05:15:00,14.448775257915258
2018-07-03 05:30:00,14.446105249226093
2018-07-03 05:45:00,14.443435240536928
2018-07-03 06:00:00,14.440765231847763
2018-07-03 06:15:00,14.438095223158598
2018-07-03 06:30:00,14.435425214469433
2018-07-03 06:45:00,14.432755205780268
2018-07-03 07:00:00,14.430085197091103
2018-07-03 07:15:00,14.427415188401937
2018-07-03 07:30:00,14.424745179712772
2018-07-03 07:45:00,14.422075171023607
2018-07-03 08:00:00,14.419405162334442
2018-07-03 08:15:00,14.419405162334442
2018-07-03 08:30:00,14.419405162334442
2018-07-03 08:45:00,14.419405162334442
2018-07-03 09:00:00,14.419405162334442
2018-07-03 09:15:00,14.419405162334442
2018-07-03 09:30:00,14.419405162334442
2018-07-03 09:45:00,14.419405162334442
2018-07-03 10:00:00,14.419405162334442
2018-07-03 10:15:00,14.419405162334442
2018-07-03 10:30:00,14.419405162334442
2018-07-03 10:45:00,14.419405162334442
2018-07-03 11:00:00,14.419405162334442
2018-07-03 11:15:00,14.419405162334442
2018-07-03 11:30:00,14.419405162334442
2018-07-03 11:45:00,14.419405162334442
2018-07-03 12:00:00,14.419405162334442
2018-07-03 12:15:00,14.422075171023607
2018-07-03 12:30:00,14.424745179712772
2018-07-03 12:45:00,14.427415188401937
2018-07-03 13:00:00,14.430085197091103
2018-07-03 13:15:00,14.432755205780268
2018-07-03 13:30:00,14.435425214469433
2018-07-03 13:45:00,14.438095223158598
2018-07-03 14:00:00,14.440765231847763
2018-07-03 14:15:00,14.443435240536928
2018-07-03 14:30:00,14.446105249226093
2018-07-03 14:45:00,14.448775257915258
2018-07-03 15:00:00,14.451445266604424
2018-07-03 15:15:00,14.454115275293589
2018-07-03 15:30:00,14.456785283982754
2018-07-03 15:45:00,14.459455292671919
2018-07-03 16:00:00,14.462125301361084
2018-07-03 16:15:00,14.456783048808575
2018-07-03 16:30:00,14.451440796256065
2018-07-03 16:45:00,14.446098543703556
2018-07-03 17:00:00,14.440756291151047
2018-07-03 17:15:00,14.435414038598537
2018-07-03 17:30:00,14.430071786046028
2018-07-03 17:45:00,14.424729533493519
2018-07-03 18:00:00,14.41938728094101
2018-07-03 18:15:00,14.4140450283885
2018-07-03 18:30:00,14.408702775835991
2018-07-03 18:45:00,14.403360523283482
2018-07-03 19:00:00,14.398018270730972
2018-07-03 19:15:00,14.392676018178463
2018-07-03 19:30:00,14.387333765625954
2018-07-03 19:45:00,14.381991513073444
2018-07-03 20:00:00,14.376649260520935
2018-07-03 20:15:00,14.37129806727171
2018-07-03 20:30:00,14.365946874022484
2018-07-03 20:45:00,14.360595680773258
2018-07-03 21:00:00,14.355244487524033
2018-07-03 21:15:00,14.349893294274807
2018-07-03 21:30:00,14.344542101025581
2018-07-03 21:45:00,14.339190907776356
2018-07-03 22:00:00,14.33383971452713
2018-07-03 22:15:00,14.328488521277905
2018-07-03 22:30:00,14.323137328028679
2018-07-03 22:45:00,14.317786134779453
2018-07-03 23:00:00,14.312434941530228
2018-07-03 23:15:00,14.307083748281002
2018-07-03 23:30:00,14.301732555031776
2018-07-03 23:45:00,14.29638136178255
2018-07-04 00:00:00,14.291030168533325
2018-07-04 00:15:00,14.282986428588629
2018-07-04 00:30:00,14.274942688643932
2018-07-04 00:45:00,14.266898948699236
2018-07-04 01:00:00,14.25885520875454
2018-07-04 01:15:00,14.250811468809843
2018-07-04 01:30:00,14.242767728865147
2018-07-04 01:45:00,14.23472398892045
2018-07-04 02:00:00,14.226680248975754
2018-07-04 02:15:00,14.218636509031057
2018-07-04 02:30:00,14.210592769086361
2018-07-04 02:45:00,14.202549029141665
2018-07-04 03:00:00,14.194505289196968
2018-07-04 03:15:00,14.186461549252272
2018-07-04 03:30:00,14.178417809307575
2018-07-04 03:45:00,14.170374069362879
2018-07-04 04:00:00,14.162330329418182
2018-07-04 04:15:00,14.156956691294909
2018-07-04 04:30:00,14.151583053171635
2018-07-04 04:45:00,14.14620941504836
2018-07-04 05:00:00,14.140835776925087
2018-07-04 05:15:00,14.135462138801813
2018-07-04 05:30:00,14.13008850067854
2018-07-04 05:45:00,14.124714862555265
2018-07-04 06:00:00,14.119341224431992
2018-07-04 06:15:00,14.113967586308718
2018-07-04 06:30:00,14.108593948185444
2018-07-04 06:45:00,14.10322031006217
2018-07-04 07:00:00,14.097846671938896
2018-07-04 07:15:00,14.092473033815622
2018-07-04 07:30:00,14.087099395692348
2018-07-04 07:45:00,14.081725757569075
2018-07-04 08:00:00,14.0763521194458
2018-07-04 08:15:00,14.0763521194458
2018-07-04 08:30:00,14.0763521194458
2018-07-04 08:45:00,14.0763521194458
2018-07-04 09:00:00,14.0763521194458
2018-07-04 09:15:00,14.0763521194458
2018-07-04 09:30:00,14.0763521194458
2018-07-04 09:45:00,14.0763521194458
2018-07-04 10:00:00,14.0763521194458
2018-07-04 10:15:00,14.0763521194458
2018-07-04 10:30:00,14.0763521194458
2018-07-04 10:45:00,14.0763521194458
2018-07-04 11:00:00,14.0763521194458
2018-07-04 11:15:00,14.0763521194458
2018-07-04 11:30:00,14.0763521194458
2018-07-04 11:45:00,14.0763521194458
2018-07-04 12:00:00,14.0763521194458
2018-07-04 12:15:00,14.0763521194458
2018-07-04 12:30:00,14.0763521194458
2018-07-04 12:45:00,14.0763521194458
2018-07-04 13:00:00,14.0763521194458
2018-07-04 13:15:00,14.0763521194458
2018-07-04 13:30:00,14.0763521194458
2018-07-04 13:45:00,14.0763521194458
2018-07-04 14:00:00,14.0763521194458
2018-07-04 14:15:00,14.0763521194458
2018-07-04 14:30:00,14.0763521194458
2018-07-04 14:45:00,14.0763521194458
2018-07-04 15:00:00,14.0763521194458
2018-07-04 15:15:00,14.0763521194458
2018-07-04 15:30:00,14.0763521194458
2018-07-04 15:45:00,14.0763521194458
2018-07-04 16:00:00,14.0763521194458
2018-07-04 16:15:00,14.065577555447817
2018-07-04 16:30:00,14.054802991449833
2018-07-04 16:45:00,14.044028427451849
2018-07-04 17:00:00,14.033253863453865
2018-07-04 17:15:00,14.022479299455881
2018-07-04 17:30:00,14.011704735457897
2018-07-04 17:45:00,14.000930171459913
2018-07-04 18:00:00,13.99015560746193
2018-07-04 18:15:00,13.979381043463945
2018-07-04 18:30:00,13.968606479465961
2018-07-04 18:45:00,13.957831915467978
2018-07-04 19:00:00,13.947057351469994
2018-07-04 19:15:00,13.93628278747201
2018-07-04 19:30:00,13.925508223474026
2018-07-04 19:45:00,13.914733659476042
2018-07-04 20:00:00,13.903959095478058
2018-07-04 20:15:00,13.890440203249454
2018-07-04 20:30:00,13.876921311020851
2018-07-04 20:45:00,13.863402418792248
2018-07-04 21:00:00,13.849883526563644
2018-07-04 21:15:00,13.836364634335041
2018-07-04 21:30:00,13.822845742106438
2018-07-04 21:45:00,13.809326849877834
2018-07-04 22:00:00,13.795807957649231
2018-07-04 22:15:00,13.782289065420628
2018-07-04 22:30:00,13.768770173192024
2018-07-04 22:45:00,13.75525128096342
2018-07-04 23:00:00,13.741732388734818
2018-07-04 23:15:00,13.728213496506214
2018-07-04 23:30:00,13.71469460427761
2018-07-04 23:45:00,13.701175712049007
2018-07-05 00:00:00,13.687656819820404
2018-07-05 00:15:00,13.676800858229399
2018-07-05 00:30:00,13.665944896638393
2018-07-05 00:45:00,13.655088935047388
2018-07-05 01:00:00,13.644232973456383
2018-07-05 01:15:00,13.633377011865377
2018-07-05 01:30:00,13.622521050274372
2018-07-05 01:45:00,13.611665088683367
2018-07-05 02:00:00,13.600809127092361
2018-07-05 02:15:00,13.589953165501356
2018-07-05 02:30:00,13.57909720391035
2018-07-05 02:45:00,13.568241242319345
2018-07-05 03:00:00,13.55738528072834
2018-07-05 03:15:00,13.546529319137335
2018-07-05 03:30:00,13.53567335754633
2018-07-05 03:45:00,13.524817395955324
2018-07-05 04:00:00,13.513961434364319
2018-07-05 04:15:00,13.50579559803009
2018-07-05 04:30:00,13.497629761695862
2018-07-05 04:45:00,13.489463925361633
2018-07-05 05:00:00,13.481298089027405
2018-07-05 05:15:00,13.473132252693176
2018-07-05 05:30:00,13.464966416358948
2018-07-05 05:45:00,13.45680058002472
2018-07-05 06:00:00,13.44863474369049
2018-07-05 06:15:00,13.440468907356262
2018-07-05 06:30:00,13.432303071022034
2018-07-05 06:45:00,13.424137234687805
2018-07-05 07:00:00,13.415971398353577
2018-07-05 07:15:00,13.407805562019348
2018-07-05 07:30:00,13.39963972568512
2018-07-05 07:45:00,13.391473889350891
2018-07-05 08:00:00,13.383308053016663
2018-07-05 08:15:00,13.380581606179476
2018-07-05 08:30:00,13.377855159342289
2018-07-05 08:45:00,13.375128712505102
2018-07-05 09:00:00,13.372402265667915
2018-07-05 09:15:00,13.369675818830729
2018-07-05 09:30:00,13.366949371993542
2018-07-05 09:45:00,13.364222925156355
2018-07-05 10:00:00,13.361496478319168
2018-07-05 10:15:00,13.358770031481981
2018-07-05 10:30:00,13.356043584644794
2018-07-05 10:45:00,13.353317137807608
2018-07-05 11:00:00,13.35059069097042
2018-07-05 11:15:00,13.347864244133234
2018-07-05 11:30:00,13.345137797296047
2018-07-05 11:45:00,13.34241135045886
2018-07-05 12:00:00,13.339684903621674
2018-07-05 12:15:00,13.339684903621674
2018-07-05 12:30:00,13.339684903621674
2018-07-05 12:45:00,13.339684903621674
2018-07-05 13:00:00,13.339684903621674
2018-07-05 13:15:00,13.339684903621674
2018-07-05 13:30:00,13.339684903621674
2018-07-05 13:45:00,13.339684903621674
2018-07-05 14:00:00,13.339684903621674
2018-07-05 14:15:00,13.339684903621674
2018-07-05 14:30:00,13.339684903621674
2018-07-05 14:45:00,13.339684903621674
2018-07-05 15:00:00,13.339684903621674
2018-07-05 15:15:00,13.339684903621674
2018-07-05 15:30:00,13.339684903621674
2018-07-05 15:45:00,13.339684903621674
2018-07-05 16:00:00,13.339684903621674
2018-07-05 16:15:00,13.33422502502799
2018-07-05 16:30:00,13.328765146434307
2018-07-05 16:45:00,13.323305267840624
2018-07-05 17:00:00,13.31784538924694
2018-07-05 17:15:00,13.312385510653257
2018-07-05 17:30:00,13.306925632059574
2018-07-05 17:45:00,13.30146575346589
2018-07-05 18:00:00,13.296005874872208
2018-07-05 18:15:00,13.290545996278524
2018-07-05 18:30:00,13.285086117684841
2018-07-05 18:45:00,13.279626239091158
2018-07-05 19:00:00,13.274166360497475
2018-07-05 19:15:00,13.268706481903791
2018-07-05 19:30:00,13.263246603310108
2018-07-05 19:45:00,13.257786724716425
2018-07-05 20:00:00,13.252326846122742
2018-07-05 20:15:00,13.24412003159523
2018-07-05 20:30:00,13.235913217067719
2018-07-05 20:45:00,13.227706402540207
2018-07-05 21:00:00,13.219499588012695
2018-07-05 21:15:00,13.211292773485184
2018-07-05 21:30:00,13.203085958957672
2018-07-05 21:45:00,13.19487914443016
2018-07-05 22:00:00,13.186672329902649
2018-07-05 22:15:00,13.178465515375137
2018-07-05 22:30:00,13.170258700847626
2018-07-05 22:45:00,13.162051886320114
2018-07-05 23:00:00,13.153845071792603
2018-07-05 23:15:00,13.145638257265091
2018-07-05 23:30:00,13.13743144273758
2018-07-05 23:45:00,13.129224628210068
2018-07-06 00:00:00,13.121017813682556
2018-07-06 00:15:00,13.115535210818052
2018-07-06 00:30:00,13.110052607953548
2018-07-06 00:45:00,13.104570005089045
2018-07-06 01:00:00,13.09908740222454
2018-07-06 01:15:00,13.093604799360037
2018-07-06 01:30:00,13.088122196495533
2018-07-06 01:45:00,13.08263959363103
2018-07-06 02:00:00,13.077156990766525
2018-07-06 02:15:00,13.071674387902021
2018-07-06 02:30:00,13.066191785037518
2018-07-06 02:45:00,13.060709182173014
2018-07-06 03:00:00,13.05522657930851
2018-07-06 03:15:00,13.049743976444006
2018-07-06 03:30:00,13.044261373579502
2018-07-06 03:45:00,13.038778770714998
2018-07-06 04:00:00,13.033296167850494
2018-07-06 04:15:00,13.02780443802476
2018-07-06 04:30:00,13.022312708199024
2018-07-06 04:45:00,13.016820978373289
2018-07-06 05:00:00,13.011329248547554
2018-07-06 05:15:00,13.005837518721819
2018-07-06 05:30:00,13.000345788896084
2018-07-06 05:45:00,12.994854059070349
2018-07-06 06:00:00,12.989362329244614
2018-07-06 06:15:00,12.983870599418879
2018-07-06 06:30:00,12.978378869593143
2018-07-06 06:45:00,12.972887139767408
2018-07-06 07:00:00,12.967395409941673
2018-07-06 07:15:00,12.961903680115938
2018-07-06 07:30:00,12.956411950290203
2018-07-06 07:45:00,12.950920220464468
2018-07-06 08:00:00,12.945428490638733
2018-07-06 08:15:00,12.945428490638733
2018-07-06 08:30:00,12.945428490638733
2018-07-06 08:45:00,12.945428490638733
2018-07-06 09:00:00,12.945428490638733
2018-07-06 09:15:00,12.945428490638733
2018-07-06 09:30:00,12.945428490638733
2018-07-06 09:45:00,12.945428490638733
2018-07-06 10:00:00,12.945428490638733
2018-07-06 10:15:00,12.945428490638733
2018-07-06 10:30:00,12.945428490638733
2018-07-06 10:45:00,12.945428490638733
2018-07-06 11:00:00,12.945428490638733
2018-07-06 11:15:00,12.945428490638733
2018-07-06 11:30:00,12.945428490638733
2018-07-06 11:45:00,12.945428490638733
2018-07-06 12:00:00,12.945428490638733
2018-07-06 12:15:00,12.945428490638733
2018-07-06 12:30:00,12.945428490638733
2018-07-06 12:45:00,12.945428490638733
2018-07-06 13:00:00,12.945428490638733
2018-07-06 13:15:00,12.945428490638733
2018-07-06 13:30:00,12.945428490638733
2018-07-06 13:45:00,12.945428490638733
2018-07-06 14:00:00,12.945428490638733
2018-07-06 14:15:00,12.945428490638733
2018-07-06 14:30:00,12.945428490638733
2018-07-06 14:45:00,12.945428490638733
2018-07-06 15:00:00,12.945428490638733
2018-07-06 15:15:00,12.945428490638733
2018-07-06 15:30:00,12.945428490638733
2018-07-06 15:45:00,12.945428490638733
2018-07-06 16:00:00,12.945428490638733
2018-07-06 16:15:00,12.93992754071951
2018-07-06 16:30:00,12.934426590800285
2018-07-06 16:45:00,12.928925640881062
2018-07-06 17:00:00,12.923424690961838
2018-07-06 17:15:00,12.917923741042614
2018-07-06 17:30:00,12.91242279112339
2018-07-06 17:45:00,12.906921841204166
2018-07-06 18:00:00,12.901420891284943
2018-07-06 18:15:00,12.895919941365719
2018-07-06 18:30:00,12.890418991446495
2018-07-06 18:45:00,12.884918041527271
2018-07-06 19:00:00,12.879417091608047
2018-07-06 19:15:00,12.873916141688824
2018-07-06 19:30:00,12.8684151917696
2018-07-06 19:45:00,12.862914241850376
2018-07-06 20:00:00,12.857413291931152
2018-07-06 20:15:00,12.851903308182955
2018-07-06 20:30:00,12.846393324434757
2018-07-06 20:45:00,12.84088334068656
2018-07-06 21:00:00,12.835373356938362
2018-07-06 21:15:00,12.829863373190165
2018-07-06 21:30:00,12.824353389441967
2018-07-06 21:45:00,12.81884340569377
2018-07-06 22:00:00,12.813333421945572
2018-07-06 22:15:00,12.807823438197374
2018-07-06 22:30:00,12.802313454449177
2018-07-06 22:45:00,12.79680347070098
2018-07-06 23:00:00,12.791293486952782
2018-07-06 23:15:00,12.785783503204584
2018-07-06 23:30:00,12.780273519456387
2018-07-06 23:45:00,12.774763535708189
2018-07-07 00:00:00,12.769253551959991
2018-07-07 00:15:00,12.763734254986048
2018-07-07 00:30:00,12.758214958012104
2018-07-07 00:45:00,12.75269566103816
2018-07-07 01:00:00,12.747176364064217
2018-07-07 01:15:00,12.741657067090273
2018-07-07 01:30:00,12.73613777011633
2018-07-07 01:45:00,12.730618473142385
2018-07-07 02:00:00,12.725099176168442
2018-07-07 02:15:00,12.719579879194498
2018-07-07 02:30:00,12.714060582220554
2018-07-07 02:45:00,12.70854128524661
2018-07-07 03:00:00,12.703021988272667
2018-07-07 03:15:00,12.697502691298723
2018-07-07 03:30:00,12.69198339432478
2018-07-07 03:45:00,12.686464097350836
2018-07-07 04:00:00,12.680944800376892
2018-07-07 04:15:00,12.675416376441717
2018-07-07 04:30:00,12.669887952506542
2018-07-07 04:45:00,12.664359528571367
2018-07-07 05:00:00,12.658831104636192
2018-07-07 05:15:00,12.653302680701017
2018-07-07 05:30:00,12.647774256765842
2018-07-07 05:45:00,12.642245832830667
2018-07-07 06:00:00,12.636717408895493
2018-07-07 06:15:00,12.631188984960318
2018-07-07 06:30:00,12.625660561025143
2018-07-07 06:45:00,12.620132137089968
2018-07-07 07:00:00,12.614603713154793
2018-07-07 07:15:00,12.609075289219618
2018-07-07 07:30:00,12.603546865284443
2018-07-07 07:45:00,12.598018441349268
2018-07-07 08:00:00,12.592490017414093
2018-07-07 08:15:00,12.595255393534899
2018-07-07 08:30:00,12.598020769655704
2018-07-07 08:45:00,12.60078614577651
2018-07-07 09:00:00,12.603551521897316
2018-07-07 09:15:00,12.606316898018122
2018-07-07 09:30:00,12.609082274138927
2018-07-07 09:45:00,12.611847650259733
2018-07-07 10:00:00,12.614613026380539
2018-07-07 10:15:00,12.617378402501345
2018-07-07 10:30:00,12.62014377862215
2018-07-07 10:45:00,12.622909154742956
2018-07-07 11:00:00,12.625674530863762
2018-07-07 11:15:00,12.628439906984568
2018-07-07 11:30:00,12.631205283105373
2018-07-07 11:45:00,12.63397065922618
2018-07-07 12:00:00,12.636736035346985
2018-07-07 12:15:00,12.642259895801544
2018-07-07 12:30:00,12.647783756256104
2018-07-07 12:45:00,12.653307616710663
2018-07-07 13:00:00,12.658831477165222
2018-07-07 13:15:00,12.664355337619781
2018-07-07 13:30:00,12.66987919807434
2018-07-07 13:45:00,12.6754030585289
2018-07-07 14:00:00,12.68092691898346
2018-07-07 14:15:00,12.686450779438019
2018-07-07 14:30:00,12.691974639892578
2018-07-07 14:45:00,12.697498500347137
2018-07-07 15:00:00,12.703022360801697
2018-07-07 15:15:00,12.708546221256256
2018-07-07 15:30:00,12.714070081710815
2018-07-07 15:45:00,12.719593942165375
2018-07-07 16:00:00,12.725117802619934
2018-07-07 16:15:00,12.722356989979744
2018-07-07 16:30:00,12.719596177339554
2018-07-07 16:45:00,12.716835364699364
2018-07-07 17:00:00,12.714074552059174
2018-07-07 17:15:00,12.711313739418983
2018-07-07 17:30:00,12.708552926778793
2018-07-07 17:45:00,12.705792114138603
2018-07-07 18:00:00,12.703031301498413
2018-07-07 18:15:00,12.700270488858223
2018-07-07 18:30:00,12.697509676218033
2018-07-07 18:45:00,12.694748863577843
2018-07-07 19:00:00,12.691988050937653
2018-07-07 19:15:00,12.689227238297462
2018-07-07 19:30:00,12.686466425657272
2018-07-07 19:45:00,12.683705613017082
2018-07-07 20:00:00,12.680944800376892
2018-07-07 20:15:00,12.672648672014475
2018-07-07 20:30:00,12.664352543652058
2018-07-07 20:45:00,12.65605641528964
2018-07-07 21:00:00,12.647760286927223
2018-07-07 21:15:00,12.639464158564806
2018-07-07 21:30:00,12.631168030202389
2018-07-07 21:45:00,12.622871901839972
2018-07-07 22:00:00,12.614575773477554
2018-07-07 22:15:00,12.606279645115137
2018-07-07 22:30:00,12.59798351675272
2018-07-07 22:45:00,12.589687388390303
2018-07-07 23:00:00,12.581391260027885
2018-07-07 23:15:00,12.573095131665468
2018-07-07 23:30:00,12.564799003303051
2018-07-07 23:45:00,12.556502874940634
2018-07-08 00:00:00,12.548206746578217
2018-07-08 00:15:00,12.539889989420772
2018-07-08 00:30:00,12.531573232263327
2018-07-08 00:45:00,12.523256475105882
2018-07-08 01:00:00,12.514939717948437
2018-07-08 01:15:00,12.506622960790992
2018-07-08 01:30:00,12.498306203633547
2018-07-08 01:45:00,12.489989446476102
2018-07-08 02:00:00,12.481672689318657
2018-07-08 02:15:00,12.473355932161212
2018-07-08 02:30:00,12.465039175003767
2018-07-08 02:45:00,12.456722417846322
2018-07-08 03:00:00,12.448405660688877
2018-07-08 03:15:00,12.440088903531432
2018-07-08 03:30:00,12.431772146373987
2018-07-08 03:45:00,12.423455389216542
2018-07-08 04:00:00,12.415138632059097
2018-07-08 04:15:00,12.409582594409585
2018-07-08 04:30:00,12.404026556760073
2018-07-08 04:45:00,12.39847051911056
2018-07-08 05:00:00,12.392914481461048
2018-07-08 05:15:00,12.387358443811536
2018-07-08 05:30:00,12.381802406162024
2018-07-08 05:45:00,12.376246368512511
2018-07-08 06:00:00,12.370690330862999
2018-07-08 06:15:00,12.365134293213487
2018-07-08 06:30:00,12.359578255563974
2018-07-08 06:45:00,12.354022217914462
2018-07-08 07:00:00,12.34846618026495
2018-07-08 07:15:00,12.342910142615438
2018-07-08 07:30:00,12.337354104965925
2018-07-08 07:45:00,12.331798067316413
2018-07-08 08:00:00,12.3262420296669
2018-07-08 08:15:00,12.3262420296669
2018-07-08 08:30:00,12.3262420296669
2018-07-08 08:45:00,12.3262420296669
2018-07-08 09:00:00,12.3262420296669
2018-07-08 09:15:00,12.3262420296669
2018-07-08 09:30:00,12.3262420296669
2018-07-08 09:45:00,12.3262420296669
2018-07-08 10:00:00,12.3262420296669
2018-07-08 10:15:00,12.3262420296669
2018-07-08 10:30:00,12.3262420296669
2018-07-08 10:45:00,12.3262420296669
2018-07-08 11:00:00,12.3262420296669
2018-07-08 11:15:00,12.3262420296669
2018-07-08 11:30:00,12.3262420296669
2018-07-08 11:45:00,12.3262420296669
2018-07-08 12:00:00,12.3262420296669
2018-07-08 12:15:00,12.331798067316413
2018-07-08 12:30:00,12.337354104965925
2018-07-08 12:45:00,12.342910142615438
2018-07-08 13:00:00,12.34846618026495
2018-07-08 13:15:00,12.354022217914462
2018-07-08 13:30:00,12.359578255563974
2018-07-08 13:45:00,12.365134293213487
2018-07-08 14:00:00,12.370690330862999
2018-07-08 14:15:00,12.376246368512511
2018-07-08 14:30:00,12.381802406162024
2018-07-08 14:45:00,12.387358443811536
2018-07-08 15:00:00,12.392914481461048
2018-07-08 15:15:00,12.39847051911056
2018-07-08 15:30:00,12.404026556760073
2018-07-08 15:45:00,12.409582594409585
2018-07-08 16:00:00,12.415138632059097
2018-07-08 16:15:00,12.415138632059097
2018-07-08 16:30:00,12.415138632059097
2018-07-08 16:45:00,12.415138632059097
2018-07-08 17:00:00,12.415138632059097
2018-07-08 17:15:00,12.415138632059097
2018-07-08 17:30:00,12.415138632059097
2018-07-08 17:45:00,12.415138632059097
2018-07-08 18:00:00,12.415138632059097
2018-07-08 18:15:00,12.415138632059097
2018-07-08 18:30:00,12.415138632059097
2018-07-08 18:45:00,12.415138632059097
2018-07-08 19:00:00,12.415138632059097
2018-07-08 19:15:00,12.415138632059097
2018-07-08 19:30:00,12.415138632059097
2018-07-08 19:45:00,12.415138632059097
2018-07-08 20:00:00,12.415138632059097
2018-07-08 20:15:00,12.406801106408238
2018-07-08 20:30:00,12.39846358075738
2018-07-08 20:45:00,12.39012605510652
2018-07-08 21:00:00,12.381788529455662
2018-07-08 21:15:00,12.373451003804803
2018-07-08 21:30:00,12.365113478153944
2018-07-08 21:45:00,12.356775952503085
2018-07-08 22:00:00,12.348438426852226
2018-07-08 22:15:00,12.340100901201367
2018-07-08 22:30:00,12.331763375550508
2018-07-08 22:45:00,12.32342584989965
2018-07-08 23:00:00,12.31508832424879
2018-07-08 23:15:00,12.306750798597932
2018-07-08 23:30:00,12.298413272947073
2018-07-08 23:45:00,12.290075747296214
2018-07-09 00:00:00,12.281738221645355
2018-07-09 00:15:00,12.27616835385561
2018-07-09 00:30:00,12.270598486065865
2018-07-09 00:45:00,12.26502861827612
2018-07-09 01:00:00,12.259458750486374
2018-07-09 01:15:00,12.253888882696629
2018-07-09 01:30:00,12.248319014906883
2018-07-09 01:45:00,12.242749147117138
2018-07-09 02:00:00,12.237179279327393
2018-07-09 02:15:00,12.231609411537647
2018-07-09 02:30:00,12.226039543747902
2018-07-09 02:45:00,12.220469675958157
2018-07-09 03:00:00,12.214899808168411
2018-07-09 03:15:00,12.209329940378666
2018-07-09 03:30:00,12.20376007258892
2018-07-09 03:45:00,12.198190204799175
2018-07-09 04:00:00,12.19262033700943
2018-07-09 04:15:00,12.187041202560067
2018-07-09 04:30:00,12.181462068110704
2018-07-09 04:45:00,12.175882933661342
2018-07-09 05:00:00,12.170303799211979
2018-07-09 05:15:00,12.164724664762616
2018-07-09 05:30:00,12.159145530313253
2018-07-09 05:45:00,12.15356639586389
2018-07-09 06:00:00,12.147987261414528
2018-07-09 06:15:00,12.142408126965165
2018-07-09 06:30:00,12.136828992515802
2018-07-09 06:45:00,12.13124985806644
2018-07-09 07:00:00,12.125670723617077
2018-07-09 07:15:00,12.120091589167714
2018-07-09 07:30:00,12.114512454718351
2018-07-09 07:45:00,12.108933320268989
2018-07-09 08:00:00,12.103354185819626
2018-07-09 08:15:00,12.103354185819626
2018-07-09 08:30:00,12.103354185819626
2018-07-09 08:45:00,12.103354185819626
2018-07-09 09:00:00,12.103354185819626
2018-07-09 09:15:00,12.103354185819626
2018-07-09 09:30:00,12.103354185819626
2018-07-09 09:45:00,12.103354185819626
2018-07-09 10:00:00,12.103354185819626
2018-07-09 10:15:00,12.103354185819626
2018-07-09 10:30:00,12.103354185819626
2018-07-09 10:45:00,12.103354185819626
2018-07-09 11:00:00,12.103354185819626
2018-07-09 11:15:00,12.103354185819626
2018-07-09 11:30:00,12.103354185819626
2018-07-09 11:45:00,12.103354185819626
2018-07-09 12:00:00,12.103354185819626
2018-07-09 12:15:00,12.108933320268989
2018-07-09 12:30:00,12.114512454718351
2018-07-09 12:45:00,12.120091589167714
2018-07-09 13:00:00,12.125670723617077
2018-07-09 13:15:00,12.13124985806644
2018-07-09 13:30:00,12.136828992515802
2018-07-09 13:45:00,12.142408126965165
2018-07-09 14:00:00,12.147987261414528
2018-07-09 14:15:00,12.15356639586389
2018-07-09 14:30:00,12.159145530313253
2018-07-09 14:45:00,12.164724664762616
2018-07-09 15:00:00,12.170303799211979
2018-07-09 15:15:00,12.175882933661342
2018-07-09 15:30:00,12.181462068110704
2018-07-09 15:45:00,12.187041202560067
2018-07-09 16:00:00,12.19262033700943
2018-07-09 16:15:00,12.19262033700943
2018-07-09 16:30:00,12.19262033700943
2018-07-09 16:45:00,12.19262033700943
2018-07-09 17:00:00,12.19262033700943
2018-07-09 17:15:00,12.19262033700943
2018-07-09 17:30:00,12.19262033700943
2018-07-09 17:45:00,12.19262033700943
2018-07-09 18:00:00,12.19262033700943
2018-07-09 18:15:00,12.19262033700943
2018-07-09 18:30:00,12.19262033700943
2018-07-09 18:45:00,12.19262033700943
2018-07-09 19:00:00,12.19262033700943
2018-07-09 19:15:00,12.19262033700943
2018-07-09 19:30:00,12.19262033700943
2018-07-09 19:45:00,12.19262033700943
2018-07-09 20:00:00,12.19262033700943
2018-07-09 20:15:00,12.187041202560067
2018-07-09 20:30:00,12.181462068110704
2018-07-09 20:45:00,12.175882933661342
2018-07-09 21:00:00,12.170303799211979
2018-07-09 21:15:00,12.164724664762616
2018-07-09 21:30:00,12.159145530313253
2018-07-09 21:45:00,12.15356639586389
2018-07-09 22:00:00,12.147987261414528
2018-07-09 22:15:00,12.142408126965165
2018-07-09 22:30:00,12.136828992515802
2018-07-09 22:45:00,12.13124985806644
2018-07-09 23:00:00,12.125670723617077
2018-07-09 23:15:00,12.120091589167714
2018-07-09 23:30:00,12.114512454718351
2018-07-09 23:45:00,12.108933320268989
2018-07-10 00:00:00,12.103354185819626
2018-07-10 00:15:00,12.097765831276774
2018-07-10 00:30:00,12.092177476733923
2018-07-10 00:45:00,12.086589122191072
2018-07-10 01:00:00,12.08100076764822
2018-07-10 01:15:00,12.075412413105369
2018-07-10 01:30:00,12.069824058562517
2018-07-10 01:45:00,12.064235704019666
2018-07-10 02:00:00,12.058647349476814
2018-07-10 02:15:00,12.053058994933963
2018-07-10 02:30:00,12.047470640391111
2018-07-10 02:45:00,12.04188228584826
2018-07-10 03:00:00,12.036293931305408
2018-07-10 03:15:00,12.030705576762557
2018-07-10 03:30:00,12.025117222219706
2018-07-10 03:45:00,12.019528867676854
2018-07-10 04:00:00,12.013940513134003
2018-07-10 04:15:00,12.008342845365405
2018-07-10 04:30:00,12.002745177596807
2018-07-10 04:45:00,11.99714750982821
2018-07-10 05:00:00,11.991549842059612
2018-07-10 05:15:00,11.985952174291015
2018-07-10 05:30:00,11.980354506522417
2018-07-10 05:45:00,11.97475683875382
2018-07-10 06:00:00,11.969159170985222
2018-07-10 06:15:00,11.963561503216624
2018-07-10 06:30:00,11.957963835448027
2018-07-10 06:45:00,11.952366167679429
2018-07-10 07:00:00,11.946768499910831
2018-07-10 07:15:00,11.941170832142234
2018-07-10 07:30:00,11.935573164373636
2018-07-10 07:45:00,11.929975496605039
2018-07-10 08:00:00,11.924377828836441
2018-07-10 08:15:00,11.924377828836441
2018-07-10 08:30:00,11.924377828836441
2018-07-10 08:45:00,11.924377828836441
2018-07-10 09:00:00,11.924377828836441
2018-07-10 09:15:00,11.924377828836441
2018-07-10 09:30:00,11.924377828836441
2018-07-10 09:45:00,11.924377828836441
2018-07-10 10:00:00,11.924377828836441
2018-07-10 10:15:00,11.924377828836441
2018-07-10 10:30:00,11.924377828836441
2018-07-10 10:45:00,11.924377828836441
2018-07-10 11:00:00,11.924377828836441
2018-07-10 11:15:00,11.924377828836441
2018-07-10 11:30:00,11.924377828836441
2018-07-10 11:45:00,11.924377828836441
2018-07-10 12:00:00,11.924377828836441
2018-07-10 12:15:00,11.932770814746618
2018-07-10 12:30:00,11.941163800656796
2018-07-10 12:45:00,11.949556786566973
2018-07-10 13:00:00,11.95794977247715
2018-07-10 13:15:00,11.966342758387327
2018-07-10 13:30:00,11.974735744297504
2018-07-10 13:45:00,11.983128730207682
2018-07-10 14:00:00,11.991521716117859
2018-07-10 14:15:00,11.999914702028036
2018-07-10 14:30:00,12.008307687938213
2018-07-10 14:45:00,12.01670067384839
2018-07-10 15:00:00,12.025093659758568
2018-07-10 15:15:00,12.033486645668745
2018-07-10 15:30:00,12.041879631578922
2018-07-10 15:45:00,12.0502726174891
2018-07-10 16:00:00,12.058665603399277
2018-07-10 16:15:00,12.058665603399277
2018-07-10 16:30:00,12.058665603399277
2018-07-10 16:45:00,12.058665603399277
2018-07-10 17:00:00,12.058665603399277
2018-07-10 17:15:00,12.058665603399277
2018-07-10 17:30:00,12.058665603399277
2018-07-10 17:45:00,12.058665603399277
2018-07-10 18:00:00,12.058665603399277
2018-07-10 18:15:00,12.058665603399277
2018-07-10 18:30:00,12.058665603399277
2018-07-10 18:45:00,12.058665603399277
2018-07-10 19:00:00,12.058665603399277
2018-07-10 19:15:00,12.058665603399277
2018-07-10 19:30:00,12.058665603399277
2018-07-10 19:45:00,12.058665603399277
2018-07-10 20:00:00,12.058665603399277
2018-07-10 20:15:00,12.053072592243552
2018-07-10 20:30:00,12.047479581087828
2018-07-10 20:45:00,12.041886569932103
2018-07-10 21:00:00,12.036293558776379
2018-07-10 21:15:00,12.030700547620654
2018-07-10 21:30:00,12.02510753646493
2018-07-10 21:45:00,12.019514525309205
2018-07-10 22:00:00,12.01392151415348
2018-07-10 22:15:00,12.008328502997756
2018-07-10 22:30:00,12.002735491842031
2018-07-10 22:45:00,11.997142480686307
2018-07-10 23:00:00,11.991549469530582
2018-07-10 23:15:00,11.985956458374858
2018-07-10 23:30:00,11.980363447219133
2018-07-10 23:45:00,11.974770436063409
2018-07-11 00:00:00,11.969177424907684
2018-07-11 00:15:00,11.963575193658471
2018-07-11 00:30:00,11.957972962409258
2018-07-11 00:45:00,11.952370731160045
2018-07-11 01:00:00,11.946768499910831
2018-07-11 01:15:00,11.941166268661618
2018-07-11 01:30:00,11.935564037412405
2018-07-11 01:45:00,11.929961806163192
2018-07-11 02:00:00,11.924359574913979
2018-07-11 02:15:00,11.918757343664765
2018-07-11 02:30:00,11.913155112415552
2018-07-11 02:45:00,11.907552881166339
2018-07-11 03:00:00,11.901950649917126
2018-07-11 03:15:00,11.896348418667912
2018-07-11 03:30:00,11.8907461874187
2018-07-11 03:45:00,11.885143956169486
2018-07-11 04:00:00,11.879541724920273
2018-07-11 04:15:00,11.873930133879185
2018-07-11 04:30:00,11.868318542838097
2018-07-11 04:45:00,11.862706951797009
2018-07-11 05:00:00,11.85709536075592
2018-07-11 05:15:00,11.851483769714832
2018-07-11 05:30:00,11.845872178673744
2018-07-11 05:45:00,11.840260587632656
2018-07-11 06:00:00,11.834648996591568
2018-07-11 06:15:00,11.82903740555048
2018-07-11 06:30:00,11.823425814509392
2018-07-11 06:45:00,11.817814223468304
2018-07-11 07:00:00,11.812202632427216
2018-07-11 07:15:00,11.806591041386127
2018-07-11 07:30:00,11.80097945034504
2018-07-11 07:45:00,11.795367859303951
2018-07-11 08:00:00,11.789756268262863
2018-07-11 08:15:00,11.792563227936625
2018-07-11 08:30:00,11.795370187610388
2018-07-11 08:45:00,11.79817714728415
2018-07-11 09:00:00,11.800984106957912
2018-07-11 09:15:00,11.803791066631675
2018-07-11 09:30:00,11.806598026305437
2018-07-11 09:45:00,11.8094049859792
2018-07-11 10:00:00,11.812211945652962
2018-07-11 10:15:00,11.815018905326724
2018-07-11 10:30:00,11.817825865000486
2018-07-11 10:45:00,11.820632824674249
2018-07-11 11:00:00,11.823439784348011
2018-07-11 11:15:00,11.826246744021773
2018-07-11 11:30:00,11.829053703695536
2018-07-11 11:45:00,11.831860663369298
2018-07-11 12:00:00,11.83466762304306
2018-07-11 12:15:00,11.840274510905147
2018-07-11 12:30:00,11.845881398767233
2018-07-11 12:45:00,11.85148828662932
2018-07-11 13:00:00,11.857095174491405
2018-07-11 13:15:00,11.862702062353492
2018-07-11 13:30:00,11.868308950215578
2018-07-11 13:45:00,11.873915838077664
2018-07-11 14:00:00,11.87952272593975
2018-07-11 14:15:00,11.885129613801837
2018-07-11 14:30:00,11.890736501663923
2018-07-11 14:45:00,11.89634338952601
2018-07-11 15:00:00,11.901950277388096
2018-07-11 15:15:00,11.907557165250182
2018-07-11 15:30:00,11.913164053112268
2018-07-11 15:45:00,11.918770940974355
2018-07-11 16:00:00,11.924377828836441
2018-07-11 16:15:00,11.927177803590894
2018-07-11 16:30:00,11.929977778345346
2018-07-11 16:45:00,11.9327777530998
2018-07-11 17:00:00,11.935577727854252
2018-07-11 17:15:00,11.938377702608705
2018-07-11 17:30:00,11.941177677363157
2018-07-11 17:45:00,11.94397765211761
2018-07-11 18:00:00,11.946777626872063
2018-07-11 18:15:00,11.949577601626515
2018-07-11 18:30:00,11.952377576380968
2018-07-11 18:45:00,11.95517755113542
2018-07-11 19:00:00,11.957977525889874
2018-07-11 19:15:00,11.960777500644326
2018-07-11 19:30:00,11.963577475398779
2018-07-11 19:45:00,11.966377450153232
2018-07-11 20:00:00,11.969177424907684
2018-07-11 20:15:00,11.963575193658471
2018-07-11 20:30:00,11.957972962409258
2018-07-11 20:45:00,11.952370731160045
2018-07-11 21:00:00,11.946768499910831
2018-07-11 21:15:00,11.941166268661618
2018-07-11 21:30:00,11.935564037412405
2018-07-11 21:45:00,11.929961806163192
2018-07-11 22:00:00,11.924359574913979
2018-07-11 22:15:00,11.918757343664765
2018-07-11 22:30:00,11.913155112415552
2018-07-11 22:45:00,11.907552881166339
2018-07-11 23:00:00,11.901950649917126
2018-07-11 23:15:00,11.896348418667912
2018-07-11 23:30:00,11.8907461874187
2018-07-11 23:45:00,11.885143956169486
2018-07-12 00:00:00,11.879541724920273
2018-07-12 00:15:00,11.871120892465115
2018-07-12 00:30:00,11.862700060009956
2018-07-12 00:45:00,11.854279227554798
2018-07-12 01:00:00,11.84585839509964
2018-07-12 01:15:00,11.837437562644482
2018-07-12 01:30:00,11.829016730189323
2018-07-12 01:45:00,11.820595897734165
2018-07-12 02:00:00,11.812175065279007
2018-07-12 02:15:00,11.803754232823849
2018-07-12 02:30:00,11.79533340036869
2018-07-12 02:45:00,11.786912567913532
2018-07-12 03:00:00,11.778491735458374
2018-07-12 03:15:00,11.770070903003216
2018-07-12 03:30:00,11.761650070548058
2018-07-12 03:45:00,11.7532292380929
2018-07-12 04:00:00,11.744808405637741
2018-07-12 04:15:00,11.739182937890291
2018-07-12 04:30:00,11.733557470142841
2018-07-12 04:45:00,11.727932002395391
2018-07-12 05:00:00,11.722306534647942
2018-07-12 05:15:00,11.716681066900492
2018-07-12 05:30:00,11.711055599153042
2018-07-12 05:45:00,11.705430131405592
2018-07-12 06:00:00,11.699804663658142
2018-07-12 06:15:00,11.694179195910692
2018-07-12 06:30:00,11.688553728163242
2018-07-12 06:45:00,11.682928260415792
2018-07-12 07:00:00,11.677302792668343
2018-07-12 07:15:00,11.671677324920893
2018-07-12 07:30:00,11.666051857173443
2018-07-12 07:45:00,11.660426389425993
2018-07-12 08:00:00,11.654800921678543
2018-07-12 08:15:00,11.657614819705486
2018-07-12 08:30:00,11.66042871773243
2018-07-12 08:45:00,11.663242615759373
2018-07-12 09:00:00,11.666056513786316
2018-07-12 09:15:00,11.66887041181326
2018-07-12 09:30:00,11.671684309840202
2018-07-12 09:45:00,11.674498207867146
2018-07-12 10:00:00,11.677312105894089
2018-07-12 10:15:00,11.680126003921032
2018-07-12 10:30:00,11.682939901947975
2018-07-12 10:45:00,11.685753799974918
2018-07-12 11:00:00,11.688567698001862
2018-07-12 11:15:00,11.691381596028805
2018-07-12 11:30:00,11.694195494055748
2018-07-12 11:45:00,11.697009392082691
2018-07-12 12:00:00,11.699823290109634
2018-07-12 12:15:00,11.708251060917974
2018-07-12 12:30:00,11.716678831726313
2018-07-12 12:45:00,11.725106602534652
2018-07-12 13:00:00,11.73353437334299
2018-07-12 13:15:00,11.74196214415133
2018-07-12 13:30:00,11.75038991495967
2018-07-12 13:45:00,11.758817685768008
2018-07-12 14:00:00,11.767245456576347
2018-07-12 14:15:00,11.775673227384686
2018-07-12 14:30:00,11.784100998193026
2018-07-12 14:45:00,11.792528769001365
2018-07-12 15:00:00,11.800956539809704
2018-07-12 15:15:00,11.809384310618043
2018-07-12 15:30:00,11.817812081426382
2018-07-12 15:45:00,11.826239852234721
2018-07-12 16:00:00,11.83466762304306
2018-07-12 16:15:00,11.83466762304306
2018-07-12 16:30:00,11.83466762304306
2018-07-12 16:45:00,11.83466762304306
2018-07-12 17:00:00,11.83466762304306
2018-07-12 17:15:00,11.83466762304306
2018-07-12 17:30:00,11.83466762304306
2018-07-12 17:45:00,11.83466762304306
2018-07-12 18:00:00,11.83466762304306
2018-07-12 18:15:00,11.83466762304306
2018-07-12 18:30:00,11.83466762304306
2018-07-12 18:45:00,11.83466762304306
2018-07-12 19:00:00,11.83466762304306
2018-07-12 19:15:00,11.83466762304306
2018-07-12 19:30:00,11.83466762304306
2018-07-12 19:45:00,11.83466762304306
2018-07-12 20:00:00,11.83466762304306
2018-07-12 20:15:00,11.829051421955228
2018-07-12 20:30:00,11.823435220867395
2018-07-12 20:45:00,11.817819019779563
2018-07-12 21:00:00,11.81220281869173
2018-07-12 21:15:00,11.806586617603898
2018-07-12 21:30:00,11.800970416516066
2018-07-12 21:45:00,11.795354215428233
2018-07-12 22:00:00,11.7897380143404
2018-07-12 22:15:00,11.784121813252568
2018-07-12 22:30:00,11.778505612164736
2018-07-12 22:45:00,11.772889411076903
2018-07-12 23:00:00,11.767273209989071
2018-07-12 23:15:00,11.761657008901238
2018-07-12 23:30:00,11.756040807813406
2018-07-12 23:45:00,11.750424606725574
2018-07-13 00:00:00,11.744808405637741
2018-07-13 00:15:00,11.736366711556911
2018-07-13 00:30:00,11.727925017476082
2018-07-13 00:45:00,11.719483323395252
2018-07-13 01:00:00,11.711041629314423
2018-07-13 01:15:00,11.702599935233593
2018-07-13 01:30:00,11.694158241152763
2018-07-13 01:45:00,11.685716547071934
2018-07-13 02:00:00,11.677274852991104
2018-07-13 02:15:00,11.668833158910275
2018-07-13 02:30:00,11.660391464829445
2018-07-13 02:45:00,11.651949770748615
2018-07-13 03:00:00,11.643508076667786
2018-07-13 03:15:00,11.635066382586956
2018-07-13 03:30:00,11.626624688506126
2018-07-13 03:45:00,11.618182994425297
2018-07-13 04:00:00,11.609741300344467
2018-07-13 04:15:00,11.60692274570465
2018-07-13 04:30:00,11.604104191064835
2018-07-13 04:45:00,11.601285636425018
2018-07-13 05:00:00,11.598467081785202
2018-07-13 05:15:00,11.595648527145386
2018-07-13 05:30:00,11.59282997250557
2018-07-13 05:45:00,11.590011417865753
2018-07-13 06:00:00,11.587192863225937
2018-07-13 06:15:00,11.58437430858612
2018-07-13 06:30:00,11.581555753946304
2018-07-13 06:45:00,11.578737199306488
2018-07-13 07:00:00,11.575918644666672
2018-07-13 07:15:00,11.573100090026855
2018-07-13 07:30:00,11.57028153538704
2018-07-13 07:45:00,11.567462980747223
2018-07-13 08:00:00,11.564644426107407
2018-07-13 08:15:00,11.564644426107407
2018-07-13 08:30:00,11.564644426107407
2018-07-13 08:45:00,11.564644426107407
2018-07-13 09:00:00,11.564644426107407
2018-07-13 09:15:00,11.564644426107407
2018-07-13 09:30:00,11.564644426107407
2018-07-13 09:45:00,11.564644426107407
2018-07-13 10:00:00,11.564644426107407
2018-07-13 10:15:00,11.564644426107407
2018-07-13 10:30:00,11.564644426107407
2018-07-13 10:45:00,11.564644426107407
2018-07-13 11:00:00,11.564644426107407
2018-07-13 11:15:00,11.564644426107407
2018-07-13 11:30:00,11.564644426107407
2018-07-13 11:45:00,11.564644426107407
2018-07-13 12:00:00,11.564644426107407
2018-07-13 12:15:00,11.573093105107546
2018-07-13 12:30:00,11.581541784107685
2018-07-13 12:45:00,11.589990463107824
2018-07-13 13:00:00,11.598439142107964
2018-07-13 13:15:00,11.606887821108103
2018-07-13 13:30:00,11.615336500108242
2018-07-13 13:45:00,11.623785179108381
2018-07-13 14:00:00,11.63223385810852
2018-07-13 14:15:00,11.64068253710866
2018-07-13 14:30:00,11.649131216108799
2018-07-13 14:45:00,11.657579895108938
2018-07-13 15:00:00,11.666028574109077
2018-07-13 15:15:00,11.674477253109217
2018-07-13 15:30:00,11.682925932109356
2018-07-13 15:45:00,11.691374611109495
2018-07-13 16:00:00,11.699823290109634
2018-07-13 16:15:00,11.699823290109634
2018-07-13 16:30:00,11.699823290109634
2018-07-13 16:45:00,11.699823290109634
2018-07-13 17:00:00,11.699823290109634
2018-07-13 17:15:00,11.699823290109634
2018-07-13 17:30:00,11.699823290109634
2018-07-13 17:45:00,11.699823290109634
2018-07-13 18:00:00,11.699823290109634
2018-07-13 18:15:00,11.699823290109634
2018-07-13 18:30:00,11.699823290109634
2018-07-13 18:45:00,11.699823290109634
2018-07-13 19:00:00,11.699823290109634
2018-07-13 19:15:00,11.699823290109634
2018-07-13 19:30:00,11.699823290109634
2018-07-13 19:45:00,11.699823290109634
2018-07-13 20:00:00,11.699823290109634
2018-07-13 20:15:00,11.694193165749311
2018-07-13 20:30:00,11.688563041388988
2018-07-13 20:45:00,11.682932917028666
2018-07-13 21:00:00,11.677302792668343
2018-07-13 21:15:00,11.67167266830802
2018-07-13 21:30:00,11.666042543947697
2018-07-13 21:45:00,11.660412419587374
2018-07-13 22:00:00,11.65478229522705
2018-07-13 22:15:00,11.649152170866728
2018-07-13 22:30:00,11.643522046506405
2018-07-13 22:45:00,11.637891922146082
2018-07-13 23:00:00,11.632261797785759
2018-07-13 23:15:00,11.626631673425436
2018-07-13 23:30:00,11.621001549065113
2018-07-13 23:45:00,11.61537142470479
2018-07-14 00:00:00,11.609741300344467
2018-07-14 00:15:00,11.604101862758398
2018-07-14 00:30:00,11.598462425172329
2018-07-14 00:45:00,11.59282298758626
2018-07-14 01:00:00,11.58718355000019
2018-07-14 01:15:00,11.581544112414122
2018-07-14 01:30:00,11.575904674828053
2018-07-14 01:45:00,11.570265237241983
2018-07-14 02:00:00,11.564625799655914
2018-07-14 02:15:00,11.558986362069845
2018-07-14 02:30:00,11.553346924483776
2018-07-14 02:45:00,11.547707486897707
2018-07-14 03:00:00,11.542068049311638
2018-07-14 03:15:00,11.536428611725569
2018-07-14 03:30:00,11.5307891741395
2018-07-14 03:45:00,11.52514973655343
2018-07-14 04:00:00,11.519510298967361
2018-07-14 04:15:00,11.513861548155546
2018-07-14 04:30:00,11.508212797343731
2018-07-14 04:45:00,11.502564046531916
2018-07-14 05:00:00,11.4969152957201
2018-07-14 05:15:00,11.491266544908285
2018-07-14 05:30:00,11.48561779409647
2018-07-14 05:45:00,11.479969043284655
2018-07-14 06:00:00,11.47432029247284
2018-07-14 06:15:00,11.468671541661024
2018-07-14 06:30:00,11.463022790849209
2018-07-14 06:45:00,11.457374040037394
2018-07-14 07:00:00,11.451725289225578
2018-07-14 07:15:00,11.446076538413763
2018-07-14 07:30:00,11.440427787601948
2018-07-14 07:45:00,11.434779036790133
2018-07-14 08:00:00,11.429130285978317
2018-07-14 08:15:00,11.429130285978317
2018-07-14 08:30:00,11.429130285978317
2018-07-14 08:45:00,11.429130285978317
2018-07-14 09:00:00,11.429130285978317
2018-07-14 09:15:00,11.429130285978317
2018-07-14 09:30:00,11.429130285978317
2018-07-14 09:45:00,11.429130285978317
2018-07-14 10:00:00,11.429130285978317
2018-07-14 10:15:00,11.429130285978317
2018-07-14 10:30:00,11.429130285978317
2018-07-14 10:45:00,11.429130285978317
2018-07-14 11:00:00,11.429130285978317
2018-07-14 11:15:00,11.429130285978317
2018-07-14 11:30:00,11.429130285978317
2018-07-14 11:45:00,11.429130285978317
2018-07-14 12:00:00,11.429130285978317
2018-07-14 12:15:00,11.437599919736385
2018-07-14 12:30:00,11.446069553494453
2018-07-14 12:45:00,11.454539187252522
2018-07-14 13:00:00,11.46300882101059
2018-07-14 13:15:00,11.471478454768658
2018-07-14 13:30:00,11.479948088526726
2018-07-14 13:45:00,11.488417722284794
2018-07-14 14:00:00,11.496887356042862
2018-07-14 14:15:00,11.50535698980093
2018-07-14 14:30:00,11.513826623558998
2018-07-14 14:45:00,11.522296257317066
2018-07-14 15:00:00,11.530765891075134
2018-07-14 15:15:00,11.539235524833202
2018-07-14 15:30:00,11.54770515859127
2018-07-14 15:45:00,11.556174792349339
2018-07-14 16:00:00,11.564644426107407
2018-07-14 16:15:00,11.567462980747223
2018-07-14 16:30:00,11.57028153538704
2018-07-14 16:45:00,11.573100090026855
2018-07-14 17:00:00,11.575918644666672
2018-07-14 17:15:00,11.578737199306488
2018-07-14 17:30:00,11.581555753946304
2018-07-14 17:45:00,11.58437430858612
2018-07-14 18:00:00,11.587192863225937
2018-07-14 18:15:00,11.590011417865753
2018-07-14 18:30:00,11.59282997250557
2018-07-14 18:45:00,11.595648527145386
2018-07-14 19:00:00,11.598467081785202
2018-07-14 19:15:00,11.601285636425018
2018-07-14 19:30:00,11.604104191064835
2018-07-14 19:45:00,11.60692274570465
2018-07-14 20:00:00,11.609741300344467
2018-07-14 20:15:00,11.604101862758398
2018-07-14 20:30:00,11.598462425172329
2018-07-14 20:45:00,11.59282298758626
2018-07-14 21:00:00,11.58718355000019
2018-07-14 21:15:00,11.581544112414122
2018-07-14 21:30:00,11.575904674828053
2018-07-14 21:45:00,11.570265237241983
2018-07-14 22:00:00,11.564625799655914
2018-07-14 22:15:00,11.558986362069845
2018-07-14 22:30:00,11.553346924483776
2018-07-14 22:45:00,11.547707486897707
2018-07-14 23:00:00,11.542068049311638
2018-07-14 23:15:00,11.536428611725569
2018-07-14 23:30:00,11.5307891741395
2018-07-14 23:45:00,11.52514973655343
2018-07-15 00:00:00,11.519510298967361
2018-07-15 00:15:00,11.513861548155546
2018-07-15 00:30:00,11.508212797343731
2018-07-15 00:45:00,11.502564046531916
2018-07-15 01:00:00,11.4969152957201
2018-07-15 01:15:00,11.491266544908285
2018-07-15 01:30:00,11.48561779409647
2018-07-15 01:45:00,11.479969043284655
2018-07-15 02:00:00,11.47432029247284
2018-07-15 02:15:00,11.468671541661024
2018-07-15 02:30:00,11.463022790849209
2018-07-15 02:45:00,11.457374040037394
2018-07-15 03:00:00,11.451725289225578
2018-07-15 03:15:00,11.446076538413763
2018-07-15 03:30:00,11.440427787601948
2018-07-15 03:45:00,11.434779036790133
2018-07-15 04:00:00,11.429130285978317
2018-07-15 04:15:00,11.426302418112755
2018-07-15 04:30:00,11.423474550247192
2018-07-15 04:45:00,11.42064668238163
2018-07-15 05:00:00,11.417818814516068
2018-07-15 05:15:00,11.414990946650505
2018-07-15 05:30:00,11.412163078784943
2018-07-15 05:45:00,11.40933521091938
2018-07-15 06:00:00,11.406507343053818
2018-07-15 06:15:00,11.403679475188255
2018-07-15 06:30:00,11.400851607322693
2018-07-15 06:45:00,11.39802373945713
2018-07-15 07:00:00,11.395195871591568
2018-07-15 07:15:00,11.392368003726006
2018-07-15 07:30:00,11.389540135860443
2018-07-15 07:45:00,11.38671226799488
2018-07-15 08:00:00,11.383884400129318
2018-07-15 08:15:00,11.38105415739119
2018-07-15 08:30:00,11.378223914653063
2018-07-15 08:45:00,11.375393671914935
2018-07-15 09:00:00,11.372563429176807
2018-07-15 09:15:00,11.36973318643868
2018-07-15 09:30:00,11.366902943700552
2018-07-15 09:45:00,11.364072700962424
2018-07-15 10:00:00,11.361242458224297
2018-07-15 10:15:00,11.358412215486169
2018-07-15 10:30:00,11.355581972748041
2018-07-15 10:45:00,11.352751730009913
2018-07-15 11:00:00,11.349921487271786
2018-07-15 11:15:00,11.347091244533658
2018-07-15 11:30:00,11.34426100179553
2018-07-15 11:45:00,11.341430759057403
2018-07-15 12:00:00,11.338600516319275
2018-07-15 12:15:00,11.347084166482091
2018-07-15 12:30:00,11.355567816644907
2018-07-15 12:45:00,11.364051466807723
2018-07-15 13:00:00,11.372535116970539
2018-07-15 13:15:00,11.381018767133355
2018-07-15 13:30:00,11.389502417296171
2018-07-15 13:45:00,11.397986067458987
2018-07-15 14:00:00,11.406469717621803
2018-07-15 14:15:00,11.41495336778462
2018-07-15 14:30:00,11.423437017947435
2018-07-15 14:45:00,11.431920668110251
2018-07-15 15:00:00,11.440404318273067
2018-07-15 15:15:00,11.448887968435884
2018-07-15 15:30:00,11.4573716185987
2018-07-15 15:45:00,11.465855268761516
2018-07-15 16:00:00,11.474338918924332
2018-07-15 16:15:00,11.477162130177021
2018-07-15 16:30:00,11.47998534142971
2018-07-15 16:45:00,11.4828085526824
2018-07-15 17:00:00,11.485631763935089
2018-07-15 17:15:00,11.488454975187778
2018-07-15 17:30:00,11.491278186440468
2018-07-15 17:45:00,11.494101397693157
2018-07-15 18:00:00,11.496924608945847
2018-07-15 18:15:00,11.499747820198536
2018-07-15 18:30:00,11.502571031451225
2018-07-15 18:45:00,11.505394242703915
2018-07-15 19:00:00,11.508217453956604
2018-07-15 19:15:00,11.511040665209293
2018-07-15 19:30:00,11.513863876461983
2018-07-15 19:45:00,11.516687087714672
2018-07-15 20:00:00,11.519510298967361
2018-07-15 20:15:00,11.513861548155546
2018-07-15 20:30:00,11.508212797343731
2018-07-15 20:45:00,11.502564046531916
2018-07-15 21:00:00,11.4969152957201
2018-07-15 21:15:00,11.491266544908285
2018-07-15 21:30:00,11.48561779409647
2018-07-15 21:45:00,11.479969043284655
2018-07-15 22:00:00,11.47432029247284
2018-07-15 22:15:00,11.468671541661024
2018-07-15 22:30:00,11.463022790849209
2018-07-15 22:45:00,11.457374040037394
2018-07-15 23:00:00,11.451725289225578
2018-07-15 23:15:00,11.446076538413763
2018-07-15 23:30:00,11.440427787601948
2018-07-15 23:45:00,11.434779036790133
2018-07-16 00:00:00,11.429130285978317
2018-07-16 00:15:00,11.423472175374627
2018-07-16 00:30:00,11.417814064770937
2018-07-16 00:45:00,11.412155954167247
2018-07-16 01:00:00,11.406497843563557
2018-07-16 01:15:00,11.400839732959867
2018-07-16 01:30:00,11.395181622356176
2018-07-16 01:45:00,11.389523511752486
2018-07-16 02:00:00,11.383865401148796
2018-07-16 02:15:00,11.378207290545106
2018-07-16 02:30:00,11.372549179941416
2018-07-16 02:45:00,11.366891069337726
2018-07-16 03:00:00,11.361232958734035
2018-07-16 03:15:00,11.355574848130345
2018-07-16 03:30:00,11.349916737526655
2018-07-16 03:45:00,11.344258626922965
2018-07-16 04:00:00,11.338600516319275
2018-07-16 04:15:00,11.33576799184084
2018-07-16 04:30:00,11.332935467362404
2018-07-16 04:45:00,11.330102942883968
2018-07-16 05:00:00,11.327270418405533
2018-07-16 05:15:00,11.324437893927097
2018-07-16 05:30:00,11.321605369448662
2018-07-16 05:45:00,11.318772844970226
2018-07-16 06:00:00,11.31594032049179
2018-07-16 06:15:00,11.313107796013355
2018-07-16 06:30:00,11.31027527153492
2018-07-16 06:45:00,11.307442747056484
2018-07-16 07:00:00,11.304610222578049
2018-07-16 07:15:00,11.301777698099613
2018-07-16 07:30:00,11.298945173621178
2018-07-16 07:45:00,11.296112649142742
2018-07-16 08:00:00,11.293280124664307
2018-07-16 08:15:00,11.293280124664307
2018-07-16 08:30:00,11.293280124664307
2018-07-16 08:45:00,11.293280124664307
2018-07-16 09:00:00,11.293280124664307
2018-07-16 09:15:00,11.293280124664307
2018-07-16 09:30:00,11.293280124664307
2018-07-16 09:45:00,11.293280124664307
2018-07-16 10:00:00,11.293280124664307
2018-07-16 10:15:00,11.293280124664307
2018-07-16 10:30:00,11.293280124664307
2018-07-16 10:45:00,11.293280124664307
2018-07-16 11:00:00,11.293280124664307
2018-07-16 11:15:00,11.293280124664307
2018-07-16 11:30:00,11.293280124664307
2018-07-16 11:45:00,11.293280124664307
2018-07-16 12:00:00,11.293280124664307
2018-07-16 12:15:00,11.604037694633007
2018-07-16 12:30:00,11.914795264601707
2018-07-16 12:45:00,12.225552834570408
2018-07-16 13:00:00,12.536310404539108
2018-07-16 13:15:00,12.847067974507809
2018-07-16 13:30:00,13.157825544476509
2018-07-16 13:45:00,13.46858311444521
2018-07-16 14:00:00,13.77934068441391
2018-07-16 14:15:00,14.09009825438261
2018-07-16 14:30:00,14.40085582435131
2018-07-16 14:45:00,14.711613394320011
2018-07-16 15:00:00,15.022370964288712
2018-07-16 15:15:00,15.333128534257412
2018-07-16 15:30:00,15.643886104226112
2018-07-16 15:45:00,15.954643674194813
2018-07-16 16:00:00,16.265401244163513
2018-07-16 16:15:00,16.999459639191628
2018-07-16 16:30:00,17.733518034219742
2018-07-16 16:45:00,18.467576429247856
2018-07-16 17:00:00,19.20163482427597
2018-07-16 17:15:00,19.935693219304085
2018-07-16 17:30:00,20.6697516143322
2018-07-16 17:45:00,21.403810009360313
2018-07-16 18:00:00,22.137868404388428
2018-07-16 18:15:00,22.871926799416542
2018-07-16 18:30:00,23.605985194444656
2018-07-16 18:45:00,24.34004358947277
2018-07-16 19:00:00,25.074101984500885
2018-07-16 19:15:00,25.808160379529
2018-07-16 19:30:00,26.542218774557114
2018-07-16 19:45:00,27.276277169585228
2018-07-16 20:00:00,28.010335564613342
2018-07-16 20:15:00,27.856744453310966
2018-07-16 20:30:00,27.70315334200859
2018-07-16 20:45:00,27.549562230706215
2018-07-16 21:00:00,27.39597111940384
2018-07-16 21:15:00,27.242380008101463
2018-07-16 21:30:00,27.088788896799088
2018-07-16 21:45:00,26.93519778549671
2018-07-16 22:00:00,26.781606674194336
2018-07-16 22:15:00,26.62801556289196
2018-07-16 22:30:00,26.474424451589584
2018-07-16 22:45:00,26.32083334028721
2018-07-16 23:00:00,26.167242228984833
2018-07-16 23:15:00,26.013651117682457
2018-07-16 23:30:00,25.86006000638008
2018-07-16 23:45:00,25.706468895077705
2018-07-17 00:00:00,25.55287778377533
2018-07-17 00:15:00,25.506990682333708
2018-07-17 00:30:00,25.461103580892086
2018-07-17 00:45:00,25.415216479450464
2018-07-17 01:00:00,25.369329378008842
2018-07-17 01:15:00,25.32344227656722
2018-07-17 01:30:00,25.2775551751256
2018-07-17 01:45:00,25.231668073683977
2018-07-17 02:00:00,25.185780972242355
2018-07-17 02:15:00,25.139893870800734
2018-07-17 02:30:00,25.094006769359112
2018-07-17 02:45:00,25.04811966791749
2018-07-17 03:00:00,25.00223256647587
2018-07-17 03:15:00,24.956345465034246
2018-07-17 03:30:00,24.910458363592625
2018-07-17 03:45:00,24.864571262151003
2018-07-17 04:00:00,24.81868416070938
2018-07-17 04:15:00,24.79113945737481
2018-07-17 04:30:00,24.76359475404024
2018-07-17 04:45:00,24.73605005070567
2018-07-17 05:00:00,24.7085053473711
2018-07-17 05:15:00,24.68096064403653
2018-07-17 05:30:00,24.65341594070196
2018-07-17 05:45:00,24.62587123736739
2018-07-17 06:00:00,24.59832653403282
2018-07-17 06:15:00,24.57078183069825
2018-07-17 06:30:00,24.543237127363682
2018-07-17 06:45:00,24.515692424029112
2018-07-17 07:00:00,24.488147720694542
2018-07-17 07:15:00,24.460603017359972
2018-07-17 07:30:00,24.433058314025402
2018-07-17 07:45:00,24.405513610690832
2018-07-17 08:00:00,24.377968907356262
2018-07-17 08:15:00,24.35871073976159
2018-07-17 08:30:00,24.33945257216692
2018-07-17 08:45:00,24.32019440457225
2018-07-17 09:00:00,24.300936236977577
2018-07-17 09:15:00,24.281678069382906
2018-07-17 09:30:00,24.262419901788235
2018-07-17 09:45:00,24.243161734193563
2018-07-17 10:00:00,24.223903566598892
2018-07-17 10:15:00,24.20464539900422
2018-07-17 10:30:00,24.18538723140955
2018-07-17 10:45:00,24.16612906381488
2018-07-17 11:00:00,24.146870896220207
2018-07-17 11:15:00,24.127612728625536
2018-07-17 11:30:00,24.108354561030865
2018-07-17 11:45:00,24.089096393436193
2018-07-17 12:00:00,24.069838225841522
2018-07-17 12:15:00,24.050424434244633
2018-07-17 12:30:00,24.031010642647743
2018-07-17 12:45:00,24.011596851050854
2018-07-17 13:00:00,23.992183059453964
2018-07-17 13:15:00,23.972769267857075
2018-07-17 13:30:00,23.953355476260185
2018-07-17 13:45:00,23.933941684663296
2018-07-17 14:00:00,23.914527893066406
2018-07-17 14:15:00,23.895114101469517
2018-07-17 14:30:00,23.875700309872627
2018-07-17 14:45:00,23.856286518275738
2018-07-17 15:00:00,23.83687272667885
2018-07-17 15:15:00,23.81745893508196
2018-07-17 15:30:00,23.79804514348507
2018-07-17 15:45:00,23.77863135188818
2018-07-17 16:00:00,23.75921756029129
2018-07-17 16:15:00,23.77863135188818
2018-07-17 16:30:00,23.79804514348507
2018-07-17 16:45:00,23.81745893508196
2018-07-17 17:00:00,23.83687272667885
2018-07-17 17:15:00,23.856286518275738
2018-07-17 17:30:00,23.875700309872627
2018-07-17 17:45:00,23.895114101469517
2018-07-17 18:00:00,23.914527893066406
2018-07-17 18:15:00,23.933941684663296
2018-07-17 18:30:00,23.953355476260185
2018-07-17 18:45:00,23.972769267857075
2018-07-17 19:00:00,23.992183059453964
2018-07-17 19:15:00,24.011596851050854
2018-07-17 19:30:00,24.031010642647743
2018-07-17 19:45:00,24.050424434244633
2018-07-17 20:00:00,24.069838225841522
2018-07-17 20:15:00,24.069838225841522
2018-07-17 20:30:00,24.069838225841522
2018-07-17 20:45:00,24.069838225841522
2018-07-17 21:00:00,24.069838225841522
2018-07-17 21:15:00,24.069838225841522
2018-07-17 21:30:00,24.069838225841522
2018-07-17 21:45:00,24.069838225841522
2018-07-17 22:00:00,24.069838225841522
2018-07-17 22:15:00,24.069838225841522
2018-07-17 22:30:00,24.069838225841522
2018-07-17 22:45:00,24.069838225841522
2018-07-17 23:00:00,24.069838225841522
2018-07-17 23:15:00,24.069838225841522
2018-07-17 23:30:00,24.069838225841522
2018-07-17 23:45:00,24.069838225841522
2018-07-18 00:00:00,24.069838225841522
2018-07-18 00:15:00,24.05907204374671
2018-07-18 00:30:00,24.048305861651897
2018-07-18 00:45:00,24.037539679557085
2018-07-18 01:00:00,24.026773497462273
2018-07-18 01:15:00,24.01600731536746
2018-07-18 01:30:00,24.005241133272648
2018-07-18 01:45:00,23.994474951177835
2018-07-18 02:00:00,23.983708769083023
2018-07-18 02:15:00,23.97294258698821
2018-07-18 02:30:00,23.9621764048934
2018-07-18 02:45:00,23.951410222798586
2018-07-18 03:00:00,23.940644040703773
2018-07-18 03:15:00,23.92987785860896
2018-07-18 03:30:00,23.91911167651415
2018-07-18 03:45:00,23.908345494419336
2018-07-18 04:00:00,23.897579312324524
2018-07-18 04:15:00,24.3227019906044
2018-07-18 04:30:00,24.747824668884277
2018-07-18 04:45:00,25.172947347164154
2018-07-18 05:00:00,25.59807002544403
2018-07-18 05:15:00,26.023192703723907
2018-07-18 05:30:00,26.448315382003784
2018-07-18 05:45:00,26.87343806028366
2018-07-18 06:00:00,27.298560738563538
2018-07-18 06:15:00,27.723683416843414
2018-07-18 06:30:00,28.14880609512329
2018-07-18 06:45:00,28.573928773403168
2018-07-18 07:00:00,28.999051451683044
2018-07-18 07:15:00,29.42417412996292
2018-07-18 07:30:00,29.849296808242798
2018-07-18 07:45:00,30.274419486522675
2018-07-18 08:00:00,30.69954216480255
2018-07-18 08:15:00,30.69954216480255
2018-07-18 08:30:00,30.69954216480255
2018-07-18 08:45:00,30.69954216480255
2018-07-18 09:00:00,30.69954216480255
2018-07-18 09:15:00,30.69954216480255
2018-07-18 09:30:00,30.69954216480255
2018-07-18 09:45:00,30.69954216480255
2018-07-18 10:00:00,30.69954216480255
2018-07-18 10:15:00,30.69954216480255
2018-07-18 10:30:00,30.69954216480255
2018-07-18 10:45:00,30.69954216480255
2018-07-18 11:00:00,30.69954216480255
2018-07-18 11:15:00,30.69954216480255
2018-07-18 11:30:00,30.69954216480255
2018-07-18 11:45:00,30.69954216480255
2018-07-18 12:00:00,30.69954216480255
2018-07-18 12:15:00,30.586569011211395
2018-07-18 12:30:00,30.47359585762024
2018-07-18 12:45:00,30.360622704029083
2018-07-18 13:00:00,30.247649550437927
2018-07-18 13:15:00,30.13467639684677
2018-07-18 13:30:00,30.021703243255615
2018-07-18 13:45:00,29.90873008966446
2018-07-18 14:00:00,29.795756936073303
2018-07-18 14:15:00,29.682783782482147
2018-07-18 14:30:00,29.56981062889099
2018-07-18 14:45:00,29.456837475299835
2018-07-18 15:00:00,29.34386432170868
2018-07-18 15:15:00,29.230891168117523
2018-07-18 15:30:00,29.117918014526367
2018-07-18 15:45:00,29.00494486093521
2018-07-18 16:00:00,28.891971707344055
2018-07-18 16:15:00,28.833014890551567
2018-07-18 16:30:00,28.77405807375908
2018-07-18 16:45:00,28.71510125696659
2018-07-18 17:00:00,28.656144440174103
2018-07-18 17:15:00,28.597187623381615
2018-07-18 17:30:00,28.538230806589127
2018-07-18 17:45:00,28.47927398979664
2018-07-18 18:00:00,28.42031717300415
2018-07-18 18:15:00,28.361360356211662
2018-07-18 18:30:00,28.302403539419174
2018-07-18 18:45:00,28.243446722626686
2018-07-18 19:00:00,28.184489905834198
2018-07-18 19:15:00,28.12553308904171
2018-07-18 19:30:00,28.066576272249222
2018-07-18 19:45:00,28.007619455456734
2018-07-18 20:00:00,27.948662638664246
2018-07-18 20:15:00,27.919527888298035
2018-07-18 20:30:00,27.890393137931824
2018-07-18 20:45:00,27.861258387565613
2018-07-18 21:00:00,27.832123637199402
2018-07-18 21:15:00,27.80298888683319
2018-07-18 21:30:00,27.77385413646698
2018-07-18 21:45:00,27.74471938610077
2018-07-18 22:00:00,27.715584635734558
2018-07-18 22:15:00,27.686449885368347
2018-07-18 22:30:00,27.657315135002136
2018-07-18 22:45:00,27.628180384635925
2018-07-18 23:00:00,27.599045634269714
2018-07-18 23:15:00,27.569910883903503
2018-07-18 23:30:00,27.540776133537292
2018-07-18 23:45:00,27.51164138317108
2018-07-19 00:00:00,27.48250663280487
2018-07-19 00:15:00,27.462860383093357
2018-07-19 00:30:00,27.443214133381844
2018-07-19 00:45:00,27.42356788367033
2018-07-19 01:00:00,27.403921633958817
2018-07-19 01:15:00,27.384275384247303
2018-07-19 01:30:00,27.36462913453579
2018-07-19 01:45:00,27.344982884824276
2018-07-19 02:00:00,27.325336635112762
2018-07-19 02:15:00,27.30569038540125
2018-07-19 02:30:00,27.286044135689735
2018-07-19 02:45:00,27.266397885978222
2018-07-19 03:00:00,27.24675163626671
2018-07-19 03:15:00,27.227105386555195
2018-07-19 03:30:00,27.20745913684368
2018-07-19 03:45:00,27.187812887132168
2018-07-19 04:00:00,27.168166637420654
2018-07-19 04:15:00,27.154307439923286
2018-07-19 04:30:00,27.14044824242592
2018-07-19 04:45:00,27.12658904492855
2018-07-19 05:00:00,27.112729847431183
2018-07-19 05:15:00,27.098870649933815
2018-07-19 05:30:00,27.085011452436447
2018-07-19 05:45:00,27.07115225493908
2018-07-19 06:00:00,27.05729305744171
2018-07-19 06:15:00,27.043433859944344
2018-07-19 06:30:00,27.029574662446976
2018-07-19 06:45:00,27.015715464949608
2018-07-19 07:00:00,27.00185626745224
2018-07-19 07:15:00,26.987997069954872
2018-07-19 07:30:00,26.974137872457504
2018-07-19 07:45:00,26.960278674960136
2018-07-19 08:00:00,26.94641947746277
2018-07-19 08:15:00,26.930471695959568
2018-07-19 08:30:00,26.914523914456367
2018-07-19 08:45:00,26.898576132953167
2018-07-19 09:00:00,26.882628351449966
2018-07-19 09:15:00,26.866680569946766
2018-07-19 09:30:00,26.850732788443565
2018-07-19 09:45:00,26.834785006940365
2018-07-19 10:00:00,26.818837225437164
2018-07-19 10:15:00,26.802889443933964
2018-07-19 10:30:00,26.786941662430763
2018-07-19 10:45:00,26.770993880927563
2018-07-19 11:00:00,26.755046099424362
2018-07-19 11:15:00,26.73909831792116
2018-07-19 11:30:00,26.72315053641796
2018-07-19 11:45:00,26.70720275491476
2018-07-19 12:00:00,26.69125497341156
2018-07-19 12:15:00,26.656978763639927
2018-07-19 12:30:00,26.622702553868294
2018-07-19 12:45:00,26.58842634409666
2018-07-19 13:00:00,26.554150134325027
2018-07-19 13:15:00,26.519873924553394
2018-07-19 13:30:00,26.48559771478176
2018-07-19 13:45:00,26.451321505010128
2018-07-19 14:00:00,26.417045295238495
2018-07-19 14:15:00,26.38276908546686
2018-07-19 14:30:00,26.34849287569523
2018-07-19 14:45:00,26.314216665923595
2018-07-19 15:00:00,26.279940456151962
2018-07-19 15:15:00,26.24566424638033
2018-07-19 15:30:00,26.211388036608696
2018-07-19 15:45:00,26.177111826837063
2018-07-19 16:00:00,26.14283561706543
2018-07-19 16:15:00,26.1059632524848
2018-07-19 16:30:00,26.069090887904167
2018-07-19 16:45:00,26.032218523323536
2018-07-19 17:00:00,25.995346158742905
2018-07-19 17:15:00,25.958473794162273
2018-07-19 17:30:00,25.921601429581642
2018-07-19 17:45:00,25.88472906500101
2018-07-19 18:00:00,25.84785670042038
2018-07-19 18:15:00,25.81098433583975
2018-07-19 18:30:00,25.774111971259117
2018-07-19 18:45:00,25.737239606678486
2018-07-19 19:00:00,25.700367242097855
2018-07-19 19:15:00,25.663494877517223
2018-07-19 19:30:00,25.626622512936592
2018-07-19 19:45:00,25.58975014835596
2018-07-19 20:00:00,25.55287778377533
2018-07-19 20:15:00,25.534215569496155
2018-07-19 20:30:00,25.51555335521698
2018-07-19 20:45:00,25.496891140937805
2018-07-19 21:00:00,25.47822892665863
2018-07-19 21:15:00,25.459566712379456
2018-07-19 21:30:00,25.44090449810028
2018-07-19 21:45:00,25.422242283821106
2018-07-19 22:00:00,25.40358006954193
2018-07-19 22:15:00,25.384917855262756
2018-07-19 22:30:00,25.36625564098358
2018-07-19 22:45:00,25.347593426704407
2018-07-19 23:00:00,25.328931212425232
2018-07-19 23:15:00,25.310268998146057
2018-07-19 23:30:00,25.291606783866882
2018-07-19 23:45:00,25.272944569587708
2018-07-20 00:00:00,25.254282355308533
2018-07-20 00:15:00,25.24384893476963
2018-07-20 00:30:00,25.233415514230728
2018-07-20 00:45:00,25.222982093691826
2018-07-20 01:00:00,25.212548673152924
2018-07-20 01:15:00,25.20211525261402
2018-07-20 01:30:00,25.19168183207512
2018-07-20 01:45:00,25.181248411536217
2018-07-20 02:00:00,25.170814990997314
2018-07-20 02:15:00,25.160381570458412
2018-07-20 02:30:00,25.14994814991951
2018-07-20 02:45:00,25.139514729380608
2018-07-20 03:00:00,25.129081308841705
2018-07-20 03:15:00,25.118647888302803
2018-07-20 03:30:00,25.1082144677639
2018-07-20 03:45:00,25.097781047225
2018-07-20 04:00:00,25.087347626686096
2018-07-20 04:15:00,25.078966934233904
2018-07-20 04:30:00,25.07058624178171
2018-07-20 04:45:00,25.06220554932952
2018-07-20 05:00:00,25.053824856877327
2018-07-20 05:15:00,25.045444164425135
2018-07-20 05:30:00,25.037063471972942
2018-07-20 05:45:00,25.02868277952075
2018-07-20 06:00:00,25.020302087068558
2018-07-20 06:15:00,25.011921394616365
2018-07-20 06:30:00,25.003540702164173
2018-07-20 06:45:00,24.99516000971198
2018-07-20 07:00:00,24.98677931725979
2018-07-20 07:15:00,24.978398624807596
2018-07-20 07:30:00,24.970017932355404
2018-07-20 07:45:00,24.96163723990321
2018-07-20 08:00:00,24.95325654745102
2018-07-20 08:15:00,24.94273828342557
2018-07-20 08:30:00,24.93222001940012
2018-07-20 08:45:00,24.92170175537467
2018-07-20 09:00:00,24.91118349134922
2018-07-20 09:15:00,24.90066522732377
2018-07-20 09:30:00,24.89014696329832
2018-07-20 09:45:00,24.87962869927287
2018-07-20 10:00:00,24.86911043524742
2018-07-20 10:15:00,24.85859217122197
2018-07-20 10:30:00,24.84807390719652
2018-07-20 10:45:00,24.837555643171072
2018-07-20 11:00:00,24.827037379145622
2018-07-20 11:15:00,24.816519115120173
2018-07-20 11:30:00,24.806000851094723
2018-07-20 11:45:00,24.795482587069273
2018-07-20 12:00:00,24.784964323043823
2018-07-20 12:15:00,24.76165732368827
2018-07-20 12:30:00,24.738350324332714
2018-07-20 12:45:00,24.71504332497716
2018-07-20 13:00:00,24.691736325621605
2018-07-20 13:15:00,24.66842932626605
2018-07-20 13:30:00,24.645122326910496
2018-07-20 13:45:00,24.62181532755494
2018-07-20 14:00:00,24.598508328199387
2018-07-20 14:15:00,24.575201328843832
2018-07-20 14:30:00,24.551894329488277
2018-07-20 14:45:00,24.528587330132723
2018-07-20 15:00:00,24.50528033077717
2018-07-20 15:15:00,24.481973331421614
2018-07-20 15:30:00,24.45866633206606
2018-07-20 15:45:00,24.435359332710505
2018-07-20 16:00:00,24.41205233335495
2018-07-20 16:15:00,24.388514552265406
2018-07-20 16:30:00,24.36497677117586
2018-07-20 16:45:00,24.341438990086317
2018-07-20 17:00:00,24.317901208996773
2018-07-20 17:15:00,24.29436342790723
2018-07-20 17:30:00,24.270825646817684
2018-07-20 17:45:00,24.24728786572814
2018-07-20 18:00:00,24.223750084638596
2018-07-20 18:15:00,24.20021230354905
2018-07-20 18:30:00,24.176674522459507
2018-07-20 18:45:00,24.153136741369963
2018-07-20 19:00:00,24.12959896028042
2018-07-20 19:15:00,24.106061179190874
2018-07-20 19:30:00,24.08252339810133
2018-07-20 19:45:00,24.058985617011786
2018-07-20 20:00:00,24.03544783592224
2018-07-20 20:15:00,24.02034830302
2018-07-20 20:30:00,24.00524877011776
2018-07-20 20:45:00,23.99014923721552
2018-07-20 21:00:00,23.975049704313278
2018-07-20 21:15:00,23.959950171411037
2018-07-20 21:30:00,23.944850638508797
2018-07-20 21:45:00,23.929751105606556
2018-07-20 22:00:00,23.914651572704315
2018-07-20 22:15:00,23.899552039802074
2018-07-20 22:30:00,23.884452506899834
2018-07-20 22:45:00,23.869352973997593
2018-07-20 23:00:00,23.854253441095352
2018-07-20 23:15:00,23.83915390819311
2018-07-20 23:30:00,23.82405437529087
2018-07-20 23:45:00,23.80895484238863
2018-07-21 00:00:00,23.79385530948639
2018-07-21 00:15:00,24.041924811899662
2018-07-21 00:30:00,24.289994314312935
2018-07-21 00:45:00,24.538063816726208
2018-07-21 01:00:00,24.78613331913948
2018-07-21 01:15:00,25.034202821552753
2018-07-21 01:30:00,25.282272323966026
2018-07-21 01:45:00,25.5303418263793
2018-07-21 02:00:00,25.778411328792572
2018-07-21 02:15:00,26.026480831205845
2018-07-21 02:30:00,26.274550333619118
2018-07-21 02:45:00,26.52261983603239
2018-07-21 03:00:00,26.770689338445663
2018-07-21 03:15:00,27.018758840858936
2018-07-21 03:30:00,27.26682834327221
2018-07-21 03:45:00,27.514897845685482
2018-07-21 04:00:00,27.762967348098755
2018-07-21 04:15:00,28.002315387129784
2018-07-21 04:30:00,28.241663426160812
2018-07-21 04:45:00,28.48101146519184
2018-07-21 05:00:00,28.72035950422287
2018-07-21 05:15:00,28.9597075432539
2018-07-21 05:30:00,29.199055582284927
2018-07-21 05:45:00,29.438403621315956
2018-07-21 06:00:00,29.677751660346985
2018-07-21 06:15:00,29.917099699378014
2018-07-21 06:30:00,30.156447738409042
2018-07-21 06:45:00,30.39579577744007
2018-07-21 07:00:00,30.6351438164711
2018-07-21 07:15:00,30.87449185550213
2018-07-21 07:30:00,31.113839894533157
2018-07-21 07:45:00,31.353187933564186
2018-07-21 08:00:00,31.592535972595215
2018-07-21 08:15:00,31.44797831773758
2018-07-21 08:30:00,31.303420662879944
2018-07-21 08:45:00,31.15886300802231
2018-07-21 09:00:00,31.014305353164673
2018-07-21 09:15:00,30.869747698307037
2018-07-21 09:30:00,30.725190043449402
2018-07-21 09:45:00,30.580632388591766
2018-07-21 10:00:00,30.43607473373413
2018-07-21 10:15:00,30.291517078876495
2018-07-21 10:30:00,30.14695942401886
2018-07-21 10:45:00,30.002401769161224
2018-07-21 11:00:00,29.85784411430359
2018-07-21 11:15:00,29.713286459445953
2018-07-21 11:30:00,29.568728804588318
2018-07-21 11:45:00,29.424171149730682
2018-07-21 12:00:00,29.279613494873047
2018-07-21 12:15:00,29.200283624231815
2018-07-21 12:30:00,29.120953753590584
2018-07-21 12:45:00,29.041623882949352
2018-07-21 13:00:00,28.96229401230812
2018-07-21 13:15:00,28.88296414166689
2018-07-21 13:30:00,28.803634271025658
2018-07-21 13:45:00,28.724304400384426
2018-07-21 14:00:00,28.644974529743195
2018-07-21 14:15:00,28.565644659101963
2018-07-21 14:30:00,28.48631478846073
2018-07-21 14:45:00,28.4069849178195
2018-07-21 15:00:00,28.32765504717827
2018-07-21 15:15:00,28.248325176537037
2018-07-21 15:30:00,28.168995305895805
2018-07-21 15:45:00,28.089665435254574
2018-07-21 16:00:00,28.010335564613342
2018-07-21 16:15:00,27.951771207153797
2018-07-21 16:30:00,27.893206849694252
2018-07-21 16:45:00,27.834642492234707
2018-07-21 17:00:00,27.77607813477516
2018-07-21 17:15:00,27.717513777315617
2018-07-21 17:30:00,27.65894941985607
2018-07-21 17:45:00,27.600385062396526
2018-07-21 18:00:00,27.54182070493698
2018-07-21 18:15:00,27.483256347477436
2018-07-21 18:30:00,27.42469199001789
2018-07-21 18:45:00,27.366127632558346
2018-07-21 19:00:00,27.3075632750988
2018-07-21 19:15:00,27.248998917639256
2018-07-21 19:30:00,27.19043456017971
2018-07-21 19:45:00,27.131870202720165
2018-07-21 20:00:00,27.07330584526062
2018-07-21 20:15:00,27.049427665770054
2018-07-21 20:30:00,27.025549486279488
2018-07-21 20:45:00,27.00167130678892
2018-07-21 21:00:00,26.977793127298355
2018-07-21 21:15:00,26.95391494780779
2018-07-21 21:30:00,26.930036768317223
2018-07-21 21:45:00,26.906158588826656
2018-07-21 22:00:00,26.88228040933609
2018-07-21 22:15:00,26.858402229845524
2018-07-21 22:30:00,26.834524050354958
2018-07-21 22:45:00,26.81064587086439
2018-07-21 23:00:00,26.786767691373825
2018-07-21 23:15:00,26.76288951188326
2018-07-21 23:30:00,26.739011332392693
2018-07-21 23:45:00,26.715133152902126
2018-07-22 00:00:00,26.69125497341156
2018-07-22 00:15:00,26.677205227315426
2018-07-22 00:30:00,26.66315548121929
2018-07-22 00:45:00,26.649105735123158
2018-07-22 01:00:00,26.635055989027023
2018-07-22 01:15:00,26.62100624293089
2018-07-22 01:30:00,26.606956496834755
2018-07-22 01:45:00,26.59290675073862
2018-07-22 02:00:00,26.578857004642487
2018-07-22 02:15:00,26.564807258546352
2018-07-22 02:30:00,26.550757512450218
2018-07-22 02:45:00,26.536707766354084
2018-07-22 03:00:00,26.52265802025795
2018-07-22 03:15:00,26.508608274161816
2018-07-22 03:30:00,26.49455852806568
2018-07-22 03:45:00,26.480508781969547
2018-07-22 04:00:00,26.466459035873413
2018-07-22 04:15:00,26.454345136880875
2018-07-22 04:30:00,26.442231237888336
2018-07-22 04:45:00,26.430117338895798
2018-07-22 05:00:00,26.41800343990326
2018-07-22 05:15:00,26.40588954091072
2018-07-22 05:30:00,26.393775641918182
2018-07-22 05:45:00,26.381661742925644
2018-07-22 06:00:00,26.369547843933105
2018-07-22 06:15:00,26.357433944940567
2018-07-22 06:30:00,26.34532004594803
2018-07-22 06:45:00,26.33320614695549
2018-07-22 07:00:00,26.32109224796295
2018-07-22 07:15:00,26.308978348970413
2018-07-22 07:30:00,26.296864449977875
2018-07-22 07:45:00,26.284750550985336
2018-07-22 08:00:00,26.272636651992798
2018-07-22 08:15:00,26.26249138265848
2018-07-22 08:30:00,26.252346113324165
2018-07-22 08:45:00,26.24220084398985
2018-07-22 09:00:00,26.232055574655533
2018-07-22 09:15:00,26.221910305321217
2018-07-22 09:30:00,26.2117650359869
2018-07-22 09:45:00,26.201619766652584
2018-07-22 10:00:00,26.191474497318268
2018-07-22 10:15:00,26.18132922798395
2018-07-22 10:30:00,26.171183958649635
2018-07-22 10:45:00,26.16103868931532
2018-07-22 11:00:00,26.150893419981003
2018-07-22 11:15:00,26.140748150646687
2018-07-22 11:30:00,26.13060288131237
2018-07-22 11:45:00,26.120457611978054
2018-07-22 12:00:00,26.110312342643738
2018-07-22 12:15:00,26.089883223176003
2018-07-22 12:30:00,26.069454103708267
2018-07-22 12:45:00,26.049024984240532
2018-07-22 13:00:00,26.028595864772797
2018-07-22 13:15:00,26.00816674530506
2018-07-22 13:30:00,25.987737625837326
2018-07-22 13:45:00,25.96730850636959
2018-07-22 14:00:00,25.946879386901855
2018-07-22 14:15:00,25.92645026743412
2018-07-22 14:30:00,25.906021147966385
2018-07-22 14:45:00,25.88559202849865
2018-07-22 15:00:00,25.865162909030914
2018-07-22 15:15:00,25.84473378956318
2018-07-22 15:30:00,25.824304670095444
2018-07-22 15:45:00,25.80387555062771
2018-07-22 16:00:00,25.783446431159973
2018-07-22 16:15:00,25.769035890698433
2018-07-22 16:30:00,25.754625350236893
2018-07-22 16:45:00,25.740214809775352
2018-07-22 17:00:00,25.725804269313812
2018-07-22 17:15:00,25.711393728852272
2018-07-22 17:30:00,25.696983188390732
2018-07-22 17:45:00,25.68257264792919
2018-07-22 18:00:00,25.66816210746765
2018-07-22 18:15:00,25.65375156700611
2018-07-22 18:30:00,25.63934102654457
2018-07-22 18:45:00,25.62493048608303
2018-07-22 19:00:00,25.61051994562149
2018-07-22 19:15:00,25.59610940515995
2018-07-22 19:30:00,25.58169886469841
2018-07-22 19:45:00,25.56728832423687
2018-07-22 20:00:00,25.55287778377533
2018-07-22 20:15:00,25.542528554797173
2018-07-22 20:30:00,25.532179325819016
2018-07-22 20:45:00,25.52183009684086
2018-07-22 21:00:00,25.5114808678627
2018-07-22 21:15:00,25.501131638884544
2018-07-22 21:30:00,25.490782409906387
2018-07-22 21:45:00,25.48043318092823
2018-07-22 22:00:00,25.470083951950073
2018-07-22 22:15:00,25.459734722971916
2018-07-22 22:30:00,25.44938549399376
2018-07-22 22:45:00,25.439036265015602
2018-07-22 23:00:00,25.428687036037445
2018-07-22 23:15:00,25.418337807059288
2018-07-22 23:30:00,25.40798857808113
2018-07-22 23:45:00,25.397639349102974
2018-07-23 00:00:00,25.387290120124817
2018-07-23 00:15:00,25.3789771348238
2018-07-23 00:30:00,25.37066414952278
2018-07-23 00:45:00,25.362351164221764
2018-07-23 01:00:00,25.354038178920746
2018-07-23 01:15:00,25.345725193619728
2018-07-23 01:30:00,25.33741220831871
2018-07-23 01:45:00,25.329099223017693
2018-07-23 02:00:00,25.320786237716675
2018-07-23 02:15:00,25.312473252415657
2018-07-23 02:30:00,25.30416026711464
2018-07-23 02:45:00,25.29584728181362
2018-07-23 03:00:00,25.287534296512604
2018-07-23 03:15:00,25.279221311211586
2018-07-23 03:30:00,25.27090832591057
2018-07-23 03:45:00,25.26259534060955
2018-07-23 04:00:00,25.254282355308533
2018-07-23 04:15:00,25.245939381420612
2018-07-23 04:30:00,25.237596407532692
2018-07-23 04:45:00,25.22925343364477
2018-07-23 05:00:00,25.22091045975685
2018-07-23 05:15:00,25.21256748586893
2018-07-23 05:30:00,25.20422451198101
2018-07-23 05:45:00,25.19588153809309
2018-07-23 06:00:00,25.18753856420517
2018-07-23 06:15:00,25.17919559031725
2018-07-23 06:30:00,25.17085261642933
2018-07-23 06:45:00,25.16250964254141
2018-07-23 07:00:00,25.154166668653488
2018-07-23 07:15:00,25.145823694765568
2018-07-23 07:30:00,25.137480720877647
2018-07-23 07:45:00,25.129137746989727
2018-07-23 08:00:00,25.120794773101807
2018-07-23 08:15:00,25.1145176589489
2018-07-23 08:30:00,25.10824054479599
2018-07-23 08:45:00,25.10196343064308
2018-07-23 09:00:00,25.095686316490173
2018-07-23 09:15:00,25.089409202337265
2018-07-23 09:30:00,25.083132088184357
2018-07-23 09:45:00,25.07685497403145
2018-07-23 10:00:00,25.07057785987854
2018-07-23 10:15:00,25.06430074572563
2018-07-23 10:30:00,25.058023631572723
2018-07-23 10:45:00,25.051746517419815
2018-07-23 11:00:00,25.045469403266907
2018-07-23 11:15:00,25.039192289114
2018-07-23 11:30:00,25.03291517496109
2018-07-23 11:45:00,25.02663806080818
2018-07-23 12:00:00,25.020360946655273
2018-07-23 12:15:00,25.001428183168173
2018-07-23 12:30:00,24.982495419681072
2018-07-23 12:45:00,24.96356265619397
2018-07-23 13:00:00,24.94462989270687
2018-07-23 13:15:00,24.92569712921977
2018-07-23 13:30:00,24.90676436573267
2018-07-23 13:45:00,24.88783160224557
2018-07-23 14:00:00,24.86889883875847
2018-07-23 14:15:00,24.849966075271368
2018-07-23 14:30:00,24.831033311784267
2018-07-23 14:45:00,24.812100548297167
2018-07-23 15:00:00,24.793167784810066
2018-07-23 15:15:00,24.774235021322966
2018-07-23 15:30:00,24.755302257835865
2018-07-23 15:45:00,24.736369494348764
2018-07-23 16:00:00,24.717436730861664
2018-07-23 16:15:00,24.69408782199025
2018-07-23 16:30:00,24.67073891311884
2018-07-23 16:45:00,24.647390004247427
2018-07-23 17:00:00,24.624041095376015
2018-07-23 17:15:00,24.600692186504602
2018-07-23 17:30:00,24.57734327763319
2018-07-23 17:45:00,24.553994368761778
2018-07-23 18:00:00,24.530645459890366
2018-07-23 18:15:00,24.507296551018953
2018-07-23 18:30:00,24.48394764214754
2018-07-23 18:45:00,24.46059873327613
2018-07-23 19:00:00,24.437249824404716
2018-07-23 19:15:00,24.413900915533304
2018-07-23 19:30:00,24.390552006661892
2018-07-23 19:45:00,24.36720309779048
2018-07-23 20:00:00,24.343854188919067
2018-07-23 20:15:00,24.32887563481927
2018-07-23 20:30:00,24.31389708071947
2018-07-23 20:45:00,24.298918526619673
2018-07-23 21:00:00,24.283939972519875
2018-07-23 21:15:00,24.268961418420076
2018-07-23 21:30:00,24.253982864320278
2018-07-23 21:45:00,24.23900431022048
2018-07-23 22:00:00,24.22402575612068
2018-07-23 22:15:00,24.209047202020884
2018-07-23 22:30:00,24.194068647921085
2018-07-23 22:45:00,24.179090093821287
2018-07-23 23:00:00,24.16411153972149
2018-07-23 23:15:00,24.14913298562169
2018-07-23 23:30:00,24.134154431521893
2018-07-23 23:45:00,24.119175877422094
2018-07-24 00:00:00,24.104197323322296
2018-07-24 00:15:00,24.09559590741992
2018-07-24 00:30:00,24.086994491517544
2018-07-24 00:45:00,24.078393075615168
2018-07-24 01:00:00,24.06979165971279
2018-07-24 01:15:00,24.061190243810415
2018-07-24 01:30:00,24.05258882790804
2018-07-24 01:45:00,24.043987412005663
2018-07-24 02:00:00,24.035385996103287
2018-07-24 02:15:00,24.02678458020091
2018-07-24 02:30:00,24.018183164298534
2018-07-24 02:45:00,24.009581748396158
2018-07-24 03:00:00,24.000980332493782
2018-07-24 03:15:00,23.992378916591406
2018-07-24 03:30:00,23.98377750068903
2018-07-24 03:45:00,23.975176084786654
2018-07-24 04:00:00,23.966574668884277
2018-07-24 04:15:00,23.95794251933694
2018-07-24 04:30:00,23.9493103697896
2018-07-24 04:45:00,23.940678220242262
2018-07-24 05:00:00,23.932046070694923
2018-07-24 05:15:00,23.923413921147585
2018-07-24 05:30:00,23.914781771600246
2018-07-24 05:45:00,23.906149622052908
2018-07-24 06:00:00,23.89751747250557
2018-07-24 06:15:00,23.88888532295823
2018-07-24 06:30:00,23.880253173410892
2018-07-24 06:45:00,23.871621023863554
2018-07-24 07:00:00,23.862988874316216
2018-07-24 07:15:00,23.854356724768877
2018-07-24 07:30:00,23.84572457522154
2018-07-24 07:45:00,23.8370924256742
2018-07-24 08:00:00,23.82846027612686
2018-07-24 08:15:00,23.821965884417295
2018-07-24 08:30:00,23.81547149270773
2018-07-24 08:45:00,23.808977100998163
2018-07-24 09:00:00,23.802482709288597
2018-07-24 09:15:00,23.79598831757903
2018-07-24 09:30:00,23.789493925869465
2018-07-24 09:45:00,23.7829995341599
2018-07-24 10:00:00,23.776505142450333
2018-07-24 10:15:00,23.770010750740767
2018-07-24 10:30:00,23.7635163590312
2018-07-24 10:45:00,23.757021967321634
2018-07-24 11:00:00,23.750527575612068
2018-07-24 11:15:00,23.744033183902502
2018-07-24 11:30:00,23.737538792192936
2018-07-24 11:45:00,23.73104440048337
2018-07-24 12:00:00,23.724550008773804
2018-07-24 12:15:00,23.71368734166026
2018-07-24 12:30:00,23.70282467454672
2018-07-24 12:45:00,23.691962007433176
2018-07-24 13:00:00,23.681099340319633
2018-07-24 13:15:00,23.67023667320609
2018-07-24 13:30:00,23.65937400609255
2018-07-24 13:45:00,23.648511338979006
2018-07-24 14:00:00,23.637648671865463
2018-07-24 14:15:00,23.62678600475192
2018-07-24 14:30:00,23.615923337638378
2018-07-24 14:45:00,23.605060670524836
2018-07-24 15:00:00,23.594198003411293
2018-07-24 15:15:00,23.58333533629775
2018-07-24 15:30:00,23.572472669184208
2018-07-24 15:45:00,23.561610002070665
2018-07-24 16:00:00,23.550747334957123
2018-07-24 16:15:00,23.535458091646433
2018-07-24 16:30:00,23.520168848335743
2018-07-24 16:45:00,23.504879605025053
2018-07-24 17:00:00,23.489590361714363
2018-07-24 17:15:00,23.474301118403673
2018-07-24 17:30:00,23.459011875092983
2018-07-24 17:45:00,23.443722631782293
2018-07-24 18:00:00,23.428433388471603
2018-07-24 18:15:00,23.413144145160913
2018-07-24 18:30:00,23.397854901850224
2018-07-24 18:45:00,23.382565658539534
2018-07-24 19:00:00,23.367276415228844
2018-07-24 19:15:00,23.351987171918154
2018-07-24 19:30:00,23.336697928607464
2018-07-24 19:45:00,23.321408685296774
2018-07-24 20:00:00,23.306119441986084
2018-07-24 20:15:00,23.2951401732862
2018-07-24 20:30:00,23.284160904586315
2018-07-24 20:45:00,23.27318163588643
2018-07-24 21:00:00,23.262202367186546
2018-07-24 21:15:00,23.251223098486662
2018-07-24 21:30:00,23.240243829786777
2018-07-24 21:45:00,23.229264561086893
2018-07-24 22:00:00,23.21828529238701
2018-07-24 22:15:00,23.207306023687124
2018-07-24 22:30:00,23.19632675498724
2018-07-24 22:45:00,23.185347486287355
2018-07-24 23:00:00,23.17436821758747
2018-07-24 23:15:00,23.163388948887587
2018-07-24 23:30:00,23.152409680187702
2018-07-24 23:45:00,23.141430411487818
2018-07-25 00:00:00,23.130451142787933
2018-07-25 00:15:00,23.1216324493289
2018-07-25 00:30:00,23.112813755869865
2018-07-25 00:45:00,23.10399506241083
2018-07-25 01:00:00,23.095176368951797
2018-07-25 01:15:00,23.086357675492764
2018-07-25 01:30:00,23.07753898203373
2018-07-25 01:45:00,23.068720288574696
2018-07-25 02:00:00,23.05990159511566
2018-07-25 02:15:00,23.051082901656628
2018-07-25 02:30:00,23.042264208197594
2018-07-25 02:45:00,23.03344551473856
2018-07-25 03:00:00,23.024626821279526
2018-07-25 03:15:00,23.015808127820492
2018-07-25 03:30:00,23.006989434361458
2018-07-25 03:45:00,22.998170740902424
2018-07-25 04:00:00,22.98935204744339
2018-07-25 04:15:00,22.98050206154585
2018-07-25 04:30:00,22.971652075648308
2018-07-25 04:45:00,22.962802089750767
2018-07-25 05:00:00,22.953952103853226
2018-07-25 05:15:00,22.945102117955685
2018-07-25 05:30:00,22.936252132058144
2018-07-25 05:45:00,22.927402146160603
2018-07-25 06:00:00,22.91855216026306
2018-07-25 06:15:00,22.90970217436552
2018-07-25 06:30:00,22.90085218846798
2018-07-25 06:45:00,22.89200220257044
2018-07-25 07:00:00,22.883152216672897
2018-07-25 07:15:00,22.874302230775356
2018-07-25 07:30:00,22.865452244877815
2018-07-25 07:45:00,22.856602258980274
2018-07-25 08:00:00,22.847752273082733
2018-07-25 08:15:00,22.843315452337265
2018-07-25 08:30:00,22.838878631591797
2018-07-25 08:45:00,22.83444181084633
2018-07-25 09:00:00,22.83000499010086
2018-07-25 09:15:00,22.825568169355392
2018-07-25 09:30:00,22.821131348609924
2018-07-25 09:45:00,22.816694527864456
2018-07-25 10:00:00,22.812257707118988
2018-07-25 10:15:00,22.80782088637352
2018-07-25 10:30:00,22.80338406562805
2018-07-25 10:45:00,22.798947244882584
2018-07-25 11:00:00,22.794510424137115
2018-07-25 11:15:00,22.790073603391647
2018-07-25 11:30:00,22.78563678264618
2018-07-25 11:45:00,22.78119996190071
2018-07-25 12:00:00,22.776763141155243
2018-07-25 12:15:00,22.765636630356312
2018-07-25 12:30:00,22.75451011955738
2018-07-25 12:45:00,22.74338360875845
2018-07-25 13:00:00,22.73225709795952
2018-07-25 13:15:00,22.721130587160587
2018-07-25 13:30:00,22.710004076361656
2018-07-25 13:45:00,22.698877565562725
2018-07-25 14:00:00,22.687751054763794
2018-07-25 14:15:00,22.676624543964863
2018-07-25 14:30:00,22.66549803316593
2018-07-25 14:45:00,22.654371522367
2018-07-25 15:00:00,22.64324501156807
2018-07-25 15:15:00,22.63211850076914
2018-07-25 15:30:00,22.620991989970207
2018-07-25 15:45:00,22.609865479171276
2018-07-25 16:00:00,22.598738968372345
2018-07-25 16:15:00,22.585322055965662
2018-07-25 16:30:00,22.57190514355898
2018-07-25 16:45:00,22.558488231152296
2018-07-25 17:00:00,22.545071318745613
2018-07-25 17:15:00,22.53165440633893
2018-07-25 17:30:00,22.518237493932247
2018-07-25 17:45:00,22.504820581525564
2018-07-25 18:00:00,22.49140366911888
2018-07-25 18:15:00,22.4779867567122
2018-07-25 18:30:00,22.464569844305515
2018-07-25 18:45:00,22.451152931898832
2018-07-25 19:00:00,22.43773601949215
2018-07-25 19:15:00,22.424319107085466
2018-07-25 19:30:00,22.410902194678783
2018-07-25 19:45:00,22.3974852822721
2018-07-25 20:00:00,22.384068369865417
2018-07-25 20:15:00,22.37283308058977
2018-07-25 20:30:00,22.361597791314125
2018-07-25 20:45:00,22.35036250203848
2018-07-25 21:00:00,22.339127212762833
2018-07-25 21:15:00,22.327891923487186
2018-07-25 21:30:00,22.31665663421154
2018-07-25 21:45:00,22.305421344935894
2018-07-25 22:00:00,22.294186055660248
2018-07-25 22:15:00,22.2829507663846
2018-07-25 22:30:00,22.271715477108955
2018-07-25 22:45:00,22.26048018783331
2018-07-25 23:00:00,22.249244898557663
2018-07-25 23:15:00,22.238009609282017
2018-07-25 23:30:00,22.22677432000637
2018-07-25 23:45:00,22.215539030730724
2018-07-26 00:00:00,22.204303741455078
2018-07-26 00:15:00,22.19527969136834
2018-07-26 00:30:00,22.186255641281605
2018-07-26 00:45:00,22.177231591194868
2018-07-26 01:00:00,22.16820754110813
2018-07-26 01:15:00,22.159183491021395
2018-07-26 01:30:00,22.150159440934658
2018-07-26 01:45:00,22.14113539084792
2018-07-26 02:00:00,22.132111340761185
2018-07-26 02:15:00,22.123087290674448
2018-07-26 02:30:00,22.11406324058771
2018-07-26 02:45:00,22.105039190500975
2018-07-26 03:00:00,22.096015140414238
2018-07-26 03:15:00,22.0869910903275
2018-07-26 03:30:00,22.077967040240765
2018-07-26 03:45:00,22.068942990154028
2018-07-26 04:00:00,22.05991894006729
2018-07-26 04:15:00,22.05313006415963
2018-07-26 04:30:00,22.046341188251972
2018-07-26 04:45:00,22.039552312344313
2018-07-26 05:00:00,22.032763436436653
2018-07-26 05:15:00,22.025974560528994
2018-07-26 05:30:00,22.019185684621334
2018-07-26 05:45:00,22.012396808713675
2018-07-26 06:00:00,22.005607932806015
2018-07-26 06:15:00,21.998819056898355
2018-07-26 06:30:00,21.992030180990696
2018-07-26 06:45:00,21.985241305083036
2018-07-26 07:00:00,21.978452429175377
2018-07-26 07:15:00,21.971663553267717
2018-07-26 07:30:00,21.964874677360058
2018-07-26 07:45:00,21.9580858014524
2018-07-26 08:00:00,21.95129692554474
2018-07-26 08:15:00,21.94448998197913
2018-07-26 08:30:00,21.937683038413525
2018-07-26 08:45:00,21.930876094847918
2018-07-26 09:00:00,21.92406915128231
2018-07-26 09:15:00,21.917262207716703
2018-07-26 09:30:00,21.910455264151096
2018-07-26 09:45:00,21.90364832058549
2018-07-26 10:00:00,21.896841377019882
2018-07-26 10:15:00,21.890034433454275
2018-07-26 10:30:00,21.883227489888668
2018-07-26 10:45:00,21.87642054632306
2018-07-26 11:00:00,21.869613602757454
2018-07-26 11:15:00,21.862806659191847
2018-07-26 11:30:00,21.85599971562624
2018-07-26 11:45:00,21.849192772060633
2018-07-26 12:00:00,21.842385828495026
2018-07-26 12:15:00,21.84011284261942
2018-07-26 12:30:00,21.837839856743813
2018-07-26 12:45:00,21.835566870868206
2018-07-26 13:00:00,21.8332938849926
2018-07-26 13:15:00,21.831020899116993
2018-07-26 13:30:00,21.828747913241386
2018-07-26 13:45:00,21.82647492736578
2018-07-26 14:00:00,21.824201941490173
2018-07-26 14:15:00,21.821928955614567
2018-07-26 14:30:00,21.81965596973896
2018-07-26 14:45:00,21.817382983863354
2018-07-26 15:00:00,21.815109997987747
2018-07-26 15:15:00,21.81283701211214
2018-07-26 15:30:00,21.810564026236534
2018-07-26 15:45:00,21.808291040360928
2018-07-26 16:00:00,21.80601805448532
2018-07-26 16:15:00,21.79918708279729
2018-07-26 16:30:00,21.792356111109257
2018-07-26 16:45:00,21.785525139421225
2018-07-26 17:00:00,21.778694167733192
2018-07-26 17:15:00,21.77186319604516
2018-07-26 17:30:00,21.765032224357128
2018-07-26 17:45:00,21.758201252669096
2018-07-26 18:00:00,21.751370280981064
2018-07-26 18:15:00,21.74453930929303
2018-07-26 18:30:00,21.737708337605
2018-07-26 18:45:00,21.730877365916967
2018-07-26 19:00:00,21.724046394228935
2018-07-26 19:15:00,21.717215422540903
2018-07-26 19:30:00,21.71038445085287
2018-07-26 19:45:00,21.70355347916484
2018-07-26 20:00:00,21.696722507476807
2018-07-26 20:15:00,21.689873468130827
2018-07-26 20:30:00,21.683024428784847
2018-07-26 20:45:00,21.676175389438868
2018-07-26 21:00:00,21.669326350092888
2018-07-26 21:15:00,21.662477310746908
2018-07-26 21:30:00,21.65562827140093
2018-07-26 21:45:00,21.64877923205495
2018-07-26 22:00:00,21.64193019270897
2018-07-26 22:15:00,21.63508115336299
2018-07-26 22:30:00,21.62823211401701
2018-07-26 22:45:00,21.62138307467103
2018-07-26 23:00:00,21.61453403532505
2018-07-26 23:15:00,21.60768499597907
2018-07-26 23:30:00,21.60083595663309
2018-07-26 23:45:00,21.59398691728711
2018-07-27 00:00:00,21.58713787794113
2018-07-27 00:15:00,21.58256182447076
2018-07-27 00:30:00,21.577985771000385
2018-07-27 00:45:00,21.573409717530012
2018-07-27 01:00:00,21.56883366405964
2018-07-27 01:15:00,21.564257610589266
2018-07-27 01:30:00,21.559681557118893
2018-07-27 01:45:00,21.55510550364852
2018-07-27 02:00:00,21.550529450178146
2018-07-27 02:15:00,21.545953396707773
2018-07-27 02:30:00,21.5413773432374
2018-07-27 02:45:00,21.536801289767027
2018-07-27 03:00:00,21.532225236296654
2018-07-27 03:15:00,21.52764918282628
2018-07-27 03:30:00,21.523073129355907
2018-07-27 03:45:00,21.518497075885534
2018-07-27 04:00:00,21.51392102241516
2018-07-27 04:15:00,21.507041808217764
2018-07-27 04:30:00,21.500162594020367
2018-07-27 04:45:00,21.49328337982297
2018-07-27 05:00:00,21.486404165625572
2018-07-27 05:15:00,21.479524951428175
2018-07-27 05:30:00,21.472645737230778
2018-07-27 05:45:00,21.46576652303338
2018-07-27 06:00:00,21.458887308835983
2018-07-27 06:15:00,21.452008094638586
2018-07-27 06:30:00,21.44512888044119
2018-07-27 06:45:00,21.43824966624379
2018-07-27 07:00:00,21.431370452046394
2018-07-27 07:15:00,21.424491237848997
2018-07-27 07:30:00,21.4176120236516
2018-07-27 07:45:00,21.410732809454203
2018-07-27 08:00:00,21.403853595256805
2018-07-27 08:15:00,21.401556488126516
2018-07-27 08:30:00,21.399259380996227
2018-07-27 08:45:00,21.396962273865938
2018-07-27 09:00:00,21.39466516673565
2018-07-27 09:15:00,21.39236805960536
2018-07-27 09:30:00,21.39007095247507
2018-07-27 09:45:00,21.387773845344782
2018-07-27 10:00:00,21.385476738214493
2018-07-27 10:15:00,21.383179631084204
2018-07-27 10:30:00,21.380882523953915
2018-07-27 10:45:00,21.378585416823626
2018-07-27 11:00:00,21.376288309693336
2018-07-27 11:15:00,21.373991202563047
2018-07-27 11:30:00,21.37169409543276
2018-07-27 11:45:00,21.36939698830247
2018-07-27 12:00:00,21.36709988117218
2018-07-27 12:15:00,21.362499613314867
2018-07-27 12:30:00,21.357899345457554
2018-07-27 12:45:00,21.35329907760024
2018-07-27 13:00:00,21.348698809742928
2018-07-27 13:15:00,21.344098541885614
2018-07-27 13:30:00,21.3394982740283
2018-07-27 13:45:00,21.334898006170988
2018-07-27 14:00:00,21.330297738313675
2018-07-27 14:15:00,21.32569747045636
2018-07-27 14:30:00,21.32109720259905
2018-07-27 14:45:00,21.316496934741735
2018-07-27 15:00:00,21.311896666884422
2018-07-27 15:15:00,21.30729639902711
2018-07-27 15:30:00,21.302696131169796
2018-07-27 15:45:00,21.298095863312483
2018-07-27 16:00:00,21.29349559545517
2018-07-27 16:15:00,21.284270845353603
2018-07-27 16:30:00,21.275046095252037
2018-07-27 16:45:00,21.26582134515047
2018-07-27 17:00:00,21.256596595048904
2018-07-27 17:15:00,21.247371844947338
2018-07-27 17:30:00,21.238147094845772
2018-07-27 17:45:00,21.228922344744205
2018-07-27 18:00:00,21.21969759464264
2018-07-27 18:15:00,21.210472844541073
2018-07-27 18:30:00,21.201248094439507
2018-07-27 18:45:00,21.19202334433794
2018-07-27 19:00:00,21.182798594236374
2018-07-27 19:15:00,21.173573844134808
2018-07-27 19:30:00,21.16434909403324
2018-07-27 19:45:00,21.155124343931675
2018-07-27 20:00:00,21.14589959383011
2018-07-27 20:15:00,21.13664234057069
2018-07-27 20:30:00,21.127385087311268
2018-07-27 20:45:00,21.118127834051847
2018-07-27 21:00:00,21.108870580792427
2018-07-27 21:15:00,21.099613327533007
2018-07-27 21:30:00,21.090356074273586
2018-07-27 21:45:00,21.081098821014166
2018-07-27 22:00:00,21.071841567754745
2018-07-27 22:15:00,21.062584314495325
2018-07-27 22:30:00,21.053327061235905
2018-07-27 22:45:00,21.044069807976484
2018-07-27 23:00:00,21.034812554717064
2018-07-27 23:15:00,21.025555301457644
2018-07-27 23:30:00,21.016298048198223
2018-07-27 23:45:00,21.007040794938803
2018-07-28 00:00:00,20.997783541679382
2018-07-28 00:15:00,20.988493878394365
2018-07-28 00:30:00,20.97920421510935
2018-07-28 00:45:00,20.96991455182433
2018-07-28 01:00:00,20.960624888539314
2018-07-28 01:15:00,20.951335225254297
2018-07-28 01:30:00,20.94204556196928
2018-07-28 01:45:00,20.932755898684263
2018-07-28 02:00:00,20.923466235399246
2018-07-28 02:15:00,20.91417657211423
2018-07-28 02:30:00,20.904886908829212
2018-07-28 02:45:00,20.895597245544195
2018-07-28 03:00:00,20.886307582259178
2018-07-28 03:15:00,20.87701791897416
2018-07-28 03:30:00,20.867728255689144
2018-07-28 03:45:00,20.858438592404127
2018-07-28 04:00:00,20.84914892911911
2018-07-28 04:15:00,20.842160284519196
2018-07-28 04:30:00,20.83517163991928
2018-07-28 04:45:00,20.828182995319366
2018-07-28 05:00:00,20.821194350719452
2018-07-28 05:15:00,20.814205706119537
2018-07-28 05:30:00,20.807217061519623
2018-07-28 05:45:00,20.80022841691971
2018-07-28 06:00:00,20.793239772319794
2018-07-28 06:15:00,20.78625112771988
2018-07-28 06:30:00,20.779262483119965
2018-07-28 06:45:00,20.77227383852005
2018-07-28 07:00:00,20.765285193920135
2018-07-28 07:15:00,20.75829654932022
2018-07-28 07:30:00,20.751307904720306
2018-07-28 07:45:00,20.744319260120392
