date,PRCP,DaysDry,Precip15DayPrevious,Precip30DayPrevious,Precip60DayPrevious,index_raw,r,r_depth,r_CV,r_depth_CV
2017-04-16,15,0,19.6,122.6,189.3,SWI1E+16.res1.SSC5,0.731903745342026,0.774100208496205,0.618455109880597,0.639753500210824
2017-04-16,15,0,19.6,122.6,189.3,SWI1E+16.res5.NFNW,0.773525059335846,0.798076413660486,0.699518303826836,0.693413629743523
2017-04-16,15,0,19.6,122.6,189.3,SWI1E+16.res7.NFNW,0.778227492871999,0.796885786058989,0.716328454262481,0.688556022153974
2017-04-16,15,0,19.6,122.6,189.3,SWI1E+4.res1.SSC7,0.798564227012335,0.820207288280308,0.729802586157302,0.724269852312063
2017-04-16,15,0,19.6,122.6,189.3,SWI1E+8.res1.SSC5,0.754686214989773,0.794280835817124,0.637191170574176,0.658391061452693
2017-04-16,15,0,19.6,122.6,189.3,TWI.Braun.res4.NFNW,0.80131897321045,0.825358768057851,0.73029164856137,0.734992290808757
2017-04-16,15,0,19.6,122.6,189.3,TWI.FD8.res10.NFNW,0.763616309057613,0.783929373198755,0.709045632656674,0.682884451789247
2017-04-16,15,0,19.6,122.6,189.3,TWI.FD8.res7.NFNW,0.729854452544825,0.781867484100761,0.584974626602588,0.623020479037594
2017-04-16,15,0,19.6,122.6,189.3,TWI.MFD0.5.res1.SSC4,0.831170370039777,0.86773908730773,0.740194066659539,0.764094493344324
2017-04-16,15,0,19.6,122.6,189.3,TWI.MFD10.res7.NFNW,0.742950922250579,0.77142754752143,0.598683037166331,0.604507208359101
2017-04-16,15,0,19.6,122.6,189.3,TWI.MFD5.res7.NFNW,0.758513846826037,0.783150783295316,0.640071598730693,0.638363197545605
2017-04-26,74.4,0,98.9,206.7,344.5,SWI1E+16.res1.SSC5,0.390831883671685,0.640079080387352,0.173911408517768,0.332393713696557
2017-04-26,74.4,0,98.9,206.7,344.5,SWI1E+16.res5.NFNW,0.443517982528845,0.683064997685549,0.291716978719359,0.435190818148439
2017-04-26,74.4,0,98.9,206.7,344.5,SWI1E+16.res7.NFNW,0.445871746732422,0.697359190437775,0.286954460763664,0.459140385410525
2017-04-26,74.4,0,98.9,206.7,344.5,SWI1E+4.res1.SSC7,0.414140034983266,0.667373973294159,0.226501983978105,0.391522198043455
2017-04-26,74.4,0,98.9,206.7,344.5,SWI1E+8.res1.SSC5,0.396951082999859,0.644084533316068,0.178858545714408,0.333327288320614
2017-04-26,74.4,0,98.9,206.7,344.5,TWI.Braun.res4.NFNW,0.391623155727821,0.65141246422827,0.190034132610155,0.356661861625764
2017-04-26,74.4,0,98.9,206.7,344.5,TWI.FD8.res10.NFNW,0.412178771156397,0.66806281932637,0.255220378246997,0.423848112250169
2017-04-26,74.4,0,98.9,206.7,344.5,TWI.FD8.res7.NFNW,0.43680206331828,0.660923771188185,0.266558521173071,0.40457156093795
2017-04-26,74.4,0,98.9,206.7,344.5,TWI.MFD0.5.res1.SSC4,0.451924131813376,0.673237063688212,0.247477829157779,0.372279166865417
2017-04-26,74.4,0,98.9,206.7,344.5,TWI.MFD10.res7.NFNW,0.388321398704001,0.65297281400104,0.204975187661835,0.395030962114494
2017-04-26,74.4,0,98.9,206.7,344.5,TWI.MFD5.res7.NFNW,0.39819808466526,0.663839107707504,0.22426241201751,0.419311013031455
2017-05-06,0,2,287.9,313.9,484,SWI1E+16.res1.SSC5,0.44748238771283,0.794566928873707,0.246960827853389,0.648831037485035
2017-05-06,0,2,287.9,313.9,484,SWI1E+16.res5.NFNW,0.471441972620547,0.809016970048455,0.348335378411778,0.665593961308762
2017-05-06,0,2,287.9,313.9,484,SWI1E+16.res7.NFNW,0.470037398967506,0.817534042510931,0.344410313151142,0.683415539282747
2017-05-06,0,2,287.9,313.9,484,SWI1E+4.res1.SSC7,0.457792711842438,0.813618787176679,0.304046983894997,0.690047315895468
2017-05-06,0,2,287.9,313.9,484,SWI1E+8.res1.SSC5,0.454922535714797,0.80080844220555,0.252586985267121,0.651962578570543
2017-05-06,0,2,287.9,313.9,484,TWI.Braun.res4.NFNW,0.461181283789558,0.817542650528896,0.272349306968017,0.682869781457386
2017-05-06,0,2,287.9,313.9,484,TWI.FD8.res10.NFNW,0.426519392211875,0.793171609232973,0.293170623957677,0.682113509320939
2017-05-06,0,2,287.9,313.9,484,TWI.FD8.res7.NFNW,0.45690532094002,0.780746158379306,0.307305556042183,0.644160637399736
2017-05-06,0,2,287.9,313.9,484,TWI.MFD0.5.res1.SSC4,0.507266767343351,0.83004259659541,0.337512549553874,0.694062554875132
2017-05-06,0,2,287.9,313.9,484,TWI.MFD10.res7.NFNW,0.412184219134646,0.778429195182726,0.256571491404314,0.635881560484311
2017-05-06,0,2,287.9,313.9,484,TWI.MFD5.res7.NFNW,0.422366339991049,0.786180308195958,0.27366675100138,0.64194950227905
2017-05-16,0,4,40.7,347.9,455.5,SWI1E+16.res1.SSC5,0.421088056567395,0.797374302685547,0.167339242458059,0.638671613912995
2017-05-16,0,4,40.7,347.9,455.5,SWI1E+16.res5.NFNW,0.437131118485289,0.805665643721346,0.206397160309399,0.648637996135792
2017-05-16,0,4,40.7,347.9,455.5,SWI1E+16.res7.NFNW,0.449173824110176,0.820221379788136,0.232285132200756,0.676503173412898
2017-05-16,0,4,40.7,347.9,455.5,SWI1E+4.res1.SSC7,0.422976930121367,0.812989600542382,0.169863718375617,0.673111553523066
2017-05-16,0,4,40.7,347.9,455.5,SWI1E+8.res1.SSC5,0.428185160625638,0.803792818104585,0.172208399328575,0.641499716330716
2017-05-16,0,4,40.7,347.9,455.5,TWI.Braun.res4.NFNW,0.399927543273831,0.805982091126285,0.128172523916587,0.652903399171699
2017-05-16,0,4,40.7,347.9,455.5,TWI.FD8.res10.NFNW,0.394580018085255,0.792407932017239,0.162949306619196,0.669455353143783
2017-05-16,0,4,40.7,347.9,455.5,TWI.FD8.res7.NFNW,0.449475876717297,0.789518467827803,0.232583345229967,0.646644948263313
2017-05-16,0,4,40.7,347.9,455.5,TWI.MFD0.5.res1.SSC4,0.455838089918942,0.821867718597348,0.20371559113961,0.667983406330319
2017-05-16,0,4,40.7,347.9,455.5,TWI.MFD10.res7.NFNW,0.386977080649356,0.780086877726532,0.139723486648993,0.629669048382052
2017-05-16,0,4,40.7,347.9,455.5,TWI.MFD5.res7.NFNW,0.382256757094604,0.781595416350239,0.119834391528504,0.626908374098239
2017-05-26,0,3,111.9,326.9,459.2,SWI1E+16.res1.SSC5,0.527538854131164,0.688463155852201,0.290455214112103,0.360229762162373
2017-05-26,0,3,111.9,326.9,459.2,SWI1E+16.res5.NFNW,0.627978135510384,0.762111783056237,0.520966065408432,0.512816211192005
2017-05-26,0,3,111.9,326.9,459.2,SWI1E+16.res7.NFNW,0.614446483380582,0.773479032880012,0.516638439601725,0.544575522337162
2017-05-26,0,3,111.9,326.9,459.2,SWI1E+4.res1.SSC7,0.580766679556229,0.733047960282239,0.405974693263295,0.441677241420544
2017-05-26,0,3,111.9,326.9,459.2,SWI1E+8.res1.SSC5,0.53600611198969,0.694019576565141,0.295647194805551,0.361783723933916
2017-05-26,0,3,111.9,326.9,459.2,TWI.Braun.res4.NFNW,0.542489692471749,0.703828614967906,0.319062017984694,0.380965859848899
2017-05-26,0,3,111.9,326.9,459.2,TWI.FD8.res10.NFNW,0.576060718804327,0.735224632050135,0.455550428829792,0.492206062576089
2017-05-26,0,3,111.9,326.9,459.2,TWI.FD8.res7.NFNW,0.629554649836707,0.735850340525893,0.454207434103718,0.482127760705259
2017-05-26,0,3,111.9,326.9,459.2,TWI.MFD0.5.res1.SSC4,0.590266184682326,0.729615536866269,0.375445630450479,0.413587051487384
2017-05-26,0,3,111.9,326.9,459.2,TWI.MFD10.res7.NFNW,0.57691912234606,0.724866862775619,0.419707621566945,0.451790534114138
2017-05-26,0,3,111.9,326.9,459.2,TWI.MFD5.res7.NFNW,0.585708900442397,0.738676455662001,0.45131346608054,0.480869745055678
2017-06-05,17.3,0,92.7,221.4,535.3,SWI1E+16.res1.SSC5,0.449414546624803,0.575301986810204,0.178892550413937,0.137794228935926
2017-06-05,17.3,0,92.7,221.4,535.3,SWI1E+16.res5.NFNW,0.541402508880076,0.643891799842399,0.388163054557651,0.223548361657122
2017-06-05,17.3,0,92.7,221.4,535.3,SWI1E+16.res7.NFNW,0.525203876344292,0.649882864975141,0.379979099525697,0.248559960791942
2017-06-05,17.3,0,92.7,221.4,535.3,SWI1E+4.res1.SSC7,0.48646838113591,0.608865038425903,0.265557787565233,0.166583634003274
2017-06-05,17.3,0,92.7,221.4,535.3,SWI1E+8.res1.SSC5,0.456831471527515,0.58029746904635,0.183191671044797,0.141271267947319
2017-06-05,17.3,0,92.7,221.4,535.3,TWI.Braun.res4.NFNW,0.478076221841298,0.598045788291478,0.212140314480208,0.159739130923066
2017-06-05,17.3,0,92.7,221.4,535.3,TWI.FD8.res10.NFNW,0.49138663525029,0.616154974388449,0.328768604229035,0.207138406504504
2017-06-05,17.3,0,92.7,221.4,535.3,TWI.FD8.res7.NFNW,0.546981494572585,0.624833380797146,0.33470310066362,0.2373809543296
2017-06-05,17.3,0,92.7,221.4,535.3,TWI.MFD0.5.res1.SSC4,0.510775475772244,0.616445539343107,0.255001102531064,0.17446014626126
2017-06-05,17.3,0,92.7,221.4,535.3,TWI.MFD10.res7.NFNW,0.479873410445353,0.599966387646958,0.277101673400491,0.15464573192519
2017-06-05,17.3,0,92.7,221.4,535.3,TWI.MFD5.res7.NFNW,0.492810667081131,0.614983890997289,0.309394255107378,0.177751932306642
2017-06-15,15,0,79,202.4,550.3,SWI1E+16.res1.SSC5,0.566236401315291,0.614376451666434,0.35774417552011,0.389822662509479
2017-06-15,15,0,79,202.4,550.3,SWI1E+16.res5.NFNW,0.698566397539183,0.740280430413905,0.59883253510324,0.619572125456037
2017-06-15,15,0,79,202.4,550.3,SWI1E+16.res7.NFNW,0.718379998102845,0.745070367617795,0.62891248519446,0.62993678119249
2017-06-15,15,0,79,202.4,550.3,SWI1E+4.res1.SSC7,0.644002054153616,0.682684859746307,0.485083593777459,0.504093308223793
2017-06-15,15,0,79,202.4,550.3,SWI1E+8.res1.SSC5,0.576603737276919,0.624338971389157,0.365474304246918,0.397223978984061
2017-06-15,15,0,79,202.4,550.3,TWI.Braun.res4.NFNW,0.606336708875072,0.649437041523194,0.404121824125886,0.429684046516328
2017-06-15,15,0,79,202.4,550.3,TWI.FD8.res10.NFNW,0.667440821477587,0.702800234476386,0.563902668526919,0.574100423422407
2017-06-15,15,0,79,202.4,550.3,TWI.FD8.res7.NFNW,0.63149137809636,0.699271639497015,0.480462446381693,0.546031777551839
2017-06-15,15,0,79,202.4,550.3,TWI.MFD0.5.res1.SSC4,0.642068342578465,0.689286779682187,0.455648297537452,0.489183032169025
2017-06-15,15,0,79,202.4,550.3,TWI.MFD10.res7.NFNW,0.644822051125108,0.688886832111047,0.512856093070755,0.533751117468018
2017-06-15,15,0,79,202.4,550.3,TWI.MFD5.res7.NFNW,0.677227427453135,0.715032072596307,0.563373405497236,0.575990455523518
2017-06-25,0,1,50.9,160.4,487.3,SWI1E+16.res1.SSC5,0.598218664275438,0.624049400637672,0.389098366917888,0.397987872115912
2017-06-25,0,1,50.9,160.4,487.3,SWI1E+16.res5.NFNW,0.739808403806424,0.76230081267271,0.656840924092668,0.656982931015878
2017-06-25,0,1,50.9,160.4,487.3,SWI1E+16.res7.NFNW,0.738262276505562,0.749703089597283,0.661339330233653,0.645936300806476
2017-06-25,0,1,50.9,160.4,487.3,SWI1E+4.res1.SSC7,0.668867201971593,0.688335345371218,0.518874495351869,0.514750084086829
2017-06-25,0,1,50.9,160.4,487.3,SWI1E+8.res1.SSC5,0.607332312451521,0.632872908622063,0.395699685703458,0.404545919960823
2017-06-25,0,1,50.9,160.4,487.3,TWI.Braun.res4.NFNW,0.643214368204643,0.665518548569747,0.440750680875666,0.443287359716993
2017-06-25,0,1,50.9,160.4,487.3,TWI.FD8.res10.NFNW,0.694877826557643,0.711622031298262,0.605144859484749,0.593101856139445
2017-06-25,0,1,50.9,160.4,487.3,TWI.FD8.res7.NFNW,0.656351341388195,0.697214383608862,0.509909446242656,0.545361691248411
2017-06-25,0,1,50.9,160.4,487.3,TWI.MFD0.5.res1.SSC4,0.684642060801342,0.711060316930018,0.500811390107742,0.511518464234464
2017-06-25,0,1,50.9,160.4,487.3,TWI.MFD10.res7.NFNW,0.675051986054009,0.698087579883921,0.552800546048701,0.552950274380815
2017-06-25,0,1,50.9,160.4,487.3,TWI.MFD5.res7.NFNW,0.715456797667489,0.7348413209672,0.616738933149147,0.612138711392272
2017-07-05,8.4,0,63.1,137.1,341.2,SWI1E+16.res1.SSC5,0.576010081400336,0.606974968481944,0.386434037209773,0.410149838526954
2017-07-05,8.4,0,63.1,137.1,341.2,SWI1E+16.res5.NFNW,0.706655835446552,0.733144851186873,0.602302446109408,0.63074892020939
2017-07-05,8.4,0,63.1,137.1,341.2,SWI1E+16.res7.NFNW,0.715397893651432,0.73019115581579,0.614978124490052,0.626099475850264
2017-07-05,8.4,0,63.1,137.1,341.2,SWI1E+4.res1.SSC7,0.669699309340139,0.694487216616976,0.52738001153631,0.548014173520633
2017-07-05,8.4,0,63.1,137.1,341.2,SWI1E+8.res1.SSC5,0.589167920009682,0.620021728618976,0.398037131327551,0.421506809639607
2017-07-05,8.4,0,63.1,137.1,341.2,TWI.Braun.res4.NFNW,0.645200986841002,0.673368618710881,0.457810515180952,0.478024931669282
2017-07-05,8.4,0,63.1,137.1,341.2,TWI.FD8.res10.NFNW,0.647006454257552,0.666916495097956,0.548210285984799,0.56089435771545
2017-07-05,8.4,0,63.1,137.1,341.2,TWI.FD8.res7.NFNW,0.602443842579129,0.646697976167219,0.454195356995502,0.507715081916653
2017-07-05,8.4,0,63.1,137.1,341.2,TWI.MFD0.5.res1.SSC4,0.674617180191593,0.706567847547631,0.504653519968454,0.534411008619853
2017-07-05,8.4,0,63.1,137.1,341.2,TWI.MFD10.res7.NFNW,0.626588256405396,0.65306484299032,0.496034889336841,0.518391435924413
2017-07-05,8.4,0,63.1,137.1,341.2,TWI.MFD5.res7.NFNW,0.672032255973102,0.69486321283212,0.554593818047197,0.573908747717863
2017-07-15,0,7,80.4,131.3,318.7,SWI1E+16.res1.SSC5,0.562016702878842,0.56342060967021,0.332002421088747,0.250855365347512
2017-07-15,0,7,80.4,131.3,318.7,SWI1E+16.res5.NFNW,0.700107433861716,0.700779263294253,0.601508876921034,0.496752995670123
2017-07-15,0,7,80.4,131.3,318.7,SWI1E+16.res7.NFNW,0.693245945185615,0.693257069384149,0.608237743544897,0.490954679542972
2017-07-15,0,7,80.4,131.3,318.7,SWI1E+4.res1.SSC7,0.648712893833295,0.649022330273399,0.481927702777558,0.376753965111058
2017-07-15,0,7,80.4,131.3,318.7,SWI1E+8.res1.SSC5,0.570015582199893,0.571336240548536,0.337545076696154,0.257928660641795
2017-07-15,0,7,80.4,131.3,318.7,TWI.Braun.res4.NFNW,0.595145490121684,0.595645601896396,0.376654390157389,0.285232894912051
2017-07-15,0,7,80.4,131.3,318.7,TWI.FD8.res10.NFNW,0.638056695421177,0.638110551332921,0.52455370336991,0.395987936185931
2017-07-15,0,7,80.4,131.3,318.7,TWI.FD8.res7.NFNW,0.681108182398603,0.685320698514757,0.508905130341708,0.434854193957352
2017-07-15,0,7,80.4,131.3,318.7,TWI.MFD0.5.res1.SSC4,0.636384345264692,0.638039184508014,0.428025002711393,0.343811561474712
2017-07-15,0,7,80.4,131.3,318.7,TWI.MFD10.res7.NFNW,0.690008967812096,0.690791680745473,0.541182792607284,0.450687078924098
2017-07-15,0,7,80.4,131.3,318.7,TWI.MFD5.res7.NFNW,0.71244305417697,0.712719625321793,0.59958051022636,0.504546434830177
2017-07-25,0,2,8.4,88.8,249.2,SWI1E+16.res1.SSC5,0.641916789757513,0.643796995359465,0.419217205136875,0.381788226149946
2017-07-25,0,2,8.4,88.8,249.2,SWI1E+16.res5.NFNW,0.802528893510921,0.804599436090364,0.712873807830872,0.667660322410277
2017-07-25,0,2,8.4,88.8,249.2,SWI1E+16.res7.NFNW,0.798686078574103,0.804441998616607,0.72006079523352,0.675599373978717
2017-07-25,0,2,8.4,88.8,249.2,SWI1E+4.res1.SSC7,0.758120621706213,0.761086908127879,0.60203998867381,0.555811156312724
2017-07-25,0,2,8.4,88.8,249.2,SWI1E+8.res1.SSC5,0.652860119094402,0.654745454859407,0.427160886855051,0.390621573005924
2017-07-25,0,2,8.4,88.8,249.2,TWI.Braun.res4.NFNW,0.659411433988221,0.663133687007938,0.458047917813995,0.412253960813997
2017-07-25,0,2,8.4,88.8,249.2,TWI.FD8.res10.NFNW,0.769239026018473,0.773038595254754,0.664399106452297,0.613344292887709
2017-07-25,0,2,8.4,88.8,249.2,TWI.FD8.res7.NFNW,0.779575527571435,0.779613397920649,0.615940780606341,0.586390477597683
2017-07-25,0,2,8.4,88.8,249.2,TWI.MFD0.5.res1.SSC4,0.715436636715688,0.716808869628028,0.518735894529254,0.478508142336113
2017-07-25,0,2,8.4,88.8,249.2,TWI.MFD10.res7.NFNW,0.788553841589352,0.790521576166176,0.646927742019077,0.608524844199493
2017-07-25,0,2,8.4,88.8,249.2,TWI.MFD5.res7.NFNW,0.80600117265833,0.809175771517537,0.699481101712025,0.65991729478621
2017-08-04,0,1,34.1,54,182.7,SWI1E+16.res1.SSC5,0.651913787493368,0.657375230854469,0.452519659011652,0.417855412793365
2017-08-04,0,1,34.1,54,182.7,SWI1E+16.res5.NFNW,0.807600801898665,0.813069724785938,0.728141474780364,0.687355985321916
2017-08-04,0,1,34.1,54,182.7,SWI1E+16.res7.NFNW,0.807024375648707,0.817751026733144,0.736115656153956,0.699261263213149
2017-08-04,0,1,34.1,54,182.7,SWI1E+4.res1.SSC7,0.778566964323766,0.785051746342545,0.642005926623966,0.601052723627069
2017-08-04,0,1,34.1,54,182.7,SWI1E+8.res1.SSC5,0.664590146865011,0.669955583736619,0.462015002198721,0.428418507384954
2017-08-04,0,1,34.1,54,182.7,TWI.Braun.res4.NFNW,0.654999713554981,0.663957291453043,0.481467499135815,0.438484566894116
2017-08-04,0,1,34.1,54,182.7,TWI.FD8.res10.NFNW,0.78095724811621,0.788924809214681,0.686841773217998,0.642951514733927
2017-08-04,0,1,34.1,54,182.7,TWI.FD8.res7.NFNW,0.793426789472687,0.794540604719401,0.648524469085191,0.621659679888454
2017-08-04,0,1,34.1,54,182.7,TWI.MFD0.5.res1.SSC4,0.718904287589854,0.723484486908744,0.545415044065591,0.507594658445313
2017-08-04,0,1,34.1,54,182.7,TWI.MFD10.res7.NFNW,0.792354658986625,0.797731237251014,0.667696774354642,0.632497086639786
2017-08-04,0,1,34.1,54,182.7,TWI.MFD5.res7.NFNW,0.801901431790126,0.809356978815124,0.707704401293351,0.672099641402903
2017-08-14,10.2,0,86.5,115.3,246.6,SWI1E+16.res1.SSC5,0.214219123237991,0.224355956248487,0.123448274327578,-0.185155918071734
2017-08-14,10.2,0,86.5,115.3,246.6,SWI1E+16.res5.NFNW,0.234916571500358,0.246705108208565,0.103055933544266,-0.132231424090714
2017-08-14,10.2,0,86.5,115.3,246.6,SWI1E+16.res7.NFNW,0.222780246156392,0.238750497812695,0.0703129804207915,-0.155989641546
2017-08-14,10.2,0,86.5,115.3,246.6,SWI1E+4.res1.SSC7,0.263441272941806,0.272948251871116,0.178156746526245,-0.0643325740241981
2017-08-14,10.2,0,86.5,115.3,246.6,SWI1E+8.res1.SSC5,0.222627689613077,0.232147067588287,0.138979316424621,-0.158028750924643
2017-08-14,10.2,0,86.5,115.3,246.6,TWI.Braun.res4.NFNW,0.306012049405115,0.311697246233518,0.246778400000002,0.035360946718789
2017-08-14,10.2,0,86.5,115.3,246.6,TWI.FD8.res10.NFNW,0.214955445774152,0.229178669970543,0.0790221353797744,-0.200074258861893
2017-08-14,10.2,0,86.5,115.3,246.6,TWI.FD8.res7.NFNW,0.20278647567941,0.213624639075395,0.0461613883563995,-0.242825914671769
2017-08-14,10.2,0,86.5,115.3,246.6,TWI.MFD0.5.res1.SSC4,0.26803259694001,0.27424864255143,0.200308355847233,-0.048223936990114
2017-08-14,10.2,0,86.5,115.3,246.6,TWI.MFD10.res7.NFNW,0.195573596723086,0.211327148937257,0.0278754527471313,-0.222904532201229
2017-08-14,10.2,0,86.5,115.3,246.6,TWI.MFD5.res7.NFNW,0.20750890616444,0.223519883491772,0.0398460508003316,-0.189413744112085
2017-08-24,0,1,100.3,154.2,243,SWI1E+16.res1.SSC5,0.202104544027356,0.219627798707755,0.117387419351053,-0.188328656581219
2017-08-24,0,1,100.3,154.2,243,SWI1E+16.res5.NFNW,0.205042224237261,0.22659428594965,0.0761677550095418,-0.175817383149934
2017-08-24,0,1,100.3,154.2,243,SWI1E+16.res7.NFNW,0.198636755327835,0.22467249541159,0.0459695867203773,-0.190856678901292
2017-08-24,0,1,100.3,154.2,243,SWI1E+4.res1.SSC7,0.231258546800373,0.24918448811018,0.143738255997161,-0.118151560361273
2017-08-24,0,1,100.3,154.2,243,SWI1E+8.res1.SSC5,0.208205009006213,0.225076404855292,0.127857279595683,-0.169355065192283
2017-08-24,0,1,100.3,154.2,243,TWI.Braun.res4.NFNW,0.277507979345267,0.289005661917006,0.216407641951061,-0.00899183470438893
2017-08-24,0,1,100.3,154.2,243,TWI.FD8.res10.NFNW,0.192998651973967,0.217015024966452,0.062070981995274,-0.221801327156668
2017-08-24,0,1,100.3,154.2,243,TWI.FD8.res7.NFNW,0.202211084321016,0.218977674266575,0.0599436061078607,-0.225444404015695
2017-08-24,0,1,100.3,154.2,243,TWI.MFD0.5.res1.SSC4,0.242071124760205,0.254938958226854,0.173193349667569,-0.0907131017751334
2017-08-24,0,1,100.3,154.2,243,TWI.MFD10.res7.NFNW,0.183261442306229,0.208090541991718,0.0221263703154947,-0.230177455589298
2017-08-24,0,1,100.3,154.2,243,TWI.MFD5.res7.NFNW,0.18672522159399,0.212937573283922,0.0215568065182274,-0.214428982871541
2017-09-03,0,11,3.6,128.5,182.5,SWI1E+16.res1.SSC5,0.495547843613785,0.50366956244446,0.396873973081618,0.272157180715993
2017-09-03,0,11,3.6,128.5,182.5,SWI1E+16.res5.NFNW,0.590268507462033,0.599298094041784,0.557393778463737,0.443082877367511
2017-09-03,0,11,3.6,128.5,182.5,SWI1E+16.res7.NFNW,0.592837506649873,0.606242452311663,0.558892330217516,0.452858473499134
2017-09-03,0,11,3.6,128.5,182.5,SWI1E+4.res1.SSC7,0.595057383325401,0.604064807450289,0.538375796275717,0.422672080741254
2017-09-03,0,11,3.6,128.5,182.5,SWI1E+8.res1.SSC5,0.506981907878686,0.514872554098569,0.408450020242453,0.287762366066602
2017-09-03,0,11,3.6,128.5,182.5,TWI.Braun.res4.NFNW,0.551841167529727,0.560869457920021,0.458151717121925,0.338272031864488
2017-09-03,0,11,3.6,128.5,182.5,TWI.FD8.res10.NFNW,0.5726301165456,0.582960214028857,0.534654132947783,0.40858950162778
2017-09-03,0,11,3.6,128.5,182.5,TWI.FD8.res7.NFNW,0.566678394171929,0.57087337746535,0.513203763069401,0.393881243397176
2017-09-03,0,11,3.6,128.5,182.5,TWI.MFD0.5.res1.SSC4,0.557779925972642,0.563911175852404,0.469342670928207,0.356999893831111
2017-09-03,0,11,3.6,128.5,182.5,TWI.MFD10.res7.NFNW,0.560618603658327,0.570224596318592,0.512779662438908,0.396046445130853
2017-09-03,0,11,3.6,128.5,182.5,TWI.MFD5.res7.NFNW,0.570826554588963,0.582608218366928,0.527400429613869,0.416239617730036
2017-09-13,0,21,0,57.5,162.6,SWI1E+16.res1.SSC5,0.587292676213138,0.60430034008477,0.493632146799348,0.416062443825511
2017-09-13,0,21,0,57.5,162.6,SWI1E+16.res5.NFNW,0.697469220006209,0.715978244766906,0.676375185664486,0.612684873834
2017-09-13,0,21,0,57.5,162.6,SWI1E+16.res7.NFNW,0.708142403318411,0.733127294080526,0.686426701254252,0.633956261257096
2017-09-13,0,21,0,57.5,162.6,SWI1E+4.res1.SSC7,0.708091691112477,0.726205608365197,0.662391768334504,0.593413866709317
2017-09-13,0,21,0,57.5,162.6,SWI1E+8.res1.SSC5,0.60102513887055,0.617644565707615,0.508016529876555,0.433016248465508
2017-09-13,0,21,0,57.5,162.6,TWI.Braun.res4.NFNW,0.621135181000678,0.641746130823469,0.534881056166431,0.455823203405083
2017-09-13,0,21,0,57.5,162.6,TWI.FD8.res10.NFNW,0.684622937167922,0.703351959198766,0.656601326233156,0.586377744678792
2017-09-13,0,21,0,57.5,162.6,TWI.FD8.res7.NFNW,0.667033946706646,0.677345102488228,0.626285053986085,0.55565999031734
2017-09-13,0,21,0,57.5,162.6,TWI.MFD0.5.res1.SSC4,0.646961125290577,0.661797478356323,0.562991193101367,0.49262064795744
2017-09-13,0,21,0,57.5,162.6,TWI.MFD10.res7.NFNW,0.660497596078336,0.679484088132612,0.626593202889963,0.558674202608439
2017-09-13,0,21,0,57.5,162.6,TWI.MFD5.res7.NFNW,0.666816580161212,0.689696474330875,0.636933767388354,0.57568612742454
2017-09-23,0,6,38.1,38.1,192.3,SWI1E+16.res1.SSC5,0.647280483435612,0.671853618814705,0.51740055941217,0.499717104128401
2017-09-23,0,6,38.1,38.1,192.3,SWI1E+16.res5.NFNW,0.775346741952392,0.781264397618401,0.725150419981186,0.675366404148832
2017-09-23,0,6,38.1,38.1,192.3,SWI1E+16.res7.NFNW,0.787562273371072,0.79022444392706,0.735026820710854,0.679655064811073
2017-09-23,0,6,38.1,38.1,192.3,SWI1E+4.res1.SSC7,0.773569677513732,0.783283841667856,0.689885450296124,0.649812671682613
2017-09-23,0,6,38.1,38.1,192.3,SWI1E+8.res1.SSC5,0.661194504033711,0.684851542055845,0.53037621888301,0.513082539200881
2017-09-23,0,6,38.1,38.1,192.3,TWI.Braun.res4.NFNW,0.682533022503042,0.700925400393915,0.572853173235275,0.545642018103594
2017-09-23,0,6,38.1,38.1,192.3,TWI.FD8.res10.NFNW,0.757021622736505,0.767094791891287,0.697217363028439,0.656869938377155
2017-09-23,0,6,38.1,38.1,192.3,TWI.FD8.res7.NFNW,0.763455248162001,0.782185182229813,0.672481396013622,0.670485336419335
2017-09-23,0,6,38.1,38.1,192.3,TWI.MFD0.5.res1.SSC4,0.70653197336421,0.724650723495716,0.581970543209362,0.555103558215349
2017-09-23,0,6,38.1,38.1,192.3,TWI.MFD10.res7.NFNW,0.765310964038759,0.772793218292381,0.690819711049772,0.648093949520276
2017-09-23,0,6,38.1,38.1,192.3,TWI.MFD5.res7.NFNW,0.77973478723116,0.783872477737786,0.721449234428116,0.671567194622448
2017-10-03,10.2,0,0,48.3,176.8,SWI1E+16.res1.SSC5,0.697917593165394,0.705219367029285,0.52397310588657,0.482730492384945
2017-10-03,10.2,0,0,48.3,176.8,SWI1E+16.res5.NFNW,0.83924236160944,0.848285394017774,0.780990845403231,0.742688503860225
2017-10-03,10.2,0,0,48.3,176.8,SWI1E+16.res7.NFNW,0.845712912158054,0.86038114865584,0.786771384510814,0.755736076744577
2017-10-03,10.2,0,0,48.3,176.8,SWI1E+4.res1.SSC7,0.816457431262136,0.826384486846338,0.713035383533704,0.670445518913703
2017-10-03,10.2,0,0,48.3,176.8,SWI1E+8.res1.SSC5,0.709127891976941,0.716458879855595,0.535450957537789,0.4949588313973
2017-10-03,10.2,0,0,48.3,176.8,TWI.Braun.res4.NFNW,0.695691900687245,0.707901106813526,0.553009404625706,0.502203815585401
2017-10-03,10.2,0,0,48.3,176.8,TWI.FD8.res10.NFNW,0.808723848414514,0.818327034671584,0.726107827823441,0.685859595462222
2017-10-03,10.2,0,0,48.3,176.8,TWI.FD8.res7.NFNW,0.823604565771266,0.826176055995286,0.719201181378634,0.68924998880251
2017-10-03,10.2,0,0,48.3,176.8,TWI.MFD0.5.res1.SSC4,0.753309335686777,0.76001104045983,0.596479888089612,0.555809638441646
2017-10-03,10.2,0,0,48.3,176.8,TWI.MFD10.res7.NFNW,0.825333124880837,0.833468112889005,0.740697196801534,0.703407129589161
2017-10-03,10.2,0,0,48.3,176.8,TWI.MFD5.res7.NFNW,0.832114766791824,0.843388022275237,0.76650799568591,0.731970027394784
2017-10-13,0,3,32.1,70.2,127.7,SWI1E+16.res1.SSC5,0.658488786714283,0.659269837183718,0.461358024011919,0.393330456810061
2017-10-13,0,3,32.1,70.2,127.7,SWI1E+16.res5.NFNW,0.803788752972958,0.805478654034048,0.723897770090709,0.654830192423241
2017-10-13,0,3,32.1,70.2,127.7,SWI1E+16.res7.NFNW,0.81443978798422,0.818889818397514,0.738913258518018,0.672164211467893
2017-10-13,0,3,32.1,70.2,127.7,SWI1E+4.res1.SSC7,0.777775085272844,0.779840972157181,0.651919181139198,0.580905253228163
2017-10-13,0,3,32.1,70.2,127.7,SWI1E+8.res1.SSC5,0.66912021461588,0.669937607106745,0.472554045098231,0.405929099841569
2017-10-13,0,3,32.1,70.2,127.7,TWI.Braun.res4.NFNW,0.658170285382197,0.660926990787548,0.49341311813342,0.409494976322055
2017-10-13,0,3,32.1,70.2,127.7,TWI.FD8.res10.NFNW,0.781166254659218,0.782934639053983,0.681868143849696,0.609480538740223
2017-10-13,0,3,32.1,70.2,127.7,TWI.FD8.res7.NFNW,0.790673426383035,0.790689621506019,0.661447971659788,0.612371912559428
2017-10-13,0,3,32.1,70.2,127.7,TWI.MFD0.5.res1.SSC4,0.718115929188274,0.718759408678206,0.536577772508173,0.470410963338437
2017-10-13,0,3,32.1,70.2,127.7,TWI.MFD10.res7.NFNW,0.802311386860987,0.803474633528958,0.69556333869902,0.632882233885122
2017-10-13,0,3,32.1,70.2,127.7,TWI.MFD5.res7.NFNW,0.808723515643504,0.811265747408441,0.724363919469163,0.660006993221281
2017-10-23,0,1,71.3,96.8,134.9,SWI1E+16.res1.SSC5,0.572937942719555,0.582994467730114,0.353469114317737,0.25103149232806
2017-10-23,0,1,71.3,96.8,134.9,SWI1E+16.res5.NFNW,0.726156164523994,0.732040593488718,0.623080120756382,0.511061488167547
2017-10-23,0,1,71.3,96.8,134.9,SWI1E+16.res7.NFNW,0.724076070030713,0.726635644089718,0.620316762895553,0.497861579363519
2017-10-23,0,1,71.3,96.8,134.9,SWI1E+4.res1.SSC7,0.691299217818427,0.696743261312524,0.53675327098701,0.426524061304229
2017-10-23,0,1,71.3,96.8,134.9,SWI1E+8.res1.SSC5,0.583695565560865,0.593442379411555,0.364622626375256,0.264648798948712
2017-10-23,0,1,71.3,96.8,134.9,TWI.Braun.res4.NFNW,0.60128104444923,0.607496887458324,0.41224969699373,0.291517718948774
2017-10-23,0,1,71.3,96.8,134.9,TWI.FD8.res10.NFNW,0.686533593098172,0.692355565410733,0.562953951391478,0.441918755564737
2017-10-23,0,1,71.3,96.8,134.9,TWI.FD8.res7.NFNW,0.71412081724729,0.728918709475741,0.556795786268865,0.484694657680112
2017-10-23,0,1,71.3,96.8,134.9,TWI.MFD0.5.res1.SSC4,0.641099913385225,0.650795663796202,0.435649994325111,0.339154434402717
2017-10-23,0,1,71.3,96.8,134.9,TWI.MFD10.res7.NFNW,0.725038358845419,0.732033946654688,0.593343296960977,0.496645576709581
2017-10-23,0,1,71.3,96.8,134.9,TWI.MFD5.res7.NFNW,0.737331530520082,0.741909883850196,0.632466926129294,0.526932791565592
2017-11-02,0,1,50.6,98.4,136.5,SWI1E+16.res1.SSC5,0.21080808874591,0.218344596714689,-0.043793995844091,-0.446984628622127
2017-11-02,0,1,50.6,98.4,136.5,SWI1E+16.res5.NFNW,0.331909655371854,0.336048440830832,0.221253943410131,-0.0281819251983575
2017-11-02,0,1,50.6,98.4,136.5,SWI1E+16.res7.NFNW,0.359291247310294,0.36493638740457,0.262733295721053,0.0413016015923331
2017-11-02,0,1,50.6,98.4,136.5,SWI1E+4.res1.SSC7,0.305990405936509,0.311167644636337,0.186132415991854,-0.106749245339128
2017-11-02,0,1,50.6,98.4,136.5,SWI1E+8.res1.SSC5,0.219576819773166,0.226629713128222,-0.011342315505133,-0.41405182500428
2017-11-02,0,1,50.6,98.4,136.5,TWI.Braun.res4.NFNW,0.192577179960178,0.204354622315962,-0.159381945634744,-0.514904800750143
2017-11-02,0,1,50.6,98.4,136.5,TWI.FD8.res10.NFNW,0.344659162512066,0.348219524693501,0.256255295399837,-0.0150823821869622
2017-11-02,0,1,50.6,98.4,136.5,TWI.FD8.res7.NFNW,0.328013122766383,0.32929621448301,0.227475249707319,-0.0598871052264281
2017-11-02,0,1,50.6,98.4,136.5,TWI.MFD0.5.res1.SSC4,0.298639338849053,0.301783204733477,0.204141973711971,-0.118222747451196
2017-11-02,0,1,50.6,98.4,136.5,TWI.MFD10.res7.NFNW,0.325472402967771,0.329261867289317,0.21575803383215,-0.0385311823930648
2017-11-02,0,1,50.6,98.4,136.5,TWI.MFD5.res7.NFNW,0.336106061592427,0.340941908837922,0.223220835824868,-0.0121234730437131
2017-11-12,0,5,3.4,68.1,138.3,SWI1E+16.res1.SSC5,0.605074599531946,0.610425112657066,0.362029122153222,0.28304068957339
2017-11-12,0,5,3.4,68.1,138.3,SWI1E+16.res5.NFNW,0.775055696585006,0.777614702466148,0.670298887605535,0.584271387131721
2017-11-12,0,5,3.4,68.1,138.3,SWI1E+16.res7.NFNW,0.778249438462964,0.778837437959493,0.678033860379102,0.585216314358921
2017-11-12,0,5,3.4,68.1,138.3,SWI1E+4.res1.SSC7,0.736789332792842,0.739150051029767,0.570125985575823,0.483911405938877
2017-11-12,0,5,3.4,68.1,138.3,SWI1E+8.res1.SSC5,0.615825534501039,0.620938854865952,0.373244123795966,0.295772374293865
2017-11-12,0,5,3.4,68.1,138.3,TWI.Braun.res4.NFNW,0.626031074931068,0.62842370899267,0.415410868041973,0.316772683005662
2017-11-12,0,5,3.4,68.1,138.3,TWI.FD8.res10.NFNW,0.734698599206406,0.737045972252591,0.606909357889649,0.513210537146653
2017-11-12,0,5,3.4,68.1,138.3,TWI.FD8.res7.NFNW,0.744925173688044,0.753878714499481,0.571026768784296,0.515988026147677
2017-11-12,0,5,3.4,68.1,138.3,TWI.MFD0.5.res1.SSC4,0.679333491698106,0.684518705430463,0.453830065969873,0.379339469955969
2017-11-12,0,5,3.4,68.1,138.3,TWI.MFD10.res7.NFNW,0.761196648504441,0.764299064053336,0.614711620188424,0.538060247164815
2017-11-12,0,5,3.4,68.1,138.3,TWI.MFD5.res7.NFNW,0.782125298086083,0.783855049782283,0.668317566673701,0.586891058964362
2017-11-22,0,4,9.5,12.4,109.2,SWI1E+16.res1.SSC5,0.600726041745211,0.667539123953219,0.500100482732326,0.511543295823322
2017-11-22,0,4,9.5,12.4,109.2,SWI1E+16.res5.NFNW,0.735278494705769,0.784722678619067,0.683335232393629,0.68833027000984
2017-11-22,0,4,9.5,12.4,109.2,SWI1E+16.res7.NFNW,0.773737317093666,0.813606663165994,0.722800176327887,0.713600560146007
2017-11-22,0,4,9.5,12.4,109.2,SWI1E+4.res1.SSC7,0.732572160326493,0.780433949865365,0.670975498932234,0.675471816662378
2017-11-22,0,4,9.5,12.4,109.2,SWI1E+8.res1.SSC5,0.616289250693106,0.682156621308477,0.516674841274398,0.529771190884844
2017-11-22,0,4,9.5,12.4,109.2,TWI.Braun.res4.NFNW,0.633962152078748,0.687482827852555,0.548545882613538,0.549588837076246
2017-11-22,0,4,9.5,12.4,109.2,TWI.FD8.res10.NFNW,0.73064271305224,0.777334031720093,0.681680824059951,0.681334073702953
2017-11-22,0,4,9.5,12.4,109.2,TWI.FD8.res7.NFNW,0.711120540431716,0.779935219618549,0.641750192793369,0.684963968969277
2017-11-22,0,4,9.5,12.4,109.2,TWI.MFD0.5.res1.SSC4,0.67397956016582,0.739253087144992,0.586954272389351,0.606933297200031
2017-11-22,0,4,9.5,12.4,109.2,TWI.MFD10.res7.NFNW,0.717848846640913,0.766821034725516,0.653427423264709,0.654490011151417
2017-11-22,0,4,9.5,12.4,109.2,TWI.MFD5.res7.NFNW,0.732487517906809,0.773983977888234,0.670096259607246,0.663917904193649
2017-12-02,0,3,17.6,28.1,126.5,SWI1E+16.res1.SSC5,0.554138010558127,0.657063054401699,0.44885837980544,0.503688734050941
2017-12-02,0,3,17.6,28.1,126.5,SWI1E+16.res5.NFNW,0.682877876804558,0.761548195570949,0.619527212041931,0.659686391586772
2017-12-02,0,3,17.6,28.1,126.5,SWI1E+16.res7.NFNW,0.723637190744242,0.789779693636856,0.661595222164529,0.683708979379148
2017-12-02,0,3,17.6,28.1,126.5,SWI1E+4.res1.SSC7,0.683149039391699,0.759918921547207,0.612894297902118,0.653255192271605
2017-12-02,0,3,17.6,28.1,126.5,SWI1E+8.res1.SSC5,0.569495001525892,0.67081350281792,0.465762207373459,0.520974669416846
2017-12-02,0,3,17.6,28.1,126.5,TWI.Braun.res4.NFNW,0.593356979656894,0.679298354339832,0.501889882421455,0.544984061519377
2017-12-02,0,3,17.6,28.1,126.5,TWI.FD8.res10.NFNW,0.691206290504129,0.766407012039002,0.631961224690724,0.667661075397223
2017-12-02,0,3,17.6,28.1,126.5,TWI.FD8.res7.NFNW,0.660003057706072,0.762130869080722,0.580878582731682,0.663408185608387
2017-12-02,0,3,17.6,28.1,126.5,TWI.MFD0.5.res1.SSC4,0.623062176260089,0.722039207280728,0.532404772288463,0.592078077966016
2017-12-02,0,3,17.6,28.1,126.5,TWI.MFD10.res7.NFNW,0.673890763888223,0.75224148174169,0.599710166549525,0.636971669328654
2017-12-02,0,3,17.6,28.1,126.5,TWI.MFD5.res7.NFNW,0.686025047515001,0.754964607802386,0.613988121397531,0.641239071021984
2017-12-12,0,13,17.3,26.3,94.4,SWI1E+16.res1.SSC5,0.439203319585399,0.636624573118427,0.297053785431009,0.463495072925003
2017-12-12,0,13,17.3,26.3,94.4,SWI1E+16.res5.NFNW,0.5063960600062,0.670065461916537,0.316975206637081,0.436601869570852
2017-12-12,0,13,17.3,26.3,94.4,SWI1E+16.res7.NFNW,0.559789614562068,0.703360758475296,0.390678308696856,0.478319519329093
2017-12-12,0,13,17.3,26.3,94.4,SWI1E+4.res1.SSC7,0.543115765309606,0.700423461570538,0.420342244979167,0.524553228946749
2017-12-12,0,13,17.3,26.3,94.4,SWI1E+8.res1.SSC5,0.454595843177755,0.648599899162468,0.327571738170986,0.485256994259834
2017-12-12,0,13,17.3,26.3,94.4,TWI.Braun.res4.NFNW,0.483258963375874,0.6561351843825,0.365798963135445,0.494378673319402
2017-12-12,0,13,17.3,26.3,94.4,TWI.FD8.res10.NFNW,0.541172299231133,0.69697791110865,0.408626913092958,0.515187303212531
2017-12-12,0,13,17.3,26.3,94.4,TWI.FD8.res7.NFNW,0.487925305302111,0.680166315221319,0.316390108124063,0.493330817521429
2017-12-12,0,13,17.3,26.3,94.4,TWI.MFD0.5.res1.SSC4,0.488892347394313,0.677174538272526,0.368626462253114,0.512845794889168
2017-12-12,0,13,17.3,26.3,94.4,TWI.MFD10.res7.NFNW,0.490610248730923,0.655625670294071,0.302857681582956,0.418828639636917
2017-12-12,0,13,17.3,26.3,94.4,TWI.MFD5.res7.NFNW,0.502376704038577,0.655144995681629,0.307173216223154,0.406787643678636
2017-12-22,19.3,0,27.3,63.9,76.3,SWI1E+16.res1.SSC5,0.455591193384653,0.515329166197673,0.244915634996791,0.156833274111609
2017-12-22,19.3,0,27.3,63.9,76.3,SWI1E+16.res5.NFNW,0.623761897890965,0.668509002528608,0.522943830910386,0.44220566085467
2017-12-22,19.3,0,27.3,63.9,76.3,SWI1E+16.res7.NFNW,0.64757064233378,0.683886735883418,0.558525672932373,0.462365235176409
2017-12-22,19.3,0,27.3,63.9,76.3,SWI1E+4.res1.SSC7,0.587424847470459,0.630775303216419,0.433569789502459,0.346375949503252
2017-12-22,19.3,0,27.3,63.9,76.3,SWI1E+8.res1.SSC5,0.467090033760737,0.525947526337033,0.256969005368175,0.172526578818905
2017-12-22,19.3,0,27.3,63.9,76.3,TWI.Braun.res4.NFNW,0.485467295455305,0.534032041234316,0.301702643738187,0.18964822117273
2017-12-22,19.3,0,27.3,63.9,76.3,TWI.FD8.res10.NFNW,0.606249321447047,0.648592476245914,0.486911758329892,0.390883371765553
2017-12-22,19.3,0,27.3,63.9,76.3,TWI.FD8.res7.NFNW,0.60071739126483,0.662385469134105,0.43882994066605,0.398621799350717
2017-12-22,19.3,0,27.3,63.9,76.3,TWI.MFD0.5.res1.SSC4,0.522500369870958,0.580630417651784,0.321757555898615,0.251889712900367
2017-12-22,19.3,0,27.3,63.9,76.3,TWI.MFD10.res7.NFNW,0.626306923342639,0.670706579434752,0.492737320760709,0.422635096878639
2017-12-22,19.3,0,27.3,63.9,76.3,TWI.MFD5.res7.NFNW,0.638589537074874,0.676325403639801,0.531038188314676,0.446961277913413
2018-01-01,0,9,45.9,48.4,76.5,SWI1E+16.res1.SSC5,0.574094964226299,0.590532430334809,0.488564853202999,0.263108909945217
2018-01-01,0,9,45.9,48.4,76.5,SWI1E+16.res5.NFNW,0.679674342503645,0.687518228489224,0.623466345595161,0.416921196411655
2018-01-01,0,9,45.9,48.4,76.5,SWI1E+16.res7.NFNW,0.686218501922063,0.692211944838306,0.624369788876425,0.387019543785615
2018-01-01,0,9,45.9,48.4,76.5,SWI1E+4.res1.SSC7,0.662252744810092,0.668133525852771,0.598541638597447,0.371357367994172
2018-01-01,0,9,45.9,48.4,76.5,SWI1E+8.res1.SSC5,0.591521937976835,0.607308251898994,0.508783085526228,0.302120435302715
2018-01-01,0,9,45.9,48.4,76.5,TWI.Braun.res4.NFNW,0.577109630529346,0.584015383506329,0.484819886549208,0.20163359879738
2018-01-01,0,9,45.9,48.4,76.5,TWI.FD8.res10.NFNW,0.625191072502481,0.631136584691312,0.523244484691796,0.241077343187079
2018-01-01,0,9,45.9,48.4,76.5,TWI.FD8.res7.NFNW,0.68475808501538,0.706384367476388,0.60209260578207,0.489623415998782
2018-01-01,0,9,45.9,48.4,76.5,TWI.MFD0.5.res1.SSC4,0.665338693532873,0.680945680223676,0.589932902122712,0.406518940975048
2018-01-01,0,9,45.9,48.4,76.5,TWI.MFD10.res7.NFNW,0.692213556728447,0.70145910229036,0.608162491107972,0.491919840545194
2018-01-01,0,9,45.9,48.4,76.5,TWI.MFD5.res7.NFNW,0.693945556827749,0.700492744718831,0.627849134815944,0.475243646015725
2018-01-11,0,4,13.7,62.1,88.4,SWI1E+16.res1.SSC5,0.525257714285416,0.539439038526409,0.39633271872922,0.243517246897578
2018-01-11,0,4,13.7,62.1,88.4,SWI1E+16.res5.NFNW,0.638149454464135,0.653257335574187,0.581086460385854,0.467188834223921
2018-01-11,0,4,13.7,62.1,88.4,SWI1E+16.res7.NFNW,0.652750225926854,0.664477208740647,0.591561087079616,0.468706976511424
2018-01-11,0,4,13.7,62.1,88.4,SWI1E+4.res1.SSC7,0.618663955842738,0.628791797333027,0.53597895948011,0.400592676622883
2018-01-11,0,4,13.7,62.1,88.4,SWI1E+8.res1.SSC5,0.536634404856265,0.550095826197135,0.410165889964207,0.261316084546733
2018-01-11,0,4,13.7,62.1,88.4,TWI.Braun.res4.NFNW,0.532216656221302,0.542482873262532,0.426462788035636,0.260986797687441
2018-01-11,0,4,13.7,62.1,88.4,TWI.FD8.res10.NFNW,0.621401698653032,0.630294903922006,0.545309180413623,0.402836227229973
2018-01-11,0,4,13.7,62.1,88.4,TWI.FD8.res7.NFNW,0.657943808582655,0.673149991637887,0.583774117640309,0.482917276119035
2018-01-11,0,4,13.7,62.1,88.4,TWI.MFD0.5.res1.SSC4,0.615878576725364,0.62793686285969,0.502723543712741,0.376523045402128
2018-01-11,0,4,13.7,62.1,88.4,TWI.MFD10.res7.NFNW,0.667121926036129,0.67563716322253,0.605547521299853,0.496720779029152
2018-01-11,0,4,13.7,62.1,88.4,TWI.MFD5.res7.NFNW,0.665290513614649,0.674366578066121,0.609417257298358,0.500269651155655
2018-01-21,27.7,0,13.7,62.5,107.1,SWI1E+16.res1.SSC5,0.323936122157007,0.53903908985,0.0830646549250811,0.333010024832424
2018-01-21,27.7,0,13.7,62.5,107.1,SWI1E+16.res5.NFNW,0.350761926231026,0.56163754267991,0.0899520552831599,0.297850591481951
2018-01-21,27.7,0,13.7,62.5,107.1,SWI1E+16.res7.NFNW,0.380637812282363,0.572983671258874,0.139637499605642,0.317953976066545
2018-01-21,27.7,0,13.7,62.5,107.1,SWI1E+4.res1.SSC7,0.394483924128662,0.580115566366495,0.17295232205929,0.35152811326971
2018-01-21,27.7,0,13.7,62.5,107.1,SWI1E+8.res1.SSC5,0.337872232227272,0.547028408422503,0.111111032529657,0.34428933126614
2018-01-21,27.7,0,13.7,62.5,107.1,TWI.Braun.res4.NFNW,0.352093555492818,0.547506626579363,0.13490254048776,0.34070124676217
2018-01-21,27.7,0,13.7,62.5,107.1,TWI.FD8.res10.NFNW,0.385450503207013,0.568176614600121,0.174161920893802,0.341606582705438
2018-01-21,27.7,0,13.7,62.5,107.1,TWI.FD8.res7.NFNW,0.363704216009152,0.569214531159234,0.111913194297439,0.318307950899497
2018-01-21,27.7,0,13.7,62.5,107.1,TWI.MFD0.5.res1.SSC4,0.377486535431297,0.571993830543813,0.16059950128136,0.35403612283071
2018-01-21,27.7,0,13.7,62.5,107.1,TWI.MFD10.res7.NFNW,0.362209699326756,0.553071861917106,0.0998573651034864,0.266745644206054
2018-01-21,27.7,0,13.7,62.5,107.1,TWI.MFD5.res7.NFNW,0.367703905622178,0.558987612087611,0.107213614652216,0.275843399684343
2018-01-31,0,4,29.8,43.5,91.9,SWI1E+16.res1.SSC5,0.497425142737479,0.531913778520151,0.393772210477384,0.302812971782988
2018-01-31,0,4,29.8,43.5,91.9,SWI1E+16.res5.NFNW,0.601125685847322,0.63484677368159,0.535969174027782,0.48969953685616
2018-01-31,0,4,29.8,43.5,91.9,SWI1E+16.res7.NFNW,0.623032499946189,0.651350085023344,0.557254665871776,0.498223139094489
2018-01-31,0,4,29.8,43.5,91.9,SWI1E+4.res1.SSC7,0.59001696235096,0.616442411296661,0.513471786191684,0.44245009195327
2018-01-31,0,4,29.8,43.5,91.9,SWI1E+8.res1.SSC5,0.509602447865385,0.542709328323268,0.408890518388569,0.320188254263779
2018-01-31,0,4,29.8,43.5,91.9,TWI.Braun.res4.NFNW,0.510297244420976,0.538374714007813,0.414813014475417,0.319733958549241
2018-01-31,0,4,29.8,43.5,91.9,TWI.FD8.res10.NFNW,0.601398730823531,0.625560521815178,0.534032245035139,0.457379302093481
2018-01-31,0,4,29.8,43.5,91.9,TWI.FD8.res7.NFNW,0.623679452603321,0.657106912704613,0.551203084651646,0.510324820059419
2018-01-31,0,4,29.8,43.5,91.9,TWI.MFD0.5.res1.SSC4,0.586610414653829,0.616050522193494,0.495836828398192,0.425265677429725
2018-01-31,0,4,29.8,43.5,91.9,TWI.MFD10.res7.NFNW,0.628797102572794,0.652192377470801,0.559730788014413,0.507967442237025
2018-01-31,0,4,29.8,43.5,91.9,TWI.MFD5.res7.NFNW,0.628186159875846,0.652458438781006,0.560715988222776,0.511276913328098
2018-02-10,0.5,0,2.4,30.6,92.7,SWI1E+16.res1.SSC5,0.273074227753943,0.548749391144973,-0.0715892111180309,0.317042581075105
2018-02-10,0.5,0,2.4,30.6,92.7,SWI1E+16.res5.NFNW,0.2756207220327,0.554698974001873,-0.052277217817496,0.271617200514065
2018-02-10,0.5,0,2.4,30.6,92.7,SWI1E+16.res7.NFNW,0.325625557598163,0.573014904843896,0.0307436557925865,0.303430071425621
2018-02-10,0.5,0,2.4,30.6,92.7,SWI1E+4.res1.SSC7,0.291597667863721,0.554231255023848,-0.0165444187554399,0.305591715347127
2018-02-10,0.5,0,2.4,30.6,92.7,SWI1E+8.res1.SSC5,0.280023280061106,0.551236805816384,-0.0534766491012895,0.321479564747314
2018-02-10,0.5,0,2.4,30.6,92.7,TWI.Braun.res4.NFNW,0.312095735009584,0.562387278206504,0.0267641986587035,0.338330885200306
2018-02-10,0.5,0,2.4,30.6,92.7,TWI.FD8.res10.NFNW,0.350526201546554,0.583606004394308,0.0867458616562343,0.342515277645099
2018-02-10,0.5,0,2.4,30.6,92.7,TWI.FD8.res7.NFNW,0.318002483545853,0.579599815936166,0.0101871801835504,0.30627649150192
2018-02-10,0.5,0,2.4,30.6,92.7,TWI.MFD0.5.res1.SSC4,0.327125921711803,0.575832340947895,0.0408880068690171,0.338978405475729
2018-02-10,0.5,0,2.4,30.6,92.7,TWI.MFD10.res7.NFNW,0.30734893837137,0.560368575204342,-0.0103696539519218,0.252315179437461
2018-02-10,0.5,0,2.4,30.6,92.7,TWI.MFD5.res7.NFNW,0.300924932738817,0.559275493239753,-0.0166209889828259,0.256477145130333
2018-02-20,64.5,0,20.9,115.2,150,SWI1E+16.res1.SSC5,0.490405355398209,0.508586038996623,0.323367920077069,0.14402674803293
2018-02-20,64.5,0,20.9,115.2,150,SWI1E+16.res5.NFNW,0.583278431188399,0.601773656855298,0.487323948449228,0.310439305330746
2018-02-20,64.5,0,20.9,115.2,150,SWI1E+16.res7.NFNW,0.587296946864874,0.601377952821187,0.492202491672656,0.302374678044139
2018-02-20,64.5,0,20.9,115.2,150,SWI1E+4.res1.SSC7,0.523720156032162,0.537798415771585,0.384241169426693,0.173009143390312
2018-02-20,64.5,0,20.9,115.2,150,SWI1E+8.res1.SSC5,0.492740205465689,0.510260210698202,0.326820302510004,0.146908900292777
2018-02-20,64.5,0,20.9,115.2,150,TWI.Braun.res4.NFNW,0.499914970981301,0.51320514782426,0.361549529662941,0.161104301180029
2018-02-20,64.5,0,20.9,115.2,150,TWI.FD8.res10.NFNW,0.601832037789062,0.612229868932439,0.502954437868699,0.323474188090511
2018-02-20,64.5,0,20.9,115.2,150,TWI.FD8.res7.NFNW,0.635185366497572,0.652628776231637,0.535420452152246,0.401078494983387
2018-02-20,64.5,0,20.9,115.2,150,TWI.MFD0.5.res1.SSC4,0.555831217639921,0.571122527854678,0.404721358911708,0.23661123469114
2018-02-20,64.5,0,20.9,115.2,150,TWI.MFD10.res7.NFNW,0.635554315788077,0.646262628014006,0.550487633305289,0.394259541597505
2018-02-20,64.5,0,20.9,115.2,150,TWI.MFD5.res7.NFNW,0.622988853296444,0.634621258885071,0.541550693732832,0.375848038137786
2018-03-02,0,1,200.7,201.5,245,SWI1E+16.res1.SSC5,0.277821585130551,0.825188330416502,0.0694201334222061,0.78021158602242
2018-03-02,0,1,200.7,201.5,245,SWI1E+16.res5.NFNW,0.307838519071135,0.831280312231592,0.112065178177005,0.788201307301092
2018-03-02,0,1,200.7,201.5,245,SWI1E+16.res7.NFNW,0.302892715792028,0.837215921963654,0.0925103999872514,0.79281561048533
2018-03-02,0,1,200.7,201.5,245,SWI1E+4.res1.SSC7,0.255163840406,0.825048010885061,0.00602012039821752,0.779001387313537
2018-03-02,0,1,200.7,201.5,245,SWI1E+8.res1.SSC5,0.275645448818399,0.825589987696987,0.0649668429380342,0.780216263053759
2018-03-02,0,1,200.7,201.5,245,TWI.Braun.res4.NFNW,0.244983828161943,0.824445806075838,0.0301643760916954,0.780664823207547
2018-03-02,0,1,200.7,201.5,245,TWI.FD8.res10.NFNW,0.279065034221376,0.836974397524625,0.056566909024192,0.795630956507238
2018-03-02,0,1,200.7,201.5,245,TWI.FD8.res7.NFNW,0.328364660450179,0.838456635160771,0.133972819183379,0.795631205292194
2018-03-02,0,1,200.7,201.5,245,TWI.MFD0.5.res1.SSC4,0.288822806351471,0.831484158187332,0.0761010984513892,0.788172210240135
2018-03-02,0,1,200.7,201.5,245,TWI.MFD10.res7.NFNW,0.278077280742495,0.835182320328134,0.0464774906646055,0.793684270172875
2018-03-02,0,1,200.7,201.5,245,TWI.MFD5.res7.NFNW,0.269991947656482,0.831235661039905,0.0321120379265242,0.790329152300407
2018-03-12,0,8,21.4,202,232.1,SWI1E+16.res1.SSC5,0.456550823008486,0.778402975142031,0.305660208994179,0.704309664630043
2018-03-12,0,8,21.4,202,232.1,SWI1E+16.res5.NFNW,0.515392983639579,0.808806030274964,0.437396114813381,0.755725029317946
2018-03-12,0,8,21.4,202,232.1,SWI1E+16.res7.NFNW,0.521751816905972,0.824059207306683,0.443675317390918,0.775030885317597
2018-03-12,0,8,21.4,202,232.1,SWI1E+4.res1.SSC7,0.474002882033611,0.798649378836278,0.35958171795093,0.741698277362232
2018-03-12,0,8,21.4,202,232.1,SWI1E+8.res1.SSC5,0.460472942587551,0.782123942125637,0.309933794175624,0.708677113668704
2018-03-12,0,8,21.4,202,232.1,TWI.Braun.res4.NFNW,0.445235278708701,0.786129538654415,0.320317357748277,0.722691683913799
2018-03-12,0,8,21.4,202,232.1,TWI.FD8.res10.NFNW,0.488022498342571,0.816425701675457,0.38683950444318,0.76980800716811
2018-03-12,0,8,21.4,202,232.1,TWI.FD8.res7.NFNW,0.552314716508888,0.831655462130534,0.453807446591041,0.782362088337236
2018-03-12,0,8,21.4,202,232.1,TWI.MFD0.5.res1.SSC4,0.497823950315889,0.806556418179154,0.366044201423517,0.743422060518658
2018-03-12,0,8,21.4,202,232.1,TWI.MFD10.res7.NFNW,0.483867892552578,0.81005432050715,0.385713879461528,0.758131420473759
2018-03-12,0,8,21.4,202,232.1,TWI.MFD5.res7.NFNW,0.478619627494196,0.804777602396797,0.384625807049853,0.751650723286772
2018-03-22,0,2,3.1,184.5,235.2,SWI1E+16.res1.SSC5,0.526114838825535,0.593567331126308,0.374888716290876,0.307673792678013
2018-03-22,0,2,3.1,184.5,235.2,SWI1E+16.res5.NFNW,0.603124582507544,0.659037079299616,0.538590400987527,0.433077487760634
2018-03-22,0,2,3.1,184.5,235.2,SWI1E+16.res7.NFNW,0.601624715422484,0.665309010835878,0.534276980096465,0.437001370682645
2018-03-22,0,2,3.1,184.5,235.2,SWI1E+4.res1.SSC7,0.564660272669553,0.634342875947532,0.464024955693848,0.381953503243756
2018-03-22,0,2,3.1,184.5,235.2,SWI1E+8.res1.SSC5,0.532914682192789,0.600530877811385,0.382826769408572,0.318694478800068
2018-03-22,0,2,3.1,184.5,235.2,TWI.Braun.res4.NFNW,0.530637395856965,0.607275681337918,0.409204986100214,0.340821521609273
2018-03-22,0,2,3.1,184.5,235.2,TWI.FD8.res10.NFNW,0.589914976867571,0.663303108664096,0.507280843257857,0.442505649020689
2018-03-22,0,2,3.1,184.5,235.2,TWI.FD8.res7.NFNW,0.663628704277225,0.713686710352194,0.580342376608787,0.5308949812461
2018-03-22,0,2,3.1,184.5,235.2,TWI.MFD0.5.res1.SSC4,0.586620291959782,0.649716516119461,0.458093130652016,0.398929372794509
2018-03-22,0,2,3.1,184.5,235.2,TWI.MFD10.res7.NFNW,0.593187500444831,0.663407125288786,0.514529450146563,0.449880644878886
2018-03-22,0,2,3.1,184.5,235.2,TWI.MFD5.res7.NFNW,0.58432555800255,0.654009242419402,0.509047136862312,0.430164395441054
2018-04-01,1.3,0,135.9,138,339.5,SWI1E+16.res1.SSC5,0.289262813180396,0.792166786706678,0.0751420865695975,0.729969913466976
2018-04-01,1.3,0,135.9,138,339.5,SWI1E+16.res5.NFNW,0.328030711677694,0.803891774886741,0.138753761363705,0.750560923766999
2018-04-01,1.3,0,135.9,138,339.5,SWI1E+16.res7.NFNW,0.320299837568452,0.809248550493741,0.118232774038441,0.754878310418898
2018-04-01,1.3,0,135.9,138,339.5,SWI1E+4.res1.SSC7,0.284299864155306,0.79865313637611,0.0563424242747268,0.74097717346355
2018-04-01,1.3,0,135.9,138,339.5,SWI1E+8.res1.SSC5,0.289484124242957,0.793491918928593,0.0740840933257713,0.730998159443153
2018-04-01,1.3,0,135.9,138,339.5,TWI.Braun.res4.NFNW,0.256461567490557,0.793307766415835,0.0388783338892193,0.73314498200465
2018-04-01,1.3,0,135.9,138,339.5,TWI.FD8.res10.NFNW,0.302599079887659,0.812608659511895,0.0744135032716707,0.756710525940633
2018-04-01,1.3,0,135.9,138,339.5,TWI.FD8.res7.NFNW,0.361744732875398,0.817199418914127,0.170866082211655,0.763455563546537
2018-04-01,1.3,0,135.9,138,339.5,TWI.MFD0.5.res1.SSC4,0.29906394835884,0.800914841280279,0.0763570409094516,0.741370024532421
2018-04-01,1.3,0,135.9,138,339.5,TWI.MFD10.res7.NFNW,0.302046123435795,0.808932704826809,0.0734390077205198,0.75585287544635
2018-04-01,1.3,0,135.9,138,339.5,TWI.MFD5.res7.NFNW,0.289345118579705,0.802986085795816,0.0553778838353526,0.750620564996386
2018-04-11,0,4,130.9,139.5,341.5,SWI1E+16.res1.SSC5,0.421675123242366,0.73533608343737,0.261646383219987,0.634811225025414
2018-04-11,0,4,130.9,139.5,341.5,SWI1E+16.res5.NFNW,0.479340126925028,0.76245063846848,0.386208661690788,0.681232712755674
2018-04-11,0,4,130.9,139.5,341.5,SWI1E+16.res7.NFNW,0.48397545069391,0.778652456465219,0.392804071086972,0.705552489377707
2018-04-11,0,4,130.9,139.5,341.5,SWI1E+4.res1.SSC7,0.43849833843033,0.751503886177369,0.311355188825666,0.671127731536018
2018-04-11,0,4,130.9,139.5,341.5,SWI1E+8.res1.SSC5,0.426539984368994,0.739802685085154,0.267260990669793,0.640043795064367
2018-04-11,0,4,130.9,139.5,341.5,TWI.Braun.res4.NFNW,0.417028433897493,0.745410909680881,0.276460200495144,0.656450282797353
2018-04-11,0,4,130.9,139.5,341.5,TWI.FD8.res10.NFNW,0.446718774253436,0.762791033536574,0.33085778581304,0.69241791188032
2018-04-11,0,4,130.9,139.5,341.5,TWI.FD8.res7.NFNW,0.48127098769467,0.763271854809717,0.36535016306602,0.683234941661972
2018-04-11,0,4,130.9,139.5,341.5,TWI.MFD0.5.res1.SSC4,0.463914667162184,0.766080512370343,0.324063463864345,0.678510574901141
2018-04-11,0,4,130.9,139.5,341.5,TWI.MFD10.res7.NFNW,0.423522831475136,0.746545424802981,0.301190679144214,0.668908294130316
2018-04-11,0,4,130.9,139.5,341.5,TWI.MFD5.res7.NFNW,0.423661247244722,0.743438826921442,0.306306123301705,0.664788145052363
2018-04-21,6.9,0,8.9,149.9,334.4,SWI1E+16.res1.SSC5,0.612689527095653,0.651484278363983,0.472588152061408,0.411293672448677
2018-04-21,6.9,0,8.9,149.9,334.4,SWI1E+16.res5.NFNW,0.65222379763044,0.684968995469573,0.58338356415172,0.497293565443739
2018-04-21,6.9,0,8.9,149.9,334.4,SWI1E+16.res7.NFNW,0.663894947149854,0.703590852788801,0.596541336701915,0.519203576003842
2018-04-21,6.9,0,8.9,149.9,334.4,SWI1E+4.res1.SSC7,0.627522785641414,0.669464047449874,0.536137318220889,0.463766337239446
2018-04-21,6.9,0,8.9,149.9,334.4,SWI1E+8.res1.SSC5,0.618166838228145,0.657685868135784,0.479480697178488,0.42103227319754
2018-04-21,6.9,0,8.9,149.9,334.4,TWI.Braun.res4.NFNW,0.607113194873322,0.654347181772376,0.495367134189252,0.434208276131644
2018-04-21,6.9,0,8.9,149.9,334.4,TWI.FD8.res10.NFNW,0.613168751599319,0.660082637525654,0.509669076072482,0.449722124095792
2018-04-21,6.9,0,8.9,149.9,334.4,TWI.FD8.res7.NFNW,0.725360423738483,0.753850918326698,0.651256769142963,0.610099773234324
2018-04-21,6.9,0,8.9,149.9,334.4,TWI.MFD0.5.res1.SSC4,0.659423039455615,0.699147940496524,0.544308957233833,0.492314792272478
2018-04-21,6.9,0,8.9,149.9,334.4,TWI.MFD10.res7.NFNW,0.664487648728959,0.70642380649213,0.594516225541517,0.539866221328245
2018-04-21,6.9,0,8.9,149.9,334.4,TWI.MFD5.res7.NFNW,0.651669480663572,0.692331676771987,0.583833730158602,0.516374562863045
2018-05-01,0,6,29,39.2,175.9,SWI1E+16.res1.SSC5,0.588118620342162,0.632933933012372,0.453199466441765,0.372479811450417
2018-05-01,0,6,29,39.2,175.9,SWI1E+16.res5.NFNW,0.630833355567731,0.668759468390062,0.568215866205119,0.456161752756523
2018-05-01,0,6,29,39.2,175.9,SWI1E+16.res7.NFNW,0.631773395873388,0.677627481130453,0.565047131333258,0.461160969415215
2018-05-01,0,6,29,39.2,175.9,SWI1E+4.res1.SSC7,0.602000289801787,0.65003057227805,0.513537310755908,0.416670818799023
2018-05-01,0,6,29,39.2,175.9,SWI1E+8.res1.SSC5,0.593486248887755,0.639015437437571,0.459693555162788,0.382095931889452
2018-05-01,0,6,29,39.2,175.9,TWI.Braun.res4.NFNW,0.583180898030176,0.636757466572325,0.476432663176128,0.394487492283909
2018-05-01,0,6,29,39.2,175.9,TWI.FD8.res10.NFNW,0.602403013327086,0.654573422317337,0.509592834983025,0.428189924462191
2018-05-01,0,6,29,39.2,175.9,TWI.FD8.res7.NFNW,0.702783780837825,0.735854560224104,0.628968020800343,0.569707678998159
2018-05-01,0,6,29,39.2,175.9,TWI.MFD0.5.res1.SSC4,0.633401821940978,0.67889452113462,0.523320808746742,0.45150554804568
2018-05-01,0,6,29,39.2,175.9,TWI.MFD10.res7.NFNW,0.635610438612821,0.683557103889948,0.565702778781571,0.48821343883963
2018-05-01,0,6,29,39.2,175.9,TWI.MFD5.res7.NFNW,0.623462893847178,0.67015089822879,0.556285461881943,0.464062962860734
2018-05-11,0,7,82.9,118.5,258,SWI1E+16.res1.SSC5,0.646640469701608,0.66502138987051,0.497646852295577,0.440268439334172
2018-05-11,0,7,82.9,118.5,258,SWI1E+16.res5.NFNW,0.712187458130957,0.726062909462997,0.650508725688261,0.594936691184789
2018-05-11,0,7,82.9,118.5,258,SWI1E+16.res7.NFNW,0.724805126207617,0.743856393827518,0.663744277622709,0.611348598926718
2018-05-11,0,7,82.9,118.5,258,SWI1E+4.res1.SSC7,0.68139385849836,0.701695720041544,0.58935157151443,0.533959568060327
2018-05-11,0,7,82.9,118.5,258,SWI1E+8.res1.SSC5,0.652539873171864,0.671522863821393,0.504689064006865,0.449583822994463
2018-05-11,0,7,82.9,118.5,258,TWI.Braun.res4.NFNW,0.638703734778124,0.663359960933816,0.522811805541359,0.464342092389278
2018-05-11,0,7,82.9,118.5,258,TWI.FD8.res10.NFNW,0.655373684193695,0.679536440823337,0.550957298593785,0.496054401637132
2018-05-11,0,7,82.9,118.5,258,TWI.FD8.res7.NFNW,0.744844704401704,0.757723586994591,0.662938167173927,0.624369049132216
2018-05-11,0,7,82.9,118.5,258,TWI.MFD0.5.res1.SSC4,0.696244519953787,0.715935222988585,0.572458037280774,0.5257693673398
2018-05-11,0,7,82.9,118.5,258,TWI.MFD10.res7.NFNW,0.719742103817678,0.740633610936329,0.648187678544907,0.611009137579306
2018-05-11,0,7,82.9,118.5,258,TWI.MFD5.res7.NFNW,0.716190698707816,0.735652955727462,0.653463759417243,0.610459176575104
2018-05-21,0,1,19.8,131.7,274.7,SWI1E+16.res1.SSC5,0.621472963126624,0.623407097547413,0.508263531806609,0.412807611171077
2018-05-21,0,1,19.8,131.7,274.7,SWI1E+16.res5.NFNW,0.687202614595343,0.688114936596977,0.630335406953954,0.55734224233128
2018-05-21,0,1,19.8,131.7,274.7,SWI1E+16.res7.NFNW,0.70548269667254,0.708077529081592,0.651671204637042,0.579682805572648
2018-05-21,0,1,19.8,131.7,274.7,SWI1E+4.res1.SSC7,0.675258142621792,0.677985559897648,0.605669439933769,0.5217479216284
2018-05-21,0,1,19.8,131.7,274.7,SWI1E+8.res1.SSC5,0.629358624574245,0.631517362017661,0.518064604965017,0.425072561151824
2018-05-21,0,1,19.8,131.7,274.7,TWI.Braun.res4.NFNW,0.643540455347024,0.647594932759896,0.552147504404459,0.457127709756955
2018-05-21,0,1,19.8,131.7,274.7,TWI.FD8.res10.NFNW,0.632140658335611,0.636284927344046,0.554117289556107,0.459846955089505
2018-05-21,0,1,19.8,131.7,274.7,TWI.FD8.res7.NFNW,0.694528444141751,0.695382311167218,0.624624460825787,0.557272378537411
2018-05-21,0,1,19.8,131.7,274.7,TWI.MFD0.5.res1.SSC4,0.682634570375295,0.685267411914392,0.591477168358704,0.512559715663193
2018-05-21,0,1,19.8,131.7,274.7,TWI.MFD10.res7.NFNW,0.692884365312499,0.696188975489907,0.627382926518526,0.56737017129208
2018-05-21,0,1,19.8,131.7,274.7,TWI.MFD5.res7.NFNW,0.696486415999107,0.699185020668915,0.635584579216435,0.574021685209436
2018-05-31,0.5,0,59.8,148,187.2,SWI1E+16.res1.SSC5,0.210975752987148,0.256079800498244,0.0251663383644516,-0.0873791176925318
2018-05-31,0.5,0,59.8,148,187.2,SWI1E+16.res5.NFNW,0.253378434438471,0.293513363152371,0.0582593241429438,-0.0494752706836799
2018-05-31,0.5,0,59.8,148,187.2,SWI1E+16.res7.NFNW,0.268353546110265,0.311276052055333,0.0541602077409208,-0.0436430399093884
2018-05-31,0.5,0,59.8,148,187.2,SWI1E+4.res1.SSC7,0.275045702406035,0.313593968104024,0.0929250782387014,-0.0122403750069877
2018-05-31,0.5,0,59.8,148,187.2,SWI1E+8.res1.SSC5,0.221805975778359,0.264975080787265,0.0342496034976234,-0.073122041689808
2018-05-31,0.5,0,59.8,148,187.2,TWI.Braun.res4.NFNW,0.306754630324489,0.341139456543464,0.154417134851846,0.0396924887836163
2018-05-31,0.5,0,59.8,148,187.2,TWI.FD8.res10.NFNW,0.226677262918642,0.279355096117745,0.0216043163612413,-0.107129396266686
2018-05-31,0.5,0,59.8,148,187.2,TWI.FD8.res7.NFNW,0.210916864037221,0.256937240353204,0.00327388363776008,-0.07091230441033
2018-05-31,0.5,0,59.8,148,187.2,TWI.MFD0.5.res1.SSC4,0.287143597957178,0.321399874708281,0.108638932333032,0.0111217287105876
2018-05-31,0.5,0,59.8,148,187.2,TWI.MFD10.res7.NFNW,0.206811754554223,0.261360985667781,-0.00137591324761073,-0.0472470175798781
2018-05-31,0.5,0,59.8,148,187.2,TWI.MFD5.res7.NFNW,0.223479893493019,0.273707803135892,0.00683786973508273,-0.0556585882136852
2018-06-10,0,10,6.9,65.1,183.6,SWI1E+16.res1.SSC5,0.0497188655195495,0.0631691950673499,-0.437070444033476,-0.46580215407945
2018-06-10,0,10,6.9,65.1,183.6,SWI1E+16.res5.NFNW,0.0418827332606972,0.0496268289628882,-0.480977781625896,-0.506285984944093
2018-06-10,0,10,6.9,65.1,183.6,SWI1E+16.res7.NFNW,0.114434030131694,0.116831848611964,-0.472135226915414,-0.496251896114727
2018-06-10,0,10,6.9,65.1,183.6,SWI1E+4.res1.SSC7,0.0929028240304464,0.0956295192779008,-0.393462146747839,-0.423209266017699
2018-06-10,0,10,6.9,65.1,183.6,SWI1E+8.res1.SSC5,0.0320659194911113,0.0482217610757925,-0.42338718460694,-0.451457910467356
2018-06-10,0,10,6.9,65.1,183.6,TWI.Braun.res4.NFNW,0.117632525649774,0.119493681832705,-0.287103622882345,-0.327659851714641
2018-06-10,0,10,6.9,65.1,183.6,TWI.FD8.res10.NFNW,0.0787170744781751,0.0831874719120066,-0.52972290359076,-0.554821417336233
2018-06-10,0,10,6.9,65.1,183.6,TWI.FD8.res7.NFNW,0.0686924979065953,0.0801104506616319,-0.46353701396167,-0.48118030688843
2018-06-10,0,10,6.9,65.1,183.6,TWI.MFD0.5.res1.SSC4,0.0391865616132018,0.0475395136430618,-0.434333507618177,-0.460080796820224
2018-06-10,0,10,6.9,65.1,183.6,TWI.MFD10.res7.NFNW,0.0771787784386626,0.0856215807521328,-0.469365150873788,-0.480886583985986
2018-06-10,0,10,6.9,65.1,183.6,TWI.MFD5.res7.NFNW,0.028841062951013,0.0441629528178999,-0.483928529915979,-0.499041268531375
2018-06-20,9.9,0,16.3,71.5,203.2,SWI1E+16.res1.SSC5,0.352921344236226,0.353049683077003,0.225897641021245,0.0205929179599809
2018-06-20,9.9,0,16.3,71.5,203.2,SWI1E+16.res5.NFNW,0.460288758461381,0.460438723275045,0.357645837752978,0.194029155275894
2018-06-20,9.9,0,16.3,71.5,203.2,SWI1E+16.res7.NFNW,0.532702914520032,0.53339451642482,0.442597973232379,0.278158841528289
2018-06-20,9.9,0,16.3,71.5,203.2,SWI1E+4.res1.SSC7,0.449388843033979,0.449896227379901,0.36004150959823,0.192102809462769
2018-06-20,9.9,0,16.3,71.5,203.2,SWI1E+8.res1.SSC5,0.36447606364799,0.364624864752761,0.247795038863237,0.0558076360484832
2018-06-20,9.9,0,16.3,71.5,203.2,TWI.Braun.res4.NFNW,0.376675607951627,0.377867317358636,0.26495343145446,0.0778523658862359
2018-06-20,9.9,0,16.3,71.5,203.2,TWI.FD8.res10.NFNW,0.490278090682388,0.491613364525609,0.417395436677613,0.236242255939753
2018-06-20,9.9,0,16.3,71.5,203.2,TWI.FD8.res7.NFNW,0.468530819901883,0.468548713277369,0.336486845547155,0.230913112883384
2018-06-20,9.9,0,16.3,71.5,203.2,TWI.MFD0.5.res1.SSC4,0.425916309003962,0.426198541833045,0.313900216318091,0.146198115572997
2018-06-20,9.9,0,16.3,71.5,203.2,TWI.MFD10.res7.NFNW,0.441480227484406,0.442411740761078,0.311224710910199,0.190237018756555
2018-06-20,9.9,0,16.3,71.5,203.2,TWI.MFD5.res7.NFNW,0.464323905950972,0.465042526477774,0.332125815029922,0.195928615748632
2018-06-30,0,4,36.6,53.4,200.9,SWI1E+16.res1.SSC5,0.320830979815459,0.323888271243252,0.198893832842498,-0.0826853334290084
2018-06-30,0,4,36.6,53.4,200.9,SWI1E+16.res5.NFNW,0.372725471756168,0.374481390864006,0.302167277687357,0.0679449852389225
2018-06-30,0,4,36.6,53.4,200.9,SWI1E+16.res7.NFNW,0.452733553519068,0.45327789740953,0.394367483243037,0.188653201914191
2018-06-30,0,4,36.6,53.4,200.9,SWI1E+4.res1.SSC7,0.367208855291351,0.368282686546309,0.29947172150992,0.0605699924657931
2018-06-30,0,4,36.6,53.4,200.9,SWI1E+8.res1.SSC5,0.324761338115506,0.327517831524232,0.214864960003084,-0.0598961500762054
2018-06-30,0,4,36.6,53.4,200.9,TWI.Braun.res4.NFNW,0.317695352416988,0.318537121504081,0.213065517026263,-0.0515854016578634
2018-06-30,0,4,36.6,53.4,200.9,TWI.FD8.res10.NFNW,0.419345396190283,0.419713429010295,0.364874134420794,0.144788233082925
2018-06-30,0,4,36.6,53.4,200.9,TWI.FD8.res7.NFNW,0.469303533973677,0.473162683636263,0.355116007411689,0.24148017333359
2018-06-30,0,4,36.6,53.4,200.9,TWI.MFD0.5.res1.SSC4,0.357439445400213,0.359227161392008,0.273266088398348,0.0416951678081806
2018-06-30,0,4,36.6,53.4,200.9,TWI.MFD10.res7.NFNW,0.431164017741143,0.432004182991342,0.325934543709793,0.184857555015996
2018-06-30,0,4,36.6,53.4,200.9,TWI.MFD5.res7.NFNW,0.433145440977657,0.434079008287017,0.334213250744012,0.16660678838362
2018-07-10,0.5,0,23.9,72.7,137.8,SWI1E+16.res1.SSC5,0.235230222738048,0.257276300627905,0.0721362530299218,-0.0960282696702399
2018-07-10,0.5,0,23.9,72.7,137.8,SWI1E+16.res5.NFNW,0.278919245997096,0.299450697292413,0.121519617823384,-0.056619704613063
2018-07-10,0.5,0,23.9,72.7,137.8,SWI1E+16.res7.NFNW,0.356539788316706,0.375583452028611,0.188475020671738,0.0169187983637265
2018-07-10,0.5,0,23.9,72.7,137.8,SWI1E+4.res1.SSC7,0.249455062137804,0.275436990735886,0.0897954413264815,-0.0987976499109391
2018-07-10,0.5,0,23.9,72.7,137.8,SWI1E+8.res1.SSC5,0.233119839485642,0.256162399231599,0.0713835520660851,-0.097441520524119
2018-07-10,0.5,0,23.9,72.7,137.8,TWI.Braun.res4.NFNW,0.225865617827469,0.255466690171978,0.0527542989147422,-0.133895277637467
2018-07-10,0.5,0,23.9,72.7,137.8,TWI.FD8.res10.NFNW,0.314565804558708,0.337526534752362,0.167919362977005,-0.0321327543806779
2018-07-10,0.5,0,23.9,72.7,137.8,TWI.FD8.res7.NFNW,0.35186538512836,0.363526496065768,0.150984666420856,0.0629287310853873
2018-07-10,0.5,0,23.9,72.7,137.8,TWI.MFD0.5.res1.SSC4,0.281438699663064,0.301417829561027,0.110089590371742,-0.0516663856305432
2018-07-10,0.5,0,23.9,72.7,137.8,TWI.MFD10.res7.NFNW,0.30082262343444,0.322750751011534,0.115194795321724,0.0148509649815809
2018-07-10,0.5,0,23.9,72.7,137.8,TWI.MFD5.res7.NFNW,0.31838134396232,0.338451293093794,0.12369364660569,0.00283676259736075
2018-07-20,0,2,53.8,98.8,160.4,SWI1E+16.res1.SSC5,0.580770203047255,0.5809733915517,0.545004682863982,0.41961380790111
2018-07-20,0,2,53.8,98.8,160.4,SWI1E+16.res5.NFNW,0.611840537544817,0.611863730759017,0.585227757768995,0.451125639503426
2018-07-20,0,2,53.8,98.8,160.4,SWI1E+16.res7.NFNW,0.5816719612228,0.582799379497893,0.526884316082271,0.355256907683335
2018-07-20,0,2,53.8,98.8,160.4,SWI1E+4.res1.SSC7,0.535329736577662,0.535858914732521,0.472000072166506,0.279813018404085
2018-07-20,0,2,53.8,98.8,160.4,SWI1E+8.res1.SSC5,0.580768483247093,0.580870389116303,0.545855636894771,0.420593807517348
2018-07-20,0,2,53.8,98.8,160.4,TWI.Braun.res4.NFNW,0.543108783069671,0.543686196097579,0.51018341506935,0.350562842932556
2018-07-20,0,2,53.8,98.8,160.4,TWI.FD8.res10.NFNW,0.580636007024438,0.582036595799019,0.498732826107964,0.342863616408086
2018-07-20,0,2,53.8,98.8,160.4,TWI.FD8.res7.NFNW,0.679364530174261,0.679726287792977,0.617076999986472,0.553340476370352
2018-07-20,0,2,53.8,98.8,160.4,TWI.MFD0.5.res1.SSC4,0.628328595311605,0.628331222567127,0.606273718808247,0.487418755204203
2018-07-20,0,2,53.8,98.8,160.4,TWI.MFD10.res7.NFNW,0.64531091196522,0.645771490039194,0.598319423355743,0.525914280609528
2018-07-20,0,2,53.8,98.8,160.4,TWI.MFD5.res7.NFNW,0.632867298536868,0.633290607642568,0.606246433468196,0.50672850542142
2018-07-30,9.4,0,69.1,109.5,162.9,SWI1E+16.res1.SSC5,0.636140772653635,0.643179241410679,0.593610035041032,0.441988458781333
2018-07-30,9.4,0,69.1,109.5,162.9,SWI1E+16.res5.NFNW,0.738643431228732,0.745767765824396,0.720576509180554,0.621406180817436
2018-07-30,9.4,0,69.1,109.5,162.9,SWI1E+16.res7.NFNW,0.700059616669037,0.703456006548856,0.638505686018958,0.478243024400207
2018-07-30,9.4,0,69.1,109.5,162.9,SWI1E+4.res1.SSC7,0.600234418566096,0.604186677867806,0.461662864932806,0.222538681061065
2018-07-30,9.4,0,69.1,109.5,162.9,SWI1E+8.res1.SSC5,0.632857095988128,0.639148173059148,0.589619907104877,0.43061160104124
2018-07-30,9.4,0,69.1,109.5,162.9,TWI.Braun.res4.NFNW,0.595216829856676,0.597363208789126,0.531374634110644,0.321603618332674
2018-07-30,9.4,0,69.1,109.5,162.9,TWI.FD8.res10.NFNW,0.777241110025166,0.77855572307976,0.745585534300926,0.625751345775127
2018-07-30,9.4,0,69.1,109.5,162.9,TWI.FD8.res7.NFNW,0.715246861703271,0.719539572081678,0.671490032413657,0.607171690771585
2018-07-30,9.4,0,69.1,109.5,162.9,TWI.MFD0.5.res1.SSC4,0.683362097927904,0.688181408991609,0.633295725271853,0.478379422516584
2018-07-30,9.4,0,69.1,109.5,162.9,TWI.MFD10.res7.NFNW,0.745578476915749,0.749573089809257,0.706723783048416,0.643174705929911
2018-07-30,9.4,0,69.1,109.5,162.9,TWI.MFD5.res7.NFNW,0.747194228074773,0.751983942710385,0.721945163699401,0.643095847138102
2018-08-09,0,1,41,100.7,172.9,SWI1E+16.res1.SSC5,0.558619125491636,0.588591412179668,0.482507907198727,0.44749478472592
2018-08-09,0,1,41,100.7,172.9,SWI1E+16.res5.NFNW,0.73783756993828,0.76521768487456,0.680563936889891,0.6894693593291
2018-08-09,0,1,41,100.7,172.9,SWI1E+16.res7.NFNW,0.71489369644902,0.734804875911062,0.644653188745827,0.623448842296623
2018-08-09,0,1,41,100.7,172.9,SWI1E+4.res1.SSC7,0.596890325187939,0.620223618861268,0.502631672616123,0.461507395189161
2018-08-09,0,1,41,100.7,172.9,SWI1E+8.res1.SSC5,0.561489526741353,0.590013222812261,0.485942780449244,0.450028526440202
2018-08-09,0,1,41,100.7,172.9,TWI.Braun.res4.NFNW,0.541170546283637,0.560783554763735,0.445360147793596,0.388932725608596
2018-08-09,0,1,41,100.7,172.9,TWI.FD8.res10.NFNW,0.811770479447226,0.824803992522183,0.777496267840528,0.755893308628158
2018-08-09,0,1,41,100.7,172.9,TWI.FD8.res7.NFNW,0.644884263489534,0.667454627701997,0.558490522326193,0.548126543410767
2018-08-09,0,1,41,100.7,172.9,TWI.MFD0.5.res1.SSC4,0.618661280813476,0.642927123867185,0.536275126867824,0.49479254782769
2018-08-09,0,1,41,100.7,172.9,TWI.MFD10.res7.NFNW,0.692550553224674,0.7137497139737,0.598128325602424,0.58786627135335
2018-08-09,0,1,41,100.7,172.9,TWI.MFD5.res7.NFNW,0.719272350938544,0.741943582942577,0.634709712337334,0.630034748670967
2018-08-19,44.7,0,106.8,198.8,297.6,SWI1E+16.res1.SSC5,0.610343843165689,0.616947246360226,0.566852644846965,0.30869254061143
2018-08-19,44.7,0,106.8,198.8,297.6,SWI1E+16.res5.NFNW,0.65323673072027,0.660390564321518,0.595125622580917,0.34093256148934
2018-08-19,44.7,0,106.8,198.8,297.6,SWI1E+16.res7.NFNW,0.654037290454929,0.659128735751578,0.586047349533046,0.320391356996656
2018-08-19,44.7,0,106.8,198.8,297.6,SWI1E+4.res1.SSC7,0.623873738812423,0.631236942990005,0.573667247465806,0.301164780657775
2018-08-19,44.7,0,106.8,198.8,297.6,SWI1E+8.res1.SSC5,0.610431421725006,0.61675292539243,0.567008274708105,0.304392297130315
2018-08-19,44.7,0,106.8,198.8,297.6,TWI.Braun.res4.NFNW,0.586051794618046,0.58824716073889,0.526079843751766,0.195664755840004
2018-08-19,44.7,0,106.8,198.8,297.6,TWI.FD8.res10.NFNW,0.670847512516115,0.672236068076178,0.570655105058903,0.317039919866319
2018-08-19,44.7,0,106.8,198.8,297.6,TWI.FD8.res7.NFNW,0.721596287040601,0.726736642508879,0.654592395544042,0.578835008018306
2018-08-19,44.7,0,106.8,198.8,297.6,TWI.MFD0.5.res1.SSC4,0.646605809490648,0.651716718548291,0.589626615866662,0.311827233858519
2018-08-19,44.7,0,106.8,198.8,297.6,TWI.MFD10.res7.NFNW,0.718912411928704,0.723293824789669,0.674989633571288,0.562266395960958
2018-08-19,44.7,0,106.8,198.8,297.6,TWI.MFD5.res7.NFNW,0.696880143091693,0.701837736466272,0.670173362655154,0.495940013664991
2018-08-29,0,6,134.7,161.5,261.6,SWI1E+16.res1.SSC5,0.461241318667682,0.541155132840431,0.185214207854338,0.175513092132398
2018-08-29,0,6,134.7,161.5,261.6,SWI1E+16.res5.NFNW,0.60647354697747,0.661773188400322,0.536575857598374,0.504377481730264
2018-08-29,0,6,134.7,161.5,261.6,SWI1E+16.res7.NFNW,0.64539544979554,0.691508760604603,0.572634941067253,0.512470031820017
2018-08-29,0,6,134.7,161.5,261.6,SWI1E+4.res1.SSC7,0.556308979045789,0.621966920056719,0.395603085067954,0.391152168687307
2018-08-29,0,6,134.7,161.5,261.6,SWI1E+8.res1.SSC5,0.467539926137342,0.545205584075656,0.197691088506744,0.183907303625949
2018-08-29,0,6,134.7,161.5,261.6,TWI.Braun.res4.NFNW,0.457410450543315,0.525645091676999,0.180936256958679,0.152734543698672
2018-08-29,0,6,134.7,161.5,261.6,TWI.FD8.res10.NFNW,0.668161976054748,0.699214794477331,0.571907326547739,0.524804517364954
2018-08-29,0,6,134.7,161.5,261.6,TWI.FD8.res7.NFNW,0.728192187986008,0.743057767211663,0.650849648670382,0.573467227315318
2018-08-29,0,6,134.7,161.5,261.6,TWI.MFD0.5.res1.SSC4,0.544574594835898,0.595321018661563,0.32224961135052,0.233216918981546
2018-08-29,0,6,134.7,161.5,261.6,TWI.MFD10.res7.NFNW,0.713960692555764,0.732782211707405,0.649427476191551,0.549079636687249
2018-08-29,0,6,134.7,161.5,261.6,TWI.MFD5.res7.NFNW,0.668003918357819,0.700283257317764,0.575785693287296,0.503319843357856
2018-09-08,1.8,0,6.9,150.3,251,SWI1E+16.res1.SSC5,0.405554095369197,0.407981273426919,0.0665860935256059,-0.122737760016076
2018-09-08,1.8,0,6.9,150.3,251,SWI1E+16.res5.NFNW,0.658325384545106,0.658655035824975,0.586656039539292,0.475053992915942
2018-09-08,1.8,0,6.9,150.3,251,SWI1E+16.res7.NFNW,0.681838770793675,0.681850469849553,0.594087060577289,0.452583858106192
2018-09-08,1.8,0,6.9,150.3,251,SWI1E+4.res1.SSC7,0.601254920131487,0.602310609610444,0.401324337865852,0.274122830631649
2018-09-08,1.8,0,6.9,150.3,251,SWI1E+8.res1.SSC5,0.419192321048439,0.421269931374288,0.0842133238562862,-0.102280054273304
2018-09-08,1.8,0,6.9,150.3,251,TWI.Braun.res4.NFNW,0.417303667488478,0.417840331902614,0.0595966653507487,-0.127015739757495
2018-09-08,1.8,0,6.9,150.3,251,TWI.FD8.res10.NFNW,0.707199718331971,0.708485374861549,0.651355995504267,0.550935272118013
2018-09-08,1.8,0,6.9,150.3,251,TWI.FD8.res7.NFNW,0.658543105438733,0.663762182813319,0.529409815491027,0.425279175391374
2018-09-08,1.8,0,6.9,150.3,251,TWI.MFD0.5.res1.SSC4,0.506053622527387,0.506061488132175,0.176821124783052,-0.0150339920269169
2018-09-08,1.8,0,6.9,150.3,251,TWI.MFD10.res7.NFNW,0.667750178031935,0.67151583531799,0.557272048909484,0.420047555592403
2018-09-08,1.8,0,6.9,150.3,251,TWI.MFD5.res7.NFNW,0.660641810109815,0.661398998968471,0.52159945169088,0.387215503728625
2018-09-18,0,9,3.6,54.3,208.4,SWI1E+16.res1.SSC5,0.354720523520111,0.356475452398379,0.0239814641589066,-0.226572166326094
2018-09-18,0,9,3.6,54.3,208.4,SWI1E+16.res5.NFNW,0.603280198167078,0.606030336497787,0.537470260312784,0.360776706315205
2018-09-18,0,9,3.6,54.3,208.4,SWI1E+16.res7.NFNW,0.597106791254351,0.601308109912624,0.49153696800409,0.265787490930309
2018-09-18,0,9,3.6,54.3,208.4,SWI1E+4.res1.SSC7,0.551446535990419,0.553202690128114,0.366376207147408,0.162822996252738
2018-09-18,0,9,3.6,54.3,208.4,SWI1E+8.res1.SSC5,0.369388792755066,0.371315551531475,0.0432435203743947,-0.202955236181513
2018-09-18,0,9,3.6,54.3,208.4,TWI.Braun.res4.NFNW,0.36721621845113,0.371484219390041,0.0167034401493899,-0.221575191394732
2018-09-18,0,9,3.6,54.3,208.4,TWI.FD8.res10.NFNW,0.638285873687917,0.648582227874726,0.583196941543604,0.455849553389301
2018-09-18,0,9,3.6,54.3,208.4,TWI.FD8.res7.NFNW,0.553069298881454,0.571392694716111,0.407208911021657,0.251431086618972
2018-09-18,0,9,3.6,54.3,208.4,TWI.MFD0.5.res1.SSC4,0.446726319372123,0.452588787415527,0.122297203749651,-0.108109122639871
2018-09-18,0,9,3.6,54.3,208.4,TWI.MFD10.res7.NFNW,0.569729528637246,0.585473435309252,0.445339455706873,0.257356134654091
2018-09-18,0,9,3.6,54.3,208.4,TWI.MFD5.res7.NFNW,0.575829753948682,0.584837599963259,0.436809744082255,0.241606066172147
2018-09-28,0,2,48.3,57.3,218.8,SWI1E+16.res1.SSC5,0.539699343696033,0.540130521457858,0.474038705017653,0.229648838738151
2018-09-28,0,2,48.3,57.3,218.8,SWI1E+16.res5.NFNW,0.606101244925786,0.606171594684227,0.532222549869652,0.293272804237452
2018-09-28,0,2,48.3,57.3,218.8,SWI1E+16.res7.NFNW,0.582928246524398,0.582942545274529,0.470534528553166,0.202986847217589
2018-09-28,0,2,48.3,57.3,218.8,SWI1E+4.res1.SSC7,0.578778735170505,0.578853350917838,0.515344601665209,0.27008365391248
2018-09-28,0,2,48.3,57.3,218.8,SWI1E+8.res1.SSC5,0.541352464618401,0.541728025778594,0.476381923790373,0.231273288510282
2018-09-28,0,2,48.3,57.3,218.8,TWI.Braun.res4.NFNW,0.510013228330492,0.510433986433561,0.437411717768858,0.139213529758878
2018-09-28,0,2,48.3,57.3,218.8,TWI.FD8.res10.NFNW,0.617796139958759,0.618497582469763,0.52325547321102,0.300601528358793
2018-09-28,0,2,48.3,57.3,218.8,TWI.FD8.res7.NFNW,0.659460831428613,0.660698102044452,0.614651889114471,0.479233542216369
2018-09-28,0,2,48.3,57.3,218.8,TWI.MFD0.5.res1.SSC4,0.63642490676279,0.636649947947188,0.587837907024855,0.398326364588481
2018-09-28,0,2,48.3,57.3,218.8,TWI.MFD10.res7.NFNW,0.661266094116727,0.661332062893236,0.617070987150196,0.483006980656134
2018-09-28,0,2,48.3,57.3,218.8,TWI.MFD5.res7.NFNW,0.65117132437346,0.651316062292198,0.613827785214659,0.440068121650918
2018-10-08,0,1,1.3,50.9,199.4,SWI1E+16.res1.SSC5,0.0320424877384053,0.471469312495828,-0.206682429993565,0.0369560243707853
2018-10-08,0,1,1.3,50.9,199.4,SWI1E+16.res5.NFNW,0.15306409755528,0.513215665222411,-0.207750758004859,0.0599864169709575
2018-10-08,0,1,1.3,50.9,199.4,SWI1E+16.res7.NFNW,0.1461535637665,0.50412069129154,-0.251233068574127,0.0640110706609838
2018-10-08,0,1,1.3,50.9,199.4,SWI1E+4.res1.SSC7,0.0983195397023804,0.484386383825339,-0.23458462895234,0.0659020447363366
2018-10-08,0,1,1.3,50.9,199.4,SWI1E+8.res1.SSC5,0.0393496939808767,0.472524885643477,-0.202490181764153,0.0331330503476151
2018-10-08,0,1,1.3,50.9,199.4,TWI.Braun.res4.NFNW,0.08294474021819,0.4755126109752,-0.224024029125312,0.0466562653414221
2018-10-08,0,1,1.3,50.9,199.4,TWI.FD8.res10.NFNW,0.266455396278489,0.5488387805407,-0.143932713158117,0.0895682847717784
2018-10-08,0,1,1.3,50.9,199.4,TWI.FD8.res7.NFNW,0.0425621722410841,0.468716879805545,-0.182886842805298,-0.0346960530833408
2018-10-08,0,1,1.3,50.9,199.4,TWI.MFD0.5.res1.SSC4,0.109091398652306,0.491270276506927,-0.20719652512036,0.00405417275053398
2018-10-08,0,1,1.3,50.9,199.4,TWI.MFD10.res7.NFNW,0.0915537735624611,0.480828439653553,-0.174264540228845,-0.0272513303784571
2018-10-08,0,1,1.3,50.9,199.4,TWI.MFD5.res7.NFNW,0.129860131911604,0.495037796168278,-0.174638576071694,0.00616878338959264
2018-10-18,0,3,33.3,81.6,135.9,SWI1E+16.res1.SSC5,0.0985074553583842,0.479834074266492,-0.386696154542132,-0.0864420517069035
2018-10-18,0,3,33.3,81.6,135.9,SWI1E+16.res5.NFNW,0.00124891280284356,0.486930554644984,-0.43042633067827,-0.0649617590524089
2018-10-18,0,3,33.3,81.6,135.9,SWI1E+16.res7.NFNW,0.0209596224511805,0.482035246552754,-0.495684156371249,-0.0297648740600784
2018-10-18,0,3,33.3,81.6,135.9,SWI1E+4.res1.SSC7,0.0974845303247036,0.480852420213278,-0.492272805149131,0.00820755733700636
2018-10-18,0,3,33.3,81.6,135.9,SWI1E+8.res1.SSC5,0.102895070892142,0.480088316566123,-0.389260073624712,-0.0821910570710816
2018-10-18,0,3,33.3,81.6,135.9,TWI.Braun.res4.NFNW,0.051097571408125,0.47968249016333,-0.427889983237723,-0.0505306585264778
2018-10-18,0,3,33.3,81.6,135.9,TWI.FD8.res10.NFNW,0.14256810375954,0.512942200801688,-0.383051612894703,-0.0445338716733292
2018-10-18,0,3,33.3,81.6,135.9,TWI.FD8.res7.NFNW,0.108343940532748,0.481734363500961,-0.362220438878263,-0.152626891812535
2018-10-18,0,3,33.3,81.6,135.9,TWI.MFD0.5.res1.SSC4,0.047556276951165,0.480367832906797,-0.418616804269376,-0.112084116180081
2018-10-18,0,3,33.3,81.6,135.9,TWI.MFD10.res7.NFNW,0.0566041692375737,0.479694832089613,-0.361552728247094,-0.154144028662407
2018-10-18,0,3,33.3,81.6,135.9,TWI.MFD5.res7.NFNW,0.0181532554430355,0.481728454144611,-0.375236002458894,-0.12045549475596
2018-10-28,0,3,43.1,60.9,118.2,SWI1E+16.res1.SSC5,0.128347410225455,0.150997608255683,-0.408766625352189,-0.67928575961705
2018-10-28,0,3,43.1,60.9,118.2,SWI1E+16.res5.NFNW,0.0862028839168504,0.123250135734179,-0.448858306589612,-0.686762201758614
2018-10-28,0,3,43.1,60.9,118.2,SWI1E+16.res7.NFNW,0.0782646768984405,0.120205999793517,-0.475545555828041,-0.712180954053876
2018-10-28,0,3,43.1,60.9,118.2,SWI1E+4.res1.SSC7,0.169545411212335,0.187224693992347,-0.35620297872819,-0.693690228015591
2018-10-28,0,3,43.1,60.9,118.2,SWI1E+8.res1.SSC5,0.135550886890651,0.156911526426439,-0.422576389273287,-0.686206445100329
2018-10-28,0,3,43.1,60.9,118.2,TWI.Braun.res4.NFNW,0.107559705067477,0.140614737196052,-0.464783405561492,-0.698919181397528
2018-10-28,0,3,43.1,60.9,118.2,TWI.FD8.res10.NFNW,0.0763022219594418,0.132150356118309,-0.369130576814794,-0.613926309364739
2018-10-28,0,3,43.1,60.9,118.2,TWI.FD8.res7.NFNW,0.13361993321991,0.157967817134218,-0.373158033531192,-0.604270026347335
2018-10-28,0,3,43.1,60.9,118.2,TWI.MFD0.5.res1.SSC4,0.0882053023257175,0.125335476398544,-0.417513440538558,-0.653536759789643
2018-10-28,0,3,43.1,60.9,118.2,TWI.MFD10.res7.NFNW,0.0868178614463562,0.125963518368189,-0.350134906961386,-0.575178269942668
2018-10-28,0,3,43.1,60.9,118.2,TWI.MFD5.res7.NFNW,0.0750935407402989,0.119119786151978,-0.389504727087849,-0.624498623882521
2018-11-07,0.3,0,51.8,109.5,160.4,SWI1E+16.res1.SSC5,0.558083164618651,0.640535824902767,0.419045221255783,0.194474514538116
2018-11-07,0.3,0,51.8,109.5,160.4,SWI1E+16.res5.NFNW,0.606490789572206,0.683733183273229,0.477674726426606,0.261514711455696
2018-11-07,0.3,0,51.8,109.5,160.4,SWI1E+16.res7.NFNW,0.558589270994896,0.62965274415691,0.347497923719123,0.0713974311813899
2018-11-07,0.3,0,51.8,109.5,160.4,SWI1E+4.res1.SSC7,0.546436143681693,0.615909979116162,0.327433735789151,0.0108171056534614
2018-11-07,0.3,0,51.8,109.5,160.4,SWI1E+8.res1.SSC5,0.561648369204103,0.641937149604537,0.429326135320048,0.196571268783577
2018-11-07,0.3,0,51.8,109.5,160.4,TWI.Braun.res4.NFNW,0.568897010318846,0.629692318179832,0.450140100713415,0.156957996513066
2018-11-07,0.3,0,51.8,109.5,160.4,TWI.FD8.res10.NFNW,0.66017374416309,0.710373598310975,0.548509196602611,0.315022547168496
2018-11-07,0.3,0,51.8,109.5,160.4,TWI.FD8.res7.NFNW,0.673421920904512,0.737808325340342,0.613660246683042,0.53046264269839
2018-11-07,0.3,0,51.8,109.5,160.4,TWI.MFD0.5.res1.SSC4,0.628012915486016,0.699226962252436,0.522227868616643,0.308625367058736
2018-11-07,0.3,0,51.8,109.5,160.4,TWI.MFD10.res7.NFNW,0.682007839346209,0.743518200550817,0.629672314802506,0.524112037235511
2018-11-07,0.3,0,51.8,109.5,160.4,TWI.MFD5.res7.NFNW,0.667987572077883,0.731214877087189,0.614697465925043,0.457264595722766
2018-11-17,0,5,26.2,84.8,166.4,SWI1E+16.res1.SSC5,0.522863699828139,0.525515018350453,0.352697098321468,0.014218699516476
2018-11-17,0,5,26.2,84.8,166.4,SWI1E+16.res5.NFNW,0.577021815815715,0.579729015366702,0.409092724999687,0.114111106933442
2018-11-17,0,5,26.2,84.8,166.4,SWI1E+16.res7.NFNW,0.538307326755463,0.539388215296225,0.283649768860427,-0.0502700158647644
2018-11-17,0,5,26.2,84.8,166.4,SWI1E+4.res1.SSC7,0.491736151299548,0.492297697889843,0.180673054895319,-0.222027598879254
2018-11-17,0,5,26.2,84.8,166.4,SWI1E+8.res1.SSC5,0.522057745747763,0.524351665541726,0.349613436302675,0.000360520273800057
2018-11-17,0,5,26.2,84.8,166.4,TWI.Braun.res4.NFNW,0.495029829933846,0.495125033225761,0.343926208646877,-0.0475826200821914
2018-11-17,0,5,26.2,84.8,166.4,TWI.FD8.res10.NFNW,0.655311726565383,0.655389682824978,0.548697830201213,0.32794910675858
2018-11-17,0,5,26.2,84.8,166.4,TWI.FD8.res7.NFNW,0.662403236518105,0.664045436596391,0.611277300423882,0.490866548031328
2018-11-17,0,5,26.2,84.8,166.4,TWI.MFD0.5.res1.SSC4,0.613084203846929,0.615218882005265,0.496420440035774,0.249822484760894
2018-11-17,0,5,26.2,84.8,166.4,TWI.MFD10.res7.NFNW,0.678179817364776,0.679520043708678,0.631685680351206,0.508655716283917
2018-11-17,0,5,26.2,84.8,166.4,TWI.MFD5.res7.NFNW,0.658168831661999,0.659574260132363,0.605450452675029,0.422076516371554
2018-11-27,0,9,6.1,57.5,118.4,SWI1E+16.res1.SSC5,0.223692516459462,0.582444212065009,0.124541254379147,0.167435341337284
2018-11-27,0,9,6.1,57.5,118.4,SWI1E+16.res5.NFNW,0.199859172034908,0.58124681655991,-0.158963303266672,0.137293896614544
2018-11-27,0,9,6.1,57.5,118.4,SWI1E+16.res7.NFNW,0.212275051273932,0.582207857170374,-0.0188186612995792,0.151404413014527
2018-11-27,0,9,6.1,57.5,118.4,SWI1E+4.res1.SSC7,0.201186087186137,0.582098248265237,-0.0599500016266071,0.149653776991413
2018-11-27,0,9,6.1,57.5,118.4,SWI1E+8.res1.SSC5,0.221474161935937,0.582513149924239,0.116789508217599,0.16674688453022
2018-11-27,0,9,6.1,57.5,118.4,TWI.Braun.res4.NFNW,0.214208363935716,0.583600980846527,0.0619224615897022,0.161259477040066
2018-11-27,0,9,6.1,57.5,118.4,TWI.FD8.res10.NFNW,0.0635787253601444,0.587185773105591,-0.325734000802993,0.0984378677488157
2018-11-27,0,9,6.1,57.5,118.4,TWI.FD8.res7.NFNW,0.20915070305243,0.582021507396265,0.0846485198335485,0.170590402413651
2018-11-27,0,9,6.1,57.5,118.4,TWI.MFD0.5.res1.SSC4,0.247392771723138,0.584943644734231,0.0630073109135983,0.165424340085511
2018-11-27,0,9,6.1,57.5,118.4,TWI.MFD10.res7.NFNW,0.196400088278284,0.581604878728688,-0.198460851447787,0.140635023744499
2018-11-27,0,9,6.1,57.5,118.4,TWI.MFD5.res7.NFNW,0.208391959221818,0.581552861671624,0.0410266077300462,0.157508466940228
2018-12-07,0,6,37.1,45.8,155,SWI1E+16.res1.SSC5,0.463359985700195,0.66962828453148,0.247899149389892,0.449623271942161
2018-12-07,0,6,37.1,45.8,155,SWI1E+16.res5.NFNW,0.445552826280221,0.653761729009228,0.166158956233721,0.400439826146969
2018-12-07,0,6,37.1,45.8,155,SWI1E+16.res7.NFNW,0.373467836647176,0.608331940283322,-0.131136894170534,0.237660281224751
2018-12-07,0,6,37.1,45.8,155,SWI1E+4.res1.SSC7,0.387443499424452,0.61082076644688,-0.0275618792476729,0.274377405382672
2018-12-07,0,6,37.1,45.8,155,SWI1E+8.res1.SSC5,0.463959733477396,0.667391358652599,0.247192854371377,0.442460663982478
2018-12-07,0,6,37.1,45.8,155,TWI.Braun.res4.NFNW,0.487451567856627,0.671958706782392,0.307747100674131,0.459655572949844
2018-12-07,0,6,37.1,45.8,155,TWI.FD8.res10.NFNW,0.545500871810689,0.699274182423526,0.392818147997468,0.46134559124267
2018-12-07,0,6,37.1,45.8,155,TWI.FD8.res7.NFNW,0.570935374590827,0.708889344923158,0.471678611136982,0.532989572065899
2018-12-07,0,6,37.1,45.8,155,TWI.MFD0.5.res1.SSC4,0.504610578880514,0.678428165695958,0.299158148413179,0.416971735031842
2018-12-07,0,6,37.1,45.8,155,TWI.MFD10.res7.NFNW,0.573158872620342,0.71061042161263,0.473473060447159,0.53106640655013
2018-12-07,0,6,37.1,45.8,155,TWI.MFD5.res7.NFNW,0.546032588652892,0.698537886118105,0.447260643349067,0.525714530144344
2018-12-17,0,2,23.6,61,145.8,SWI1E+16.res1.SSC5,0.467409696179392,0.696540378149448,0.230031129017319,0.521128345243916
2018-12-17,0,2,23.6,61,145.8,SWI1E+16.res5.NFNW,0.44362794544868,0.677246267325134,0.138669600529697,0.466997645162457
2018-12-17,0,2,23.6,61,145.8,SWI1E+16.res7.NFNW,0.373112610192265,0.634678352909372,-0.159747574853762,0.314739699406978
2018-12-17,0,2,23.6,61,145.8,SWI1E+4.res1.SSC7,0.384332510421553,0.635191647197321,-0.0711650434081288,0.340762792556305
2018-12-17,0,2,23.6,61,145.8,SWI1E+8.res1.SSC5,0.46743275081138,0.693835620229004,0.227496527090202,0.512933383477911
2018-12-17,0,2,23.6,61,145.8,TWI.Braun.res4.NFNW,0.496485339629708,0.701091236836093,0.31203551666321,0.535582018423551
2018-12-17,0,2,23.6,61,145.8,TWI.FD8.res10.NFNW,0.548977968048558,0.72299512414862,0.391856575680165,0.525913183085305
2018-12-17,0,2,23.6,61,145.8,TWI.FD8.res7.NFNW,0.574408064636135,0.731656072843067,0.478267072619263,0.587423300209096
2018-12-17,0,2,23.6,61,145.8,TWI.MFD0.5.res1.SSC4,0.512556262152125,0.706316185106635,0.306995624301993,0.495141740285374
2018-12-17,0,2,23.6,61,145.8,TWI.MFD10.res7.NFNW,0.579123176105298,0.735053460972373,0.482235929082822,0.586158085092756
2018-12-17,0,2,23.6,61,145.8,TWI.MFD5.res7.NFNW,0.549312560055456,0.722069759056843,0.4512224674322,0.586153798461786
2018-12-27,21.3,0,46.7,105.6,163.1,SWI1E+16.res1.SSC5,0.27452220749593,0.583352800996992,0.00228541295633831,0.363845074190554
2018-12-27,21.3,0,46.7,105.6,163.1,SWI1E+16.res5.NFNW,0.253209037951497,0.571639274954357,-0.129909330985031,0.340387313630469
2018-12-27,21.3,0,46.7,105.6,163.1,SWI1E+16.res7.NFNW,0.182304604857787,0.546730167611882,-0.462644234555612,0.24831296272035
2018-12-27,21.3,0,46.7,105.6,163.1,SWI1E+4.res1.SSC7,0.181176310077283,0.543677205026434,-0.429131378140129,0.255286533036651
2018-12-27,21.3,0,46.7,105.6,163.1,SWI1E+8.res1.SSC5,0.269738001082242,0.579487885467709,-0.0184897692027035,0.356819381766874
2018-12-27,21.3,0,46.7,105.6,163.1,TWI.Braun.res4.NFNW,0.307369301026242,0.588097019856483,0.0449914079371754,0.360047621123696
2018-12-27,21.3,0,46.7,105.6,163.1,TWI.FD8.res10.NFNW,0.381887649470762,0.614738568280568,0.20374783095895,0.400540244365864
2018-12-27,21.3,0,46.7,105.6,163.1,TWI.FD8.res7.NFNW,0.38980685263372,0.612006914639458,0.237297375681158,0.384216008894373
2018-12-27,21.3,0,46.7,105.6,163.1,TWI.MFD0.5.res1.SSC4,0.317275869795436,0.588871973571989,0.0377533686297033,0.333637909566129
2018-12-27,21.3,0,46.7,105.6,163.1,TWI.MFD10.res7.NFNW,0.389947017340774,0.61218661543607,0.238499173238539,0.380102633923476
2018-12-27,21.3,0,46.7,105.6,163.1,TWI.MFD5.res7.NFNW,0.357371167446325,0.601436367731104,0.200398288027985,0.395453797419345
2019-01-06,0,2,95.9,119.5,165.3,SWI1E+16.res1.SSC5,0.194552975149402,0.780184612625793,-0.0330951750204033,0.70706870744264
2019-01-06,0,2,95.9,119.5,165.3,SWI1E+16.res5.NFNW,0.229281228603056,0.791852770510856,-0.0142303784303516,0.715566921172543
2019-01-06,0,2,95.9,119.5,165.3,SWI1E+16.res7.NFNW,0.244470777311423,0.791826350712773,0.034198996897129,0.719303885051539
2019-01-06,0,2,95.9,119.5,165.3,SWI1E+4.res1.SSC7,0.206547164522201,0.786220524305648,-0.0470472622744014,0.710940015242311
2019-01-06,0,2,95.9,119.5,165.3,SWI1E+8.res1.SSC5,0.19723321165789,0.781732505653454,-0.0310494005512252,0.707811802255269
2019-01-06,0,2,95.9,119.5,165.3,TWI.Braun.res4.NFNW,0.204629670002017,0.794139557733968,-0.0784219097604731,0.716034461467272
2019-01-06,0,2,95.9,119.5,165.3,TWI.FD8.res10.NFNW,0.253459521437048,0.818686723785481,0.00533373808902576,0.742737521050603
2019-01-06,0,2,95.9,119.5,165.3,TWI.FD8.res7.NFNW,0.181005295538739,0.795737165901516,-0.00707911952754819,0.631769054189175
2019-01-06,0,2,95.9,119.5,165.3,TWI.MFD0.5.res1.SSC4,0.194371287242229,0.791551285944148,-0.0796317355616748,0.719868802557395
2019-01-06,0,2,95.9,119.5,165.3,TWI.MFD10.res7.NFNW,0.186600680429997,0.799978529240654,6.17333297116246e-05,0.619510402499549
2019-01-06,0,2,95.9,119.5,165.3,TWI.MFD5.res7.NFNW,0.187433849524003,0.796583780550214,-0.0235712371257967,0.679772424386622
2019-01-16,0.3,0,58.4,124.2,185.2,SWI1E+16.res1.SSC5,0.291170486767454,0.748525629285317,0.105788070867249,0.655644943141133
2019-01-16,0.3,0,58.4,124.2,185.2,SWI1E+16.res5.NFNW,0.302177853150325,0.753403986740993,0.0950738291102927,0.683483161473809
2019-01-16,0.3,0,58.4,124.2,185.2,SWI1E+16.res7.NFNW,0.327582906125202,0.758869309128093,0.140425676475844,0.686105305088957
2019-01-16,0.3,0,58.4,124.2,185.2,SWI1E+4.res1.SSC7,0.300153788881941,0.755334406113117,0.0984358958178017,0.678012304031542
2019-01-16,0.3,0,58.4,124.2,185.2,SWI1E+8.res1.SSC5,0.29460022997862,0.750984713944697,0.10802080073817,0.657588726907632
2019-01-16,0.3,0,58.4,124.2,185.2,TWI.Braun.res4.NFNW,0.292157176483751,0.762143734204902,0.0813160903801807,0.691421053439313
2019-01-16,0.3,0,58.4,124.2,185.2,TWI.FD8.res10.NFNW,0.33381188364175,0.78943876607116,0.118325492634144,0.712286551457858
2019-01-16,0.3,0,58.4,124.2,185.2,TWI.FD8.res7.NFNW,0.266420827297237,0.762112054520647,0.097492453873873,0.529292561136279
2019-01-16,0.3,0,58.4,124.2,185.2,TWI.MFD0.5.res1.SSC4,0.294217641436737,0.764587435649712,0.0945837481035485,0.685314564448617
2019-01-16,0.3,0,58.4,124.2,185.2,TWI.MFD10.res7.NFNW,0.268083792855043,0.765456691998819,0.0971094642571567,0.526353088229316
2019-01-16,0.3,0,58.4,124.2,185.2,TWI.MFD5.res7.NFNW,0.265384097859248,0.759724155262115,0.0824578200951679,0.604511249702734
2019-01-26,0,1,51,124.1,208.4,SWI1E+16.res1.SSC5,0.299126974149203,0.770367882203268,0.101682957340493,0.664556910924737
2019-01-26,0,1,51,124.1,208.4,SWI1E+16.res5.NFNW,0.301406763980469,0.771186763858631,0.0759247038308623,0.694165873748748
2019-01-26,0,1,51,124.1,208.4,SWI1E+16.res7.NFNW,0.333897892029362,0.779703145989888,0.133111868407371,0.699732872017209
2019-01-26,0,1,51,124.1,208.4,SWI1E+4.res1.SSC7,0.30358787607892,0.775115799675277,0.0854106708164316,0.688903050338039
2019-01-26,0,1,51,124.1,208.4,SWI1E+8.res1.SSC5,0.302428580424587,0.772789697089806,0.103557094386527,0.666840389564984
2019-01-26,0,1,51,124.1,208.4,TWI.Braun.res4.NFNW,0.291271809164487,0.780071135076499,0.060718256678023,0.703230444115094
2019-01-26,0,1,51,124.1,208.4,TWI.FD8.res10.NFNW,0.333424672214399,0.807281858328021,0.104254165834276,0.726283723349025
2019-01-26,0,1,51,124.1,208.4,TWI.FD8.res7.NFNW,0.266171751006832,0.780691892408346,0.0870400882640038,0.534898675874215
2019-01-26,0,1,51,124.1,208.4,TWI.MFD0.5.res1.SSC4,0.297962726182407,0.784764513712061,0.087340047031312,0.698783685504307
2019-01-26,0,1,51,124.1,208.4,TWI.MFD10.res7.NFNW,0.265393221693839,0.78285467234235,0.0851293283007845,0.534743601499554
2019-01-26,0,1,51,124.1,208.4,TWI.MFD5.res7.NFNW,0.260870432127929,0.776262639113653,0.063548387133318,0.615387053543998
2019-02-05,0,8,6.2,52.8,172.3,SWI1E+16.res1.SSC5,0.582379327586466,0.686264117991332,0.507146421924269,0.539548519941232
2019-02-05,0,8,6.2,52.8,172.3,SWI1E+16.res5.NFNW,0.671259346632344,0.770917433208108,0.618278845829339,0.666558523597266
2019-02-05,0,8,6.2,52.8,172.3,SWI1E+16.res7.NFNW,0.627962783811523,0.74618604682749,0.558905025135538,0.629689727853111
2019-02-05,0,8,6.2,52.8,172.3,SWI1E+4.res1.SSC7,0.661709198586574,0.761284588501999,0.603359985729885,0.643391935145424
2019-02-05,0,8,6.2,52.8,172.3,SWI1E+8.res1.SSC5,0.587422253099152,0.691321387344155,0.512611798750581,0.545810598583806
2019-02-05,0,8,6.2,52.8,172.3,TWI.Braun.res4.NFNW,0.622844758371167,0.738084065624218,0.570216555099625,0.604370950682312
2019-02-05,0,8,6.2,52.8,172.3,TWI.FD8.res10.NFNW,0.577732676359237,0.711513590551559,0.432743489742314,0.540330029521685
2019-02-05,0,8,6.2,52.8,172.3,TWI.FD8.res7.NFNW,0.537771843300532,0.651423967659574,0.415368392736777,0.453623591447303
2019-02-05,0,8,6.2,52.8,172.3,TWI.MFD0.5.res1.SSC4,0.662990283072536,0.757304131712482,0.598487419450317,0.624409511004251
2019-02-05,0,8,6.2,52.8,172.3,TWI.MFD10.res7.NFNW,0.579206831474921,0.707267646713712,0.503534746163617,0.575469824497439
2019-02-05,0,8,6.2,52.8,172.3,TWI.MFD5.res7.NFNW,0.63485568519773,0.752687457784306,0.578035412877451,0.636252547913057
2019-02-15,1.8,0,67,93.6,217.5,SWI1E+16.res1.SSC5,0.322906895288794,0.884186950076918,0.272373248331316,0.832199400854809
2019-02-15,1.8,0,67,93.6,217.5,SWI1E+16.res5.NFNW,0.319076503469664,0.892473733103188,0.219980378577043,0.853897259530272
2019-02-15,1.8,0,67,93.6,217.5,SWI1E+16.res7.NFNW,0.276526830980049,0.888589253735769,0.0957378920410638,0.852385936584797
2019-02-15,1.8,0,67,93.6,217.5,SWI1E+4.res1.SSC7,0.319739668865053,0.891386358236135,0.263969053673153,0.845317073763488
2019-02-15,1.8,0,67,93.6,217.5,SWI1E+8.res1.SSC5,0.322624735927249,0.884915058275414,0.2720721597527,0.832328781868242
2019-02-15,1.8,0,67,93.6,217.5,TWI.Braun.res4.NFNW,0.30027771555193,0.892467572944562,0.242296348074774,0.842905971268377
2019-02-15,1.8,0,67,93.6,217.5,TWI.FD8.res10.NFNW,0.246237518102955,0.884631352290798,0.0221159782634607,0.847367396809256
2019-02-15,1.8,0,67,93.6,217.5,TWI.FD8.res7.NFNW,0.372833681136131,0.898266265958266,0.307096775758138,0.816970198354856
2019-02-15,1.8,0,67,93.6,217.5,TWI.MFD0.5.res1.SSC4,0.345233039641366,0.894886485114024,0.276936528437842,0.844174350886283
2019-02-15,1.8,0,67,93.6,217.5,TWI.MFD10.res7.NFNW,0.274312336063648,0.888401520030461,0.0637841676133513,0.834510699151146
2019-02-15,1.8,0,67,93.6,217.5,TWI.MFD5.res7.NFNW,0.287178974159164,0.892193252814501,0.152255280160145,0.847000451877628
2019-02-25,0,2,46.2,83.3,207.4,SWI1E+16.res1.SSC5,0.344658405344005,0.885806779885649,0.299044051590591,0.836074402471276
2019-02-25,0,2,46.2,83.3,207.4,SWI1E+16.res5.NFNW,0.340369190971143,0.894605213351121,0.265858916510093,0.860865021527265
2019-02-25,0,2,46.2,83.3,207.4,SWI1E+16.res7.NFNW,0.300041579259759,0.891004324158531,0.161092068068322,0.859023975805602
2019-02-25,0,2,46.2,83.3,207.4,SWI1E+4.res1.SSC7,0.342497072725568,0.893895213934531,0.301639697458687,0.851099100640062
2019-02-25,0,2,46.2,83.3,207.4,SWI1E+8.res1.SSC5,0.344979270660278,0.886770590321784,0.29956557399451,0.836199096520951
2019-02-25,0,2,46.2,83.3,207.4,TWI.Braun.res4.NFNW,0.32003033932565,0.894074888950997,0.275512996937846,0.85246246330207
2019-02-25,0,2,46.2,83.3,207.4,TWI.FD8.res10.NFNW,0.266953611758438,0.885837328945138,0.0734401324515875,0.85550363455477
2019-02-25,0,2,46.2,83.3,207.4,TWI.FD8.res7.NFNW,0.393999968459604,0.900899226350221,0.328828320155935,0.813606283595054
2019-02-25,0,2,46.2,83.3,207.4,TWI.MFD0.5.res1.SSC4,0.367541958269251,0.897584253619184,0.318168774425207,0.852637717120082
2019-02-25,0,2,46.2,83.3,207.4,TWI.MFD10.res7.NFNW,0.294928521565612,0.889927436268162,0.162565943574802,0.832680550990597
2019-02-25,0,2,46.2,83.3,207.4,TWI.MFD5.res7.NFNW,0.308311380920525,0.894185388126371,0.214236324981963,0.850066102443802
2019-03-07,0,3,3.1,84.6,137.4,SWI1E+16.res1.SSC5,0.527522019929359,0.610354370460934,0.432467015655252,0.326123473083531
2019-03-07,0,3,3.1,84.6,137.4,SWI1E+16.res5.NFNW,0.54471708241747,0.634909832994676,0.457028074871435,0.319345468893733
2019-03-07,0,3,3.1,84.6,137.4,SWI1E+16.res7.NFNW,0.495708511546042,0.604572607687056,0.360382558276571,0.248262866204754
2019-03-07,0,3,3.1,84.6,137.4,SWI1E+4.res1.SSC7,0.541188595754904,0.630599902786753,0.457995493992871,0.330320438976229
2019-03-07,0,3,3.1,84.6,137.4,SWI1E+8.res1.SSC5,0.530918570914557,0.614027500705016,0.435617644648621,0.33092857983962
2019-03-07,0,3,3.1,84.6,137.4,TWI.Braun.res4.NFNW,0.522021159916482,0.622471833180863,0.425612392657016,0.303266228415514
2019-03-07,0,3,3.1,84.6,137.4,TWI.FD8.res10.NFNW,0.485104408793585,0.601244223253383,0.320682744998146,0.245061126381133
2019-03-07,0,3,3.1,84.6,137.4,TWI.FD8.res7.NFNW,0.642588461418664,0.706440652314285,0.511489017891131,0.460344098048036
2019-03-07,0,3,3.1,84.6,137.4,TWI.MFD0.5.res1.SSC4,0.569241040135845,0.649453088976475,0.486275418157619,0.365622042984405
2019-03-07,0,3,3.1,84.6,137.4,TWI.MFD10.res7.NFNW,0.523980650828634,0.627896723469154,0.442349297097613,0.37272248006842
2019-03-07,0,3,3.1,84.6,137.4,TWI.MFD5.res7.NFNW,0.529718807797384,0.632773155082311,0.445271991023087,0.349351354281643
2019-03-17,0,4,48.9,64.7,156.5,SWI1E+16.res1.SSC5,0.387480812881581,0.862688801380888,0.337604735628484,0.795343199679763
2019-03-17,0,4,48.9,64.7,156.5,SWI1E+16.res5.NFNW,0.395366860425067,0.877284112116488,0.337004920744102,0.829978625655711
2019-03-17,0,4,48.9,64.7,156.5,SWI1E+16.res7.NFNW,0.351402128540332,0.870927880898923,0.239977399892541,0.825228963480371
2019-03-17,0,4,48.9,64.7,156.5,SWI1E+4.res1.SSC7,0.393376059902796,0.874923047805173,0.356034835567916,0.816609828017078
2019-03-17,0,4,48.9,64.7,156.5,SWI1E+8.res1.SSC5,0.388537933993315,0.864064772563978,0.338850576345252,0.795865861409382
2019-03-17,0,4,48.9,64.7,156.5,TWI.Braun.res4.NFNW,0.371609992018729,0.874949878318268,0.330825886854902,0.818615927364125
2019-03-17,0,4,48.9,64.7,156.5,TWI.FD8.res10.NFNW,0.317107820940799,0.863870993758236,0.142395072471032,0.819529548660523
2019-03-17,0,4,48.9,64.7,156.5,TWI.FD8.res7.NFNW,0.446970277193981,0.884924790768795,0.374021735648285,0.775023050722015
2019-03-17,0,4,48.9,64.7,156.5,TWI.MFD0.5.res1.SSC4,0.415537694130053,0.878564186081585,0.368336836216598,0.819117518159985
2019-03-17,0,4,48.9,64.7,156.5,TWI.MFD10.res7.NFNW,0.341955273168696,0.868003459806714,0.256196055697535,0.795148693097913
2019-03-17,0,4,48.9,64.7,156.5,TWI.MFD5.res7.NFNW,0.359907424943945,0.874858526780856,0.294322137088223,0.815700944996419
2019-03-27,0,3,38.1,72.5,155.8,SWI1E+16.res1.SSC5,0.461365727891247,0.820199854457153,0.388133647467825,0.683918612354155
2019-03-27,0,3,38.1,72.5,155.8,SWI1E+16.res5.NFNW,0.471749808839407,0.838905767636061,0.406137911004266,0.732981705029815
2019-03-27,0,3,38.1,72.5,155.8,SWI1E+16.res7.NFNW,0.417201271316259,0.824041500205366,0.299340722207124,0.716987628934317
2019-03-27,0,3,38.1,72.5,155.8,SWI1E+4.res1.SSC7,0.471097016336472,0.836732247570448,0.417067051410133,0.71796704203608
2019-03-27,0,3,38.1,72.5,155.8,SWI1E+8.res1.SSC5,0.463189997937822,0.822249992562143,0.390174166436412,0.68575620069251
2019-03-27,0,3,38.1,72.5,155.8,TWI.Braun.res4.NFNW,0.449441154277448,0.835594587043881,0.394308944252868,0.721059396137759
2019-03-27,0,3,38.1,72.5,155.8,TWI.FD8.res10.NFNW,0.390048056042399,0.817471797930406,0.216632987754425,0.709439225621717
2019-03-27,0,3,38.1,72.5,155.8,TWI.FD8.res7.NFNW,0.527518901309885,0.85296616594222,0.431452923095564,0.682019607423515
2019-03-27,0,3,38.1,72.5,155.8,TWI.MFD0.5.res1.SSC4,0.489718497521825,0.840444465058738,0.432708470980427,0.726227307011958
2019-03-27,0,3,38.1,72.5,155.8,TWI.MFD10.res7.NFNW,0.416975688710538,0.824547175152573,0.344669010922412,0.691564504404219
2019-03-27,0,3,38.1,72.5,155.8,TWI.MFD5.res7.NFNW,0.434538978401837,0.833273963352782,0.365752138159699,0.716246409277786
2019-04-06,0,2,71.3,120.7,205.3,SWI1E+16.res1.SSC5,0.432657878321603,0.843382180201248,0.367422449412624,0.726234258104056
2019-04-06,0,2,71.3,120.7,205.3,SWI1E+16.res5.NFNW,0.437821613452757,0.858558284455005,0.37576885896853,0.771657880701782
2019-04-06,0,2,71.3,120.7,205.3,SWI1E+16.res7.NFNW,0.388809945046977,0.848353564421943,0.274946352621107,0.761463124415362
2019-04-06,0,2,71.3,120.7,205.3,SWI1E+4.res1.SSC7,0.439255186887011,0.857445491135002,0.39341631314049,0.757649272583663
2019-04-06,0,2,71.3,120.7,205.3,SWI1E+8.res1.SSC5,0.433950110699211,0.845049808305664,0.369095074395226,0.727666489180183
2019-04-06,0,2,71.3,120.7,205.3,TWI.Braun.res4.NFNW,0.415645343512344,0.856110005211517,0.371448001758829,0.763119199163422
2019-04-06,0,2,71.3,120.7,205.3,TWI.FD8.res10.NFNW,0.353898754946479,0.839631368535953,0.175448495400296,0.752468817401117
2019-04-06,0,2,71.3,120.7,205.3,TWI.FD8.res7.NFNW,0.496354542244903,0.871548418464251,0.406089666101051,0.712626551121745
2019-04-06,0,2,71.3,120.7,205.3,TWI.MFD0.5.res1.SSC4,0.453570989650031,0.858488686638914,0.404870783620472,0.765203127764955
2019-04-06,0,2,71.3,120.7,205.3,TWI.MFD10.res7.NFNW,0.385643907792088,0.847590898680648,0.314848090894418,0.729918908008204
2019-04-06,0,2,71.3,120.7,205.3,TWI.MFD5.res7.NFNW,0.402789323279763,0.855218699306251,0.338291667178046,0.755237880463166
2019-04-16,0,2,52.3,113.2,177.9,SWI1E+16.res1.SSC5,0.541051705291086,0.665445423348783,0.437081818007934,0.475792542951115
2019-04-16,0,2,52.3,113.2,177.9,SWI1E+16.res5.NFNW,0.440132267962993,0.614576904174947,0.210276951506561,0.316850986402598
2019-04-16,0,2,52.3,113.2,177.9,SWI1E+16.res7.NFNW,0.39736266181076,0.592927490038836,0.165487914978899,0.284975967900025
2019-04-16,0,2,52.3,113.2,177.9,SWI1E+4.res1.SSC7,0.485314286505488,0.640258265593611,0.304152838461023,0.40326376042044
2019-04-16,0,2,52.3,113.2,177.9,SWI1E+8.res1.SSC5,0.54050116714032,0.666912144140669,0.436123145440189,0.477963567058399
2019-04-16,0,2,52.3,113.2,177.9,TWI.Braun.res4.NFNW,0.47126616805166,0.627937385709705,0.344346902753606,0.401354216497134
2019-04-16,0,2,52.3,113.2,177.9,TWI.FD8.res10.NFNW,0.34647856952471,0.560416113073957,0.128946633989279,0.19960825770258
2019-04-16,0,2,52.3,113.2,177.9,TWI.FD8.res7.NFNW,0.617893940276086,0.742099837435327,0.504119799732017,0.631001851415807
2019-04-16,0,2,52.3,113.2,177.9,TWI.MFD0.5.res1.SSC4,0.447601445260146,0.614662393333466,0.309483929362069,0.382836155021698
2019-04-16,0,2,52.3,113.2,177.9,TWI.MFD10.res7.NFNW,0.381872877497076,0.612454723444281,0.176887659177783,0.352670106737413
2019-04-16,0,2,52.3,113.2,177.9,TWI.MFD5.res7.NFNW,0.372603218925133,0.590116062062549,0.179743900010605,0.324851396631789
2019-04-26,0,1,67.8,118.3,190.8,SWI1E+16.res1.SSC5,0.521837375533037,0.523394701556869,0.319871751713144,0.154112999894256
2019-04-26,0,1,67.8,118.3,190.8,SWI1E+16.res5.NFNW,0.511926247477676,0.515833733028381,0.368646990121309,0.11765065500064
2019-04-26,0,1,67.8,118.3,190.8,SWI1E+16.res7.NFNW,0.487145808178663,0.492686459765142,0.324823020014414,0.0586506556630179
2019-04-26,0,1,67.8,118.3,190.8,SWI1E+4.res1.SSC7,0.502870334469621,0.505801996573136,0.344049072975965,0.103030923486308
2019-04-26,0,1,67.8,118.3,190.8,SWI1E+8.res1.SSC5,0.523364379437728,0.525056890933458,0.322805840590455,0.155453232018971
2019-04-26,0,1,67.8,118.3,190.8,TWI.Braun.res4.NFNW,0.519397662232778,0.522221869513234,0.362762890685594,0.128686713204663
2019-04-26,0,1,67.8,118.3,190.8,TWI.FD8.res10.NFNW,0.471486966922734,0.477790683159285,0.290476922315295,0.0731944508895975
2019-04-26,0,1,67.8,118.3,190.8,TWI.FD8.res7.NFNW,0.657803552637457,0.660922982275563,0.419288601694152,0.302749572028934
2019-04-26,0,1,67.8,118.3,190.8,TWI.MFD0.5.res1.SSC4,0.52592810040825,0.529484574151727,0.373066860795242,0.148606009430321
2019-04-26,0,1,67.8,118.3,190.8,TWI.MFD10.res7.NFNW,0.517397447560407,0.528317539123244,0.337315521732364,0.164349366428108
2019-04-26,0,1,67.8,118.3,190.8,TWI.MFD5.res7.NFNW,0.501137501988745,0.509725112626398,0.348428640864874,0.121996795775897
2019-05-06,11.9,0,115.1,171.4,292.1,SWI1E+16.res1.SSC5,0.360272646561647,0.469928506533393,0.0803404683511341,0.0586110299474304
2019-05-06,11.9,0,115.1,171.4,292.1,SWI1E+16.res5.NFNW,0.432464281512086,0.531446128541006,0.194852393506997,0.173697533450419
2019-05-06,11.9,0,115.1,171.4,292.1,SWI1E+16.res7.NFNW,0.452446995497665,0.551431260993272,0.201582751171614,0.187272451216924
2019-05-06,11.9,0,115.1,171.4,292.1,SWI1E+4.res1.SSC7,0.403640410914047,0.504812380459939,0.137869911702586,0.108481672630733
2019-05-06,11.9,0,115.1,171.4,292.1,SWI1E+8.res1.SSC5,0.363420538378109,0.473319918695665,0.0826512896457151,0.0623841812570402
2019-05-06,11.9,0,115.1,171.4,292.1,TWI.Braun.res4.NFNW,0.354892235601965,0.469525417087475,0.0914453359316924,0.0548729473715666
2019-05-06,11.9,0,115.1,171.4,292.1,TWI.FD8.res10.NFNW,0.335787620811738,0.462853607956611,0.0455258629341682,0.0429857337211548
2019-05-06,11.9,0,115.1,171.4,292.1,TWI.FD8.res7.NFNW,0.333625999646645,0.473136727628329,0.0692543817649179,0.0848095575354488
2019-05-06,11.9,0,115.1,171.4,292.1,TWI.MFD0.5.res1.SSC4,0.333164396802741,0.454692681160384,0.055772983353706,0.0341247840323427
2019-05-06,11.9,0,115.1,171.4,292.1,TWI.MFD10.res7.NFNW,0.305621211312718,0.446271096534428,0.0347161574397542,0.0435085745274114
2019-05-06,11.9,0,115.1,171.4,292.1,TWI.MFD5.res7.NFNW,0.334007081795278,0.459498360153966,0.0831780566723111,0.0603561605455728
2019-05-16,0,5,85.4,162.9,276.1,SWI1E+16.res1.SSC5,0.460699439925157,0.58116054415131,0.201541421906489,0.227960971387756
2019-05-16,0,5,85.4,162.9,276.1,SWI1E+16.res5.NFNW,0.51458517504481,0.627026678559467,0.295436520303962,0.342969258165158
2019-05-16,0,5,85.4,162.9,276.1,SWI1E+16.res7.NFNW,0.531924099222643,0.645056111145825,0.306665195485015,0.350806880420327
2019-05-16,0,5,85.4,162.9,276.1,SWI1E+4.res1.SSC7,0.49851812836037,0.611339073643883,0.267655899713032,0.300410524374825
2019-05-16,0,5,85.4,162.9,276.1,SWI1E+8.res1.SSC5,0.462148108877786,0.58326251140746,0.203017223526647,0.230914123120582
2019-05-16,0,5,85.4,162.9,276.1,TWI.Braun.res4.NFNW,0.487088045213305,0.609698636876958,0.269995824131539,0.299534448264554
2019-05-16,0,5,85.4,162.9,276.1,TWI.FD8.res10.NFNW,0.364948783342424,0.514710899451938,0.0825977289923383,0.141982547077438
2019-05-16,0,5,85.4,162.9,276.1,TWI.FD8.res7.NFNW,0.438906351556281,0.593706380422638,0.192527011599444,0.254185940577848
2019-05-16,0,5,85.4,162.9,276.1,TWI.MFD0.5.res1.SSC4,0.454534772452649,0.585380618947882,0.216524473692983,0.252901345584048
2019-05-16,0,5,85.4,162.9,276.1,TWI.MFD10.res7.NFNW,0.406925473834355,0.561899173589138,0.165352817565271,0.232500961217445
2019-05-16,0,5,85.4,162.9,276.1,TWI.MFD5.res7.NFNW,0.449160393250909,0.585678472761412,0.235935375688494,0.284659906121304
2019-05-26,1.8,0,53.2,172.4,290.7,SWI1E+16.res1.SSC5,0.605701536001251,0.647175903418959,0.409594554926784,0.351656228376206
2019-05-26,1.8,0,53.2,172.4,290.7,SWI1E+16.res5.NFNW,0.573642660060457,0.620258787335152,0.36607062517209,0.294711810448477
2019-05-26,1.8,0,53.2,172.4,290.7,SWI1E+16.res7.NFNW,0.598803978050074,0.640866374107941,0.396114789476678,0.309432239181096
2019-05-26,1.8,0,53.2,172.4,290.7,SWI1E+4.res1.SSC7,0.584916793707558,0.630991375760277,0.420004666226043,0.339588436356154
2019-05-26,1.8,0,53.2,172.4,290.7,SWI1E+8.res1.SSC5,0.603172568193357,0.64440146237602,0.409082313328175,0.348711179642417
2019-05-26,1.8,0,53.2,172.4,290.7,TWI.Braun.res4.NFNW,0.617709671058461,0.654661453112929,0.465368284841563,0.373125581838398
2019-05-26,1.8,0,53.2,172.4,290.7,TWI.FD8.res10.NFNW,0.445508071939444,0.501067853693199,0.181751727896679,0.104991838002619
2019-05-26,1.8,0,53.2,172.4,290.7,TWI.FD8.res7.NFNW,0.665174427959803,0.68405657056078,0.45961018059897,0.396546391906098
2019-05-26,1.8,0,53.2,172.4,290.7,TWI.MFD0.5.res1.SSC4,0.59745156940407,0.633971731223574,0.435197444587395,0.321197321114047
2019-05-26,1.8,0,53.2,172.4,290.7,TWI.MFD10.res7.NFNW,0.618588474392018,0.643189799275914,0.44877614154912,0.359902064756277
2019-05-26,1.8,0,53.2,172.4,290.7,TWI.MFD5.res7.NFNW,0.618031138442507,0.649466383083916,0.476291931872535,0.379444993268728
2019-06-05,0,2,65.4,129.3,288.8,SWI1E+16.res1.SSC5,0.52755533934107,0.709761997038174,0.13779444964545,0.417589829977418
2019-06-05,0,2,65.4,129.3,288.8,SWI1E+16.res5.NFNW,0.462511960025752,0.654035030366601,0.174853396713129,0.332377041158224
2019-06-05,0,2,65.4,129.3,288.8,SWI1E+16.res7.NFNW,0.576173090626751,0.721869334226294,0.297490663096475,0.407066714557202
2019-06-05,0,2,65.4,129.3,288.8,SWI1E+4.res1.SSC7,0.501165312841731,0.6832809812901,0.186202797811099,0.381817457463576
2019-06-05,0,2,65.4,129.3,288.8,SWI1E+8.res1.SSC5,0.518004883218665,0.700823402552286,0.117552986939795,0.398863051737076
2019-06-05,0,2,65.4,129.3,288.8,TWI.Braun.res4.NFNW,0.432835202811621,0.640843530998075,0.0413795883965351,0.344477014087492
2019-06-05,0,2,65.4,129.3,288.8,TWI.FD8.res10.NFNW,0.368718140118909,0.577577102955325,0.191325556773251,0.272783159373537
2019-06-05,0,2,65.4,129.3,288.8,TWI.FD8.res7.NFNW,0.637459982232125,0.727225369334933,0.428196594662761,0.508546615656068
2019-06-05,0,2,65.4,129.3,288.8,TWI.MFD0.5.res1.SSC4,0.412500836684745,0.6219656384497,-0.0284917326708313,0.291808334456505
2019-06-05,0,2,65.4,129.3,288.8,TWI.MFD10.res7.NFNW,0.558996009587218,0.680007524433884,0.335636468014076,0.444147168904705
2019-06-05,0,2,65.4,129.3,288.8,TWI.MFD5.res7.NFNW,0.519135691243142,0.671825418724339,0.294034258367963,0.436066815801134
2019-06-15,3.8,0,96.3,181.5,344.4,SWI1E+16.res1.SSC5,0.576658205881862,0.736019228232812,0.265456765912059,0.501046562374336
2019-06-15,3.8,0,96.3,181.5,344.4,SWI1E+16.res5.NFNW,0.394274489666342,0.640244515463224,0.14450551162022,0.326163205987304
2019-06-15,3.8,0,96.3,181.5,344.4,SWI1E+16.res7.NFNW,0.52986255727204,0.713664791091571,0.237947733861278,0.391762874522903
2019-06-15,3.8,0,96.3,181.5,344.4,SWI1E+4.res1.SSC7,0.437818993521675,0.659607718263885,0.125551361644561,0.371600767135691
2019-06-15,3.8,0,96.3,181.5,344.4,SWI1E+8.res1.SSC5,0.558925846805743,0.724521098754675,0.225660668370247,0.47738905684581
2019-06-15,3.8,0,96.3,181.5,344.4,TWI.Braun.res4.NFNW,0.348122904091462,0.627387765864155,-0.0765520754535502,0.40198376529553
2019-06-15,3.8,0,96.3,181.5,344.4,TWI.FD8.res10.NFNW,0.311262441215538,0.613300346369751,0.165367188804053,0.343565139894943
2019-06-15,3.8,0,96.3,181.5,344.4,TWI.FD8.res7.NFNW,0.655928710494771,0.751713536739828,0.404225235276054,0.537083841725283
2019-06-15,3.8,0,96.3,181.5,344.4,TWI.MFD0.5.res1.SSC4,0.363749601068415,0.642085782906297,-0.125096232266664,0.398762824903832
2019-06-15,3.8,0,96.3,181.5,344.4,TWI.MFD10.res7.NFNW,0.558785145012658,0.712690052964777,0.31806139157893,0.503034146963235
2019-06-15,3.8,0,96.3,181.5,344.4,TWI.MFD5.res7.NFNW,0.468695393705177,0.673598993173561,0.256546814503335,0.46758808349502
2019-06-25,0,2,134.8,272.3,442.9,SWI1E+16.res1.SSC5,0.405978521896474,0.477042853225034,0.0432957227307588,-0.321121544304428
2019-06-25,0,2,134.8,272.3,442.9,SWI1E+16.res5.NFNW,0.247860192287022,0.318092321522536,0.0102197386816276,-0.219923000097076
2019-06-25,0,2,134.8,272.3,442.9,SWI1E+16.res7.NFNW,0.365756718678221,0.424692152326724,0.111482076221236,-0.11242122445594
2019-06-25,0,2,134.8,272.3,442.9,SWI1E+4.res1.SSC7,0.284180312494501,0.353519746586582,-0.038393646221549,-0.318491465217783
2019-06-25,0,2,134.8,272.3,442.9,SWI1E+8.res1.SSC5,0.395248434093445,0.466607091003567,0.0180529454652665,-0.334504097473669
2019-06-25,0,2,134.8,272.3,442.9,TWI.Braun.res4.NFNW,0.235939456706074,0.308889046035065,-0.216563302537403,-0.446066783760237
2019-06-25,0,2,134.8,272.3,442.9,TWI.FD8.res10.NFNW,0.268212482950436,0.328957352585306,0.0899007426523076,-0.048353765918633
2019-06-25,0,2,134.8,272.3,442.9,TWI.FD8.res7.NFNW,0.398287505786661,0.489312944397619,0.0842002923850719,-0.237655719339655
2019-06-25,0,2,134.8,272.3,442.9,TWI.MFD0.5.res1.SSC4,0.289892795001005,0.348099826957977,-0.0481489636763357,-0.406530564655827
2019-06-25,0,2,134.8,272.3,442.9,TWI.MFD10.res7.NFNW,0.366055755388219,0.440312073160461,0.123656938864731,-0.169755967759998
2019-06-25,0,2,134.8,272.3,442.9,TWI.MFD5.res7.NFNW,0.279975959751661,0.348060498667032,0.0640033928018049,-0.235000735320555
2019-07-05,2,0,116.9,223.9,353.2,SWI1E+16.res1.SSC5,0.60011938733451,0.718538624727613,0.496708405223743,0.490249912730677
2019-07-05,2,0,116.9,223.9,353.2,SWI1E+16.res5.NFNW,0.404769034698565,0.609858622155751,0.170644548610234,0.297686715016713
2019-07-05,2,0,116.9,223.9,353.2,SWI1E+16.res7.NFNW,0.474323585118518,0.654014111877868,0.250483124769497,0.373847062867368
2019-07-05,2,0,116.9,223.9,353.2,SWI1E+4.res1.SSC7,0.458405797228224,0.63602791020081,0.201237679114476,0.36044490770358
2019-07-05,2,0,116.9,223.9,353.2,SWI1E+8.res1.SSC5,0.582151273752741,0.706133280623772,0.46606079544657,0.480793552534898
2019-07-05,2,0,116.9,223.9,353.2,TWI.Braun.res4.NFNW,0.491383196637441,0.653463869960532,0.303259693129846,0.467940116267096
2019-07-05,2,0,116.9,223.9,353.2,TWI.FD8.res10.NFNW,0.345893856306131,0.592812455167778,0.187508372681971,0.307639482178006
2019-07-05,2,0,116.9,223.9,353.2,TWI.FD8.res7.NFNW,0.580209759846224,0.686268570324712,0.44817743803204,0.547392212715525
2019-07-05,2,0,116.9,223.9,353.2,TWI.MFD0.5.res1.SSC4,0.468607865834853,0.656098040112801,0.275570037269874,0.469552512313152
2019-07-05,2,0,116.9,223.9,353.2,TWI.MFD10.res7.NFNW,0.580745383410892,0.702291139605033,0.40190568181124,0.535574930976882
2019-07-05,2,0,116.9,223.9,353.2,TWI.MFD5.res7.NFNW,0.499130493781133,0.661050319762241,0.323485701550864,0.476692108547223
2019-07-15,11.4,0,42.4,184.3,362,SWI1E+16.res1.SSC5,0.449417413810167,0.587527366755375,0.369502479804243,0.26178487415699
2019-07-15,11.4,0,42.4,184.3,362,SWI1E+16.res5.NFNW,0.333932152252903,0.53339784701955,0.195929004303956,0.294176384211876
2019-07-15,11.4,0,42.4,184.3,362,SWI1E+16.res7.NFNW,0.387715031181634,0.565434549037598,0.266471534930495,0.3562716084387
2019-07-15,11.4,0,42.4,184.3,362,SWI1E+4.res1.SSC7,0.363158670279736,0.545625139612844,0.217816044675033,0.323742662462348
2019-07-15,11.4,0,42.4,184.3,362,SWI1E+8.res1.SSC5,0.435215705257356,0.579099157585966,0.356060664131726,0.265029772760825
2019-07-15,11.4,0,42.4,184.3,362,TWI.Braun.res4.NFNW,0.42393163268568,0.576226558881626,0.332513983141659,0.340750293626076
2019-07-15,11.4,0,42.4,184.3,362,TWI.FD8.res10.NFNW,0.368201552460314,0.558348756344752,0.233721180465837,0.28712267864851
2019-07-15,11.4,0,42.4,184.3,362,TWI.FD8.res7.NFNW,0.450448101274383,0.572433657816495,0.297680290486748,0.315830631270011
2019-07-15,11.4,0,42.4,184.3,362,TWI.MFD0.5.res1.SSC4,0.381079372666807,0.566429034737461,0.273668206838516,0.308062146755786
2019-07-15,11.4,0,42.4,184.3,362,TWI.MFD10.res7.NFNW,0.510007816916692,0.622480085365213,0.409284037790231,0.46739855803582
2019-07-15,11.4,0,42.4,184.3,362,TWI.MFD5.res7.NFNW,0.442339954607152,0.58947334032374,0.341731986672744,0.439185233920232
2019-07-25,0,3,26.9,66.8,339.1,SWI1E+16.res1.SSC5,0.090069573124193,0.589907932535557,-0.177058765960096,0.230424124611327
2019-07-25,0,3,26.9,66.8,339.1,SWI1E+16.res5.NFNW,0.145764058907692,0.596572335897019,-0.313727976171232,0.163939226001771
2019-07-25,0,3,26.9,66.8,339.1,SWI1E+16.res7.NFNW,0.234732225849548,0.614362487407625,-0.0685363382260676,0.240196588706857
2019-07-25,0,3,26.9,66.8,339.1,SWI1E+4.res1.SSC7,0.170359415258096,0.601416109442223,-0.116266942202836,0.22643231935508
2019-07-25,0,3,26.9,66.8,339.1,SWI1E+8.res1.SSC5,0.0940960499383973,0.590010753438663,-0.173132000262553,0.229917392868073
2019-07-25,0,3,26.9,66.8,339.1,TWI.Braun.res4.NFNW,0.186914482440424,0.603633329962638,0.0187220740058177,0.255136634205994
2019-07-25,0,3,26.9,66.8,339.1,TWI.FD8.res10.NFNW,0.193932801385822,0.59907687061876,-0.296300546640135,-0.0282523113905003
2019-07-25,0,3,26.9,66.8,339.1,TWI.FD8.res7.NFNW,0.260623877225883,0.602577004866993,0.0997990407025916,0.205185193621795
2019-07-25,0,3,26.9,66.8,339.1,TWI.MFD0.5.res1.SSC4,0.173046061882518,0.598496277632014,-0.0927120237732396,0.241340288661136
2019-07-25,0,3,26.9,66.8,339.1,TWI.MFD10.res7.NFNW,0.229826704137299,0.599702502330456,-0.139551158233374,0.148796993701665
2019-07-25,0,3,26.9,66.8,339.1,TWI.MFD5.res7.NFNW,0.244690992749188,0.610843212397439,-0.0684288356659671,0.199247760179799
2019-08-04,0,1,49.6,103.4,325.3,SWI1E+16.res1.SSC5,0.657565721833339,0.696755890226099,0.582204356524449,0.552193037673635
2019-08-04,0,1,49.6,103.4,325.3,SWI1E+16.res5.NFNW,0.711036365379585,0.740488961768353,0.685452250395874,0.645570901593632
2019-08-04,0,1,49.6,103.4,325.3,SWI1E+16.res7.NFNW,0.740055389538109,0.762214943053191,0.71081116572507,0.662232953879595
2019-08-04,0,1,49.6,103.4,325.3,SWI1E+4.res1.SSC7,0.709987173323994,0.740574305486387,0.682737272942078,0.651477349331748
2019-08-04,0,1,49.6,103.4,325.3,SWI1E+8.res1.SSC5,0.65978455925095,0.698176567792166,0.586306060550406,0.555527965701144
2019-08-04,0,1,49.6,103.4,325.3,TWI.Braun.res4.NFNW,0.631853335448288,0.66249880638932,0.527118986540986,0.483961335782653
2019-08-04,0,1,49.6,103.4,325.3,TWI.FD8.res10.NFNW,0.701411604679314,0.722385654408263,0.637186335037486,0.576665836074654
2019-08-04,0,1,49.6,103.4,325.3,TWI.FD8.res7.NFNW,0.72847599591156,0.76972505860381,0.692768687009119,0.682151419551362
2019-08-04,0,1,49.6,103.4,325.3,TWI.MFD0.5.res1.SSC4,0.631826266549802,0.670013780246795,0.530706615315198,0.475725454258104
2019-08-04,0,1,49.6,103.4,325.3,TWI.MFD10.res7.NFNW,0.732696342691389,0.758678114953861,0.702774580217726,0.670768235413091
2019-08-04,0,1,49.6,103.4,325.3,TWI.MFD5.res7.NFNW,0.744388816561159,0.769284729492408,0.727545395158691,0.691731883156518
2019-08-14,0,4,36.6,72.2,245.1,SWI1E+16.res1.SSC5,0.699940893559736,0.738474120177846,0.634419773649547,0.61949393544543
2019-08-14,0,4,36.6,72.2,245.1,SWI1E+16.res5.NFNW,0.744335884248468,0.772542576230224,0.716808932482091,0.689155972504013
2019-08-14,0,4,36.6,72.2,245.1,SWI1E+16.res7.NFNW,0.759756139519178,0.781150295841399,0.721696429872051,0.683992224303925
2019-08-14,0,4,36.6,72.2,245.1,SWI1E+4.res1.SSC7,0.743431618244063,0.772666581175871,0.711554656031454,0.692276155293591
2019-08-14,0,4,36.6,72.2,245.1,SWI1E+8.res1.SSC5,0.702906919817698,0.740579059658718,0.638969735314954,0.623414352646019
2019-08-14,0,4,36.6,72.2,245.1,TWI.Braun.res4.NFNW,0.656624148748625,0.686911703835769,0.539552878849471,0.508636714453037
2019-08-14,0,4,36.6,72.2,245.1,TWI.FD8.res10.NFNW,0.720869329604433,0.741822431649473,0.651132381260305,0.599996652335719
2019-08-14,0,4,36.6,72.2,245.1,TWI.FD8.res7.NFNW,0.774966655140529,0.81437319953518,0.734918738928108,0.732696505737796
2019-08-14,0,4,36.6,72.2,245.1,TWI.MFD0.5.res1.SSC4,0.684749584788222,0.723574156437683,0.608365280888974,0.571681702596193
2019-08-14,0,4,36.6,72.2,245.1,TWI.MFD10.res7.NFNW,0.770029076556909,0.794414712132033,0.737225925115015,0.714515713986376
2019-08-14,0,4,36.6,72.2,245.1,TWI.MFD5.res7.NFNW,0.773951541552687,0.797247787101792,0.755383062624334,0.728286966087718
2019-08-24,1.8,0,72.2,121,187.8,SWI1E+16.res1.SSC5,0.498360998775641,0.628260180797315,0.41975771753565,0.44712337154859
2019-08-24,1.8,0,72.2,121,187.8,SWI1E+16.res5.NFNW,0.584908768015116,0.689541275653036,0.531888052480956,0.547896853638758
2019-08-24,1.8,0,72.2,121,187.8,SWI1E+16.res7.NFNW,0.608819622492201,0.699951831410479,0.551662391885213,0.548071195325478
2019-08-24,1.8,0,72.2,121,187.8,SWI1E+4.res1.SSC7,0.56728865509546,0.675582298010753,0.504357370267983,0.52684107428097
2019-08-24,1.8,0,72.2,121,187.8,SWI1E+8.res1.SSC5,0.502646346406221,0.630795911317469,0.424940942672398,0.45098794440058
2019-08-24,1.8,0,72.2,121,187.8,TWI.Braun.res4.NFNW,0.506292773617848,0.621509025157544,0.423708799191422,0.430516215099261
2019-08-24,1.8,0,72.2,121,187.8,TWI.FD8.res10.NFNW,0.60422223278093,0.693734482605325,0.566241831424011,0.539758197455022
2019-08-24,1.8,0,72.2,121,187.8,TWI.FD8.res7.NFNW,0.567822357668351,0.691852728289414,0.471321776745058,0.513368565836648
2019-08-24,1.8,0,72.2,121,187.8,TWI.MFD0.5.res1.SSC4,0.470166976506726,0.604175202936493,0.370868639320187,0.376495604357605
2019-08-24,1.8,0,72.2,121,187.8,TWI.MFD10.res7.NFNW,0.592401474643343,0.690744881360915,0.486591829969619,0.509332349506479
2019-08-24,1.8,0,72.2,121,187.8,TWI.MFD5.res7.NFNW,0.599789073430412,0.695604375256872,0.515050328692016,0.535174779821238
2019-09-03,0,2,99.7,112.4,215.8,SWI1E+16.res1.SSC5,0.566413363048107,0.717079932420731,0.387534066304864,0.505529663958843
2019-09-03,0,2,99.7,112.4,215.8,SWI1E+16.res5.NFNW,0.596701401387854,0.726108566744108,0.48715949561161,0.539586998477902
2019-09-03,0,2,99.7,112.4,215.8,SWI1E+16.res7.NFNW,0.612448171976003,0.728133681127711,0.491078936641677,0.525724055698196
2019-09-03,0,2,99.7,112.4,215.8,SWI1E+4.res1.SSC7,0.590475225100925,0.722358937411822,0.462046412976531,0.530399380775517
2019-09-03,0,2,99.7,112.4,215.8,SWI1E+8.res1.SSC5,0.567442468840772,0.71650779335881,0.389685530866125,0.503349575755713
2019-09-03,0,2,99.7,112.4,215.8,TWI.Braun.res4.NFNW,0.500374534036735,0.643588452124652,0.192028535546944,0.30915843861834
2019-09-03,0,2,99.7,112.4,215.8,TWI.FD8.res10.NFNW,0.615252112185017,0.727075155257915,0.505328286557034,0.516889762156878
2019-09-03,0,2,99.7,112.4,215.8,TWI.FD8.res7.NFNW,0.675071608166057,0.81377074237821,0.607270520716097,0.701104619674744
2019-09-03,0,2,99.7,112.4,215.8,TWI.MFD0.5.res1.SSC4,0.546899220732095,0.69805910774165,0.355989548684359,0.440584492667721
2019-09-03,0,2,99.7,112.4,215.8,TWI.MFD10.res7.NFNW,0.685434934697396,0.796478632134792,0.616567938828123,0.682459330252564
2019-09-03,0,2,99.7,112.4,215.8,TWI.MFD5.res7.NFNW,0.660438798965843,0.772150460605151,0.600211717575974,0.651813226064277
2019-09-13,24.4,0,9.4,125.6,197.8,SWI1E+16.res1.SSC5,0.682354533079647,0.693599028659294,0.566458084248795,0.512372180773932
2019-09-13,24.4,0,9.4,125.6,197.8,SWI1E+16.res5.NFNW,0.751701293426303,0.757812513513309,0.6994759532033,0.654407353744097
2019-09-13,24.4,0,9.4,125.6,197.8,SWI1E+16.res7.NFNW,0.768035900620451,0.771342691630744,0.70287073152895,0.6537783413429
2019-09-13,24.4,0,9.4,125.6,197.8,SWI1E+4.res1.SSC7,0.739186231891485,0.745743054470601,0.677594523168827,0.634680316036149
2019-09-13,24.4,0,9.4,125.6,197.8,SWI1E+8.res1.SSC5,0.686923726457362,0.697693054669668,0.576551881016746,0.523596581903679
2019-09-13,24.4,0,9.4,125.6,197.8,TWI.Braun.res4.NFNW,0.607477913498342,0.613249555607442,0.372990313142986,0.298010121552684
2019-09-13,24.4,0,9.4,125.6,197.8,TWI.FD8.res10.NFNW,0.768672250664757,0.771280857145826,0.699878964863038,0.645635401566258
2019-09-13,24.4,0,9.4,125.6,197.8,TWI.FD8.res7.NFNW,0.790474360422314,0.802689973741243,0.747921902344939,0.720561509691509
2019-09-13,24.4,0,9.4,125.6,197.8,TWI.MFD0.5.res1.SSC4,0.691006689566887,0.701409014970833,0.579721509291937,0.513494608370908
2019-09-13,24.4,0,9.4,125.6,197.8,TWI.MFD10.res7.NFNW,0.796793485093406,0.801213413369376,0.753748542830601,0.712102689172401
2019-09-13,24.4,0,9.4,125.6,197.8,TWI.MFD5.res7.NFNW,0.782482248319522,0.786356719804046,0.750636091927317,0.702972670804788
2019-09-23,1.5,0,32.3,63.6,182.8,SWI1E+16.res1.SSC5,0.675734207360707,0.683148793590408,0.514770451445376,0.464414617566918
2019-09-23,1.5,0,32.3,63.6,182.8,SWI1E+16.res5.NFNW,0.760520985879892,0.764034733815704,0.698694943536762,0.662423365869342
2019-09-23,1.5,0,32.3,63.6,182.8,SWI1E+16.res7.NFNW,0.774485977048785,0.775983465237487,0.696649429559582,0.657562627073935
2019-09-23,1.5,0,32.3,63.6,182.8,SWI1E+4.res1.SSC7,0.738684356317309,0.742517077956446,0.660798763465479,0.624505867456619
2019-09-23,1.5,0,32.3,63.6,182.8,SWI1E+8.res1.SSC5,0.681746217730285,0.688792433390979,0.532624033109845,0.484106585544588
2019-09-23,1.5,0,32.3,63.6,182.8,TWI.Braun.res4.NFNW,0.596714949973976,0.599744253228105,0.308944891689197,0.244282549494184
2019-09-23,1.5,0,32.3,63.6,182.8,TWI.FD8.res10.NFNW,0.794229447498773,0.795249928710541,0.732040621375205,0.691353973563961
2019-09-23,1.5,0,32.3,63.6,182.8,TWI.FD8.res7.NFNW,0.788756094716494,0.797231978239341,0.753037114339122,0.727375462868308
2019-09-23,1.5,0,32.3,63.6,182.8,TWI.MFD0.5.res1.SSC4,0.693301389208545,0.700081520750962,0.560419324973736,0.503763466604628
2019-09-23,1.5,0,32.3,63.6,182.8,TWI.MFD10.res7.NFNW,0.803827970194936,0.806138360964196,0.766503070479622,0.72902617573605
2019-09-23,1.5,0,32.3,63.6,182.8,TWI.MFD5.res7.NFNW,0.78775659643685,0.789661878715618,0.755561666729006,0.714446914335062
2019-10-03,0,7,163.6,188,300.4,SWI1E+16.res1.SSC5,0.537619008810451,0.568421108438016,0.171097650035027,0.0875881005208485
2019-10-03,0,7,163.6,188,300.4,SWI1E+16.res5.NFNW,0.570561680384834,0.591661426486625,0.381077083980151,0.302558819317228
2019-10-03,0,7,163.6,188,300.4,SWI1E+16.res7.NFNW,0.598402091086042,0.611985610968949,0.428216583842684,0.348875779321732
2019-10-03,0,7,163.6,188,300.4,SWI1E+4.res1.SSC7,0.544492647290997,0.568628519012118,0.273825274029597,0.190793013155147
2019-10-03,0,7,163.6,188,300.4,SWI1E+8.res1.SSC5,0.539237715732622,0.569294521840663,0.184490126075011,0.100952382749963
2019-10-03,0,7,163.6,188,300.4,TWI.Braun.res4.NFNW,0.434213033004346,0.456136797486568,-0.186895252919247,-0.254436548416209
2019-10-03,0,7,163.6,188,300.4,TWI.FD8.res10.NFNW,0.60435742882798,0.615809223657668,0.43691828026402,0.345838094748591
2019-10-03,0,7,163.6,188,300.4,TWI.FD8.res7.NFNW,0.63926054417088,0.676444122162949,0.554398362996421,0.487669574227128
2019-10-03,0,7,163.6,188,300.4,TWI.MFD0.5.res1.SSC4,0.514161536877139,0.540453353915049,0.175090009719805,0.0857595533026323
2019-10-03,0,7,163.6,188,300.4,TWI.MFD10.res7.NFNW,0.655172714186941,0.674728531354424,0.577222950069546,0.50661982006513
2019-10-03,0,7,163.6,188,300.4,TWI.MFD5.res7.NFNW,0.616713844421551,0.635130865571515,0.506602800494094,0.415152604801536
2019-10-13,0,2,159.3,347.3,448.5,SWI1E+16.res1.SSC5,0.251151912074383,0.502271937631493,-0.0167967546364402,0.089921855835777
2019-10-13,0,2,159.3,347.3,448.5,SWI1E+16.res5.NFNW,0.195461710474355,0.492897825153963,-0.119868708235412,0.0944287544895565
2019-10-13,0,2,159.3,347.3,448.5,SWI1E+16.res7.NFNW,0.191314938169288,0.496765772345479,-0.162893193928861,0.0947875656710174
2019-10-13,0,2,159.3,347.3,448.5,SWI1E+4.res1.SSC7,0.185541818860264,0.487019091244687,-0.104939234520874,0.0901157942754042
2019-10-13,0,2,159.3,347.3,448.5,SWI1E+8.res1.SSC5,0.252073936311995,0.503429894282106,-0.017206598793558,0.0918235476266146
2019-10-13,0,2,159.3,347.3,448.5,TWI.Braun.res4.NFNW,0.211806621702936,0.497901944484594,-0.0725005263182487,0.123162224265697
2019-10-13,0,2,159.3,347.3,448.5,TWI.FD8.res10.NFNW,0.205539607005859,0.505862525161821,-0.144297135664353,0.122147127080172
2019-10-13,0,2,159.3,347.3,448.5,TWI.FD8.res7.NFNW,0.247332707137758,0.502933009611123,-0.0215856145615385,0.0672825544044915
2019-10-13,0,2,159.3,347.3,448.5,TWI.MFD0.5.res1.SSC4,0.202736902587349,0.486290663979178,-0.0779844965801701,0.0900907625083479
2019-10-13,0,2,159.3,347.3,448.5,TWI.MFD10.res7.NFNW,0.151349424385104,0.479817018898692,-0.0876162003554137,0.052677107538206
2019-10-13,0,2,159.3,347.3,448.5,TWI.MFD5.res7.NFNW,0.12824389294136,0.474901275650108,-0.157081614835865,0.0680696308250688
2019-10-23,0,2,80.7,341.3,403.4,SWI1E+16.res1.SSC5,0.203243458769952,0.540377647291933,-0.0251432497894572,0.187522686351767
2019-10-23,0,2,80.7,341.3,403.4,SWI1E+16.res5.NFNW,0.133309554721943,0.531960744624744,-0.235168358282183,0.182025758627812
2019-10-23,0,2,80.7,341.3,403.4,SWI1E+16.res7.NFNW,0.150891960007849,0.540385834916058,-0.22449908828381,0.193845632970309
2019-10-23,0,2,80.7,341.3,403.4,SWI1E+4.res1.SSC7,0.124912500099248,0.52866866888822,-0.219273254366486,0.186958705031589
2019-10-23,0,2,80.7,341.3,403.4,SWI1E+8.res1.SSC5,0.203469400427463,0.541052783399455,-0.0274011034234665,0.188635975999543
2019-10-23,0,2,80.7,341.3,403.4,TWI.Braun.res4.NFNW,0.140025256418048,0.53267028013613,-0.197762677356669,0.215365082860765
2019-10-23,0,2,80.7,341.3,403.4,TWI.FD8.res10.NFNW,0.177579758576941,0.551509606089504,-0.177990342694719,0.216950531090792
2019-10-23,0,2,80.7,341.3,403.4,TWI.FD8.res7.NFNW,0.1950105957583,0.53982820960402,-0.0411620672148296,0.137525518096191
2019-10-23,0,2,80.7,341.3,403.4,TWI.MFD0.5.res1.SSC4,0.175860060447846,0.534861890765337,-0.0852472794902344,0.194536955917427
2019-10-23,0,2,80.7,341.3,403.4,TWI.MFD10.res7.NFNW,0.124056414132528,0.531051185500492,-0.117928954906846,0.139317136806046
2019-10-23,0,2,80.7,341.3,403.4,TWI.MFD5.res7.NFNW,0.0937875588281184,0.526479764228393,-0.261592873457147,0.16854421381161
2019-11-02,0,3,141.3,306.7,494.7,SWI1E+16.res1.SSC5,0.234134911591752,0.442506891891904,-0.063514432766841,-0.0786769187009984
2019-11-02,0,3,141.3,306.7,494.7,SWI1E+16.res5.NFNW,0.185431857925244,0.433963140944144,-0.189377185036746,-0.141530435358306
2019-11-02,0,3,141.3,306.7,494.7,SWI1E+16.res7.NFNW,0.17718277610594,0.437127942208407,-0.242233708905298,-0.148258589335945
2019-11-02,0,3,141.3,306.7,494.7,SWI1E+4.res1.SSC7,0.177871330158569,0.429202689658156,-0.16222078807655,-0.136230503135642
2019-11-02,0,3,141.3,306.7,494.7,SWI1E+8.res1.SSC5,0.235372124589823,0.443596751989286,-0.0645148456937203,-0.079171909388992
2019-11-02,0,3,141.3,306.7,494.7,TWI.Braun.res4.NFNW,0.199659209485898,0.438737523879365,-0.131462492206141,-0.106832238430765
2019-11-02,0,3,141.3,306.7,494.7,TWI.FD8.res10.NFNW,0.189002071263818,0.444864030157178,-0.235129894468637,-0.132252526225384
2019-11-02,0,3,141.3,306.7,494.7,TWI.FD8.res7.NFNW,0.216536860055438,0.432825432300908,-0.0745533103852708,-0.0896121517436963
2019-11-02,0,3,141.3,306.7,494.7,TWI.MFD0.5.res1.SSC4,0.177704843828981,0.427688909500524,-0.156434322628208,-0.132845718658866
2019-11-02,0,3,141.3,306.7,494.7,TWI.MFD10.res7.NFNW,0.12694547271248,0.418917742868658,-0.144515121247905,-0.114488997162949
2019-11-02,0,3,141.3,306.7,494.7,TWI.MFD5.res7.NFNW,0.109494692651881,0.416571056982379,-0.218677376497295,-0.142035322974304
2019-11-12,0,1,81.6,198,545.3,SWI1E+16.res1.SSC5,0.231964526166956,0.435623191799107,-0.0720805155574863,-0.0964860504371701
2019-11-12,0,1,81.6,198,545.3,SWI1E+16.res5.NFNW,0.184505804168173,0.427263057449066,-0.19656022989943,-0.164780606450691
2019-11-12,0,1,81.6,198,545.3,SWI1E+16.res7.NFNW,0.173874834913782,0.429543742504865,-0.252933291557225,-0.173967762753205
2019-11-12,0,1,81.6,198,545.3,SWI1E+4.res1.SSC7,0.178353938951378,0.422894752845435,-0.166039439237959,-0.156252480508118
2019-11-12,0,1,81.6,198,545.3,SWI1E+8.res1.SSC5,0.233790747753752,0.436940939267494,-0.0726168909112468,-0.0967462193876896
2019-11-12,0,1,81.6,198,545.3,TWI.Braun.res4.NFNW,0.204542488418556,0.434227510851223,-0.12822259094378,-0.122986464277612
2019-11-12,0,1,81.6,198,545.3,TWI.FD8.res10.NFNW,0.190526174974415,0.439093759562649,-0.236928177802436,-0.154983369280488
2019-11-12,0,1,81.6,198,545.3,TWI.FD8.res7.NFNW,0.204809683393206,0.422898121994762,-0.0902103714368426,-0.112423917985465
2019-11-12,0,1,81.6,198,545.3,TWI.MFD0.5.res1.SSC4,0.178801818200949,0.421545808553452,-0.16087471964037,-0.153109075656174
2019-11-12,0,1,81.6,198,545.3,TWI.MFD10.res7.NFNW,0.118751298225057,0.410590740378686,-0.158419088004588,-0.136628594414114
2019-11-12,0,1,81.6,198,545.3,TWI.MFD5.res7.NFNW,0.103373622969327,0.408742468737594,-0.230381478140067,-0.166438994656462
2019-11-22,4.8,0,62.1,198.9,540.2,SWI1E+16.res1.SSC5,0.188075376014826,0.468861554093856,-0.0836584632403032,0.0227585273547119
2019-11-22,4.8,0,62.1,198.9,540.2,SWI1E+16.res5.NFNW,0.121241660288171,0.457331341793967,-0.193215103281415,0.0227599693944313
2019-11-22,4.8,0,62.1,198.9,540.2,SWI1E+16.res7.NFNW,0.130513725214539,0.462591128636025,-0.211977262258735,0.0227847457093731
2019-11-22,4.8,0,62.1,198.9,540.2,SWI1E+4.res1.SSC7,0.122101935114041,0.457049738865839,-0.167014146561933,0.0241534180555975
2019-11-22,4.8,0,62.1,198.9,540.2,SWI1E+8.res1.SSC5,0.189293785861538,0.469634184778283,-0.0840282514555101,0.0238707280958873
2019-11-22,4.8,0,62.1,198.9,540.2,TWI.Braun.res4.NFNW,0.135798675125127,0.460388581926883,-0.154643695949775,0.0610250485431624
2019-11-22,4.8,0,62.1,198.9,540.2,TWI.FD8.res10.NFNW,0.122264417105815,0.461809372506479,-0.238199207894918,0.0457640489211966
2019-11-22,4.8,0,62.1,198.9,540.2,TWI.FD8.res7.NFNW,0.141311821009141,0.456719179554882,-0.109975568393847,-0.00553767962715757
2019-11-22,4.8,0,62.1,198.9,540.2,TWI.MFD0.5.res1.SSC4,0.130042699323588,0.456168705778308,-0.162915507109233,0.0185384184125831
2019-11-22,4.8,0,62.1,198.9,540.2,TWI.MFD10.res7.NFNW,0.069084466441322,0.451195570816653,-0.159449811908363,-0.00738667890162247
2019-11-22,4.8,0,62.1,198.9,540.2,TWI.MFD5.res7.NFNW,0.0506164559194945,0.450079866719978,-0.221257578913627,0.0179987670198269
2019-12-02,0,2,64.2,114.8,421.5,SWI1E+16.res1.SSC5,0.144432455310128,0.437176537352451,-0.232104264224017,-0.0196706205506521
2019-12-02,0,2,64.2,114.8,421.5,SWI1E+16.res5.NFNW,0.0838454457591176,0.422969847463776,-0.338698697470654,-0.0662320713833632
2019-12-02,0,2,64.2,114.8,421.5,SWI1E+16.res7.NFNW,0.086101349327401,0.425397461902153,-0.376895924246153,-0.0712807005946208
2019-12-02,0,2,64.2,114.8,421.5,SWI1E+4.res1.SSC7,0.0822799036041717,0.423261485343328,-0.345790376084833,-0.0507329166025768
2019-12-02,0,2,64.2,114.8,421.5,SWI1E+8.res1.SSC5,0.144951195279589,0.437627560144339,-0.232826506911672,-0.019364636106149
2019-12-02,0,2,64.2,114.8,421.5,TWI.Braun.res4.NFNW,0.11134007686252,0.432312918188758,-0.312348226849347,-0.00871505130053515
2019-12-02,0,2,64.2,114.8,421.5,TWI.FD8.res10.NFNW,0.0883621326669411,0.426974994307083,-0.377236077781562,-0.03967673624607
2019-12-02,0,2,64.2,114.8,421.5,TWI.FD8.res7.NFNW,0.0980088171241444,0.423716854374064,-0.267270982957856,-0.0595169212508159
2019-12-02,0,2,64.2,114.8,421.5,TWI.MFD0.5.res1.SSC4,0.100750833857977,0.426528305632298,-0.340408680087878,-0.0444025083259256
2019-12-02,0,2,64.2,114.8,421.5,TWI.MFD10.res7.NFNW,0.0333373925808008,0.418616063373139,-0.379054987189135,-0.0647017627734153
2019-12-02,0,2,64.2,114.8,421.5,TWI.MFD5.res7.NFNW,0.0149245844430021,0.41772615003194,-0.438617906753954,-0.0564617644032036
2019-12-12,0,6,34.3,64.5,262.5,SWI1E+16.res1.SSC5,0.223262092667945,0.389261607959864,-0.0533240441815965,0.00188361380789903
2019-12-12,0,6,34.3,64.5,262.5,SWI1E+16.res5.NFNW,0.164046676844221,0.360040459782257,-0.166979781899847,-0.0632282267346465
2019-12-12,0,6,34.3,64.5,262.5,SWI1E+16.res7.NFNW,0.163400753859008,0.363623503284412,-0.200011169671481,-0.0668808001388934
2019-12-12,0,6,34.3,64.5,262.5,SWI1E+4.res1.SSC7,0.1535581622514,0.356795678724703,-0.186887521910269,-0.0604122943630797
2019-12-12,0,6,34.3,64.5,262.5,SWI1E+8.res1.SSC5,0.225037377590626,0.390651729074283,-0.0512185099145487,0.00376149347857994
2019-12-12,0,6,34.3,64.5,262.5,TWI.Braun.res4.NFNW,0.167916078906258,0.367550369663703,-0.167834024072573,-0.0301265752167516
2019-12-12,0,6,34.3,64.5,262.5,TWI.FD8.res10.NFNW,0.195924466213356,0.38128347633551,-0.126226688632401,-0.025455122846522
2019-12-12,0,6,34.3,64.5,262.5,TWI.FD8.res7.NFNW,0.21786841016095,0.381923199269083,-0.0579149389726936,-0.0179990391371298
2019-12-12,0,6,34.3,64.5,262.5,TWI.MFD0.5.res1.SSC4,0.189622190918772,0.372498799793918,-0.123296038421582,-0.0330024736878865
2019-12-12,0,6,34.3,64.5,262.5,TWI.MFD10.res7.NFNW,0.151789604492759,0.359135987485321,-0.148975732411134,-0.0489378077581173
2019-12-12,0,6,34.3,64.5,262.5,TWI.MFD5.res7.NFNW,0.115588043082775,0.345919480734308,-0.231286763592901,-0.0680978575173466
2019-12-22,0,6,10.9,53,247.1,SWI1E+16.res1.SSC5,0.282165809289597,0.31186764482326,0.0469557862251213,-0.105888038899788
2019-12-22,0,6,10.9,53,247.1,SWI1E+16.res5.NFNW,0.235592368829345,0.270909549503931,-0.0361286996060421,-0.181097710462286
2019-12-22,0,6,10.9,53,247.1,SWI1E+16.res7.NFNW,0.227965441628206,0.267675102556122,-0.0735369431228777,-0.210283716812553
2019-12-22,0,6,10.9,53,247.1,SWI1E+4.res1.SSC7,0.221047997800572,0.259571441639051,-0.0589555503973037,-0.20870115271722
2019-12-22,0,6,10.9,53,247.1,SWI1E+8.res1.SSC5,0.284563504637069,0.314287948103396,0.050150915382647,-0.101974860673152
2019-12-22,0,6,10.9,53,247.1,TWI.Braun.res4.NFNW,0.22229979821056,0.264448555010701,-0.0636591287389244,-0.220622144510031
2019-12-22,0,6,10.9,53,247.1,TWI.FD8.res10.NFNW,0.276857509593532,0.311818991399931,0.0198113813820241,-0.127233061965952
2019-12-22,0,6,10.9,53,247.1,TWI.FD8.res7.NFNW,0.319855692600061,0.342742006019596,0.0823945142368855,-0.0350410843585971
2019-12-22,0,6,10.9,53,247.1,TWI.MFD0.5.res1.SSC4,0.247353893888915,0.281709781775085,-0.0164365730895996,-0.174207073722857
2019-12-22,0,6,10.9,53,247.1,TWI.MFD10.res7.NFNW,0.2398024896463,0.278171595207802,-0.0122216840142936,-0.130644722618466
2019-12-22,0,6,10.9,53,247.1,TWI.MFD5.res7.NFNW,0.196476480017118,0.242291631396622,-0.0849161241728141,-0.207441141832619
2020-01-01,0,4,22.6,33.8,148.6,SWI1E+16.res1.SSC5,0.323740571811664,0.344518770703295,0.125474892138901,-0.112563621983097
2020-01-01,0,4,22.6,33.8,148.6,SWI1E+16.res5.NFNW,0.211671802397244,0.240704219486767,-0.0464796102113261,-0.241318467668879
2020-01-01,0,4,22.6,33.8,148.6,SWI1E+16.res7.NFNW,0.214883937289828,0.244601319644366,-0.0632619583338453,-0.262909032177211
2020-01-01,0,4,22.6,33.8,148.6,SWI1E+4.res1.SSC7,0.226544389968042,0.256805705512789,-0.0284225538613214,-0.255467554966938
2020-01-01,0,4,22.6,33.8,148.6,SWI1E+8.res1.SSC5,0.323740571811664,0.344518770703295,0.125474892138901,-0.112563621983097
2020-01-01,0,4,22.6,33.8,148.6,TWI.Braun.res4.NFNW,0.271284681333826,0.302256280270192,0.0449783199620526,-0.202780180486021
2020-01-01,0,4,22.6,33.8,148.6,TWI.FD8.res10.NFNW,0.2627340901091,0.28130323385896,0.00717461485181976,-0.205810642513589
2020-01-01,0,4,22.6,33.8,148.6,TWI.FD8.res7.NFNW,0.355503738275215,0.364840178279252,0.121174864426676,-0.0740194249920329
2020-01-01,0,4,22.6,33.8,148.6,TWI.MFD0.5.res1.SSC4,0.283638325316287,0.303994850548522,0.0615854513963278,-0.194085002546248
2020-01-01,0,4,22.6,33.8,148.6,TWI.MFD10.res7.NFNW,0.268724234734008,0.290659508390056,0.0217357343785591,-0.18140960724262
2020-01-01,0,4,22.6,33.8,148.6,TWI.MFD5.res7.NFNW,0.215678460696891,0.246413724510046,-0.0471929816019963,-0.249993495757395
2020-01-11,14,0,110,134.9,199.4,SWI1E+16.res1.SSC5,0.368599755836545,0.586426824212418,0.208170199378926,0.463348967286484
2020-01-11,14,0,110,134.9,199.4,SWI1E+16.res5.NFNW,0.274055832407332,0.557242894292976,0.0442372099695908,0.395991183294057
2020-01-11,14,0,110,134.9,199.4,SWI1E+16.res7.NFNW,0.285383263394976,0.56632895800879,0.0509687989472351,0.413331469001188
2020-01-11,14,0,110,134.9,199.4,SWI1E+4.res1.SSC7,0.285694092601664,0.548824102548666,0.0786368468281784,0.409759343666707
2020-01-11,14,0,110,134.9,199.4,SWI1E+8.res1.SSC5,0.368599755836545,0.586426824212418,0.208170199378926,0.463348967286484
2020-01-11,14,0,110,134.9,199.4,TWI.Braun.res4.NFNW,0.340513660135343,0.555164217692782,0.172337228784183,0.427964495257001
2020-01-11,14,0,110,134.9,199.4,TWI.FD8.res10.NFNW,0.299825273914887,0.576984168698709,0.0576550184966645,0.407444835625747
2020-01-11,14,0,110,134.9,199.4,TWI.FD8.res7.NFNW,0.359049162540111,0.603530200885451,0.1400478403504,0.431941388466875
2020-01-11,14,0,110,134.9,199.4,TWI.MFD0.5.res1.SSC4,0.310869933638695,0.565090913812615,0.117098004962746,0.43789590825537
2020-01-11,14,0,110,134.9,199.4,TWI.MFD10.res7.NFNW,0.338725536883344,0.599109736373987,0.112581794597135,0.425694736077767
2020-01-11,14,0,110,134.9,199.4,TWI.MFD5.res7.NFNW,0.29231043312201,0.567389821730497,0.0682538760145555,0.406226845890327
2020-01-21,0,3,118,140.6,193.6,SWI1E+16.res1.SSC5,0.235745929295234,0.254081170612622,-0.104601454122026,-0.254344716253607
2020-01-21,0,3,118,140.6,193.6,SWI1E+16.res5.NFNW,0.153178406826429,0.187015409842907,-0.220019380527409,-0.31598945695248
2020-01-21,0,3,118,140.6,193.6,SWI1E+16.res7.NFNW,0.176760229324535,0.209439181915601,-0.204826736904817,-0.310395160474438
2020-01-21,0,3,118,140.6,193.6,SWI1E+4.res1.SSC7,0.142260486046119,0.172317590396451,-0.307639323729687,-0.355126051128133
2020-01-21,0,3,118,140.6,193.6,SWI1E+8.res1.SSC5,0.235745929295234,0.254081170612622,-0.104601454122026,-0.254344716253607
2020-01-21,0,3,118,140.6,193.6,TWI.Braun.res4.NFNW,0.157910657008445,0.178356792937151,-0.317556086657625,-0.370318065965732
2020-01-21,0,3,118,140.6,193.6,TWI.FD8.res10.NFNW,0.196822596231621,0.228740284814966,-0.160409487163083,-0.281558911448891
2020-01-21,0,3,118,140.6,193.6,TWI.FD8.res7.NFNW,0.222333891630409,0.248479466563227,-0.107970871906881,-0.241551668643331
2020-01-21,0,3,118,140.6,193.6,TWI.MFD0.5.res1.SSC4,0.188456912352176,0.214639440209631,-0.221155761625024,-0.320586979718785
2020-01-21,0,3,118,140.6,193.6,TWI.MFD10.res7.NFNW,0.202769654411631,0.232919680129818,-0.130205576838185,-0.255712368211676
2020-01-21,0,3,118,140.6,193.6,TWI.MFD5.res7.NFNW,0.140675249946326,0.175164354711791,-0.254604514509812,-0.323234855938486
2020-01-31,0,2,38.4,139.8,173.6,SWI1E+16.res1.SSC5,0.247754685800254,0.347142477451171,-0.072360161036665,-0.203211170836619
2020-01-31,0,2,38.4,139.8,173.6,SWI1E+16.res5.NFNW,0.130513960108412,0.273541865411112,-0.246045079561521,-0.288033225058311
2020-01-31,0,2,38.4,139.8,173.6,SWI1E+16.res7.NFNW,0.124811108056254,0.272240602291657,-0.294065282993352,-0.313848085048161
2020-01-31,0,2,38.4,139.8,173.6,SWI1E+4.res1.SSC7,0.137076295066043,0.280770526331507,-0.277737372616429,-0.309067053069734
2020-01-31,0,2,38.4,139.8,173.6,SWI1E+8.res1.SSC5,0.247754685800254,0.347142477451171,-0.072360161036665,-0.203211170836619
2020-01-31,0,2,38.4,139.8,173.6,TWI.Braun.res4.NFNW,0.194150088552201,0.320799509360929,-0.185817590862733,-0.259439577932977
2020-01-31,0,2,38.4,139.8,173.6,TWI.FD8.res10.NFNW,0.187346276660732,0.296003681042544,-0.170103340112073,-0.274156052516457
2020-01-31,0,2,38.4,139.8,173.6,TWI.FD8.res7.NFNW,0.252530512233649,0.333135798731382,-0.0787021932485545,-0.211800947501295
2020-01-31,0,2,38.4,139.8,173.6,TWI.MFD0.5.res1.SSC4,0.217234409986898,0.321087189708822,-0.145540531585121,-0.263280032971146
2020-01-31,0,2,38.4,139.8,173.6,TWI.MFD10.res7.NFNW,0.157043175815661,0.286087601734991,-0.215399470346181,-0.276719707681905
2020-01-31,0,2,38.4,139.8,173.6,TWI.MFD5.res7.NFNW,0.101413093999426,0.265955010387081,-0.329539865572824,-0.317868806849789
2020-02-10,5.6,0,71.4,116,236.9,SWI1E+16.res1.SSC5,0.235665130646459,0.275106223594004,-0.159623159984219,-0.345176122888257
2020-02-10,5.6,0,71.4,116,236.9,SWI1E+16.res5.NFNW,0.126811500598272,0.20022849649691,-0.293731783948467,-0.407687761114344
2020-02-10,5.6,0,71.4,116,236.9,SWI1E+16.res7.NFNW,0.156995603414923,0.224994982524544,-0.269002347981912,-0.396194840824187
2020-02-10,5.6,0,71.4,116,236.9,SWI1E+4.res1.SSC7,0.148520794530768,0.209905389197427,-0.297200216269387,-0.40525201991554
2020-02-10,5.6,0,71.4,116,236.9,SWI1E+8.res1.SSC5,0.235665130646459,0.275106223594004,-0.159623159984219,-0.345176122888257
2020-02-10,5.6,0,71.4,116,236.9,TWI.Braun.res4.NFNW,0.213022906396678,0.249522255157434,-0.205918628783361,-0.373351373618743
2020-02-10,5.6,0,71.4,116,236.9,TWI.FD8.res10.NFNW,0.160113448269235,0.227579095845438,-0.275115386224327,-0.397662910439238
2020-02-10,5.6,0,71.4,116,236.9,TWI.FD8.res7.NFNW,0.161194561775753,0.223242255578499,-0.280163532513198,-0.389156977757536
2020-02-10,5.6,0,71.4,116,236.9,TWI.MFD0.5.res1.SSC4,0.203469507915783,0.254110339611042,-0.246567898179742,-0.385300152527219
2020-02-10,5.6,0,71.4,116,236.9,TWI.MFD10.res7.NFNW,0.147975654869631,0.216240563083571,-0.282906388332108,-0.391922602657235
2020-02-10,5.6,0,71.4,116,236.9,TWI.MFD5.res7.NFNW,0.107763623353548,0.185714960769629,-0.343045639324217,-0.418060633561366
2020-02-20,0,3,43.8,104.5,245.1,SWI1E+16.res1.SSC5,0.22289555480786,0.306169122099383,-0.150182220192341,-0.331516092872784
2020-02-20,0,3,43.8,104.5,245.1,SWI1E+16.res5.NFNW,0.110325228163849,0.235602791102206,-0.293992828610677,-0.381766287832079
2020-02-20,0,3,43.8,104.5,245.1,SWI1E+16.res7.NFNW,0.119748105978744,0.239993751276346,-0.313548050785945,-0.395749371389519
2020-02-20,0,3,43.8,104.5,245.1,SWI1E+4.res1.SSC7,0.130114299918656,0.247995620711139,-0.298440800353156,-0.399602140133845
2020-02-20,0,3,43.8,104.5,245.1,SWI1E+8.res1.SSC5,0.22289555480786,0.306169122099383,-0.150182220192341,-0.331516092872784
2020-02-20,0,3,43.8,104.5,245.1,TWI.Braun.res4.NFNW,0.197992768914638,0.296799335652257,-0.192674129271699,-0.346981939385518
2020-02-20,0,3,43.8,104.5,245.1,TWI.FD8.res10.NFNW,0.161437919059405,0.255674281202142,-0.235727853759116,-0.376845231261246
2020-02-20,0,3,43.8,104.5,245.1,TWI.FD8.res7.NFNW,0.200760093429274,0.276854525093653,-0.186614773066677,-0.351597199025901
2020-02-20,0,3,43.8,104.5,245.1,TWI.MFD0.5.res1.SSC4,0.189615587561707,0.278749196782606,-0.233943748113451,-0.391904896011231
2020-02-20,0,3,43.8,104.5,245.1,TWI.MFD10.res7.NFNW,0.113047981852999,0.23768352246523,-0.309967259821428,-0.396040502304752
2020-02-20,0,3,43.8,104.5,245.1,TWI.MFD5.res7.NFNW,0.0708909608485529,0.225487687752928,-0.384198770257677,-0.421427380104794
2020-03-01,0,4,6.4,88.3,228.1,SWI1E+16.res1.SSC5,0.227035549619733,0.536342030736707,-0.0461617283024852,0.256778160507225
2020-03-01,0,4,6.4,88.3,228.1,SWI1E+16.res5.NFNW,0.153932560700575,0.519136466075497,-0.0807638564827382,0.195479156626915
2020-03-01,0,4,6.4,88.3,228.1,SWI1E+16.res7.NFNW,0.177821340530635,0.534106591010275,-0.0852569920567578,0.212131620620399
2020-03-01,0,4,6.4,88.3,228.1,SWI1E+4.res1.SSC7,0.152811384729997,0.508376948894656,-0.0906511560686792,0.236153085074649
2020-03-01,0,4,6.4,88.3,228.1,SWI1E+8.res1.SSC5,0.227035549619733,0.536342030736707,-0.0461617283024852,0.256778160507225
2020-03-01,0,4,6.4,88.3,228.1,TWI.Braun.res4.NFNW,0.194170651297644,0.501478121995404,-0.132070860961145,0.262513755696817
2020-03-01,0,4,6.4,88.3,228.1,TWI.FD8.res10.NFNW,0.19742824891712,0.550805411095495,-0.0426847554338528,0.110701731500925
2020-03-01,0,4,6.4,88.3,228.1,TWI.FD8.res7.NFNW,0.206708610705233,0.549527101561018,-0.0398902855565351,0.117107069700659
2020-03-01,0,4,6.4,88.3,228.1,TWI.MFD0.5.res1.SSC4,0.150195832618034,0.5112797290537,-0.178147172890237,0.251593514174141
2020-03-01,0,4,6.4,88.3,228.1,TWI.MFD10.res7.NFNW,0.192114363892694,0.544709365022368,-0.0498608799377184,0.146007275303271
2020-03-01,0,4,6.4,88.3,228.1,TWI.MFD5.res7.NFNW,0.140760464277567,0.513728570129274,-0.0880879048142492,0.204614263289618
2020-03-11,4.3,0,6.4,40.2,150.6,SWI1E+16.res1.SSC5,0.282912093949419,0.670355006285175,-0.0385010932944214,0.563461629743089
2020-03-11,4.3,0,6.4,40.2,150.6,SWI1E+16.res5.NFNW,0.161491493793884,0.625094708479728,-0.135368021011597,0.458002656417051
2020-03-11,4.3,0,6.4,40.2,150.6,SWI1E+16.res7.NFNW,0.198698819211034,0.649003646531813,-0.116978187518202,0.491102878949567
2020-03-11,4.3,0,6.4,40.2,150.6,SWI1E+4.res1.SSC7,0.194838645458268,0.633251873022881,-0.118721666080862,0.496694471984098
2020-03-11,4.3,0,6.4,40.2,150.6,SWI1E+8.res1.SSC5,0.282912093949419,0.670355006285175,-0.0385010932944214,0.563461629743089
2020-03-11,4.3,0,6.4,40.2,150.6,TWI.Braun.res4.NFNW,0.282104555484906,0.628045393049744,-0.0222804307010608,0.532382483122405
2020-03-11,4.3,0,6.4,40.2,150.6,TWI.FD8.res10.NFNW,0.204998816871636,0.68073499975439,-0.117526173792405,0.331457998809283
2020-03-11,4.3,0,6.4,40.2,150.6,TWI.FD8.res7.NFNW,0.239194355520027,0.685479085423435,-0.100823339423648,0.326595543644608
2020-03-11,4.3,0,6.4,40.2,150.6,TWI.MFD0.5.res1.SSC4,0.210888041230074,0.638178832870025,-0.130067872568567,0.539028617378203
2020-03-11,4.3,0,6.4,40.2,150.6,TWI.MFD10.res7.NFNW,0.252368733872755,0.702667122676771,-0.0945239210138571,0.365247348428485
2020-03-11,4.3,0,6.4,40.2,150.6,TWI.MFD5.res7.NFNW,0.214635337289091,0.664909838044116,-0.109430451892046,0.425903442112709
2020-03-21,0.3,0,146.8,152.7,257.2,SWI1E+16.res1.SSC5,0.0367791061168656,0.190595640655166,-0.625413034336889,-0.635227015817067
2020-03-21,0.3,0,146.8,152.7,257.2,SWI1E+16.res5.NFNW,0.184266486091403,0.224869428132677,-0.594714718436656,-0.656148736233341
2020-03-21,0.3,0,146.8,152.7,257.2,SWI1E+16.res7.NFNW,0.112534428124657,0.194538253683082,-0.584969414758019,-0.649159449075283
2020-03-21,0.3,0,146.8,152.7,257.2,SWI1E+4.res1.SSC7,0.165163013050252,0.216925631030095,-0.619856120054555,-0.646379837828795
2020-03-21,0.3,0,146.8,152.7,257.2,SWI1E+8.res1.SSC5,0.0367791061168656,0.190595640655166,-0.625413034336889,-0.635227015817067
2020-03-21,0.3,0,146.8,152.7,257.2,TWI.Braun.res4.NFNW,0.0125834777590927,0.191056908542694,-0.696895649133845,-0.608536810649487
2020-03-21,0.3,0,146.8,152.7,257.2,TWI.FD8.res10.NFNW,0.150013752903488,0.203953112956995,-0.541283675393092,-0.637730921690923
2020-03-21,0.3,0,146.8,152.7,257.2,TWI.FD8.res7.NFNW,0.186825355173504,0.225427549380699,-0.556109029253412,-0.618319973544075
2020-03-21,0.3,0,146.8,152.7,257.2,TWI.MFD0.5.res1.SSC4,0.0772787572333593,0.190050613748158,-0.640217051066586,-0.644568020532678
2020-03-21,0.3,0,146.8,152.7,257.2,TWI.MFD10.res7.NFNW,0.166898804960973,0.213484246701356,-0.557452196339136,-0.619317440789512
2020-03-21,0.3,0,146.8,152.7,257.2,TWI.MFD5.res7.NFNW,0.203006983219574,0.235836597145102,-0.596130311011192,-0.62868288781352
2020-03-31,7.1,0,122.8,182.7,271,SWI1E+16.res1.SSC5,0.0254359267342756,0.109383485176866,-0.457164324598802,-0.518962629776428
2020-03-31,7.1,0,122.8,182.7,271,SWI1E+16.res5.NFNW,0.0840927185968924,0.105306661917996,-0.451497628653759,-0.529570796626471
2020-03-31,7.1,0,122.8,182.7,271,SWI1E+16.res7.NFNW,0.0051071498290284,0.0973016908169089,-0.422836785584258,-0.505822071480822
2020-03-31,7.1,0,122.8,182.7,271,SWI1E+4.res1.SSC7,0.0732311621727144,0.100984956204285,-0.50279367614367,-0.546797665232896
2020-03-31,7.1,0,122.8,182.7,271,SWI1E+8.res1.SSC5,0.0254359267342756,0.109383485176866,-0.457164324598802,-0.518962629776428
2020-03-31,7.1,0,122.8,182.7,271,TWI.Braun.res4.NFNW,0.023027203071042,0.102778410665532,-0.602098956709194,-0.559630636055409
2020-03-31,7.1,0,122.8,182.7,271,TWI.FD8.res10.NFNW,0.0230100293245347,0.0939787258523465,-0.355267245519578,-0.456536700872906
2020-03-31,7.1,0,122.8,182.7,271,TWI.FD8.res7.NFNW,0.0612634645379433,0.09513089194741,-0.377525309915868,-0.456950716616917
2020-03-31,7.1,0,122.8,182.7,271,TWI.MFD0.5.res1.SSC4,0.0232775749842072,0.0925467528857029,-0.497342361553598,-0.553396338737443
2020-03-31,7.1,0,122.8,182.7,271,TWI.MFD10.res7.NFNW,0.0428240038463034,0.0916872542716383,-0.373804013378662,-0.462200871996377
2020-03-31,7.1,0,122.8,182.7,271,TWI.MFD5.res7.NFNW,0.0902880288443637,0.10822105744831,-0.438502823769381,-0.508432612521672
2020-04-10,0,6,48.3,200.8,236.7,SWI1E+16.res1.SSC5,0.225945887695904,0.248126082501822,-0.013108214649839,-0.174566163369854
2020-04-10,0,6,48.3,200.8,236.7,SWI1E+16.res5.NFNW,0.12739597874758,0.159618744341303,-0.0886671933454057,-0.234380001734537
2020-04-10,0,6,48.3,200.8,236.7,SWI1E+16.res7.NFNW,0.178839084330143,0.209627486059709,-0.0699185658124242,-0.220196484602442
2020-04-10,0,6,48.3,200.8,236.7,SWI1E+4.res1.SSC7,0.14723958330515,0.174897878773007,-0.080041520346869,-0.245532858638458
2020-04-10,0,6,48.3,200.8,236.7,SWI1E+8.res1.SSC5,0.225945887695904,0.248126082501822,-0.013108214649839,-0.174566163369854
2020-04-10,0,6,48.3,200.8,236.7,TWI.Braun.res4.NFNW,0.217637268492606,0.233794888901353,-0.0497710721388327,-0.253208534169068
2020-04-10,0,6,48.3,200.8,236.7,TWI.FD8.res10.NFNW,0.178783308674747,0.212326617720228,-0.0323542959530584,-0.126008978835975
2020-04-10,0,6,48.3,200.8,236.7,TWI.FD8.res7.NFNW,0.14380237450785,0.175680134373177,-0.0528698537618668,-0.157458728745024
2020-04-10,0,6,48.3,200.8,236.7,TWI.MFD0.5.res1.SSC4,0.167983187655622,0.198499517506969,-0.0904455913218986,-0.272704251566778
2020-04-10,0,6,48.3,200.8,236.7,TWI.MFD10.res7.NFNW,0.156139337836481,0.189229807173628,-0.0500604026411137,-0.162884547461031
2020-04-10,0,6,48.3,200.8,236.7,TWI.MFD5.res7.NFNW,0.119865765515467,0.153425439019142,-0.0874333245040895,-0.232485236821991
2020-04-20,0,1,39.2,98.8,251.2,SWI1E+16.res1.SSC5,0.283387952389675,0.490589534797128,0.0486625975513074,0.135425559925847
2020-04-20,0,1,39.2,98.8,251.2,SWI1E+16.res5.NFNW,0.19669633716793,0.45118715760172,-0.0199410088220684,0.0592060576560653
2020-04-20,0,1,39.2,98.8,251.2,SWI1E+16.res7.NFNW,0.24610596053167,0.485857067756473,-0.00925612904567924,0.0851676862164705
2020-04-20,0,1,39.2,98.8,251.2,SWI1E+4.res1.SSC7,0.216492405545507,0.453669482053608,0.00218356501060285,0.093995610097127
2020-04-20,0,1,39.2,98.8,251.2,SWI1E+8.res1.SSC5,0.283387952389675,0.490589534797128,0.0486625975513074,0.135425559925847
2020-04-20,0,1,39.2,98.8,251.2,TWI.Braun.res4.NFNW,0.271942227800238,0.464269701579635,0.0439173629451871,0.152342937601346
2020-04-20,0,1,39.2,98.8,251.2,TWI.FD8.res10.NFNW,0.219907520240892,0.474546765938232,0.00342428816325034,0.043936917568253
2020-04-20,0,1,39.2,98.8,251.2,TWI.FD8.res7.NFNW,0.216328954445619,0.465492197240876,-0.000236749881801502,0.0401470834856221
2020-04-20,0,1,39.2,98.8,251.2,TWI.MFD0.5.res1.SSC4,0.204236891837163,0.45533785442565,-0.0369542514637245,0.104717062026014
2020-04-20,0,1,39.2,98.8,251.2,TWI.MFD10.res7.NFNW,0.216700599874769,0.470201394160147,-0.00134191038730267,0.0505335537742612
2020-04-20,0,1,39.2,98.8,251.2,TWI.MFD5.res7.NFNW,0.18616131968992,0.447017981772223,-0.0184987375106892,0.0592533208641626
2020-04-30,0,2,43.1,108.8,284.4,SWI1E+16.res1.SSC5,0.122446197095406,0.702399807929495,-0.144123026573206,0.604601664187541
2020-04-30,0,2,43.1,108.8,284.4,SWI1E+16.res5.NFNW,0.0303899062379367,0.706756388300139,-0.211863158978951,0.549517296201555
2020-04-30,0,2,43.1,108.8,284.4,SWI1E+16.res7.NFNW,0.0746863273228492,0.720815874475249,-0.217501890544029,0.551620978328113
2020-04-30,0,2,43.1,108.8,284.4,SWI1E+4.res1.SSC7,0.0521417547870431,0.697884537804067,-0.191921924517661,0.608327940417914
2020-04-30,0,2,43.1,108.8,284.4,SWI1E+8.res1.SSC5,0.122446197095406,0.702399807929495,-0.144123026573206,0.604601664187541
2020-04-30,0,2,43.1,108.8,284.4,TWI.Braun.res4.NFNW,0.135874969345607,0.685331101590522,-0.153988314550855,0.591027729765888
2020-04-30,0,2,43.1,108.8,284.4,TWI.FD8.res10.NFNW,0.0440270751502962,0.722355412815507,-0.172014236426325,0.178540067505881
2020-04-30,0,2,43.1,108.8,284.4,TWI.FD8.res7.NFNW,0.0454930852659226,0.738215299653139,-0.176854870625051,0.200793824635701
2020-04-30,0,2,43.1,108.8,284.4,TWI.MFD0.5.res1.SSC4,0.0328521162545672,0.681968695721882,-0.267077498652906,0.594479499495148
2020-04-30,0,2,43.1,108.8,284.4,TWI.MFD10.res7.NFNW,0.0414578547885979,0.736805068486842,-0.182620943598926,0.278008702068078
2020-04-30,0,2,43.1,108.8,284.4,TWI.MFD5.res7.NFNW,0.0126148123859092,0.716875274464537,-0.208036113516388,0.510185081155293
2020-05-10,0,2,57.6,124.5,325.3,SWI1E+16.res1.SSC5,0.172537682770338,0.719135203753289,-0.0999714319335442,0.61512120520433
2020-05-10,0,2,57.6,124.5,325.3,SWI1E+16.res5.NFNW,0.0813783961931095,0.725150527280264,-0.169555210979232,0.566141127432732
2020-05-10,0,2,57.6,124.5,325.3,SWI1E+16.res7.NFNW,0.102324089143489,0.727721333573593,-0.189348728996948,0.626084659850475
2020-05-10,0,2,57.6,124.5,325.3,SWI1E+4.res1.SSC7,0.0982224357723476,0.711783370995311,-0.151321394641582,0.611291516275248
2020-05-10,0,2,57.6,124.5,325.3,SWI1E+8.res1.SSC5,0.172537682770338,0.719135203753289,-0.0999714319335442,0.61512120520433
2020-05-10,0,2,57.6,124.5,325.3,TWI.Braun.res4.NFNW,0.205718301052083,0.708918010261392,-0.0749830870748274,0.597462892203431
2020-05-10,0,2,57.6,124.5,325.3,TWI.FD8.res10.NFNW,0.113313386302289,0.756360930411146,-0.128928699248354,0.151375797073919
2020-05-10,0,2,57.6,124.5,325.3,TWI.FD8.res7.NFNW,0.075941365608833,0.747364418272525,-0.142916361387917,0.235218391816755
2020-05-10,0,2,57.6,124.5,325.3,TWI.MFD0.5.res1.SSC4,0.0999193666643154,0.708010389906775,-0.19145836010791,0.614779244721622
2020-05-10,0,2,57.6,124.5,325.3,TWI.MFD10.res7.NFNW,0.0755913030842304,0.748106232674166,-0.149152764465376,0.332013915837563
2020-05-10,0,2,57.6,124.5,325.3,TWI.MFD5.res7.NFNW,0.048924852471332,0.727884198620405,-0.173482380739656,0.547082894811271
2020-05-20,0,3,99.5,162.2,261,SWI1E+16.res1.SSC5,0.126394883040673,0.720486888745092,-0.205900763079218,0.582816568371108
2020-05-20,0,3,99.5,162.2,261,SWI1E+16.res5.NFNW,0.0542545400203246,0.737073462919003,-0.239255499198415,0.534353459146471
2020-05-20,0,3,99.5,162.2,261,SWI1E+16.res7.NFNW,0.0813736090379237,0.742820871320561,-0.26882972504002,0.604426233302263
2020-05-20,0,3,99.5,162.2,261,SWI1E+4.res1.SSC7,0.0574910821191419,0.717070332366578,-0.248178559694225,0.576217957018675
2020-05-20,0,3,99.5,162.2,261,SWI1E+8.res1.SSC5,0.126394883040673,0.720486888745092,-0.205900763079218,0.582816568371108
2020-05-20,0,3,99.5,162.2,261,TWI.Braun.res4.NFNW,0.150144161517199,0.706606491590461,-0.225213274979879,0.545899746916782
2020-05-20,0,3,99.5,162.2,261,TWI.FD8.res10.NFNW,0.0669064126341197,0.754699664139835,-0.185098163444785,0.153455441413616
2020-05-20,0,3,99.5,162.2,261,TWI.FD8.res7.NFNW,0.0355933685424751,0.750251619453351,-0.198636085374899,0.226882779351577
2020-05-20,0,3,99.5,162.2,261,TWI.MFD0.5.res1.SSC4,0.0492462562262881,0.708739731739936,-0.318403600671821,0.561052837232123
2020-05-20,0,3,99.5,162.2,261,TWI.MFD10.res7.NFNW,0.0258690249424316,0.745219073881405,-0.213579270437626,0.364425694938887
2020-05-20,0,3,99.5,162.2,261,TWI.MFD5.res7.NFNW,0.00185606509294152,0.726441323955167,-0.255429261932927,0.559310658905643
2020-05-30,0,2,126.3,191.6,300.4,SWI1E+16.res1.SSC5,0.250512775173599,0.753759403691981,-0.0427915116019995,0.538548123710172
2020-05-30,0,2,126.3,191.6,300.4,SWI1E+16.res5.NFNW,0.137208313442581,0.747327413232958,-0.132390510058499,0.428547798026828
2020-05-30,0,2,126.3,191.6,300.4,SWI1E+16.res7.NFNW,0.136569348787616,0.735780914100267,-0.160682915174248,0.596278020912227
2020-05-30,0,2,126.3,191.6,300.4,SWI1E+4.res1.SSC7,0.170130995497727,0.742257683106878,-0.0985451404803052,0.555095536423272
2020-05-30,0,2,126.3,191.6,300.4,SWI1E+8.res1.SSC5,0.250512775173599,0.753759403691981,-0.0427915116019995,0.538548123710172
2020-05-30,0,2,126.3,191.6,300.4,TWI.Braun.res4.NFNW,0.305674623930341,0.755163458378412,0.0145726184517306,0.639295720301622
2020-05-30,0,2,126.3,191.6,300.4,TWI.FD8.res10.NFNW,0.144247142726991,0.763989745595081,-0.104829091136413,0.139865790292336
2020-05-30,0,2,126.3,191.6,300.4,TWI.FD8.res7.NFNW,0.0986924030970539,0.748850440551497,-0.122114872109535,0.230071186690825
2020-05-30,0,2,126.3,191.6,300.4,TWI.MFD0.5.res1.SSC4,0.188649684662797,0.748634198922139,-0.120314997739614,0.61913876034202
2020-05-30,0,2,126.3,191.6,300.4,TWI.MFD10.res7.NFNW,0.0978028094900259,0.749246353764667,-0.128514675279329,0.324718789178313
2020-05-30,0,2,126.3,191.6,300.4,TWI.MFD5.res7.NFNW,0.0943774507803274,0.743741370999572,-0.142364497691702,0.466269586115618
2020-06-09,0,1,86.7,182.4,306.9,SWI1E+16.res1.SSC5,0.531697433137051,0.712571661562262,0.274212263321826,0.386071963100196
2020-06-09,0,1,86.7,182.4,306.9,SWI1E+16.res5.NFNW,0.400222502462171,0.653201704025508,0.172276349766332,0.324273645794804
2020-06-09,0,1,86.7,182.4,306.9,SWI1E+16.res7.NFNW,0.391087371982052,0.632415815522114,0.165714506292825,0.387215348538987
2020-06-09,0,1,86.7,182.4,306.9,SWI1E+4.res1.SSC7,0.465347359105386,0.689663942021915,0.219281531792877,0.385792775715661
2020-06-09,0,1,86.7,182.4,306.9,SWI1E+8.res1.SSC5,0.531697433137051,0.712571661562262,0.274212263321826,0.386071963100196
2020-06-09,0,1,86.7,182.4,306.9,TWI.Braun.res4.NFNW,0.593927837966139,0.739061295810357,0.350392354936485,0.5147020703585
2020-06-09,0,1,86.7,182.4,306.9,TWI.FD8.res10.NFNW,0.363040138932948,0.62774144532632,0.165957935024579,0.265028071372785
2020-06-09,0,1,86.7,182.4,306.9,TWI.FD8.res7.NFNW,0.347991320822783,0.629331430785013,0.157538580102572,0.282376595768023
2020-06-09,0,1,86.7,182.4,306.9,TWI.MFD0.5.res1.SSC4,0.509050415506048,0.726955469903779,0.236135074786055,0.412261005155189
2020-06-09,0,1,86.7,182.4,306.9,TWI.MFD10.res7.NFNW,0.367360833443649,0.650370409520575,0.1599445563703,0.308017570548558
2020-06-09,0,1,86.7,182.4,306.9,TWI.MFD5.res7.NFNW,0.395439891167037,0.676059675645886,0.163512465492216,0.340506940518691
2020-06-19,0,3,61.2,129.4,291.6,SWI1E+16.res1.SSC5,0.73771622260751,0.787374628442873,0.589963830460924,0.572391402881522
2020-06-19,0,3,61.2,129.4,291.6,SWI1E+16.res5.NFNW,0.638580821652898,0.734355580539094,0.47587580221519,0.493854792263718
2020-06-19,0,3,61.2,129.4,291.6,SWI1E+16.res7.NFNW,0.61623296421889,0.702522420457777,0.471880202534032,0.49653061165785
2020-06-19,0,3,61.2,129.4,291.6,SWI1E+4.res1.SSC7,0.701470924471394,0.781418069394976,0.530945024756542,0.55677675104365
2020-06-19,0,3,61.2,129.4,291.6,SWI1E+8.res1.SSC5,0.73771622260751,0.787374628442873,0.589963830460924,0.572391402881522
2020-06-19,0,3,61.2,129.4,291.6,TWI.Braun.res4.NFNW,0.834281566661721,0.865576952690607,0.719617932579456,0.71313161528475
2020-06-19,0,3,61.2,129.4,291.6,TWI.FD8.res10.NFNW,0.589687485663812,0.687669530633792,0.441942513948269,0.471363513765389
2020-06-19,0,3,61.2,129.4,291.6,TWI.FD8.res7.NFNW,0.576245380234986,0.685829464102608,0.430252798542034,0.480240080887411
2020-06-19,0,3,61.2,129.4,291.6,TWI.MFD0.5.res1.SSC4,0.747902131401716,0.818673146734423,0.596203063428233,0.595325921224617
2020-06-19,0,3,61.2,129.4,291.6,TWI.MFD10.res7.NFNW,0.602195162249665,0.715011645105328,0.442358701380126,0.504073313960767
2020-06-19,0,3,61.2,129.4,291.6,TWI.MFD5.res7.NFNW,0.65668314839129,0.774522844381043,0.472648798092493,0.535614851511907
2020-06-29,0,6,24.7,62,253.6,SWI1E+16.res1.SSC5,0.735090050720284,0.738442195653137,0.645930439876229,0.558678346605765
2020-06-29,0,6,24.7,62,253.6,SWI1E+16.res5.NFNW,0.703918355997662,0.704462924986046,0.531884270014759,0.448544290081671
2020-06-29,0,6,24.7,62,253.6,SWI1E+16.res7.NFNW,0.676955497005059,0.67783198532761,0.5204970894546,0.421985092652933
2020-06-29,0,6,24.7,62,253.6,SWI1E+4.res1.SSC7,0.724158484873611,0.726206527313471,0.590945278524361,0.502868673760804
2020-06-29,0,6,24.7,62,253.6,SWI1E+8.res1.SSC5,0.735090050720284,0.738442195653137,0.645930439876229,0.558678346605765
2020-06-29,0,6,24.7,62,253.6,TWI.Braun.res4.NFNW,0.751677766608985,0.758816367198551,0.662256129576377,0.585489259095459
2020-06-29,0,6,24.7,62,253.6,TWI.FD8.res10.NFNW,0.673973697397072,0.674196664977029,0.514564194529517,0.423050592615875
2020-06-29,0,6,24.7,62,253.6,TWI.FD8.res7.NFNW,0.746473499501989,0.74656062736922,0.61115930921154,0.551934474549944
2020-06-29,0,6,24.7,62,253.6,TWI.MFD0.5.res1.SSC4,0.744963097351779,0.746028295870959,0.66066647112042,0.568298000731651
2020-06-29,0,6,24.7,62,253.6,TWI.MFD10.res7.NFNW,0.683490381257107,0.684528384503514,0.526713628415287,0.429329210973597
2020-06-29,0,6,24.7,62,253.6,TWI.MFD5.res7.NFNW,0.704185974623963,0.705439169732259,0.549700402380949,0.454357098123443
2020-07-09,13,0,48.5,86.2,268.6,SWI1E+16.res1.SSC5,0.805404005687711,0.808667800142575,0.775329004030403,0.760690540829321
2020-07-09,13,0,48.5,86.2,268.6,SWI1E+16.res5.NFNW,0.758229704698504,0.758349733322652,0.708537502349981,0.652102938665628
2020-07-09,13,0,48.5,86.2,268.6,SWI1E+16.res7.NFNW,0.747463567340448,0.748673205174877,0.69543971162769,0.638218095006472
2020-07-09,13,0,48.5,86.2,268.6,SWI1E+4.res1.SSC7,0.78960908445506,0.790696192286928,0.754705313981734,0.714317813855034
2020-07-09,13,0,48.5,86.2,268.6,SWI1E+8.res1.SSC5,0.805404005687711,0.808667800142575,0.775329004030403,0.760690540829321
2020-07-09,13,0,48.5,86.2,268.6,TWI.Braun.res4.NFNW,0.788493580944745,0.795383099311614,0.756756079623461,0.741684577591155
2020-07-09,13,0,48.5,86.2,268.6,TWI.FD8.res10.NFNW,0.785153084653941,0.785165116617388,0.744532760542318,0.695517172303972
2020-07-09,13,0,48.5,86.2,268.6,TWI.FD8.res7.NFNW,0.77867307486035,0.78056513961699,0.745743757724665,0.710799684645235
2020-07-09,13,0,48.5,86.2,268.6,TWI.MFD0.5.res1.SSC4,0.792700940927144,0.794081882239415,0.761353048553823,0.739091394221164
2020-07-09,13,0,48.5,86.2,268.6,TWI.MFD10.res7.NFNW,0.773987659416042,0.774150339932807,0.733185660672103,0.663440823413751
2020-07-09,13,0,48.5,86.2,268.6,TWI.MFD5.res7.NFNW,0.770220471698408,0.770533592153474,0.727118995193166,0.651563742995931
2020-07-19,0,10,50.1,62.3,191.7,SWI1E+16.res1.SSC5,0.545195910332193,0.56823770984459,0.342244057853453,0.304259948780221
2020-07-19,0,10,50.1,62.3,191.7,SWI1E+16.res5.NFNW,0.59150051727276,0.60012809227367,0.468005676450332,0.409780979470616
2020-07-19,0,10,50.1,62.3,191.7,SWI1E+16.res7.NFNW,0.602390360253109,0.613993660363108,0.493945318745649,0.440609365313929
2020-07-19,0,10,50.1,62.3,191.7,SWI1E+4.res1.SSC7,0.551417297180156,0.568023468654741,0.364999490769939,0.315049804898881
2020-07-19,0,10,50.1,62.3,191.7,SWI1E+8.res1.SSC5,0.545195910332193,0.56823770984459,0.342244057853453,0.304259948780221
2020-07-19,0,10,50.1,62.3,191.7,TWI.Braun.res4.NFNW,0.476764349984872,0.512806783716346,0.163809914489549,0.126447192128121
2020-07-19,0,10,50.1,62.3,191.7,TWI.FD8.res10.NFNW,0.614904155483487,0.621047673151776,0.492558471401547,0.432970028087256
2020-07-19,0,10,50.1,62.3,191.7,TWI.FD8.res7.NFNW,0.654477882057402,0.655362996651114,0.557205990125872,0.509442536799206
2020-07-19,0,10,50.1,62.3,191.7,TWI.MFD0.5.res1.SSC4,0.522602366534125,0.542735961518788,0.264860153979848,0.220687426081945
2020-07-19,0,10,50.1,62.3,191.7,TWI.MFD10.res7.NFNW,0.600682029984857,0.609593270111977,0.481209945730913,0.418318765467374
2020-07-19,0,10,50.1,62.3,191.7,TWI.MFD5.res7.NFNW,0.565097112431573,0.577013868757184,0.406228812032168,0.341833298246765
2020-07-29,25.4,0,7.4,94.3,156.3,SWI1E+16.res1.SSC5,0.561430579509958,0.56216675990746,0.462901537815132,0.396301990141544
2020-07-29,25.4,0,7.4,94.3,156.3,SWI1E+16.res5.NFNW,0.547848928284786,0.548146225809207,0.454400125701636,0.386471347901656
2020-07-29,25.4,0,7.4,94.3,156.3,SWI1E+16.res7.NFNW,0.565739653756967,0.565746321049539,0.484083018705859,0.421016587947472
2020-07-29,25.4,0,7.4,94.3,156.3,SWI1E+4.res1.SSC7,0.545022563520262,0.545082082181342,0.443912001059406,0.36999309725406
2020-07-29,25.4,0,7.4,94.3,156.3,SWI1E+8.res1.SSC5,0.561430579509958,0.56216675990746,0.462901537815132,0.396301990141544
2020-07-29,25.4,0,7.4,94.3,156.3,TWI.Braun.res4.NFNW,0.446005374280619,0.450744675201072,0.223911115509043,0.100128375697499
2020-07-29,25.4,0,7.4,94.3,156.3,TWI.FD8.res10.NFNW,0.604859566400796,0.60629361708552,0.517569077493825,0.460540147654499
2020-07-29,25.4,0,7.4,94.3,156.3,TWI.FD8.res7.NFNW,0.597870599864169,0.603235388362839,0.519412170322973,0.473173432388322
2020-07-29,25.4,0,7.4,94.3,156.3,TWI.MFD0.5.res1.SSC4,0.483034108605673,0.483698276597233,0.306374985576181,0.201309387526043
2020-07-29,25.4,0,7.4,94.3,156.3,TWI.MFD10.res7.NFNW,0.572323993715171,0.572661732422493,0.484555526225601,0.410681855699993
2020-07-29,25.4,0,7.4,94.3,156.3,TWI.MFD5.res7.NFNW,0.516327598126547,0.516330340462915,0.39697793512461,0.298873188273382
2020-08-08,0,1,56,75.1,148.3,SWI1E+16.res1.SSC5,0.555275856579062,0.578518285733129,0.506346314342113,0.47667347046657
2020-08-08,0,1,56,75.1,148.3,SWI1E+16.res5.NFNW,0.552805617486419,0.594934250913709,0.489295511448612,0.518738139362036
2020-08-08,0,1,56,75.1,148.3,SWI1E+16.res7.NFNW,0.574351654072696,0.609952780543703,0.519365605035241,0.541326964012388
2020-08-08,0,1,56,75.1,148.3,SWI1E+4.res1.SSC7,0.578012429824745,0.60975571029426,0.530418128038573,0.5369910533832
2020-08-08,0,1,56,75.1,148.3,SWI1E+8.res1.SSC5,0.555275856579062,0.578518285733129,0.506346314342113,0.47667347046657
2020-08-08,0,1,56,75.1,148.3,TWI.Braun.res4.NFNW,0.550822296378475,0.567605790707036,0.497852350080655,0.449007834884536
2020-08-08,0,1,56,75.1,148.3,TWI.FD8.res10.NFNW,0.591880604240684,0.638232017800247,0.531379489679446,0.565872744830222
2020-08-08,0,1,56,75.1,148.3,TWI.FD8.res7.NFNW,0.533462003484909,0.59559879418609,0.465557492476963,0.505223886093405
2020-08-08,0,1,56,75.1,148.3,TWI.MFD0.5.res1.SSC4,0.535561956161285,0.564711781431909,0.476538440199346,0.457270689221923
2020-08-08,0,1,56,75.1,148.3,TWI.MFD10.res7.NFNW,0.538711508578482,0.579084956507678,0.475651768031381,0.485087440368971
2020-08-08,0,1,56,75.1,148.3,TWI.MFD5.res7.NFNW,0.529344170788492,0.56756593975696,0.469321433910283,0.471029695626728
2020-08-18,0,7,28.8,75.1,137.4,SWI1E+16.res1.SSC5,0.579547694139439,0.589669507670128,0.527437623327992,0.510605999370631
2020-08-18,0,7,28.8,75.1,137.4,SWI1E+16.res5.NFNW,0.676775872785828,0.690854176656321,0.645428012181652,0.638185202063103
2020-08-18,0,7,28.8,75.1,137.4,SWI1E+16.res7.NFNW,0.698001458394054,0.707410903444729,0.674666062164365,0.658569615364202
2020-08-18,0,7,28.8,75.1,137.4,SWI1E+4.res1.SSC7,0.673601444844786,0.68593179924249,0.639734729950903,0.632943426817361
2020-08-18,0,7,28.8,75.1,137.4,SWI1E+8.res1.SSC5,0.585799770623416,0.595777235565467,0.535267592612984,0.519156500296627
2020-08-18,0,7,28.8,75.1,137.4,TWI.Braun.res4.NFNW,0.615333155205328,0.620960142281696,0.572206377491571,0.553632783305295
2020-08-18,0,7,28.8,75.1,137.4,TWI.FD8.res10.NFNW,0.708833205862407,0.720221827706186,0.683884288657319,0.673507872065026
2020-08-18,0,7,28.8,75.1,137.4,TWI.FD8.res7.NFNW,0.585869425458128,0.622144698092299,0.533339392720892,0.55120710521814
2020-08-18,0,7,28.8,75.1,137.4,TWI.MFD0.5.res1.SSC4,0.623167384556639,0.635535544256562,0.580217158094047,0.572064563251125
2020-08-18,0,7,28.8,75.1,137.4,TWI.MFD10.res7.NFNW,0.614180336212012,0.632317325214613,0.568426245048197,0.552012542099219
2020-08-18,0,7,28.8,75.1,137.4,TWI.MFD5.res7.NFNW,0.633910127588305,0.649213847270529,0.595098689731963,0.573513338461203
2020-08-28,0,1,0.3,68,136.9,SWI1E+16.res1.SSC5,0.471347252147408,0.471350237829416,0.347211082231732,0.305335521006142
2020-08-28,0,1,0.3,68,136.9,SWI1E+16.res5.NFNW,0.568858099515688,0.569446085431423,0.43470974190033,0.37261577185541
2020-08-28,0,1,0.3,68,136.9,SWI1E+16.res7.NFNW,0.590402464286593,0.590444452717748,0.480941494545282,0.40854325188854
2020-08-28,0,1,0.3,68,136.9,SWI1E+4.res1.SSC7,0.580585683869677,0.580958491107674,0.450855022141847,0.399434907163633
2020-08-28,0,1,0.3,68,136.9,SWI1E+8.res1.SSC5,0.479686362892497,0.479688051180916,0.358618249371934,0.317618858731976
2020-08-28,0,1,0.3,68,136.9,TWI.Braun.res4.NFNW,0.524402517516315,0.524741054750038,0.416308454887617,0.381007348235695
2020-08-28,0,1,0.3,68,136.9,TWI.FD8.res10.NFNW,0.581614040359016,0.581794964386475,0.486304055415327,0.430862178953642
2020-08-28,0,1,0.3,68,136.9,TWI.FD8.res7.NFNW,0.472346274390585,0.478265802139133,0.315505427245516,0.285913223730693
2020-08-28,0,1,0.3,68,136.9,TWI.MFD0.5.res1.SSC4,0.52901160653042,0.529229013995231,0.425038418845968,0.379242759636404
2020-08-28,0,1,0.3,68,136.9,TWI.MFD10.res7.NFNW,0.46418505203424,0.464759967851481,0.303598003437024,0.239317187822332
2020-08-28,0,1,0.3,68,136.9,TWI.MFD5.res7.NFNW,0.506598469134856,0.507051050248886,0.362999959684121,0.292596746937371
2020-09-07,0,5,31.1,44.1,119.2,SWI1E+16.res1.SSC5,0.541066251497355,0.5753895114023,0.477304592191212,0.445830954849851
2020-09-07,0,5,31.1,44.1,119.2,SWI1E+16.res5.NFNW,0.580114312919518,0.618426099458286,0.541729798004074,0.519630933728167
2020-09-07,0,5,31.1,44.1,119.2,SWI1E+16.res7.NFNW,0.598177021324009,0.6286269459113,0.564970387822702,0.532580982872255
2020-09-07,0,5,31.1,44.1,119.2,SWI1E+4.res1.SSC7,0.597791473100553,0.633506660293005,0.559603924244481,0.540143875444528
2020-09-07,0,5,31.1,44.1,119.2,SWI1E+8.res1.SSC5,0.544815229472746,0.5787214031565,0.482108337098627,0.45114243610691
2020-09-07,0,5,31.1,44.1,119.2,TWI.Braun.res4.NFNW,0.570364932340621,0.595418947368987,0.524758487791027,0.489488227289161
2020-09-07,0,5,31.1,44.1,119.2,TWI.FD8.res10.NFNW,0.577946362173785,0.611382827861907,0.511874672821786,0.475269796275134
2020-09-07,0,5,31.1,44.1,119.2,TWI.FD8.res7.NFNW,0.518078335819176,0.590672646148014,0.450822884816614,0.46347097871835
2020-09-07,0,5,31.1,44.1,119.2,TWI.MFD0.5.res1.SSC4,0.562624353093965,0.599632432707059,0.511108736899456,0.489452487215977
2020-09-07,0,5,31.1,44.1,119.2,TWI.MFD10.res7.NFNW,0.535392397068091,0.581520542230216,0.478724818800739,0.447785562272369
2020-09-07,0,5,31.1,44.1,119.2,TWI.MFD5.res7.NFNW,0.547910592671481,0.589191014920344,0.502160035982024,0.463863701711236
2020-09-17,0,7,4.9,35.7,110.8,SWI1E+16.res1.SSC5,0.337653094373975,0.339050591651071,0.204133940395189,0.136428074639771
2020-09-17,0,7,4.9,35.7,110.8,SWI1E+16.res5.NFNW,0.355010271348403,0.355633437926189,0.223817665654522,0.14495778181517
2020-09-17,0,7,4.9,35.7,110.8,SWI1E+16.res7.NFNW,0.384314296666353,0.385497836243802,0.267683894103328,0.187397603035328
2020-09-17,0,7,4.9,35.7,110.8,SWI1E+4.res1.SSC7,0.38847458751072,0.388964283114879,0.261804773565778,0.191669779863816
2020-09-17,0,7,4.9,35.7,110.8,SWI1E+8.res1.SSC5,0.340084488258228,0.341498355421172,0.207751626123784,0.140737917006612
2020-09-17,0,7,4.9,35.7,110.8,TWI.Braun.res4.NFNW,0.371089399740249,0.373616310913845,0.253379373940241,0.194940212148197
2020-09-17,0,7,4.9,35.7,110.8,TWI.FD8.res10.NFNW,0.355115838380103,0.356320488500481,0.219512489222608,0.142842712749641
2020-09-17,0,7,4.9,35.7,110.8,TWI.FD8.res7.NFNW,0.341668809252106,0.342517415133259,0.184073723148994,0.119102273177082
2020-09-17,0,7,4.9,35.7,110.8,TWI.MFD0.5.res1.SSC4,0.369891185994787,0.370454013371699,0.253843320504702,0.186296650952352
2020-09-17,0,7,4.9,35.7,110.8,TWI.MFD10.res7.NFNW,0.31123061856155,0.311759865053855,0.142939841355969,0.0582486250141263
2020-09-17,0,7,4.9,35.7,110.8,TWI.MFD5.res7.NFNW,0.330763413049514,0.331426110476659,0.182790934440633,0.0951941718060082
2020-09-27,18.8,0,8.9,63.1,131.1,SWI1E+16.res1.SSC5,0.147570675085963,0.149912411226199,-0.150050943688262,-0.22746450301162
2020-09-27,18.8,0,8.9,63.1,131.1,SWI1E+16.res5.NFNW,0.155831335137738,0.157386168635838,-0.131398879177083,-0.201926070227174
2020-09-27,18.8,0,8.9,63.1,131.1,SWI1E+16.res7.NFNW,0.202599978346312,0.203678503256116,-0.0497198650948008,-0.136741383942697
2020-09-27,18.8,0,8.9,63.1,131.1,SWI1E+4.res1.SSC7,0.192148223241208,0.192948553802566,-0.0632022140529313,-0.146815633414256
2020-09-27,18.8,0,8.9,63.1,131.1,SWI1E+8.res1.SSC5,0.148742747227993,0.151084574054169,-0.148362149726839,-0.225882426206028
2020-09-27,18.8,0,8.9,63.1,131.1,TWI.Braun.res4.NFNW,0.190201190680252,0.192326011439193,-0.0679779254738468,-0.156450203399857
2020-09-27,18.8,0,8.9,63.1,131.1,TWI.FD8.res10.NFNW,0.149255549579881,0.15162825285477,-0.193145397865389,-0.260902820011675
2020-09-27,18.8,0,8.9,63.1,131.1,TWI.FD8.res7.NFNW,0.147559286004183,0.14760195966225,-0.152701179040114,-0.223663719797984
2020-09-27,18.8,0,8.9,63.1,131.1,TWI.MFD0.5.res1.SSC4,0.174270414657971,0.175369061742394,-0.103046903420249,-0.185909161633243
2020-09-27,18.8,0,8.9,63.1,131.1,TWI.MFD10.res7.NFNW,0.105846619976859,0.109458207461362,-0.240343198097388,-0.279656926424348
2020-09-27,18.8,0,8.9,63.1,131.1,TWI.MFD5.res7.NFNW,0.131127209281352,0.133476034066407,-0.178090157108923,-0.235081213232194
2020-10-07,0,9,27.5,32.6,76.7,SWI1E+16.res1.SSC5,0.209454510051396,0.214328591426564,-0.141985000536381,-0.172640741931619
2020-10-07,0,9,27.5,32.6,76.7,SWI1E+16.res5.NFNW,0.18525926634938,0.190915445135315,-0.246122399267774,-0.301433086573636
2020-10-07,0,9,27.5,32.6,76.7,SWI1E+16.res7.NFNW,0.203856136530682,0.209940072551242,-0.153778355290774,-0.205134563597027
2020-10-07,0,9,27.5,32.6,76.7,SWI1E+4.res1.SSC7,0.229096204256553,0.232666079212087,-0.11201927607523,-0.15454500500176
2020-10-07,0,9,27.5,32.6,76.7,SWI1E+8.res1.SSC5,0.206943697999452,0.212057793840538,-0.147462549906355,-0.178463414279344
2020-10-07,0,9,27.5,32.6,76.7,TWI.Braun.res4.NFNW,0.235185285106663,0.240974611102379,-0.0704293597754639,-0.107412093480191
2020-10-07,0,9,27.5,32.6,76.7,TWI.FD8.res10.NFNW,0.151328564265393,0.161315049809333,-0.281643974676469,-0.322042966025084
2020-10-07,0,9,27.5,32.6,76.7,TWI.FD8.res7.NFNW,0.21682389909305,0.217095326260542,-0.18965610770735,-0.211273591052679
2020-10-07,0,9,27.5,32.6,76.7,TWI.MFD0.5.res1.SSC4,0.214620192267645,0.218654642299052,-0.128025381796407,-0.164665515758008
2020-10-07,0,9,27.5,32.6,76.7,TWI.MFD10.res7.NFNW,0.19561415582007,0.199147917779847,-0.2710286570232,-0.308991786209956
2020-10-07,0,9,27.5,32.6,76.7,TWI.MFD5.res7.NFNW,0.191886948673904,0.196481977478812,-0.251338674484384,-0.299685463837143
2020-10-17,0,19,0,28,63.7,SWI1E+16.res1.SSC5,0.199248674350717,0.461098570198636,-0.128382661253618,0.181896359584275
2020-10-17,0,19,0,28,63.7,SWI1E+16.res5.NFNW,0.144491038152526,0.445733292581921,-0.305143282512909,0.14107527517804
2020-10-17,0,19,0,28,63.7,SWI1E+16.res7.NFNW,0.119274689148875,0.443956395291971,-0.418694733978039,0.12790386728938
2020-10-17,0,19,0,28,63.7,SWI1E+4.res1.SSC7,0.159016107747792,0.449497443739719,-0.241540445827065,0.150286541585444
2020-10-17,0,19,0,28,63.7,SWI1E+8.res1.SSC5,0.200438611057546,0.461731482262036,-0.126677876087384,0.182298693694105
2020-10-17,0,19,0,28,63.7,TWI.Braun.res4.NFNW,0.161788253400888,0.455586982704389,-0.221539390423497,0.183419075853084
2020-10-17,0,19,0,28,63.7,TWI.FD8.res10.NFNW,0.165349682247479,0.449519783418137,-0.275656759464348,0.107408920166927
2020-10-17,0,19,0,28,63.7,TWI.FD8.res7.NFNW,0.296673986653788,0.470669843001958,0.0216923932471455,0.176970405837307
2020-10-17,0,19,0,28,63.7,TWI.MFD0.5.res1.SSC4,0.234104577877993,0.468376711460558,-0.0784634054595086,0.182208915634579
2020-10-17,0,19,0,28,63.7,TWI.MFD10.res7.NFNW,0.167655723864714,0.446890012051114,-0.233443500943566,0.113099095391951
2020-10-17,0,19,0,28,63.7,TWI.MFD5.res7.NFNW,0.136669288943945,0.443785529140788,-0.349512532622856,0.109096586751755
2020-10-27,25.7,0,63.7,108.5,152.8,SWI1E+16.res1.SSC5,0.439267431194883,0.439309337575391,0.228665011169654,0.185344379260357
2020-10-27,25.7,0,63.7,108.5,152.8,SWI1E+16.res5.NFNW,0.451106470815265,0.451304063133516,0.287740507507509,0.231206219995811
2020-10-27,25.7,0,63.7,108.5,152.8,SWI1E+16.res7.NFNW,0.466038908488676,0.466091143916026,0.316859600761847,0.263988586667473
2020-10-27,25.7,0,63.7,108.5,152.8,SWI1E+4.res1.SSC7,0.456827357670584,0.456856714961239,0.279978068894337,0.227976961623706
2020-10-27,25.7,0,63.7,108.5,152.8,SWI1E+8.res1.SSC5,0.443701114762909,0.443746617415169,0.236474186668323,0.193894827981461
2020-10-27,25.7,0,63.7,108.5,152.8,TWI.Braun.res4.NFNW,0.389815591664442,0.391073959252602,0.146680595559929,0.0913080247742954
2020-10-27,25.7,0,63.7,108.5,152.8,TWI.FD8.res10.NFNW,0.529750674376121,0.530214729082562,0.398663210305997,0.352451983857238
2020-10-27,25.7,0,63.7,108.5,152.8,TWI.FD8.res7.NFNW,0.459875379320956,0.467057453247497,0.27152620749425,0.213611460323217
2020-10-27,25.7,0,63.7,108.5,152.8,TWI.MFD0.5.res1.SSC4,0.407140213992633,0.407142083114823,0.186365263784697,0.139826265313681
2020-10-27,25.7,0,63.7,108.5,152.8,TWI.MFD10.res7.NFNW,0.474054497266828,0.475284488850591,0.301605876309898,0.235554874340672
2020-10-27,25.7,0,63.7,108.5,152.8,TWI.MFD5.res7.NFNW,0.428553581271263,0.428903565612497,0.2150617165914,0.143369215858962
2020-11-06,0,8,161.1,172.7,205.3,SWI1E+16.res1.SSC5,0.572251565984122,0.603076964466599,0.495486988672248,0.223478512742544
2020-11-06,0,8,161.1,172.7,205.3,SWI1E+16.res5.NFNW,0.56891615732872,0.592970135801704,0.470867817455387,0.136354719691489
2020-11-06,0,8,161.1,172.7,205.3,SWI1E+16.res7.NFNW,0.540160752189724,0.570265231584452,0.434533366297581,0.100379158671056
2020-11-06,0,8,161.1,172.7,205.3,SWI1E+4.res1.SSC7,0.567672677112308,0.595265166329399,0.480473625144404,0.162270685699229
2020-11-06,0,8,161.1,172.7,205.3,SWI1E+8.res1.SSC5,0.579399376760413,0.609871071021127,0.503446594374286,0.234029316144498
2020-11-06,0,8,161.1,172.7,205.3,TWI.Braun.res4.NFNW,0.563880313355191,0.602977151899708,0.489998092790508,0.229656616753482
2020-11-06,0,8,161.1,172.7,205.3,TWI.FD8.res10.NFNW,0.643675030793807,0.662212604731573,0.555024139776297,0.235066444440566
2020-11-06,0,8,161.1,172.7,205.3,TWI.FD8.res7.NFNW,0.601519031340619,0.60805808502804,0.498584508472435,0.189061484528132
2020-11-06,0,8,161.1,172.7,205.3,TWI.MFD0.5.res1.SSC4,0.578588119098187,0.604595604058597,0.505568895434704,0.202642625184139
2020-11-06,0,8,161.1,172.7,205.3,TWI.MFD10.res7.NFNW,0.536506539539674,0.559153887568114,0.42228247673558,0.0770248417701382
2020-11-06,0,8,161.1,172.7,205.3,TWI.MFD5.res7.NFNW,0.513518212103208,0.540496387214454,0.40024421845661,0.0466916491987554
2020-11-16,0,2,14.5,187.2,215.2,SWI1E+16.res1.SSC5,0.490301707534258,0.514914682080381,0.353312196502906,0.039157604082958
2020-11-16,0,2,14.5,187.2,215.2,SWI1E+16.res5.NFNW,0.449090269269503,0.472158621355032,0.282072154621643,-0.0737479252421286
2020-11-16,0,2,14.5,187.2,215.2,SWI1E+16.res7.NFNW,0.420494551785364,0.449644046265651,0.238095781566966,-0.112155682512467
2020-11-16,0,2,14.5,187.2,215.2,SWI1E+4.res1.SSC7,0.453643907709603,0.479093687250109,0.299921013209293,-0.0508256975071718
2020-11-16,0,2,14.5,187.2,215.2,SWI1E+8.res1.SSC5,0.495340460870655,0.519777668358824,0.35937442274482,0.0468445838437724
2020-11-16,0,2,14.5,187.2,215.2,TWI.Braun.res4.NFNW,0.485943157168158,0.517133931923891,0.357096787551616,0.0458039532983223
2020-11-16,0,2,14.5,187.2,215.2,TWI.FD8.res10.NFNW,0.507245718938523,0.525366337623559,0.347103126451816,-0.0107647996247626
2020-11-16,0,2,14.5,187.2,215.2,TWI.FD8.res7.NFNW,0.515810563035471,0.52053767187599,0.348025494385549,0.0202600477269022
2020-11-16,0,2,14.5,187.2,215.2,TWI.MFD0.5.res1.SSC4,0.489874237601509,0.511066497835251,0.357832706163783,0.0158524626412381
2020-11-16,0,2,14.5,187.2,215.2,TWI.MFD10.res7.NFNW,0.434063762529257,0.454747538449271,0.249427234105167,-0.103467503724902
2020-11-16,0,2,14.5,187.2,215.2,TWI.MFD5.res7.NFNW,0.402488461802564,0.428730921887192,0.215073049897068,-0.146306313589876
2020-11-26,0,1,49.1,161.9,244.7,SWI1E+16.res1.SSC5,0.261702166082157,0.488320740105402,-0.0898432807431413,-0.238596364330468
2020-11-26,0,1,49.1,161.9,244.7,SWI1E+16.res5.NFNW,0.211879030057587,0.470955179312592,-0.198011546433488,-0.308508707427757
2020-11-26,0,1,49.1,161.9,244.7,SWI1E+16.res7.NFNW,0.178961860030348,0.466423412383734,-0.279848274855499,-0.327226727985744
2020-11-26,0,1,49.1,161.9,244.7,SWI1E+4.res1.SSC7,0.218127079878719,0.475419633162017,-0.183813010799726,-0.281485070784245
2020-11-26,0,1,49.1,161.9,244.7,SWI1E+8.res1.SSC5,0.265068902447198,0.48975029901258,-0.084570940870236,-0.236703349754201
2020-11-26,0,1,49.1,161.9,244.7,TWI.Braun.res4.NFNW,0.249847752704048,0.492693589362933,-0.121875563165132,-0.218920268660389
2020-11-26,0,1,49.1,161.9,244.7,TWI.FD8.res10.NFNW,0.309578107610747,0.50232333109897,-0.0497118881921707,-0.259040483633503
2020-11-26,0,1,49.1,161.9,244.7,TWI.FD8.res7.NFNW,0.321591565677669,0.486891268581104,-0.0133162323640065,-0.271625598041532
2020-11-26,0,1,49.1,161.9,244.7,TWI.MFD0.5.res1.SSC4,0.252333533117623,0.481535199259764,-0.128206936383129,-0.270830371097772
2020-11-26,0,1,49.1,161.9,244.7,TWI.MFD10.res7.NFNW,0.215691039324806,0.470615914657127,-0.202766392101817,-0.321604882385263
2020-11-26,0,1,49.1,161.9,244.7,TWI.MFD5.res7.NFNW,0.168551787327705,0.464954155168699,-0.296438933462724,-0.334459723187957
2020-12-06,0,4,56.4,70.9,243.6,SWI1E+16.res1.SSC5,0.254369212559865,0.487459244178846,-0.117179317915583,-0.174008976628281
2020-12-06,0,4,56.4,70.9,243.6,SWI1E+16.res5.NFNW,0.201388491930802,0.470674435427605,-0.237088092611644,-0.248916642322638
2020-12-06,0,4,56.4,70.9,243.6,SWI1E+16.res7.NFNW,0.180885299856377,0.468286572946769,-0.293585607704065,-0.264665455872642
2020-12-06,0,4,56.4,70.9,243.6,SWI1E+4.res1.SSC7,0.208310198858253,0.474793096196,-0.219956832614337,-0.220164278763341
2020-12-06,0,4,56.4,70.9,243.6,SWI1E+8.res1.SSC5,0.256839203383312,0.488535992623842,-0.114068012752733,-0.173105042952651
2020-12-06,0,4,56.4,70.9,243.6,TWI.Braun.res4.NFNW,0.236699024801434,0.489790730070873,-0.163699035439682,-0.15972223009875
2020-12-06,0,4,56.4,70.9,243.6,TWI.FD8.res10.NFNW,0.279655215771603,0.49257468642948,-0.124142432258747,-0.220703977308383
2020-12-06,0,4,56.4,70.9,243.6,TWI.FD8.res7.NFNW,0.32008069930724,0.487772787419812,-0.0290621376773381,-0.204713227973171
2020-12-06,0,4,56.4,70.9,243.6,TWI.MFD0.5.res1.SSC4,0.242068459118752,0.480234268172538,-0.162429167708529,-0.207432926697309
2020-12-06,0,4,56.4,70.9,243.6,TWI.MFD10.res7.NFNW,0.213510300009359,0.471789332430407,-0.220228286600593,-0.262610252184196
2020-12-06,0,4,56.4,70.9,243.6,TWI.MFD5.res7.NFNW,0.165343782575401,0.466307958495506,-0.317329293867312,-0.272258804813993
2020-12-16,0,3,39.4,79.8,267,SWI1E+16.res1.SSC5,0.248210447666487,0.540177598886885,-0.14302843540582,-0.0315273029079587
2020-12-16,0,3,39.4,79.8,267,SWI1E+16.res5.NFNW,0.200460018672953,0.528302521001045,-0.266349112349757,-0.105531985513957
2020-12-16,0,3,39.4,79.8,267,SWI1E+16.res7.NFNW,0.19241098303067,0.527954128827092,-0.289364795996798,-0.118417922133009
2020-12-16,0,3,39.4,79.8,267,SWI1E+4.res1.SSC7,0.203001799341302,0.530857580766664,-0.252343586444676,-0.0741778339563811
2020-12-16,0,3,39.4,79.8,267,SWI1E+8.res1.SSC5,0.249842169743482,0.54084072605639,-0.141845692496779,-0.0316843805032335
2020-12-16,0,3,39.4,79.8,267,TWI.Braun.res4.NFNW,0.21978458550016,0.540283859207456,-0.219363889060947,-0.0189179977252283
2020-12-16,0,3,39.4,79.8,267,TWI.FD8.res10.NFNW,0.266788163549071,0.542007719936209,-0.166503756444196,-0.0908166022873852
2020-12-16,0,3,39.4,79.8,267,TWI.FD8.res7.NFNW,0.332373241503174,0.542497336469394,-0.0149722812248552,-0.0709499802919467
2020-12-16,0,3,39.4,79.8,267,TWI.MFD0.5.res1.SSC4,0.240589704712384,0.535235754556719,-0.183262020340721,-0.0633607361635837
2020-12-16,0,3,39.4,79.8,267,TWI.MFD10.res7.NFNW,0.232084582864036,0.531723702850728,-0.20210134345759,-0.128000594314171
2020-12-16,0,3,39.4,79.8,267,TWI.MFD5.res7.NFNW,0.179855012146412,0.526559738939532,-0.313495479202541,-0.128675572060747
2020-12-26,0,13,23.4,41.4,203.3,SWI1E+16.res1.SSC5,0.321957258472258,0.576545090136125,0.0330333751977278,0.070368571547304
2020-12-26,0,13,23.4,41.4,203.3,SWI1E+16.res5.NFNW,0.28432223737286,0.559026241702657,-0.0465033198907206,-0.0233574853221965
2020-12-26,0,13,23.4,41.4,203.3,SWI1E+16.res7.NFNW,0.263705017252804,0.555163113040587,-0.0983026276171306,-0.0416450037126541
2020-12-26,0,13,23.4,41.4,203.3,SWI1E+4.res1.SSC7,0.286502612995603,0.564275902285795,-0.0368016306709711,0.0141947445303903
2020-12-26,0,13,23.4,41.4,203.3,SWI1E+8.res1.SSC5,0.324862409171047,0.577973040470646,0.036587935172047,0.0714766007729932
2020-12-26,0,13,23.4,41.4,203.3,TWI.Braun.res4.NFNW,0.292212566418527,0.576256136395792,-0.0260514408738809,0.0836896156889285
2020-12-26,0,13,23.4,41.4,203.3,TWI.FD8.res10.NFNW,0.353699758199903,0.584208839181437,0.0416729318798198,0.0108434508927912
2020-12-26,0,13,23.4,41.4,203.3,TWI.FD8.res7.NFNW,0.400490715332028,0.578223282260462,0.128461613725212,0.0282799134986651
2020-12-26,0,13,23.4,41.4,203.3,TWI.MFD0.5.res1.SSC4,0.317384535719893,0.569986264477891,0.0137828870748516,0.0331013878092375
2020-12-26,0,13,23.4,41.4,203.3,TWI.MFD10.res7.NFNW,0.294518395897087,0.560019524731712,-0.0435294672279277,-0.0453444146180365
2020-12-26,0,13,23.4,41.4,203.3,TWI.MFD5.res7.NFNW,0.248208454310228,0.551177265751842,-0.125812742394532,-0.0529784779885216
2021-01-05,0,3,44.7,68.1,139,SWI1E+16.res1.SSC5,0.235960250648674,0.612913086083165,-0.0744720066785976,0.321778927274225
2021-01-05,0,3,44.7,68.1,139,SWI1E+16.res5.NFNW,0.203725602782899,0.603097611317771,-0.121856056398423,0.27524647316395
2021-01-05,0,3,44.7,68.1,139,SWI1E+16.res7.NFNW,0.200128308799289,0.604085560810922,-0.124769280467484,0.269900516748168
2021-01-05,0,3,44.7,68.1,139,SWI1E+4.res1.SSC7,0.209851398270891,0.605940185356257,-0.115007256723194,0.295833679381475
2021-01-05,0,3,44.7,68.1,139,SWI1E+8.res1.SSC5,0.237049710531323,0.613442138320023,-0.0738888965598345,0.321685045154336
2021-01-05,0,3,44.7,68.1,139,TWI.Braun.res4.NFNW,0.21829734044164,0.612907545555903,-0.11130117738237,0.331973419132903
2021-01-05,0,3,44.7,68.1,139,TWI.FD8.res10.NFNW,0.221855451383542,0.612336698311446,-0.132510506952331,0.280446681459683
2021-01-05,0,3,44.7,68.1,139,TWI.FD8.res7.NFNW,0.256672397337031,0.610457062173368,-0.0498829466779887,0.272009209657109
2021-01-05,0,3,44.7,68.1,139,TWI.MFD0.5.res1.SSC4,0.198033435135627,0.606108307085796,-0.16427936701089,0.296854727185649
2021-01-05,0,3,44.7,68.1,139,TWI.MFD10.res7.NFNW,0.173458078242033,0.603806134141952,-0.173206282814761,0.240995109702959
2021-01-05,0,3,44.7,68.1,139,TWI.MFD5.res7.NFNW,0.150762696579738,0.600490906844445,-0.205213471511096,0.256309890971635
2021-01-15,0.3,0,42.7,61,140.8,SWI1E+16.res1.SSC5,0.363604672766063,0.559711614366576,-0.014447915389088,0.201271154918474
2021-01-15,0.3,0,42.7,61,140.8,SWI1E+16.res5.NFNW,0.333312961722713,0.536655144427874,-0.0630711854047839,0.134391104222619
2021-01-15,0.3,0,42.7,61,140.8,SWI1E+16.res7.NFNW,0.357572043406952,0.553865246142396,-0.0558937955149385,0.124530853091929
2021-01-15,0.3,0,42.7,61,140.8,SWI1E+4.res1.SSC7,0.341837897046584,0.545640190441956,-0.0620976849772655,0.153751866695704
2021-01-15,0.3,0,42.7,61,140.8,SWI1E+8.res1.SSC5,0.366157069689853,0.561713177293142,-0.0126247864673797,0.202444357184234
2021-01-15,0.3,0,42.7,61,140.8,TWI.Braun.res4.NFNW,0.35163846982856,0.561202244576719,-0.048529944441208,0.201834459314608
2021-01-15,0.3,0,42.7,61,140.8,TWI.FD8.res10.NFNW,0.351749976998473,0.559020994914104,-0.0495414417661173,0.182611114095623
2021-01-15,0.3,0,42.7,61,140.8,TWI.FD8.res7.NFNW,0.38531678355816,0.555131229281363,0.0358995813260139,0.182700490141633
2021-01-15,0.3,0,42.7,61,140.8,TWI.MFD0.5.res1.SSC4,0.324485543507561,0.540816474333271,-0.0691137934095231,0.177877842001731
2021-01-15,0.3,0,42.7,61,140.8,TWI.MFD10.res7.NFNW,0.307058206896698,0.536023276276234,-0.0703328212723271,0.147468691915177
2021-01-15,0.3,0,42.7,61,140.8,TWI.MFD5.res7.NFNW,0.2916354814721,0.527749047772303,-0.103605619211447,0.131087900853817
2021-01-25,20.6,0,3.1,84.4,125.8,SWI1E+16.res1.SSC5,0.377566954098478,0.476649130068515,0.101803497925361,0.0805859244668288
2021-01-25,20.6,0,3.1,84.4,125.8,SWI1E+16.res5.NFNW,0.332312424814253,0.439647990011136,0.0302516681005553,-0.00658128672575078
2021-01-25,20.6,0,3.1,84.4,125.8,SWI1E+16.res7.NFNW,0.350563956634979,0.454561747845024,0.0383875465450176,0.00266104310395705
2021-01-25,20.6,0,3.1,84.4,125.8,SWI1E+4.res1.SSC7,0.346760994290931,0.452856083033565,0.0484137568342514,0.0189206816012245
2021-01-25,20.6,0,3.1,84.4,125.8,SWI1E+8.res1.SSC5,0.380494778963796,0.479107137277368,0.10500871729029,0.0835281612591864
2021-01-25,20.6,0,3.1,84.4,125.8,TWI.Braun.res4.NFNW,0.359630113042442,0.470735648855103,0.0654046408659635,0.0632899822134925
2021-01-25,20.6,0,3.1,84.4,125.8,TWI.FD8.res10.NFNW,0.384811223023772,0.485762870703341,0.0974022818775527,0.0738042358913121
2021-01-25,20.6,0,3.1,84.4,125.8,TWI.FD8.res7.NFNW,0.433515687671617,0.505191838312162,0.159459939016004,0.125545974189056
2021-01-25,20.6,0,3.1,84.4,125.8,TWI.MFD0.5.res1.SSC4,0.337876489430264,0.451425044382543,0.0506026328584034,0.0445270315470196
2021-01-25,20.6,0,3.1,84.4,125.8,TWI.MFD10.res7.NFNW,0.333765320970681,0.451993487290542,0.0474375141351106,0.0402604773642217
2021-01-25,20.6,0,3.1,84.4,125.8,TWI.MFD5.res7.NFNW,0.303517946557422,0.431656669737315,-0.000706064487529066,-0.000432504013534924
2021-02-04,0,5,31.6,47.9,116,SWI1E+16.res1.SSC5,0.259991288484226,0.38236593863632,0.0422476433269834,0.0726733862672949
2021-02-04,0,5,31.6,47.9,116,SWI1E+16.res5.NFNW,0.188267176326541,0.360376691181084,-0.140953919917897,0.0236288822963347
2021-02-04,0,5,31.6,47.9,116,SWI1E+16.res7.NFNW,0.176079308631528,0.361602656301228,-0.240577154864484,0.00525206889533034
2021-02-04,0,5,31.6,47.9,116,SWI1E+4.res1.SSC7,0.188696860346225,0.360239005337622,-0.134843257682565,0.0231221147961566
2021-02-04,0,5,31.6,47.9,116,SWI1E+8.res1.SSC5,0.262326515849726,0.384099488725665,0.0437278005491534,0.0737269115532313
2021-02-04,0,5,31.6,47.9,116,TWI.Braun.res4.NFNW,0.21580191613005,0.36864842715726,-0.0414999681397914,0.0497607413916844
2021-02-04,0,5,31.6,47.9,116,TWI.FD8.res10.NFNW,0.183642792882917,0.361840078767053,-0.17305544066713,0.0166972371807997
2021-02-04,0,5,31.6,47.9,116,TWI.FD8.res7.NFNW,0.260996946123194,0.385502219223872,0.0261841347673429,0.0698516342824859
2021-02-04,0,5,31.6,47.9,116,TWI.MFD0.5.res1.SSC4,0.212565940638402,0.36504398009141,-0.0356260479777774,0.052726531006029
2021-02-04,0,5,31.6,47.9,116,TWI.MFD10.res7.NFNW,0.187868700071385,0.362213288983362,-0.137333926605166,0.031600110021056
2021-02-04,0,5,31.6,47.9,116,TWI.MFD5.res7.NFNW,0.149806845075464,0.351752608403016,-0.287738136035321,0.00347233388425871
2021-02-14,2,0,13.8,40.3,101,SWI1E+16.res1.SSC5,0.300481992797292,0.430715177131367,0.136714021989751,0.269125412783458
2021-02-14,2,0,13.8,40.3,101,SWI1E+16.res5.NFNW,0.299152658110274,0.444003084811607,0.131957828021517,0.283839116797666
2021-02-14,2,0,13.8,40.3,101,SWI1E+16.res7.NFNW,0.30303043480801,0.443615347957883,0.140412133927275,0.291800625115917
2021-02-14,2,0,13.8,40.3,101,SWI1E+4.res1.SSC7,0.301484040106676,0.446977361455813,0.135610241498703,0.291687941038472
2021-02-14,2,0,13.8,40.3,101,SWI1E+8.res1.SSC5,0.305246841463352,0.434893098134392,0.143483514117355,0.274503985988378
2021-02-14,2,0,13.8,40.3,101,TWI.Braun.res4.NFNW,0.276221300395281,0.409821230005023,0.101880913512448,0.245936859878954
2021-02-14,2,0,13.8,40.3,101,TWI.FD8.res10.NFNW,0.30691386628408,0.444961727691913,0.156837050553187,0.305474015806208
2021-02-14,2,0,13.8,40.3,101,TWI.FD8.res7.NFNW,0.329966085093775,0.447840815676398,0.186818295690637,0.314052471757035
2021-02-14,2,0,13.8,40.3,101,TWI.MFD0.5.res1.SSC4,0.283310614820929,0.418831942544988,0.121976892153228,0.264080795861796
2021-02-14,2,0,13.8,40.3,101,TWI.MFD10.res7.NFNW,0.266789764555549,0.418445105472578,0.101876836590843,0.266792298499267
2021-02-14,2,0,13.8,40.3,101,TWI.MFD5.res7.NFNW,0.257621321648486,0.416473301366592,0.0882131246852482,0.26146045700814
2021-02-24,0,7,9.8,43.5,107.3,SWI1E+16.res1.SSC5,0.350763246668175,0.417873346714468,0.211992044356791,0.259147123858717
2021-02-24,0,7,9.8,43.5,107.3,SWI1E+16.res5.NFNW,0.323459219715692,0.40890952230996,0.16094180547539,0.232447648590894
2021-02-24,0,7,9.8,43.5,107.3,SWI1E+16.res7.NFNW,0.310509967600455,0.39653410176719,0.147815779306723,0.222854611292611
2021-02-24,0,7,9.8,43.5,107.3,SWI1E+4.res1.SSC7,0.336825611997394,0.420468393969167,0.187688909339727,0.25782293285356
2021-02-24,0,7,9.8,43.5,107.3,SWI1E+8.res1.SSC5,0.355706410405612,0.422773880256295,0.218028907071991,0.265156313531314
2021-02-24,0,7,9.8,43.5,107.3,TWI.Braun.res4.NFNW,0.31674688969886,0.387297049006171,0.17143773232544,0.223851629899342
2021-02-24,0,7,9.8,43.5,107.3,TWI.FD8.res10.NFNW,0.332536641957945,0.412214645358729,0.189674133701109,0.259932996987554
2021-02-24,0,7,9.8,43.5,107.3,TWI.FD8.res7.NFNW,0.366122954037465,0.42942251057206,0.226603444870381,0.283741068708557
2021-02-24,0,7,9.8,43.5,107.3,TWI.MFD0.5.res1.SSC4,0.324919429391536,0.395972377509787,0.186071257741901,0.238722283028264
2021-02-24,0,7,9.8,43.5,107.3,TWI.MFD10.res7.NFNW,0.300484921769409,0.387094343705348,0.14524693350811,0.220054205783595
2021-02-24,0,7,9.8,43.5,107.3,TWI.MFD5.res7.NFNW,0.286000015297565,0.379503150007163,0.127168382211971,0.208144346593452
2021-03-06,0,1,11.9,26.6,74.5,SWI1E+16.res1.SSC5,0.363578600451373,0.39905668169358,0.240410213755207,0.236108016813675
2021-03-06,0,1,11.9,26.6,74.5,SWI1E+16.res5.NFNW,0.334244847629976,0.383169902039735,0.186883053313608,0.200385718230095
2021-03-06,0,1,11.9,26.6,74.5,SWI1E+16.res7.NFNW,0.321171290529401,0.370476606196466,0.172305472082846,0.187093010768882
2021-03-06,0,1,11.9,26.6,74.5,SWI1E+4.res1.SSC7,0.350008983139772,0.397566985223857,0.217881409326668,0.228466382057817
2021-03-06,0,1,11.9,26.6,74.5,SWI1E+8.res1.SSC5,0.368821877702968,0.404343752052493,0.246582175668057,0.242811468235023
2021-03-06,0,1,11.9,26.6,74.5,TWI.Braun.res4.NFNW,0.330895619031763,0.367113649852175,0.203658371558539,0.196039562935718
2021-03-06,0,1,11.9,26.6,74.5,TWI.FD8.res10.NFNW,0.342973388672228,0.387884470500479,0.213828296568629,0.226587887171802
2021-03-06,0,1,11.9,26.6,74.5,TWI.FD8.res7.NFNW,0.373679015095758,0.406289638542261,0.244096876276418,0.252175324591245
2021-03-06,0,1,11.9,26.6,74.5,TWI.MFD0.5.res1.SSC4,0.33909699997016,0.376565435750326,0.21682958050231,0.212361060959422
2021-03-06,0,1,11.9,26.6,74.5,TWI.MFD10.res7.NFNW,0.30941820838079,0.35852120218265,0.16737643319287,0.181474965287149
2021-03-06,0,1,11.9,26.6,74.5,TWI.MFD5.res7.NFNW,0.295383522884206,0.349470171029797,0.150552727545207,0.168196934005378
2021-03-16,0,2,37.6,55.8,94.1,SWI1E+16.res1.SSC5,0.230497524976192,0.538907402224969,0.0921410365496648,0.4446714187952
2021-03-16,0,2,37.6,55.8,94.1,SWI1E+16.res5.NFNW,0.186225180532625,0.534442092627641,0.0139328733202404,0.420285594470384
2021-03-16,0,2,37.6,55.8,94.1,SWI1E+16.res7.NFNW,0.151297272129415,0.523182806982988,-0.021015892804421,0.428904957522518
2021-03-16,0,2,37.6,55.8,94.1,SWI1E+4.res1.SSC7,0.183823808786782,0.53448711331936,0.0224773235243823,0.437324684590553
2021-03-16,0,2,37.6,55.8,94.1,SWI1E+8.res1.SSC5,0.232336777440599,0.540365523243146,0.0938900168946225,0.445026207089
2021-03-16,0,2,37.6,55.8,94.1,TWI.Braun.res4.NFNW,0.216219432348471,0.530113304175262,0.08652025991706,0.449410432252245
2021-03-16,0,2,37.6,55.8,94.1,TWI.FD8.res10.NFNW,0.154778403044822,0.523106790108026,-0.0108969251228025,0.438239442736481
2021-03-16,0,2,37.6,55.8,94.1,TWI.FD8.res7.NFNW,0.178711753721561,0.522205502598856,0.017545552931548,0.440806654674286
2021-03-16,0,2,37.6,55.8,94.1,TWI.MFD0.5.res1.SSC4,0.207120395978122,0.530011994985822,0.0626399586873433,0.444246432871329
2021-03-16,0,2,37.6,55.8,94.1,TWI.MFD10.res7.NFNW,0.139281577179901,0.518854639311679,-0.0276271312415017,0.431136923538485
2021-03-16,0,2,37.6,55.8,94.1,TWI.MFD5.res7.NFNW,0.121212704262935,0.516900296813655,-0.0455094623601429,0.430181455921355
2021-03-26,0,1,79.7,91.6,135.1,SWI1E+16.res1.SSC5,0.251953646700392,0.503952736978045,0.110895281117716,0.391241101359719
2021-03-26,0,1,79.7,91.6,135.1,SWI1E+16.res5.NFNW,0.197334632413354,0.493343295178289,0.0159709202724904,0.353103887081964
2021-03-26,0,1,79.7,91.6,135.1,SWI1E+16.res7.NFNW,0.144361610496832,0.475165977679699,-0.0365411827880656,0.361639505235
2021-03-26,0,1,79.7,91.6,135.1,SWI1E+4.res1.SSC7,0.199268701482066,0.494918329174728,0.033502117055983,0.376574575740914
2021-03-26,0,1,79.7,91.6,135.1,SWI1E+8.res1.SSC5,0.254080000136859,0.505748568585292,0.11299018052695,0.391938224587896
2021-03-26,0,1,79.7,91.6,135.1,TWI.Braun.res4.NFNW,0.234559794441055,0.492428711282452,0.104525630154255,0.395606496111349
2021-03-26,0,1,79.7,91.6,135.1,TWI.FD8.res10.NFNW,0.160210530693283,0.478569846847287,-0.00954685236808302,0.374668278602117
2021-03-26,0,1,79.7,91.6,135.1,TWI.FD8.res7.NFNW,0.192017520990977,0.48060078488647,0.0266411752583393,0.377814644206765
2021-03-26,0,1,79.7,91.6,135.1,TWI.MFD0.5.res1.SSC4,0.220907167713118,0.490329793860367,0.0737370204755657,0.386281917018182
2021-03-26,0,1,79.7,91.6,135.1,TWI.MFD10.res7.NFNW,0.147129401953831,0.474291901295705,-0.0244905585890324,0.363241849387238
2021-03-26,0,1,79.7,91.6,135.1,TWI.MFD5.res7.NFNW,0.128357452795438,0.471577814432794,-0.0429928641835166,0.361143481246076
2021-04-05,0,9,43.4,83,109.6,SWI1E+16.res1.SSC5,0.433060583347989,0.474357087997757,0.341509861849033,0.359917267828543
2021-04-05,0,9,43.4,83,109.6,SWI1E+16.res5.NFNW,0.406530343639798,0.462493542818464,0.279080722080699,0.321387195055331
2021-04-05,0,9,43.4,83,109.6,SWI1E+16.res7.NFNW,0.370128729075397,0.429643485862897,0.241606207029232,0.290686390653516
2021-04-05,0,9,43.4,83,109.6,SWI1E+4.res1.SSC7,0.418032770313071,0.473427883878635,0.314418069832991,0.351351856756639
2021-04-05,0,9,43.4,83,109.6,SWI1E+8.res1.SSC5,0.439871490958101,0.481156435689045,0.348447811389444,0.367029924707966
2021-04-05,0,9,43.4,83,109.6,TWI.Braun.res4.NFNW,0.41312899689765,0.45252369676616,0.327166271667941,0.342696125723932
2021-04-05,0,9,43.4,83,109.6,TWI.FD8.res10.NFNW,0.367848191256425,0.426356482447303,0.261813221878171,0.306471547233075
2021-04-05,0,9,43.4,83,109.6,TWI.FD8.res7.NFNW,0.385013312084952,0.431171981353281,0.276495324327265,0.313897481254908
2021-04-05,0,9,43.4,83,109.6,TWI.MFD0.5.res1.SSC4,0.418524736083014,0.460108330238864,0.328786589772518,0.349351622626851
2021-04-05,0,9,43.4,83,109.6,TWI.MFD10.res7.NFNW,0.353890234082978,0.413677227203064,0.234374850844285,0.282661694018505
2021-04-05,0,9,43.4,83,109.6,TWI.MFD5.res7.NFNW,0.344097116864044,0.408645095866614,0.221655796778978,0.273388732834535
2021-04-15,0,1,40.9,88.3,144.1,SWI1E+16.res1.SSC5,0.435308255667876,0.472706369069393,0.334381904091269,0.344697115721659
2021-04-15,0,1,40.9,88.3,144.1,SWI1E+16.res5.NFNW,0.381634755016683,0.436725963799915,0.240104274067879,0.274780394558494
2021-04-15,0,1,40.9,88.3,144.1,SWI1E+16.res7.NFNW,0.332341030138727,0.393549451829735,0.19374414722015,0.235000707686103
2021-04-15,0,1,40.9,88.3,144.1,SWI1E+4.res1.SSC7,0.403423351265202,0.456481064327626,0.286862142832815,0.315779976676417
2021-04-15,0,1,40.9,88.3,144.1,SWI1E+8.res1.SSC5,0.441234835105502,0.47875567967327,0.340285679073334,0.350922113353625
2021-04-15,0,1,40.9,88.3,144.1,TWI.Braun.res4.NFNW,0.409667962551294,0.445868199638191,0.31730279956353,0.324125262327807
2021-04-15,0,1,40.9,88.3,144.1,TWI.FD8.res10.NFNW,0.362011937390268,0.416920524169712,0.243582703822993,0.279089174372514
2021-04-15,0,1,40.9,88.3,144.1,TWI.FD8.res7.NFNW,0.390026516614819,0.431446871599741,0.268013769647685,0.297235797169697
2021-04-15,0,1,40.9,88.3,144.1,TWI.MFD0.5.res1.SSC4,0.411948588684236,0.450665085958129,0.312869269986433,0.325354771105978
2021-04-15,0,1,40.9,88.3,144.1,TWI.MFD10.res7.NFNW,0.34379369591393,0.400655994843939,0.209245083274398,0.247442332990654
2021-04-15,0,1,40.9,88.3,144.1,TWI.MFD5.res7.NFNW,0.330714595273374,0.39278874482471,0.193291366989263,0.234966392193454
2021-04-25,0,1,91.8,107.3,198.9,SWI1E+16.res1.SSC5,0.355395147225415,0.474031222003542,0.228722051928807,0.346691668009584
2021-04-25,0,1,91.8,107.3,198.9,SWI1E+16.res5.NFNW,0.305811674141959,0.454426077856063,0.136908547769829,0.295941061747804
2021-04-25,0,1,91.8,107.3,198.9,SWI1E+16.res7.NFNW,0.244168367682035,0.415293575281945,0.0844192706592561,0.279624900904424
2021-04-25,0,1,91.8,107.3,198.9,SWI1E+4.res1.SSC7,0.318517681260027,0.463891346148329,0.171790214876199,0.326888840646528
2021-04-25,0,1,91.8,107.3,198.9,SWI1E+8.res1.SSC5,0.359992634105121,0.478266242446413,0.233267746841698,0.350370277710305
2021-04-25,0,1,91.8,107.3,198.9,TWI.Braun.res4.NFNW,0.323273718562658,0.44706708125495,0.206032952712271,0.332428948340844
2021-04-25,0,1,91.8,107.3,198.9,TWI.FD8.res10.NFNW,0.267447597223852,0.427103378323215,0.122965466595368,0.303822369992549
2021-04-25,0,1,91.8,107.3,198.9,TWI.FD8.res7.NFNW,0.280994187232568,0.424408948013637,0.136487591075321,0.303104547776278
2021-04-25,0,1,91.8,107.3,198.9,TWI.MFD0.5.res1.SSC4,0.321914897995628,0.449785410005137,0.196306152966081,0.330665040046954
2021-04-25,0,1,91.8,107.3,198.9,TWI.MFD10.res7.NFNW,0.246313851576164,0.413970068021738,0.0920740442249786,0.280020073785739
2021-04-25,0,1,91.8,107.3,198.9,TWI.MFD5.res7.NFNW,0.233931445036377,0.410326253096416,0.0783513693505324,0.273264848111131
2021-05-05,0,1,171.2,221.8,304.8,SWI1E+16.res1.SSC5,0.123797405957161,0.668846562475023,-0.275725276622476,0.598491277195932
2021-05-05,0,1,171.2,221.8,304.8,SWI1E+16.res5.NFNW,0.0665514447936642,0.66890212920823,-0.31521144313604,0.602865263510693
2021-05-05,0,1,171.2,221.8,304.8,SWI1E+16.res7.NFNW,0.0874533519873545,0.66886153927173,-0.285614108428309,0.598388101695272
2021-05-05,0,1,171.2,221.8,304.8,SWI1E+4.res1.SSC7,0.107710538387631,0.668968714101828,-0.33650927209305,0.600445493717965
2021-05-05,0,1,171.2,221.8,304.8,SWI1E+8.res1.SSC5,0.142352901034212,0.669014658599831,-0.269458445376154,0.596223762387484
2021-05-05,0,1,171.2,221.8,304.8,TWI.Braun.res4.NFNW,0.173239830700639,0.66946220903804,-0.171109142867715,0.598908129335456
2021-05-05,0,1,171.2,221.8,304.8,TWI.FD8.res10.NFNW,0.0771277819538529,0.668868487799199,-0.295027413917955,0.606195424178425
2021-05-05,0,1,171.2,221.8,304.8,TWI.FD8.res7.NFNW,0.0799257366562157,0.669829062290258,-0.289025502957117,0.607088733333473
2021-05-05,0,1,171.2,221.8,304.8,TWI.MFD0.5.res1.SSC4,0.0856728928711066,0.669161246526559,-0.294162504459075,0.60152543234954
2021-05-05,0,1,171.2,221.8,304.8,TWI.MFD10.res7.NFNW,0.0621522488794234,0.669559905562653,-0.326624241833836,0.605682800346248
2021-05-05,0,1,171.2,221.8,304.8,TWI.MFD5.res7.NFNW,0.0679548436475176,0.669156250336641,-0.314781896694341,0.605739267580402
2021-05-15,2.3,0,73.9,203.8,292.1,SWI1E+16.res1.SSC5,0.245700853396472,0.5281667659262,0.016223119103928,0.415511417705322
2021-05-15,2.3,0,73.9,203.8,292.1,SWI1E+16.res5.NFNW,0.195480558843188,0.524098842501411,-0.0740143888035956,0.413564894046202
2021-05-15,2.3,0,73.9,203.8,292.1,SWI1E+16.res7.NFNW,0.21925124370365,0.528871897169198,-0.0329488483773173,0.419946858993214
2021-05-15,2.3,0,73.9,203.8,292.1,SWI1E+4.res1.SSC7,0.239165761548569,0.532351807919233,-0.0111049510746318,0.428590561416865
2021-05-15,2.3,0,73.9,203.8,292.1,SWI1E+8.res1.SSC5,0.261032545640873,0.531949958424615,0.0440576277389654,0.423223944459505
2021-05-15,2.3,0,73.9,203.8,292.1,TWI.Braun.res4.NFNW,0.289917204505769,0.536348470107103,0.128215894633997,0.434440958814913
2021-05-15,2.3,0,73.9,203.8,292.1,TWI.FD8.res10.NFNW,0.223578069889339,0.530096392846485,0.00262714056051106,0.430934524815573
2021-05-15,2.3,0,73.9,203.8,292.1,TWI.FD8.res7.NFNW,0.215905643345894,0.521999467945815,-0.0203727860737591,0.414335648615104
2021-05-15,2.3,0,73.9,203.8,292.1,TWI.MFD0.5.res1.SSC4,0.228691504707728,0.526898531581425,0.0159399005048207,0.418415245226443
2021-05-15,2.3,0,73.9,203.8,292.1,TWI.MFD10.res7.NFNW,0.20717519212548,0.523816709669305,-0.0459519185633307,0.418645830151579
2021-05-15,2.3,0,73.9,203.8,292.1,TWI.MFD5.res7.NFNW,0.212887165338866,0.526092827703307,-0.0349485042924812,0.42323666921307
2021-05-25,9.9,0,50.8,185.9,293.2,SWI1E+16.res1.SSC5,0.190252585413042,0.541012398649678,-0.0637563571869642,0.450316506309331
2021-05-25,9.9,0,50.8,185.9,293.2,SWI1E+16.res5.NFNW,0.137772781074378,0.538521684477608,-0.137751508046833,0.452948959307707
2021-05-25,9.9,0,50.8,185.9,293.2,SWI1E+16.res7.NFNW,0.1456326317038,0.538789085357134,-0.13329986259796,0.450784067170659
2021-05-25,9.9,0,50.8,185.9,293.2,SWI1E+4.res1.SSC7,0.181413070090382,0.543385600045432,-0.104578298006772,0.458694788147292
2021-05-25,9.9,0,50.8,185.9,293.2,SWI1E+8.res1.SSC5,0.20678890199478,0.543445993020038,-0.0440845041305823,0.453882295743479
2021-05-25,9.9,0,50.8,185.9,293.2,TWI.Braun.res4.NFNW,0.231844936474554,0.545917301506851,0.0320811993603058,0.459871130562666
2021-05-25,9.9,0,50.8,185.9,293.2,TWI.FD8.res10.NFNW,0.158963112379598,0.540996402247019,-0.0865158507264963,0.459786068802607
2021-05-25,9.9,0,50.8,185.9,293.2,TWI.FD8.res7.NFNW,0.154392132871669,0.536522731822947,-0.101393268346964,0.450767761398201
2021-05-25,9.9,0,50.8,185.9,293.2,TWI.MFD0.5.res1.SSC4,0.16373593494115,0.538810376272512,-0.0729218727513903,0.45161096391538
2021-05-25,9.9,0,50.8,185.9,293.2,TWI.MFD10.res7.NFNW,0.140843769397018,0.537057299212751,-0.139268797007321,0.451732953994526
2021-05-25,9.9,0,50.8,185.9,293.2,TWI.MFD5.res7.NFNW,0.147673857379545,0.538484356708695,-0.126088044151986,0.454745005862743
2021-06-04,0,3,100.1,142,363.8,SWI1E+16.res1.SSC5,0.0899390295683076,0.570331365430448,-0.332425820320241,0.486828011988386
2021-06-04,0,3,100.1,142,363.8,SWI1E+16.res5.NFNW,0.0526973299176704,0.570255669543404,-0.317841130471033,0.496195228252813
2021-06-04,0,3,100.1,142,363.8,SWI1E+16.res7.NFNW,0.0694317826079551,0.570197454160949,-0.292509429819088,0.491600286893606
2021-06-04,0,3,100.1,142,363.8,SWI1E+4.res1.SSC7,0.0861457891169833,0.570248501315886,-0.343881809975287,0.491978459422708
2021-06-04,0,3,100.1,142,363.8,SWI1E+8.res1.SSC5,0.107373657626875,0.570191849319507,-0.321799021258551,0.484030265637133
2021-06-04,0,3,100.1,142,363.8,TWI.Braun.res4.NFNW,0.134953479416535,0.570392191101972,-0.239550991634013,0.485694099756599
2021-06-04,0,3,100.1,142,363.8,TWI.FD8.res10.NFNW,0.0633932763556993,0.570196349420737,-0.298796420659004,0.498566609258054
2021-06-04,0,3,100.1,142,363.8,TWI.FD8.res7.NFNW,0.0460403361290684,0.572272844219542,-0.346959480542243,0.496042556286604
2021-06-04,0,3,100.1,142,363.8,TWI.MFD0.5.res1.SSC4,0.0621482004371035,0.570669491192486,-0.334699865141139,0.491957399153206
2021-06-04,0,3,100.1,142,363.8,TWI.MFD10.res7.NFNW,0.0418438341589009,0.571146483486134,-0.344741597504313,0.496846161540453
2021-06-04,0,3,100.1,142,363.8,TWI.MFD5.res7.NFNW,0.0514016596863876,0.570523328795934,-0.32043288873232,0.498242687957576
2021-06-14,0,6,61.3,150.4,351.9,SWI1E+16.res1.SSC5,0.325746988937366,0.333113107543777,0.193966079775882,0.087617514765492
2021-06-14,0,6,61.3,150.4,351.9,SWI1E+16.res5.NFNW,0.295606550339045,0.310752510940911,0.153912532433518,0.0629810047676335
2021-06-14,0,6,61.3,150.4,351.9,SWI1E+16.res7.NFNW,0.338452663374458,0.349712110403845,0.210794522169443,0.131738593870416
2021-06-14,0,6,61.3,150.4,351.9,SWI1E+4.res1.SSC7,0.346055005004021,0.355265871897,0.226795788271333,0.132038570050429
2021-06-14,0,6,61.3,150.4,351.9,SWI1E+8.res1.SSC5,0.344136010046553,0.350026920095162,0.224102119592834,0.118023405929118
2021-06-14,0,6,61.3,150.4,351.9,TWI.Braun.res4.NFNW,0.350956944106146,0.355132264169582,0.237552445023733,0.130521932847884
2021-06-14,0,6,61.3,150.4,351.9,TWI.FD8.res10.NFNW,0.340866623807188,0.352104238189598,0.226896092737848,0.144302424973254
2021-06-14,0,6,61.3,150.4,351.9,TWI.FD8.res7.NFNW,0.337227867861661,0.344899975240804,0.219631829486213,0.130852429250198
2021-06-14,0,6,61.3,150.4,351.9,TWI.MFD0.5.res1.SSC4,0.302906989806023,0.313984929295522,0.179888937966284,0.078600288242859
2021-06-14,0,6,61.3,150.4,351.9,TWI.MFD10.res7.NFNW,0.328370080729875,0.339143660451481,0.199860286636905,0.116115787666529
2021-06-14,0,6,61.3,150.4,351.9,TWI.MFD5.res7.NFNW,0.338928153791495,0.349582798182399,0.213467585546117,0.134066377730841
2021-06-24,0,3,20.6,133.4,309.4,SWI1E+16.res1.SSC5,0.462625429946489,0.469841715582563,0.399826312169227,0.341683898451054
2021-06-24,0,3,20.6,133.4,309.4,SWI1E+16.res5.NFNW,0.418284071883654,0.435029512889985,0.325294704878044,0.281908846607806
2021-06-24,0,3,20.6,133.4,309.4,SWI1E+16.res7.NFNW,0.43078703212189,0.445652171351908,0.337656708514592,0.295203915601665
2021-06-24,0,3,20.6,133.4,309.4,SWI1E+4.res1.SSC7,0.454138765334618,0.465565913698361,0.385788608078406,0.333636380395421
2021-06-24,0,3,20.6,133.4,309.4,SWI1E+8.res1.SSC5,0.474313709840976,0.480463500902612,0.42179909273634,0.363271038308995
2021-06-24,0,3,20.6,133.4,309.4,TWI.Braun.res4.NFNW,0.475837447496689,0.480251910477642,0.42411718587476,0.363898032585625
2021-06-24,0,3,20.6,133.4,309.4,TWI.FD8.res10.NFNW,0.473325069347004,0.485901344845278,0.399201423201642,0.35841259190445
2021-06-24,0,3,20.6,133.4,309.4,TWI.FD8.res7.NFNW,0.461114244556285,0.469597709760663,0.381673561161004,0.333699311827277
2021-06-24,0,3,20.6,133.4,309.4,TWI.MFD0.5.res1.SSC4,0.43489187605058,0.446211849701217,0.362691743949549,0.307694630429581
2021-06-24,0,3,20.6,133.4,309.4,TWI.MFD10.res7.NFNW,0.452919566751321,0.465028920950774,0.368433317167653,0.327415040692899
2021-06-24,0,3,20.6,133.4,309.4,TWI.MFD5.res7.NFNW,0.463390980751588,0.475611241197967,0.38037211962201,0.341761519243433
2021-07-04,0,3,53.1,82.1,224.1,SWI1E+16.res1.SSC5,0.50668256481736,0.539095235961608,0.45406600541975,0.449765101663906
2021-07-04,0,3,53.1,82.1,224.1,SWI1E+16.res5.NFNW,0.445155632516524,0.499537440380311,0.348782675778114,0.382360071100743
2021-07-04,0,3,53.1,82.1,224.1,SWI1E+16.res7.NFNW,0.415612969082517,0.472321374294562,0.305016582870263,0.340498536384054
2021-07-04,0,3,53.1,82.1,224.1,SWI1E+4.res1.SSC7,0.478176201691547,0.521859498674227,0.41374246825581,0.426698381100883
2021-07-04,0,3,53.1,82.1,224.1,SWI1E+8.res1.SSC5,0.517629301906429,0.547785988776199,0.478918830745758,0.470707119915886
2021-07-04,0,3,53.1,82.1,224.1,TWI.Braun.res4.NFNW,0.526236651705663,0.550854420036715,0.494802406124299,0.477282995706366
2021-07-04,0,3,53.1,82.1,224.1,TWI.FD8.res10.NFNW,0.470046033254429,0.517188876894109,0.388340861098003,0.410436643463118
2021-07-04,0,3,53.1,82.1,224.1,TWI.FD8.res7.NFNW,0.457056685474179,0.49766184891765,0.367922692269797,0.379845484961012
2021-07-04,0,3,53.1,82.1,224.1,TWI.MFD0.5.res1.SSC4,0.475009262618505,0.517444687638857,0.404609416257154,0.413035834999432
2021-07-04,0,3,53.1,82.1,224.1,TWI.MFD10.res7.NFNW,0.463650191329861,0.509768095642918,0.370499661124771,0.397071431421611
2021-07-04,0,3,53.1,82.1,224.1,TWI.MFD5.res7.NFNW,0.471416428794837,0.517301886818632,0.379985605047558,0.407779039808512
2021-07-14,0,3,10.1,56.4,206.8,SWI1E+16.res1.SSC5,0.590468302355327,0.648196385778086,0.529278329259976,0.565693526772928
2021-07-14,0,3,10.1,56.4,206.8,SWI1E+16.res5.NFNW,0.554679976019433,0.636231675721882,0.48211292717129,0.559039194432437
2021-07-14,0,3,10.1,56.4,206.8,SWI1E+16.res7.NFNW,0.552029175680967,0.629893001856254,0.475761709305101,0.550776994448923
2021-07-14,0,3,10.1,56.4,206.8,SWI1E+4.res1.SSC7,0.559487680482519,0.631526951091928,0.49950647528519,0.554121922734166
2021-07-14,0,3,10.1,56.4,206.8,SWI1E+8.res1.SSC5,0.598448414971728,0.652959530977361,0.551399521626481,0.580946732990689
2021-07-14,0,3,10.1,56.4,206.8,TWI.Braun.res4.NFNW,0.614207639930373,0.661145395312958,0.576703040391306,0.595838429108117
2021-07-14,0,3,10.1,56.4,206.8,TWI.FD8.res10.NFNW,0.57589486905524,0.647160974277693,0.509244092167838,0.569860465614568
2021-07-14,0,3,10.1,56.4,206.8,TWI.FD8.res7.NFNW,0.571205496833269,0.632668235261574,0.500536275896042,0.549978459992738
2021-07-14,0,3,10.1,56.4,206.8,TWI.MFD0.5.res1.SSC4,0.570282691868524,0.639951075295092,0.494682327806595,0.546047933363429
2021-07-14,0,3,10.1,56.4,206.8,TWI.MFD10.res7.NFNW,0.576814894217872,0.646483262056032,0.510199969491977,0.575374349182532
2021-07-14,0,3,10.1,56.4,206.8,TWI.MFD5.res7.NFNW,0.586740480030652,0.656375316669759,0.523159490876236,0.589887883437641
2021-07-24,0,6,66.1,98.6,232,SWI1E+16.res1.SSC5,0.568353623602937,0.600256392357714,0.498020270642856,0.496990226949491
2021-07-24,0,6,66.1,98.6,232,SWI1E+16.res5.NFNW,0.553775255189436,0.605391422101796,0.481828851671543,0.515368983401189
2021-07-24,0,6,66.1,98.6,232,SWI1E+16.res7.NFNW,0.55886927357039,0.608084123285542,0.484167868882609,0.51769804734957
2021-07-24,0,6,66.1,98.6,232,SWI1E+4.res1.SSC7,0.592124673477674,0.63029355543448,0.543940641534337,0.556133777050169
2021-07-24,0,6,66.1,98.6,232,SWI1E+8.res1.SSC5,0.585360931611231,0.613927891714068,0.533868036749525,0.528407278689752
2021-07-24,0,6,66.1,98.6,232,TWI.Braun.res4.NFNW,0.601356720073204,0.625563393015386,0.563939397577905,0.553183725058632
2021-07-24,0,6,66.1,98.6,232,TWI.FD8.res10.NFNW,0.561089630887768,0.608590600924319,0.490153102971501,0.513916373924479
2021-07-24,0,6,66.1,98.6,232,TWI.FD8.res7.NFNW,0.563683802771931,0.598171264315596,0.494356189364967,0.504473271534004
2021-07-24,0,6,66.1,98.6,232,TWI.MFD0.5.res1.SSC4,0.552538388424015,0.595263803370078,0.472751901621091,0.483479222273226
2021-07-24,0,6,66.1,98.6,232,TWI.MFD10.res7.NFNW,0.574175827665204,0.616255582414479,0.50731573898168,0.534055270068193
2021-07-24,0,6,66.1,98.6,232,TWI.MFD5.res7.NFNW,0.584264774098142,0.627682283697741,0.521752506106713,0.551598342450576
2021-08-03,0,8,7.9,74,156.1,SWI1E+16.res1.SSC5,0.521936680417158,0.60913170054066,0.431078832264644,0.499995327900212
2021-08-03,0,8,7.9,74,156.1,SWI1E+16.res5.NFNW,0.510855643722233,0.624589057717034,0.423382442920938,0.539167390159251
2021-08-03,0,8,7.9,74,156.1,SWI1E+16.res7.NFNW,0.509288975448794,0.616744025585612,0.417293269852607,0.526453220695537
2021-08-03,0,8,7.9,74,156.1,SWI1E+4.res1.SSC7,0.541843647348788,0.63063162854819,0.476404660056631,0.551161676097908
2021-08-03,0,8,7.9,74,156.1,SWI1E+8.res1.SSC5,0.536750117197513,0.617704018210538,0.464778820910723,0.523050243934814
2021-08-03,0,8,7.9,74,156.1,TWI.Braun.res4.NFNW,0.554028361221712,0.627912263761189,0.500791904212061,0.544596956153041
2021-08-03,0,8,7.9,74,156.1,TWI.FD8.res10.NFNW,0.488523037729874,0.603901283812182,0.388856593029096,0.498487443879901
2021-08-03,0,8,7.9,74,156.1,TWI.FD8.res7.NFNW,0.496936287319064,0.591488958242392,0.402015452610165,0.484242724388784
2021-08-03,0,8,7.9,74,156.1,TWI.MFD0.5.res1.SSC4,0.476676931345679,0.585754222532362,0.371311109550641,0.461227035974963
2021-08-03,0,8,7.9,74,156.1,TWI.MFD10.res7.NFNW,0.502084410217764,0.60748827787587,0.40912667459086,0.513678818649571
2021-08-03,0,8,7.9,74,156.1,TWI.MFD5.res7.NFNW,0.519400940162851,0.624602588458234,0.435318730076557,0.542112166971164
2021-08-13,0,9,1,71.7,128.1,SWI1E+16.res1.SSC5,0.553863172748573,0.663212993519961,0.470224564442653,0.561169986317345
2021-08-13,0,9,1,71.7,128.1,SWI1E+16.res5.NFNW,0.570670753474798,0.700823173668768,0.496884586185323,0.634047278483621
2021-08-13,0,9,1,71.7,128.1,SWI1E+16.res7.NFNW,0.578885394485745,0.708947928312942,0.508635835592381,0.647667098965475
2021-08-13,0,9,1,71.7,128.1,SWI1E+4.res1.SSC7,0.59387309682228,0.699472169750049,0.545890279159539,0.63331931198529
2021-08-13,0,9,1,71.7,128.1,SWI1E+8.res1.SSC5,0.56918977386409,0.671284802496299,0.505962165466633,0.582229759466446
2021-08-13,0,9,1,71.7,128.1,TWI.Braun.res4.NFNW,0.583618824304654,0.682356522081905,0.534034298311146,0.601304345104393
2021-08-13,0,9,1,71.7,128.1,TWI.FD8.res10.NFNW,0.544738441434089,0.687490371574244,0.466077348332162,0.608487511802343
2021-08-13,0,9,1,71.7,128.1,TWI.FD8.res7.NFNW,0.520222175327779,0.649066605457137,0.428832518011576,0.552320009620566
2021-08-13,0,9,1,71.7,128.1,TWI.MFD0.5.res1.SSC4,0.506888481706209,0.647123918549572,0.406801716379109,0.534323199526647
2021-08-13,0,9,1,71.7,128.1,TWI.MFD10.res7.NFNW,0.534034514387401,0.671881132338309,0.449510823527996,0.59315023301553
2021-08-13,0,9,1,71.7,128.1,TWI.MFD5.res7.NFNW,0.554772094523824,0.690567889903258,0.479131868985249,0.622856359193154
2021-08-23,0,2,10.2,19.1,117.7,SWI1E+16.res1.SSC5,0.392711178985916,0.589123977140745,0.253575994699115,0.461077722920145
2021-08-23,0,2,10.2,19.1,117.7,SWI1E+16.res5.NFNW,0.402061833683373,0.614853170071481,0.249382565202171,0.490843428447885
2021-08-23,0,2,10.2,19.1,117.7,SWI1E+16.res7.NFNW,0.419803730281981,0.628189798299993,0.271988825676512,0.510586604420745
2021-08-23,0,2,10.2,19.1,117.7,SWI1E+4.res1.SSC7,0.434807498064979,0.622991382895112,0.309462838253662,0.512439029004874
2021-08-23,0,2,10.2,19.1,117.7,SWI1E+8.res1.SSC5,0.414376591838338,0.600782755903561,0.285282923778222,0.476711640623571
2021-08-23,0,2,10.2,19.1,117.7,TWI.Braun.res4.NFNW,0.423138465899803,0.607104736595158,0.304200767755511,0.488368073869154
2021-08-23,0,2,10.2,19.1,117.7,TWI.FD8.res10.NFNW,0.374804473248768,0.60367740142638,0.23364004541901,0.48776178783001
2021-08-23,0,2,10.2,19.1,117.7,TWI.FD8.res7.NFNW,0.341554249668772,0.56728592562045,0.172944221124245,0.433486210921652
2021-08-23,0,2,10.2,19.1,117.7,TWI.MFD0.5.res1.SSC4,0.341270887489369,0.570964128037989,0.200595509687609,0.446992174997872
2021-08-23,0,2,10.2,19.1,117.7,TWI.MFD10.res7.NFNW,0.348760940283353,0.584362793336394,0.175776310564129,0.453842315579324
2021-08-23,0,2,10.2,19.1,117.7,TWI.MFD5.res7.NFNW,0.372081935663068,0.601321614814435,0.208038951486634,0.476119766879588
2021-09-02,0,4,9.5,14.3,88.3,SWI1E+16.res1.SSC5,0.439417758069013,0.600308962058588,0.275413892849324,0.460253615758987
2021-09-02,0,4,9.5,14.3,88.3,SWI1E+16.res5.NFNW,0.399100448357255,0.599478286096881,0.225670130275179,0.479982608753909
2021-09-02,0,4,9.5,14.3,88.3,SWI1E+16.res7.NFNW,0.417530982236185,0.611936852190073,0.24865073434244,0.498558568608665
2021-09-02,0,4,9.5,14.3,88.3,SWI1E+4.res1.SSC7,0.461496420835074,0.619978536316374,0.319742756043045,0.508145878523395
2021-09-02,0,4,9.5,14.3,88.3,SWI1E+8.res1.SSC5,0.461242669727475,0.610503503641654,0.31454012449893,0.479404180699218
2021-09-02,0,4,9.5,14.3,88.3,TWI.Braun.res4.NFNW,0.484831130874115,0.625540633994235,0.363282198543779,0.504228143581117
2021-09-02,0,4,9.5,14.3,88.3,TWI.FD8.res10.NFNW,0.354919253293326,0.579912229428797,0.164911994584558,0.451124118352597
2021-09-02,0,4,9.5,14.3,88.3,TWI.FD8.res7.NFNW,0.36103567988481,0.566220265248648,0.156151266956735,0.420161663939296
2021-09-02,0,4,9.5,14.3,88.3,TWI.MFD0.5.res1.SSC4,0.343366890817366,0.563313770781505,0.157352191243046,0.418396705671951
2021-09-02,0,4,9.5,14.3,88.3,TWI.MFD10.res7.NFNW,0.367366053915976,0.580105278373343,0.160139816981717,0.444337281110947
2021-09-02,0,4,9.5,14.3,88.3,TWI.MFD5.res7.NFNW,0.384412603594837,0.592416032486831,0.190142116592819,0.46691894953364
2021-09-12,0,7,27,38.5,110.2,SWI1E+16.res1.SSC5,0.317003392283178,0.487389492911451,0.0968506513876945,0.28385564121398
2021-09-12,0,7,27,38.5,110.2,SWI1E+16.res5.NFNW,0.306582727882765,0.500492840029753,0.13427299591396,0.352203489868843
2021-09-12,0,7,27,38.5,110.2,SWI1E+16.res7.NFNW,0.325256021420724,0.511801651700482,0.157526408138136,0.370534696399461
2021-09-12,0,7,27,38.5,110.2,SWI1E+4.res1.SSC7,0.344101340399096,0.506564012841232,0.175436002976145,0.346702489869515
2021-09-12,0,7,27,38.5,110.2,SWI1E+8.res1.SSC5,0.333939952821901,0.49376140679829,0.131526378990325,0.300828361090286
2021-09-12,0,7,27,38.5,110.2,TWI.Braun.res4.NFNW,0.356339349373989,0.506254845772077,0.183772951981728,0.324366200260309
2021-09-12,0,7,27,38.5,110.2,TWI.FD8.res10.NFNW,0.251707244274837,0.47811186990634,0.0165928289377664,0.301055246711824
2021-09-12,0,7,27,38.5,110.2,TWI.FD8.res7.NFNW,0.261217142409073,0.469218487962757,0.0215967166118322,0.273497348720601
2021-09-12,0,7,27,38.5,110.2,TWI.MFD0.5.res1.SSC4,0.230291715236269,0.461078135113454,-0.0279797155253914,0.251793397844769
2021-09-12,0,7,27,38.5,110.2,TWI.MFD10.res7.NFNW,0.259769932182494,0.476448610111467,0.0226174031503988,0.297370947087209
2021-09-12,0,7,27,38.5,110.2,TWI.MFD5.res7.NFNW,0.279802343419234,0.48805660419245,0.0735635471939262,0.328430134899351
2021-09-22,0,1,18.8,47.1,66.2,SWI1E+16.res1.SSC5,0.25686758192318,0.333718294963792,-0.147148654002993,-0.0926116325673605
2021-09-22,0,1,18.8,47.1,66.2,SWI1E+16.res5.NFNW,0.242345900486274,0.338238791177149,-0.105920267380247,-0.0320330797292645
2021-09-22,0,1,18.8,47.1,66.2,SWI1E+16.res7.NFNW,0.274734706497753,0.360785535663433,-0.0179279458312329,0.0380502282339535
2021-09-22,0,1,18.8,47.1,66.2,SWI1E+4.res1.SSC7,0.284204171523964,0.356004900140821,-0.0659158957981322,-0.0173799297344874
2021-09-22,0,1,18.8,47.1,66.2,SWI1E+8.res1.SSC5,0.277447770869563,0.345698198869087,-0.109901177219538,-0.0631262229144432
2021-09-22,0,1,18.8,47.1,66.2,TWI.Braun.res4.NFNW,0.282736745844451,0.350550483923201,-0.119009296623647,-0.0683858158360791
2021-09-22,0,1,18.8,47.1,66.2,TWI.FD8.res10.NFNW,0.222746653383757,0.328840983633863,-0.160457371980538,-0.0504781586182901
2021-09-22,0,1,18.8,47.1,66.2,TWI.FD8.res7.NFNW,0.238101353594208,0.326496910411855,-0.136880479711304,-0.076556272668678
2021-09-22,0,1,18.8,47.1,66.2,TWI.MFD0.5.res1.SSC4,0.170590013280071,0.294103041989734,-0.284963456098449,-0.151008911821964
2021-09-22,0,1,18.8,47.1,66.2,TWI.MFD10.res7.NFNW,0.243111360918345,0.336832830956259,-0.121091641851468,-0.0423447522812627
2021-09-22,0,1,18.8,47.1,66.2,TWI.MFD5.res7.NFNW,0.248828475116364,0.343115215250382,-0.0997588440498012,-0.0190038990563744
2021-10-02,1.3,0,25.4,51.9,66.2,SWI1E+16.res1.SSC5,0.285278398173504,0.403813388717495,-0.0219108959210651,0.119177674977694
2021-10-02,1.3,0,25.4,51.9,66.2,SWI1E+16.res5.NFNW,0.264563645336348,0.404295693746119,0.0242163942815039,0.179485738061534
2021-10-02,1.3,0,25.4,51.9,66.2,SWI1E+16.res7.NFNW,0.297186323832379,0.42198344034613,0.0858615111269821,0.22266232900375
2021-10-02,1.3,0,25.4,51.9,66.2,SWI1E+4.res1.SSC7,0.305818955835965,0.418588656199763,0.0481085454353377,0.179916085851918
2021-10-02,1.3,0,25.4,51.9,66.2,SWI1E+8.res1.SSC5,0.304704265522715,0.413050863644957,0.0162064212120442,0.145804636730304
2021-10-02,1.3,0,25.4,51.9,66.2,TWI.Braun.res4.NFNW,0.326785182349908,0.426190265852158,0.0621016292135498,0.166999702657967
2021-10-02,1.3,0,25.4,51.9,66.2,TWI.FD8.res10.NFNW,0.24908498983316,0.39685655545059,-0.0327114988009284,0.151165753724952
2021-10-02,1.3,0,25.4,51.9,66.2,TWI.FD8.res7.NFNW,0.260482813784945,0.394942495691805,-0.0126792818934991,0.141881547627074
2021-10-02,1.3,0,25.4,51.9,66.2,TWI.MFD0.5.res1.SSC4,0.206750939028271,0.373423144048054,-0.123874822540802,0.0852982667140039
2021-10-02,1.3,0,25.4,51.9,66.2,TWI.MFD10.res7.NFNW,0.256453649288504,0.399056177775729,-0.0165688041228558,0.159978180542689
2021-10-02,1.3,0,25.4,51.9,66.2,TWI.MFD5.res7.NFNW,0.266143214902717,0.405470368822175,0.0117225429095767,0.181394234226175
2021-10-12,0,1,14,32.8,71.3,SWI1E+16.res1.SSC5,0.201998494026527,0.288977589150125,-0.167917164839883,-0.04900961566076
2021-10-12,0,1,14,32.8,71.3,SWI1E+16.res5.NFNW,0.221919385900242,0.311435105865347,-0.00504578554489824,0.0828265016819219
2021-10-12,0,1,14,32.8,71.3,SWI1E+16.res7.NFNW,0.3119847120257,0.377080618215235,0.155358884909663,0.206156135782002
2021-10-12,0,1,14,32.8,71.3,SWI1E+4.res1.SSC7,0.337106942243453,0.386639514129907,0.184888356797097,0.204395487519283
2021-10-12,0,1,14,32.8,71.3,SWI1E+8.res1.SSC5,0.234861916240481,0.306549623153305,-0.0867310105989392,1.65375176769713e-05
2021-10-12,0,1,14,32.8,71.3,TWI.Braun.res4.NFNW,0.258102520716698,0.321721088742293,-0.0261095943020611,0.0348153731449357
2021-10-12,0,1,14,32.8,71.3,TWI.FD8.res10.NFNW,0.189679973507235,0.294540626345612,-0.104617205557582,0.0305396589894859
2021-10-12,0,1,14,32.8,71.3,TWI.FD8.res7.NFNW,0.223277908403925,0.305272471439496,-0.0276840695123302,0.0511281172300363
2021-10-12,0,1,14,32.8,71.3,TWI.MFD0.5.res1.SSC4,0.161254634953726,0.276028503601556,-0.177622798082847,-0.031868965253355
2021-10-12,0,1,14,32.8,71.3,TWI.MFD10.res7.NFNW,0.209015883357242,0.302630650698746,-0.0559492238967473,0.0524616487405934
2021-10-12,0,1,14,32.8,71.3,TWI.MFD5.res7.NFNW,0.215364232737001,0.308153170701234,-0.0322232443622216,0.074049926736096
2021-10-22,0,7,82.4,90.3,137.4,SWI1E+16.res1.SSC5,0.350223920060027,0.350279593446855,0.192249010642931,0.148951921034284
2021-10-22,0,7,82.4,90.3,137.4,SWI1E+16.res5.NFNW,0.415861728008854,0.416800254629907,0.311952645486233,0.288247199225004
2021-10-22,0,7,82.4,90.3,137.4,SWI1E+16.res7.NFNW,0.456953078643053,0.458004892903405,0.362934940276905,0.344752158551332
2021-10-22,0,7,82.4,90.3,137.4,SWI1E+4.res1.SSC7,0.42190770626807,0.42205817203026,0.31383076839656,0.285183922253726
2021-10-22,0,7,82.4,90.3,137.4,SWI1E+8.res1.SSC5,0.362300575504208,0.362300588000231,0.224498335174226,0.184294429376515
2021-10-22,0,7,82.4,90.3,137.4,TWI.Braun.res4.NFNW,0.358117150631433,0.358130461820668,0.221750509485647,0.182307959459703
2021-10-22,0,7,82.4,90.3,137.4,TWI.FD8.res10.NFNW,0.418390114201643,0.419788535432625,0.310356280438816,0.286471977345811
2021-10-22,0,7,82.4,90.3,137.4,TWI.FD8.res7.NFNW,0.395838470408491,0.396003102487682,0.271417514124734,0.238969132492924
2021-10-22,0,7,82.4,90.3,137.4,TWI.MFD0.5.res1.SSC4,0.381088799657947,0.381692915410062,0.243337812496089,0.209897858395002
2021-10-22,0,7,82.4,90.3,137.4,TWI.MFD10.res7.NFNW,0.397980991063347,0.399080824335667,0.285665389517324,0.258166726080115
2021-10-22,0,7,82.4,90.3,137.4,TWI.MFD5.res7.NFNW,0.396470337290112,0.398065977703885,0.283364646271404,0.257170303090508
2021-11-01,4.1,0,70,157.8,208.4,SWI1E+16.res1.SSC5,0.41865963824146,0.456570296671877,0.324693617069593,0.331684564916937
2021-11-01,4.1,0,70,157.8,208.4,SWI1E+16.res5.NFNW,0.423028502427219,0.475441410329478,0.321116829594966,0.365442501741614
2021-11-01,4.1,0,70,157.8,208.4,SWI1E+16.res7.NFNW,0.446221904845725,0.498477512713283,0.35201285399722,0.397889561035737
2021-11-01,4.1,0,70,157.8,208.4,SWI1E+4.res1.SSC7,0.451287154576038,0.492325673099906,0.375257565544883,0.397389751588339
2021-11-01,4.1,0,70,157.8,208.4,SWI1E+8.res1.SSC5,0.433150321199195,0.467230705580901,0.35412521692212,0.355489710970162
2021-11-01,4.1,0,70,157.8,208.4,TWI.Braun.res4.NFNW,0.427324079939735,0.463194772305649,0.348209450688189,0.352567492067518
2021-11-01,4.1,0,70,157.8,208.4,TWI.FD8.res10.NFNW,0.434613402081914,0.487820850742191,0.344838520088709,0.38479219537598
2021-11-01,4.1,0,70,157.8,208.4,TWI.FD8.res7.NFNW,0.407291509855115,0.454203140830185,0.299126110035411,0.326133722559442
2021-11-01,4.1,0,70,157.8,208.4,TWI.MFD0.5.res1.SSC4,0.415478216907444,0.463712738753499,0.319989539181685,0.34492298486956
2021-11-01,4.1,0,70,157.8,208.4,TWI.MFD10.res7.NFNW,0.422062042646291,0.474049818695557,0.322717965983795,0.365218543787763
2021-11-01,4.1,0,70,157.8,208.4,TWI.MFD5.res7.NFNW,0.418513628794442,0.473777576072298,0.31855794109494,0.365801594322802
2021-11-11,0,1,102,178.6,211.4,SWI1E+16.res1.SSC5,0.444634028587863,0.469809408778476,0.370957506361587,0.359718603122075
2021-11-11,0,1,102,178.6,211.4,SWI1E+16.res5.NFNW,0.439901710777529,0.479644576769781,0.350948143388118,0.372933338522319
2021-11-11,0,1,102,178.6,211.4,SWI1E+16.res7.NFNW,0.454410404198852,0.495702935993615,0.369554712798907,0.394073165103622
2021-11-11,0,1,102,178.6,211.4,SWI1E+4.res1.SSC7,0.474069949167803,0.503261869986311,0.412753822822662,0.41705063452539
2021-11-11,0,1,102,178.6,211.4,SWI1E+8.res1.SSC5,0.458827569626255,0.481058907675809,0.398230423721013,0.383632235938879
2021-11-11,0,1,102,178.6,211.4,TWI.Braun.res4.NFNW,0.447637063083849,0.472015739672996,0.383379173593502,0.3713366218912
2021-11-11,0,1,102,178.6,211.4,TWI.FD8.res10.NFNW,0.455545438319539,0.495695597155673,0.378279138302835,0.39691034267113
2021-11-11,0,1,102,178.6,211.4,TWI.FD8.res7.NFNW,0.437508542195374,0.469786011303031,0.349865320192744,0.35460257281857
2021-11-11,0,1,102,178.6,211.4,TWI.MFD0.5.res1.SSC4,0.440300061068312,0.474834407651342,0.362358973671334,0.366362122753042
2021-11-11,0,1,102,178.6,211.4,TWI.MFD10.res7.NFNW,0.445072451700646,0.483490887067382,0.361135342078011,0.381089596194566
2021-11-11,0,1,102,178.6,211.4,TWI.MFD5.res7.NFNW,0.438828459341413,0.480578675493519,0.353691442135151,0.378034409253745
2021-11-21,0,9,20.8,106.1,196.4,SWI1E+16.res1.SSC5,0.447658116014064,0.470903071777948,0.366587573118642,0.356430412592536
2021-11-21,0,9,20.8,106.1,196.4,SWI1E+16.res5.NFNW,0.450776353597369,0.487125892727387,0.361615861071371,0.382538225855012
2021-11-21,0,9,20.8,106.1,196.4,SWI1E+16.res7.NFNW,0.472517395919002,0.509567942968346,0.384542921180622,0.408435639748256
2021-11-21,0,9,20.8,106.1,196.4,SWI1E+4.res1.SSC7,0.479531303034735,0.506492432379164,0.412061098456413,0.416107441880451
2021-11-21,0,9,20.8,106.1,196.4,SWI1E+8.res1.SSC5,0.46115955456622,0.481681350826908,0.39293789915663,0.379530384729013
2021-11-21,0,9,20.8,106.1,196.4,TWI.Braun.res4.NFNW,0.449728300574952,0.472331768147353,0.378431119082294,0.367583233248851
2021-11-21,0,9,20.8,106.1,196.4,TWI.FD8.res10.NFNW,0.46550396612677,0.50249698795799,0.384931088956661,0.403395952825281
2021-11-21,0,9,20.8,106.1,196.4,TWI.FD8.res7.NFNW,0.457587068931917,0.485399895145311,0.371836604030963,0.376494773028453
2021-11-21,0,9,20.8,106.1,196.4,TWI.MFD0.5.res1.SSC4,0.447230143016171,0.479037764479821,0.364075808615981,0.368214585735285
2021-11-21,0,9,20.8,106.1,196.4,TWI.MFD10.res7.NFNW,0.457230107927699,0.492153231088047,0.373354772797625,0.392224304388569
2021-11-21,0,9,20.8,106.1,196.4,TWI.MFD5.res7.NFNW,0.45024378857255,0.488475572469916,0.364229438977553,0.387581500888099
2021-12-01,0,6,3.8,39.9,193.6,SWI1E+16.res1.SSC5,0.339590379500891,0.349441052467524,0.203946359940934,0.152167712952214
2021-12-01,0,6,3.8,39.9,193.6,SWI1E+16.res5.NFNW,0.367591820151805,0.383093461016404,0.25940009120026,0.230797365543204
2021-12-01,0,6,3.8,39.9,193.6,SWI1E+16.res7.NFNW,0.404348195449145,0.419105286271236,0.299031648000241,0.277992137989128
2021-12-01,0,6,3.8,39.9,193.6,SWI1E+4.res1.SSC7,0.38228435902815,0.393146583833812,0.279679633553449,0.243622679005841
2021-12-01,0,6,3.8,39.9,193.6,SWI1E+8.res1.SSC5,0.352393331376565,0.360556494566595,0.234613973801332,0.182869024612338
2021-12-01,0,6,3.8,39.9,193.6,TWI.Braun.res4.NFNW,0.347334178127042,0.356285100039896,0.231419915397861,0.181110631212661
2021-12-01,0,6,3.8,39.9,193.6,TWI.FD8.res10.NFNW,0.381208217889286,0.397176139427256,0.273711937811092,0.246752881615311
2021-12-01,0,6,3.8,39.9,193.6,TWI.FD8.res7.NFNW,0.375663903704578,0.385922139827445,0.26482872335954,0.225540857883573
2021-12-01,0,6,3.8,39.9,193.6,TWI.MFD0.5.res1.SSC4,0.351178988101199,0.365070951585263,0.224377558135805,0.185249312938218
2021-12-01,0,6,3.8,39.9,193.6,TWI.MFD10.res7.NFNW,0.373358466197834,0.388026652790393,0.2680164569585,0.238664194467215
2021-12-01,0,6,3.8,39.9,193.6,TWI.MFD5.res7.NFNW,0.369088052554699,0.385581318240933,0.262489471175109,0.236389748366994
2021-12-11,0,1,18.8,26.4,205,SWI1E+16.res1.SSC5,0.350871359830531,0.358572598887609,0.129654617822612,0.0982344199019729
2021-12-11,0,1,18.8,26.4,205,SWI1E+16.res5.NFNW,0.357175462080892,0.359903992911157,0.200728674088589,0.152450625864076
2021-12-11,0,1,18.8,26.4,205,SWI1E+16.res7.NFNW,0.420261155494882,0.421847370419335,0.278378239280446,0.239172947620458
2021-12-11,0,1,18.8,26.4,205,SWI1E+4.res1.SSC7,0.364579179203126,0.367325128811499,0.183142852599203,0.136861467566768
2021-12-11,0,1,18.8,26.4,205,SWI1E+8.res1.SSC5,0.360215156723703,0.367588447565211,0.142556844145592,0.11182414636707
2021-12-11,0,1,18.8,26.4,205,TWI.Braun.res4.NFNW,0.361641509557005,0.368594750804918,0.155014164357261,0.122547571798546
2021-12-11,0,1,18.8,26.4,205,TWI.FD8.res10.NFNW,0.371539386884075,0.373818398999703,0.203336625438816,0.155123840743112
2021-12-11,0,1,18.8,26.4,205,TWI.FD8.res7.NFNW,0.405474980029566,0.412270359536305,0.262255944603938,0.23524529524408
2021-12-11,0,1,18.8,26.4,205,TWI.MFD0.5.res1.SSC4,0.394224518374418,0.400168175095492,0.214653881363331,0.182124375240966
2021-12-11,0,1,18.8,26.4,205,TWI.MFD10.res7.NFNW,0.382468262839478,0.385172978398379,0.241838423376351,0.203117889607879
2021-12-11,0,1,18.8,26.4,205,TWI.MFD5.res7.NFNW,0.3574272549035,0.359287200765011,0.208525999826297,0.161630008935939
2021-12-21,0,3,104.7,121.2,227.3,SWI1E+16.res1.SSC5,0.267291647270398,0.69233225343027,0.00158305020539593,0.58360644671397
2021-12-21,0,3,104.7,121.2,227.3,SWI1E+16.res5.NFNW,0.173082801207973,0.684158915080067,-0.12804108601552,0.541803255095228
2021-12-21,0,3,104.7,121.2,227.3,SWI1E+16.res7.NFNW,0.163691930758074,0.687361408705712,-0.157209543669435,0.537896606012913
2021-12-21,0,3,104.7,121.2,227.3,SWI1E+4.res1.SSC7,0.18303745945771,0.68623066702754,-0.133857494551036,0.56894022219396
2021-12-21,0,3,104.7,121.2,227.3,SWI1E+8.res1.SSC5,0.26769801946486,0.693280768409787,0.00025052823776325,0.583389635298855
2021-12-21,0,3,104.7,121.2,227.3,TWI.Braun.res4.NFNW,0.273166849837164,0.695275665175989,0.026223623849697,0.594696303805867
2021-12-21,0,3,104.7,121.2,227.3,TWI.FD8.res10.NFNW,0.145321100867639,0.68172820684127,-0.177547351643887,0.573393090298374
2021-12-21,0,3,104.7,121.2,227.3,TWI.FD8.res7.NFNW,0.183703679832985,0.67922830489485,-0.100725700448876,0.565019962170689
2021-12-21,0,3,104.7,121.2,227.3,TWI.MFD0.5.res1.SSC4,0.255238506880821,0.69390087808885,-0.0237121749937094,0.576885851709451
2021-12-21,0,3,104.7,121.2,227.3,TWI.MFD10.res7.NFNW,0.136598555888894,0.678136846564071,-0.150116242898985,0.554534304008439
2021-12-21,0,3,104.7,121.2,227.3,TWI.MFD5.res7.NFNW,0.109673336590281,0.676563575042461,-0.181890395403971,0.557562334716739
2021-12-31,8.6,0,108.8,136.2,176.1,SWI1E+16.res1.SSC5,0.507026733286136,0.592109513351595,0.350211066136097,0.428543033956547
2021-12-31,8.6,0,108.8,136.2,176.1,SWI1E+16.res5.NFNW,0.386947746306631,0.524931780644315,0.142505595314044,0.277986321579171
2021-12-31,8.6,0,108.8,136.2,176.1,SWI1E+16.res7.NFNW,0.364366747968657,0.51849358426555,0.109429170460864,0.266248853524954
2021-12-31,8.6,0,108.8,136.2,176.1,SWI1E+4.res1.SSC7,0.423413030870128,0.55111202692441,0.212973145726502,0.347107676355564
2021-12-31,8.6,0,108.8,136.2,176.1,SWI1E+8.res1.SSC5,0.512499349153044,0.597642196697697,0.356145241649511,0.434858045278381
2021-12-31,8.6,0,108.8,136.2,176.1,TWI.Braun.res4.NFNW,0.526619367166828,0.609610652706557,0.387843937206524,0.461322198834241
2021-12-31,8.6,0,108.8,136.2,176.1,TWI.FD8.res10.NFNW,0.397453781804195,0.538197067515911,0.185223268384917,0.335008232664895
2021-12-31,8.6,0,108.8,136.2,176.1,TWI.FD8.res7.NFNW,0.465578204798578,0.56809271900438,0.238292479006832,0.344723511583262
2021-12-31,8.6,0,108.8,136.2,176.1,TWI.MFD0.5.res1.SSC4,0.516023585534315,0.606121789758803,0.346085542142764,0.431505794444888
2021-12-31,8.6,0,108.8,136.2,176.1,TWI.MFD10.res7.NFNW,0.389136910432902,0.527440773173328,0.145820592583599,0.278156306646551
2021-12-31,8.6,0,108.8,136.2,176.1,TWI.MFD5.res7.NFNW,0.354201034660588,0.509327963768483,0.112919768553922,0.26191285451566
